timestamp,omega_eng(t),omega_load(t),delta_w(t)
0.0,0.0,0.0,0.0
0.001,0.595496282585126,0.001158037581529738,0.5943382450035962
0.002,1.1758877695759669,0.006158479760826551,1.1697292898151403
0.003,1.732932581078593,0.017063163155449264,1.7158694179231437
0.004,2.259536852150543,0.035644998305958964,2.223891853844584
0.005,2.7497005768996736,0.0634017877645917,2.686298789135082
0.006,3.1984768760058024,0.10156667588502635,3.0969102001207762
0.007,3.6019376623950112,0.15111698903620022,3.450820673358811
0.008,3.957140700335052,0.21278271833349247,3.7443579820015596
0.009,4.262094638336083,0.28705549965683963,3.9750391386792434
0.01,4.515719828440559,0.3741986369821664,4.141521191458392
0.011,4.717803689634536,0.47425847834412826,4.2435452112904075
0.012,4.868950085350352,0.587077275473034,4.281872809877317
0.013,4.970522709845045,0.7123075268850776,4.258215182959967
0.014,5.024582854188111,0.8494277102682528,4.175155143919858
0.015,5.033822182036982,0.9977592452750492,4.036062936761932
0.016,5.001491315738262,1.156484485426588,3.845006830311674
0.017,4.931325136284237,1.3246655123020445,3.6066596239821926
0.018,4.827465754132419,1.5012634920532206,3.3262022620791982
0.019,4.69438412527409,1.6851583501854572,3.009225775088633
0.02,4.536801278306082,1.8751685229489368,2.661632755357145
0.021,4.35961009097872,2.070070550746364,2.2895395402323557
0.022,4.167798513827842,2.2686182894124416,1.8991802244154004
0.023,3.9663750875610413,2.469561528174945,1.4968135593860965
0.024,3.76029754216485,2.67166381799255,1.0886337241723
0.025,3.5544052009401867,2.873719330345295,0.6806858705948917
0.026,3.353355842859569,3.074568584183641,0.2787872586759277
0.027,3.1615685325556444,3.273112664937594,-0.11154413238194971
0.028,2.983247044404531,3.4683072867325966,-0.48506024232806544
0.029,2.8223806331196792,3.659162529613925,-0.8367818964942457
0.03,2.6825677035363786,3.84478682155353,-1.1622191180171515
0.031,2.566959766691571,4.02440081939886,-1.457441052707289
0.032,2.478228300498559,4.197345552949519,-1.7191172524509604
0.033,2.41854081523108,4.363088260061499,-1.9445474448304187
0.034,2.38954611260009,4.5212259179471515,-2.1316798053470616
0.035,2.3923685492015125,4.671486520321626,-2.279117971120113
0.036,2.4276109528553045,4.813728190549207,-2.3861172376939024
0.037,2.49536569850101,4.947936256308515,-2.452570557807505
0.038,2.5952333315399763,5.074218440857858,-2.4789851093178816
0.039,2.726348031967621,5.192798349462187,-2.466450317494566
0.04,2.8874091420969132,5.304007447001348,-2.416598304904435
0.041,3.0767179327250704,5.408275734575064,-2.331557801849993
0.042,3.2922187552428164,5.5061213395592885,-2.213902584316472
0.043,3.5315437179045563,5.598139235682248,-2.0665955177776913
0.044,3.7920600306504118,5.684989307944139,-1.8929292772937276
0.045,4.070919181925173,5.767383972238188,-1.6964647903130157
0.046,4.365107140465648,5.846075551955624,-1.4809684114899762
0.047,4.671494812983532,5.921843604183825,-1.2503487912002926
0.048,4.98688803316932,5.995482376804964,-1.008594343635644
0.049,5.3080764071342665,6.067788565219057,-0.7597121580847901
0.05,5.63188039390938,6.139549523887504,-0.5076691299781242
0.051,5.955196056129586,6.211532073629748,-0.25633601750016144
0.052,6.275036974597257,6.284472030841474,-0.009435056244217144
0.053,6.5885776009925,6.359063389834266,0.229514211158234
0.054,6.893204395171811,6.435945573977749,0.4572588211940616
0.055,7.186531052622533,6.515699675549666,0.6708313770728669
0.056,7.466419503416688,6.598843259585996,0.8675762438306922
0.057,7.731002278777864,6.685824835005976,1.0451774437718884
0.058,7.978699950700055,6.777019566125143,1.201680384574912
0.059,8.208233550196205,6.872726247209054,1.3355073029871507
0.06,8.418631965171837,6.973165538855753,1.4454664263160844
0.061,8.609234409085245,7.078479442465786,1.5307549666194582
0.062,8.779688133794682,7.1887319685295505,1.5909561652651316
0.063,8.929941633186314,7.30391093621182,1.6260306969744933
0.064,9.060233647057267,7.423930826055478,1.636302821001789
0.065,9.171078327145542,7.54863659459611,1.622441732549432
0.066,9.263246968831664,7.677808349353624,1.5854386194780403
0.067,9.337746743405923,7.811166774913214,1.526579968492709
0.068,9.395796887275402,7.948379195529523,1.447417691745879
0.069,9.438802816957931,8.08906615666177,1.349736660296161
0.07,9.468328642885423,8.232808406894206,1.235520235991217
0.071,9.486068551895762,8.379154162568684,1.1069143893270788
0.072,9.49381751863802,8.527626539950461,0.9661909786875587
0.073,9.493441790798745,8.677731043651253,0.8157107471474916
0.074,9.486849572924047,8.828963005131572,0.6578865677924757
0.075,9.475962309202837,8.98081487126189,0.49514743794094684
0.076,9.46268693787048,9.132783249892302,0.3299036879781774
0.077,9.448889458960474,9.284375627147169,0.1645138318133057
0.078,9.436370124103874,9.4351166794364,0.001253444667474568
0.079,9.426849992857326,9.584551744828925,-0.15770175197159908
0.08,9.421978227303098,9.732245116356072,-0.31026688905297384
0.081,9.423281410400653,9.877792829580343,-0.4545114191796902
0.082,9.432135295831573,10.020829836299928,-0.5886945404683548
0.083,9.449749735656713,10.161033883608512,-0.7112841479517993
0.084,9.477156780819756,10.298128600327075,-0.820971819507319
0.085,9.515202015196321,10.431885775711946,-0.9166837605156246
0.086,9.56453912792048,10.562126829256982,-0.9975877013365029
0.087,9.625627675117483,10.688723483720391,-1.0630958086029079
0.088,9.698733931913566,10.811597665963554,-1.1128637340499878
0.089,9.783934689118748,10.930720671696807,-1.1467859825780593
0.09,9.881123808009196,11.046111640340662,-1.164987832331466
0.091,9.990021310416726,11.157835395137747,-1.1678140847210212
0.092,10.110184751794208,11.265999710895857,-1.155814959101649
0.093,10.241022600592244,11.370752077689993,-1.129729477097749
0.094,10.381809329710805,11.472276033104281,-1.090466703393476
0.095,10.531701913319106,11.570787138579156,-1.0390852252600506
0.096,10.689757416093423,11.666528676860178,-0.9767712607667551
0.097,10.854951360366936,11.759767147814587,-0.9048157874476512
0.098,11.026196560323632,11.850787638862256,-0.8245910785386243
0.099,11.202362120184574,11.939889144219025,-0.7375270240344509
0.1,11.38229230504624,12.027379904142663,-0.6450875990964224
0.101,11.564825008476205,12.113572831448975,-0.5487478229727696
0.102,11.748809558886538,12.198781088046607,-0.44997152916006833
0.103,11.933123627948262,12.283313868908975,-0.3501902409607123
0.104,12.116689026806855,12.367472445283747,-0.25078341847689245
0.105,12.298486200956068,12.451546512696918,-0.15306031174085
0.106,12.477567260480434,12.535810882903093,-0.05824362242265835
0.107,12.653067503384683,12.620522528770735,0.03254497461394834
0.108,12.824219592978752,12.705916940799009,0.118302652179743
0.109,12.990362995169468,12.792205643326648,0.1981573518428199
0.11,13.150943570273224,12.879576143289002,0.2713674269842219
0.111,13.305517171213747,12.968190847886017,0.33732632332772994
0.112,13.453751870695255,13.058186295568381,0.3955655751268736
0.113,13.59542835043969,13.14967281664573,0.44575553379396027
0.114,13.730438505927497,13.242734610004305,0.4877038959231914
0.115,13.858782350259085,13.337430215197417,0.5213521350616688
0.116,13.980563325149523,13.433793353418006,0.5467699717315178
0.117,14.095982148740783,13.531834105813124,0.5641480429276591
0.118,14.20532934832949,13.631540393384412,0.5737889549450781
0.119,14.30897664154877,13.732879719262977,0.5760969222857923
0.12,14.407367341489698,13.835801131576886,0.5715662099128114
0.121,14.501005970161573,13.940237363325874,0.5607686068356994
0.122,14.590447270327397,14.046107104697597,0.5443401656297997
0.123,14.676284808096355,14.153317363098449,0.5229674449979065
0.124,14.7591393586945,14.261765866583424,0.49737349211107507
0.125,14.839647263924746,14.371343467752398,0.4683037961723482
0.126,14.918448944824453,14.481936506818412,0.4365124380060408
0.127,14.99617774437257,14.59342909508112,0.4027486492914498
0.128,15.073449264528339,14.705705283009872,0.3677439815184673
0.129,15.150851350665,14.818651080238803,0.33220027042619726
0.13,15.22893486106849,14.93215629887158,0.29677856219690923
0.131,15.308205344777514,15.046116195286764,0.26208914949075
0.132,15.389115734366012,15.160432889940507,0.22868284442550468
0.133,15.47206014164352,15.275016549392877,0.19704359225064394
0.134,15.557368827416242,15.38978631899271,0.16758250842353206
0.135,15.645304396279391,15.504670999624883,0.1406333966545077
0.136,15.736059248728822,15.619609466438712,0.11644978229010938
0.137,15.829754304314788,15.73455083187329,0.09520347244149718
0.138,15.926438989260339,15.849454360041204,0.07698462921913496
0.139,16.026092464847178,15.964289143384882,0.06180332146229617
0.14,16.128626054032136,16.079033556711952,0.04959249732018378
0.141,16.233886806785343,16.19367450734444,0.040212299440902655
0.142,16.34166212935382,16.30820650322912,0.03345562612470232
0.143,16.45168538672343,16.422630564038027,0.029054822685402826
0.144,16.563642375303992,16.536953002459054,0.02668937284493822
0.145,16.6771785504573,16.651184105002976,0.025994445454323056
0.146,16.791906883417443,16.76533674311753,0.026570140299913447
0.147,16.907416214452027,16.87942494620318,0.027991268248847234
0.148,17.02327996207344,16.99346246870266,0.029817493370778436
0.149,17.139065044366752,17.10746138314409,0.03160366122266112
0.15,17.2543408659704,17.221430730386132,0.0329101355842667
0.151,17.368688223989363,17.33537525709642,0.03331296689294305
0.152,17.481707987903356,17.44929426876588,0.032413719137476704
0.153,17.593029412460062,17.563180624309787,0.02984878815027514
0.154,17.702317948235372,17.677019895654436,0.025298052580936314
0.155,17.80928242120947,17.790789712865628,0.018492708343842423
0.156,17.913681463699096,17.904459311528935,0.009222152170160314
0.157,18.015329096172014,18.017989293801964,-0.0026601976299502894
0.158,18.114100267307432,18.13133138679953,-0.017231119492098657
0.159,18.209935759890197,18.244428331423183,-0.03449257153298646
0.16,18.302843169923182,18.357214708475663,-0.05437153855248056
0.161,18.39289791680399,18.469617696203645,-0.07671977939965657
0.162,18.480243228161765,18.581558007187667,-0.10131477902590191
0.163,18.56508892955104,18.6929510307393,-0.1278621011882599
0.164,18.647709002545373,18.803708173920818,-0.15599917137544494
0.165,18.728437938836404,18.913738378872463,-0.18530044003605894
0.166,18.807665931287403,19.022949791645786,-0.2152838603583831
0.167,18.885832960929704,19.131251554359935,-0.2454185934302302
0.168,18.96342185582242,19.238555689680094,-0.275133833857673
0.169,19.040950416659143,19.34477904356419,-0.3038286269050481
0.17,19.118962718000624,19.44984525069627,-0.3308825326956466
0.171,19.198019710623054,19.55368668510075,-0.35566697447769613
0.172,19.27868926268047,19.656246357856922,-0.37755709517645286
0.173,19.361535789221705,19.757479723577774,-0.3959439343560689
0.174,19.447109630123062,19.85735635758054,-0.41024672745747637
0.175,19.535936343078948,19.955861467097403,-0.41992512401845516
0.176,19.628506085349507,20.052997201290744,-0.4244911159412368
0.177,19.72526326026192,20.14878372752561,-0.4235204672636925
0.178,19.826596606120187,20.2432600442285,-0.4166634381083121
0.179,19.932829903792676,20.336484504266807,-0.4036546004741304
0.18,20.044213475315566,20.428535026946097,-0.3843215516305314
0.181,20.160916639156724,20.519508981421602,-0.3585923422648776
0.182,20.28302127954291,20.609522729199337,-0.32650144965642625
0.183,20.410516677067527,20.698710818481207,-0.2881941414136797
0.184,20.543295730166793,20.78722482972341,-0.2439290995566168
0.185,20.681152684478906,20.875231876693668,-0.19407919221476178
0.186,20.82378246809739,20.962912773387927,-0.13913030529053572
0.187,20.970781707360686,21.050459883798506,-0.07967817643782027
0.188,21.121651475533014,21.138074677301372,-0.016423201768358098
0.189,21.275802605954,21.22596481724957,0.0498377887044299
0.19,21.432567304401253,21.314339884193974,0.11822742020727972
0.191,21.59120439434063,21.40340893269789,0.18779546164273953
0.192,21.750905643204728,21.493378048082825,0.2575275951219034
0.193,21.91080681527139,21.584447019450913,0.32635979582047625
0.194,22.07000024787718,21.67680595310619,0.3931942947709892
0.195,22.22754874821865,21.770631895536443,0.4569168526822054
0.196,22.382500624398872,21.866085525828254,0.5164150985706186
0.197,22.53390563618463,21.963307978675292,0.5705976575093388
0.198,22.68083162543603,22.0624178592581,0.6184137661779303
0.199,22.822381563332467,22.163508510320423,0.6588730530120444
0.2,22.95771073221412,22.266645589625288,0.6910651425888332
0.201,23.086043744036115,22.371865012785968,0.7141787312501471
0.202,23.20669108630576,22.479171312050706,0.7275197742550539
0.203,23.3190648792925,22.588536456295145,0.7305284229973559
0.204,23.422693526970303,22.699899170957966,0.7227943560123364
0.205,23.517234947406518,22.81316478940133,0.7040701580051874
0.206,23.602488077293756,22.92820565906668,0.6742824182270759
0.207,23.67840236066991,23.044862116818802,0.6335402438511082
0.208,23.745084951903845,23.162944038625774,0.5821409132780708
0.209,23.80280538977778,23.282232958830107,0.5205724309476736
0.21,23.851997532673913,23.402484743952407,0.44951278872150624
0.211,23.89325858150774,23.52343279609766,0.3698257854100824
0.212,23.92734506312464,23.64479175019975,0.2825533129248896
0.213,23.95516569348504,23.76626161986403,0.18890407362101058
0.214,23.9777710958368,23.887532336301486,0.09023875953531402
0.215,23.996340415626765,24.00828861346387,-0.011948197837103436
0.216,24.012171164177325,24.128213507153763,-0.11604234297643856
0.217,24.026671092459335,24.246990928935244,-0.22031983647590891
0.218,24.041320780439424,24.364314907812776,-0.3229941273733523
0.219,24.057645002390313,24.47989606186371,-0.42225105947339614
0.22,24.077185367073564,24.593467148606027,-0.516281781532463
0.221,24.101471535195753,24.704788372744733,-0.6033168375489808
0.222,24.13199152538069,24.81365234106322,-0.6816608156825303
0.223,24.17016166217901,24.91988855751449,-0.7497268953354812
0.224,24.21729675407872,25.023367356854973,-0.8060706027762521
0.225,24.27458111282908,25.12400318293859,-0.8494220701095117
0.226,24.343041037355196,25.221757127772136,-0.8787160904169404
0.227,24.423519384804045,25.316638659606273,-0.8931192748022276
0.228,24.516652837968593,25.408706482300158,-0.8920536443315648
0.229,24.622852451456204,25.49806848387405,-0.8752160324178462
0.23,24.742288018878416,25.584880749122803,-0.8425927302443874
0.231,24.874876750409076,25.669345629019606,-0.7944688786105303
0.232,25.020276683123075,25.751708878427234,-0.7314321953041585
0.233,25.17788516899256,25.83225589228679,-0.6543707232942282
0.234,25.346842693883488,25.911307089677713,-0.564464395794225
0.235,25.526042181862714,25.989212513219094,-0.4631703313563804
0.236,25.714143827610098,26.066345729454746,-0.35220190184464784
0.237,25.90959538430408,26.143097132050958,-0.23350174774687815
0.238,26.11065770977633,26.219866765304854,-0.10920905552852389
0.239,26.315435256154412,26.297056796811002,0.01837845934340976
0.24,26.52191465747985,26.37506288078683,0.14685177669301908
0.241,26.728009593353548,26.454264876704766,0.27374471664878186
0.242,26.931594654073606,26.535021223901534,0.39657343017207225
0.243,27.13054824411131,26.617661922127287,0.5128863219840234
0.244,27.32279845181039,26.702481572847287,0.6203168789631022
0.245,27.506369364080378,26.78973302322158,0.7166363408587983
0.246,27.679426748274548,26.879621770932353,0.7998049773421947
0.247,27.840321998663704,26.972301273275992,0.8680207253877121
0.248,27.98763324233699,27.067869286200388,0.9197639561366024
0.249,28.120202523538474,27.166365337777982,0.9538371857604915
0.25,28.237168037805873,27.267769416218258,0.9693986215876151
0.251,28.337990466715322,27.37200192576128,0.9659885409540436
0.252,28.42247257021055,27.47892493519507,0.9435476350154808
0.253,28.490771325066863,27.58834471396665,0.9024266111002142
0.254,28.543402052911354,27.700015520650638,0.8433865322607161
0.255,28.581234156700148,27.813644578614763,0.767589578085385
0.256,28.60547827767719,27.928898144731665,0.6765801329455243
0.257,28.617664891577995,28.04540854964861,0.5722563419293856
0.258,28.619614579481404,28.162782062945393,0.45683251653601076
0.259,28.613400429300352,28.280607414341542,0.33279301495880986
0.26,28.601303244690413,28.398464783138888,0.20283846155152574
0.261,28.58576045166368,28.51593505323028,0.06982539843340163
0.262,28.569310351520887,28.632608981228834,-0.06329862970794764
0.263,28.55454601725009,28.748092804448298,-0.1935467871982084
0.264,28.54405212985256,28.86201710459455,-0.31796497474199015
0.265,28.54032444506978,28.974049172508312,-0.4337247274385341
0.266,28.545704610715813,29.083900902720853,-0.5381962920050398
0.267,28.56231847974521,29.19133541826243,-0.6290169385172213
0.268,28.592018923732024,29.296172431342075,-0.7041535076100516
0.269,28.636334836191498,29.39829218887099,-0.7619573526794916
0.27,28.696427895454082,29.49763788833746,-0.8012099928833791
0.271,28.773058486483894,29.594216490129426,-0.8211580036455324
0.272,28.866561963953924,29.688097895682,-0.821535931728075
0.273,28.976836178518102,29.779412505818293,-0.8025763273001907
0.274,29.10334089284295,29.86834721846193,-0.7650063256189803
0.275,29.245109387931294,29.9551399689338,-0.7100305810025063
0.276,29.400772215054925,30.04007295725066,-0.6393007421957364
0.277,29.568592690347426,30.123464744809947,-0.5548720544625212
0.278,29.74651337064955,30.20566143575906,-0.4591480651095097
0.279,29.93221239866171,30.287027185877044,-0.3548147872153322
0.28,30.12316827536867,30.367934302667372,-0.24476602729870223
0.281,30.31673131805644,30.44875321416602,-0.13202189610958115
0.282,30.510199803880127,30.529842590120058,-0.019642786239931098
0.283,30.70089987105695,30.611539577678098,0.08936029337885287
0.284,30.886271446329136,30.694149269061572,0.19212217726756364
0.285,31.063939087298458,30.777938324404673,0.28600076289378507
0.286,31.23177965447211,30.8631293882288,0.36865026624331065
0.287,31.387986580501252,30.949895963979202,0.43809061652205017
0.288,31.53112481379861,31.038358831707125,0.49276598209148403
0.289,31.660174461738972,31.128584120033583,0.5315903417053889
0.29,31.774561497888964,31.2205830864951,0.5539784113938637
0.291,31.874174289980804,31.31431360421982,0.5598606857609845
0.292,31.959365151876963,31.409683296464678,0.5496818554122846
0.293,32.030936611207984,31.506554205552476,0.5243824056555084
0.294,32.09011259879205,31.604748831243164,0.48536376754888266
0.295,32.13849528946693,31.7040573273555,0.4344379621114314
0.296,32.178008839718196,31.804245605910175,0.37376323380802035
0.297,32.21083175567186,31.90506406695455,0.3057676887173102
0.298,32.239320069366364,32.00625665019893,0.23306341916743634
0.299,32.265923882231064,32.107569892994924,0.15835398923614008
0.3,32.29310013792821,32.20876167808717,0.08433845984103527
0.301,32.32322469630879,32.30960936460623,0.01361533170256024
0.302,32.35850791251368,32.40991675981887,-0.05140884730518991
0.303,32.40092108156689,32.50951863008763,-0.10859754852074133
0.304,32.452119820005024,32.60828677925135,-0.1561669592463275
0.305,32.51338029547192,32.706134249219325,-0.19275395374740611
0.306,32.58555315956104,32.803016930736476,-0.21746377117543858
0.307,32.66903360006136,32.89893342554741,-0.2298998254860507
0.308,32.76374889334302,32.99392318391772,-0.23017429057470196
0.309,32.86916420903485,33.08806300461875,-0.2188987955839039
0.31,32.98430672220599,33.181462049591346,-0.19715532738535302
0.311,33.107807367065284,33.27425558535741,-0.16644821829212475
0.312,33.237958848782014,33.3665977153303,-0.12863886654828605
0.313,33.37278784494864,33.45865340937822,-0.08586556442958226
0.314,33.510138704348726,33.55059016745055,-0.04045146310182446
0.315,33.64776542364829,33.64256966940289,0.005195754245399087
0.316,33.78342990103947,33.73473935669224,0.04869054434723097
0.317,33.91500203539771,33.827224417334094,0.08777761806361895
0.318,34.04054902725442,33.920122638278,0.12042638897641922
0.319,34.158420736917506,34.013499684515324,0.14492105240218223
0.32,34.267324542869034,34.10738571776301,0.15993882510602475
0.321,34.36638565905323,34.201773669269905,0.16461198978332447
0.322,34.45518993415695,34.296619278009125,0.15857065614782329
0.323,34.533806922698176,34.39184290715112,0.14196401554705318
0.324,34.60279181009244,34.487333074577435,0.11545873551500563
0.325,34.66316566200824,34.582951555570205,0.08021410643803506
0.326,34.716374408046526,34.678539843275296,0.037834564771230816
0.327,34.76422793785905,34.773926684339514,-0.00969874648046698
0.328,34.8088239950034,34.86893575831621,-0.060111763312811206
0.329,34.85245816334677,34.96339359145135,-0.11093542810458246
0.33,34.89751526209233,35.05713944949635,-0.1596241874040203
0.331,34.94635823450195,35.15003390421372,-0.20367566971177098
0.332,35.001216628266484,35.24196637959099,-0.2407497513245076
0.333,35.06407903699266,35.33286149439912,-0.26878245740645923
0.334,35.13659459458848,35.42268387659183,-0.2860892820033527
0.335,35.21998833484798,35.51144119113421,-0.2914528562862273
0.336,35.314994717684534,35.59918520178135,-0.28419048409681835
0.337,35.42181289189604,35.686010776818364,-0.264197884922325
0.338,35.540086340621805,35.77205284422619,-0.23196650360438298
0.339,35.668908474732255,35.857481399175526,-0.188572924443271
0.34,35.806854547903185,35.94249476130313,-0.13564021339994525
0.341,35.95203901843696,36.02731136624638,-0.07527234780941683
0.342,36.102196232054546,36.112160451774116,-0.009964219719570622
0.343,36.25478210461921,36.19727181046039,0.05751029415881703
0.344,36.407095748564146,36.28286423956837,0.12423150899577706
0.345,36.556401973427576,36.36913661811376,0.18726535531381927
0.346,36.700059492326226,36.45625939661443,0.24380009571179784
0.347,36.83564964049932,36.54436667013533,0.2912829703639872
0.348,36.961096763258944,36.63354984563763,0.32754691762131216
0.349,37.0747741047398,36.72385323342328,0.35092087131652505
0.35,37.17558956273593,36.815271808130476,0.3603177546054539
0.351,37.26304653877202,36.90775127963579,0.35529525913623416
0.352,37.33727624321827,37.00119050097683,0.33608574224143695
0.353,37.39903916730127,37.09544612396007,0.30359304334119486
0.354,37.449694948816585,37.190339298608144,0.2593556502084411
0.355,37.49114146073437,37.28566410670211,0.20547735403226142
0.356,37.52572556374421,37.38119732744137,0.14452823630283973
0.357,37.556129500619626,37.476709059897544,0.07942044072208176
0.358,37.58523828859667,37.57197367658655,0.013264612010118526
0.359,37.61599558968978,37.666780312661466,-0.05078472297168446
0.36,37.651259376630236,37.76094134891911,-0.10968197228887533
0.361,37.69364938302742,37.85430232762993,-0.16065294460251067
0.362,37.74540596169467,37.94674990681741,-0.201343945122737
0.363,37.808270430054016,38.03821684440455,-0.2299464143505361
0.364,37.883390487669004,38.12868453934671,-0.24529405167770335
0.365,37.97125626146649,38.21818299505015,-0.24692673358365624
0.366,38.07167105614799,38.30678819507767,-0.2351171389296809
0.367,38.183759081694085,38.394617022646095,-0.21085794095201038
0.368,38.30601044570232,38.481819991270584,-0.17580954556826356
0.369,38.436361638987336,38.56857217685616,-0.1322105378688221
0.37,38.57230771723258,38.655062845395584,-0.08275512816300079
0.371,38.711040509848225,38.74148434791218,-0.030443838063952455
0.372,38.84960567822244,38.828020876205585,0.021584802016853644
0.373,38.98507314739745,38.91483694963472,0.07023619776273193
0.374,39.11470546664557,39.00206777412528,0.11263769252028766
0.375,39.23611260605315,39.08981249601907,0.14630011003407617
0.376,39.347392491439635,39.17812865207703,0.16926383936260692
0.377,39.44724527798689,39.26702902784655,0.18021625014034015
0.378,39.53505389486965,39.35648119724208,0.17857269762756545
0.379,39.610925480121445,39.44640979004166,0.1645156900797815
0.38,39.675690501510836,39.53670137320609,0.1389891283047433
0.381,39.730858792831164,39.62721167484151,0.10364711798965232
0.382,39.77853428718223,39.717774736152016,0.06075955103021613
0.383,39.82129275076092,39.808213455547744,0.013079295213174191
0.384,39.8620297183694,39.8983507580571,-0.0363210396876994
0.385,39.903790525635536,39.988019896780756,-0.08422937114522
0.386,39.949581680122954,40.077075925609684,-0.12749424548673005
0.387,40.00218130554304,40.16540602579102,-0.16322472024798174
0.388,40.06396338512403,40.252937267935366,-0.18897388281133232
0.389,40.136744381828855,40.3396419356202,-0.20289755379134533
0.39,40.221662192803294,40.42554005702186,-0.20387786421856902
0.391,40.319095671964554,40.51069894789726,-0.19160327593270665
0.392,40.42863060671798,40.59522975501155,-0.16659914829357092
0.393,40.54907524786211,40.6792811783106,-0.13020593044848994
0.394,40.67852542546839,40.763030731480036,-0.08450530601164274
0.395,40.81447612427813,40.84667406236457,-0.03219793808644056
0.396,40.95397344221443,40.9304129606821,0.023560481532335587
0.397,41.09380128764215,41.014441978790515,0.079359308851636
0.398,41.23068544393768,41.09893600718628,0.13174943675139872
0.399,41.361499643337694,41.184040239515646,0.1774594038220485
0.4,41.48346938786755,41.26986093434565,0.21360845352189983
0.401,41.59435638594727,41.35645851102649,0.23789787492078318
0.402,41.69261082297394,41.44384352178598,0.24876730118796075
0.403,41.77748074618997,41.53197579995552,0.24550494623445474
0.404,41.84907044071539,41.620766877147354,0.2283035635680335
0.405,41.9083428846171,41.71008554651469,0.1982573381024082
0.406,41.957065005887124,41.79976623786479,0.15729876802233633
0.407,41.99769829034714,41.88961967788046,0.10807861246667727
0.408,42.03324105319365,41.97944514829791,0.05379590489573616
0.409,42.0670321181294,42.06904354080541,-0.0020114226760128417
0.41,42.10253026655598,42.15822990686233,-0.05569964030635077
0.411,42.14308490756602,42.24684444468863,-0.1037595371226061
0.412,42.191701406700204,42.33476420237649,-0.14306279567628621
0.413,42.250830688495626,42.42191135803018,-0.17108066953455392
0.414,42.32219584000545,42.50825806117692,-0.18606222117146842
0.415,42.4066671239721,42.593827820936674,-0.18716069696457538
0.416,42.504195082788314,42.67869331864193,-0.17449823585361912
0.417,42.61380753166348,42.76297077284665,-0.14916324118316737
0.418,42.73367183440304,42.84681123005998,-0.11313939565693687
0.419,42.861219227924174,42.930389377168076,-0.0691701492439023
0.42,42.99332343632005,43.013890655451725,-0.020567219131677916
0.421,43.126521988172534,43.09749752094883,0.02902446722370655
0.422,43.25726823856013,43.18137503029337,0.07589320826676271
0.423,43.38218804812856,43.26565885783312,0.11652919029544506
0.424,43.498325045381165,43.35044600283289,0.14787904254827566
0.425,43.603361608871275,43.43578756110826,0.16757404776301144
0.426,43.69579580982418,43.521684858822766,0.17411095100141694
0.427,43.77506027364989,43.6080892943146,0.16697097933528937
0.428,43.841573038235154,43.69490593396224,0.14666710427291463
0.429,43.89671534894514,43.78200062816268,0.11471472078246592
0.43,43.942736708408994,43.86921014612412,0.07352656228487575
0.431,43.98259300113846,43.95635459410824,0.0262384070302204
0.432,44.01972886307022,44.043251164634185,-0.02352230156396473
0.433,44.05782320216483,44.12972734285797,-0.07190414069313533
0.434,44.10050959897497,44.215634312994155,-0.11512471401918134
0.435,44.15109184388844,44.30085973535588,-0.14976789146744096
0.436,44.212284633972956,44.38533687387094,-0.17305223989798435
0.437,44.285996413309356,44.46905021920047,-0.18305380589111309
0.438,44.373171872987214,44.55203717699388,-0.17886530400666345
0.439,44.47370753976722,44.63438564613635,-0.16067810636913293
0.44,44.58644844069165,44.716227631365165,-0.12977919067351706
0.441,44.709267607949414,44.797729348759624,-0.08846174081021019
0.442,44.83922365734822,44.87907856571854,-0.03985490837031591
0.443,44.97278536974907,44.96047014035147,0.012315229397600547
0.444,45.10610892081878,45.04209029982773,0.0640186209910496
0.445,45.235344127839156,45.12410148110425,0.11124264673490813
0.446,45.3569386778389,45.20663067288595,0.15030800495294727
0.447,45.46792638544347,45.289759566674654,0.17816681876881546
0.448,45.566172494840814,45.373518137218966,0.1926543576218478
0.449,45.65055464418814,45.457882348071614,0.1926722961165268
0.45,45.72106347826772,45.54277621107322,0.17828726719450572
0.451,45.77881317912066,45.62807807118222,0.1507351079384378
0.452,45.82595943140902,45.713630638020135,0.11232879338888324
0.453,45.86552998408246,45.79925396957034,0.06627601451211973
0.454,45.901180384637826,45.88476035859196,0.016420026045864233
0.455,45.9368944145836,45.96996980122405,-0.03307538664045495
0.456,45.976656868685055,46.05472390548062,-0.07806703679556648
0.457,46.02411560417123,46.13889960977182,-0.11478400560059043
0.458,46.08226672600579,46.22242022306895,-0.14015349706316016
0.459,46.153194280104216,46.30526179914995,-0.1520675190457368
0.46,46.23788470884834,46.387455002587224,-0.14957029373888275
0.461,46.33613329369601,46.46908227752717,-0.13294898383116305
0.462,46.44655225885048,46.55027052532318,-0.103718266472697
0.463,46.56668159240057,46.63117988805684,-0.06449829565627141
0.464,46.693194707363176,46.71198958063752,-0.018794873274345036
0.465,46.82218285656324,46.79288191671647,0.02930093984677029
0.466,46.94949790977073,46.87402510429648,0.07547280547424862
0.467,47.07111587357539,46.95555840382394,0.11555746975144388
0.468,47.183492208280036,47.03758026459084,0.14591194368919957
0.469,47.28388208814491,47.12013929825774,0.1637427898871664
0.47,47.37059348772781,47.20322963788431,0.16736384984349684
0.471,47.44314913824009,47.28679115964017,0.15635797859992095
0.472,47.50234117654652,47.37071459522352,0.13162658132300464
0.473,47.55017168352912,47.454851121269925,0.0953205622591966
0.474,47.589682539729644,47.539025600901795,0.050656938827849274
0.475,47.6246882031322,47.62305231013336,0.0016358929988413706
0.476,47.65943541590021,47.706751436793084,-0.04731602089287179
0.477,47.698221533670036,47.78996443248302,-0.09174289881298137
0.478,47.74499475033775,47.87256960386313,-0.127574853525374
0.479,47.802983930521876,47.954493781987395,-0.15150985146551932
0.48,47.874391984831384,48.035719204442614,-0.16132721961123053
0.481,47.960181029521465,48.11628529740514,-0.15610426788367704
0.482,48.059971054361974,48.19628514347691,-0.13631408911493992
0.483,48.172063572966465,48.275856917760635,-0.10379334479416968
0.484,48.29359013582651,48.35517105260996,-0.06158091678344846
0.485,48.420773714831675,48.43441430490429,-0.013640590072611758
0.486,48.54928040829615,48.51377209265446,0.03550831564168533
0.487,48.67463244664216,48.593409985233706,0.08122246140845135
0.488,48.7926339970223,48.673458561817036,0.11917543520526408
0.489,48.899774772222194,48.754001662521674,0.14577310970052082
0.49,48.99357489962395,48.83506846305894,0.15850643656501262
0.491,49.07283397413852,48.91663080528573,0.15620316885279095
0.492,49.137758374097146,48.99860608859471,0.13915228550243341
0.493,49.18995233431212,49.08086548710612,0.10908684720600093
0.494,49.23227140361186,49.163246730599234,0.0690246730126276
0.495,49.26855049956339,49.24557022841688,0.022980271146508358
0.496,49.30323165664498,49.32765692558216,-0.024425268937179112
0.497,49.34093006187839,49.40934534323919,-0.06841528136079944
0.498,49.38597340227327,49.49050793369027,-0.10453453141699498
0.499,49.44196111987703,49.57106492027595,-0.12910380039892289
0.5,49.51139504066898,49.650992540429,-0.139597499760022
0.501,49.59541668984561,49.73032561593973,-0.13490892609412697
0.502,49.69367958500614,49.809154176525496,-0.11547459151935868
0.503,49.80437173784669,49.88761442831329,-0.08324269046660504
0.504,49.92438850733851,49.96587494040455,-0.04148643306603361
0.505,50.049640486258674,50.04411942260683,0.005521063651841018
0.506,50.17546854034176,50.12252741215725,0.05294112818451424
0.507,50.29712439841418,50.20125492947055,0.09586946894362569
0.508,50.41025947999719,50.28041920419793,0.1298402757992534
0.509,50.51138117919666,50.36008658049218,0.1512945987044816
0.51,50.59822606405433,50.44026543723814,0.15796062681619105
0.511,50.670008493594224,50.52090513206653,0.14910336152769332
0.512,50.727516381237436,50.60190113527058,0.12561524596685558
0.513,50.77304148706636,50.68310586693276,0.0899356201335948
0.514,50.81014899059111,50.76434413951111,0.045804851079999764
0.515,50.84330836668697,50.84543160497267,-0.002123238285697937
0.516,50.877424380578965,50.92619389629986,-0.04876951572089183
0.517,50.917317553278224,51.00648429617448,-0.08916674289625348
0.518,50.96719961472519,51.08620046395818,-0.11900084923298948
0.519,51.03021157193898,51.16529571214087,-0.13508414020189008
0.52,51.108073852337796,51.24378401060177,-0.1357101582639757
0.521,51.200887347857986,51.32173841127054,-0.1208510634125517
0.522,51.30710955039754,51.399283012829194,-0.09217346243165281
0.523,51.423711161454285,51.47657929439308,-0.052868132938797885
0.524,51.546498711542434,51.553808277174454,-0.007309565632020565
0.525,51.67057073238961,51.63115027391855,0.03942045847106357
0.526,51.79086133589782,51.70876381926638,0.0820975166314426
0.527,51.902701666469156,51.786768658646125,0.11593300782303118
0.528,52.0023445808084,51.865232735194056,0.1371118456143421
0.529,52.08739369022371,51.94416447656309,0.14322921366062502
0.53,52.15708494422695,52.023511756645014,0.1335731875819377
0.531,52.21238652309454,52.1031677072186,0.10921881587593418
0.532,52.25590284465745,52.182982777369475,0.07292006728797418
0.533,52.29159060672223,52.26278171955696,0.02880888716526897
0.534,52.324316569468415,52.3423835852239,-0.018067015755484306
0.535,52.359308305558045,52.42162176195292,-0.06231345639487529
0.536,52.401554724955105,52.500362982361615,-0.09880825740651034
0.537,52.4552220860145,52.578523850267494,-0.123301764252993
0.538,52.52316251539329,52.65608074279267,-0.13291822739937942
0.539,52.60657036725505,52.73307274165549,-0.1265023744004381
0.54,52.70482870910158,52.80959725389766,-0.10476854479608022
0.541,52.81556689619993,52.885798775428704,-0.07023187922877128
0.542,52.9349256726533,52.9618520618162,-0.026926389162902353
0.543,53.058001670843396,53.03794162227475,0.020060048568645072
0.544,53.17942403998126,53.11423922925538,0.06518481072587434
0.545,53.29399118159709,53.190883409725934,0.1031077718711586
0.546,53.39729024849331,53.267963892781836,0.129326355711477
0.547,53.48623261496564,53.34551095066606,0.14072166429957633
0.548,53.55943615954359,53.42349177938471,0.13594438015887533
0.549,53.61740560574183,53.50181445757408,0.11559114816775207
0.55,53.662485964232516,53.5803390678621,0.08214689637041772
0.551,53.69859133082576,53.65889468727566,0.03969664355009428
0.552,53.73073882895763,53.73730022188574,-0.0065613929281127525
0.553,53.76444376999424,53.815386116904,-0.05094234690976407
0.554,53.805047492996515,53.89301451856163,-0.08796702556511349
0.555,53.85705205567005,53.97009736285829,-0.11304530718823713
0.556,53.92355473264425,54.04660756605339,-0.1230528334091403
0.557,54.0058517561959,54.12258247779604,-0.11673072160013476
0.558,54.1032624849417,54.19811931054026,-0.0948568255985549
0.559,54.21319931270422,54.27336305309698,-0.060163740392759735
0.56,54.3314781694952,54.348488324721245,-0.01701015522604621
0.561,54.45283429536665,54.42367732867776,0.029156966688887564
0.562,54.57158401859281,54.49909590349207,0.07248811510073949
0.563,54.68234244051199,54.5748727230269,0.10746971748508827
0.564,54.78070951771168,54.651083523823516,0.12962599388816187
0.565,54.863840605408946,54.72774133286156,0.13609927254738352
0.566,54.93082383323292,54.80479465542052,0.12602917781239853
0.567,54.982812770243946,54.88213393796394,0.1006788322800034
0.568,55.022893629409396,54.95960553998518,0.06328808942421205
0.569,55.05570034825736,55.03703146829682,0.01866887996054345
0.57,55.086824231261986,55.1142322932887,-0.02740806202671564
0.571,55.12209537488519,55.19104951356637,-0.06895413868117828
0.572,55.166819932483534,55.267366503977485,-0.10054657149395041
0.573,55.22507576190967,55.343124581030345,-0.11804881912067344
0.574,55.299165301344495,55.41833077846782,-0.11916547712332459
0.575,55.38929753061816,55.49305695597647,-0.10375942535831228
0.576,55.49354449400043,55.567430316074315,-0.07388582207388339
0.577,55.6080821451923,55.64161652334233,-0.03353437815002991
0.578,55.72768741648291,55.7157976147011,0.011889801781805431
0.579,55.8464306818779,55.7901470661521,0.05628361572579621
0.58,55.95847061929641,55.864805974419916,0.0936646448764975
0.581,56.058840056576514,55.93986493879931,0.11897511777720382
0.582,56.14412520594832,56.01535187470184,0.12877333124647805
0.583,56.21294156536907,56.09122814996711,0.12171341540196323
0.584,56.266138088364734,56.16739376591655,0.09874432244818365
0.585,56.30669778263908,56.243700944966875,0.06299683767220188
0.586,56.339344070561644,56.31997432789661,0.01936974266503455
0.587,56.369903234921146,56.3960349955863,-0.02613176066515166
0.588,56.40451071400615,56.471724272328935,-0.0672135583227842
0.589,56.44876137166619,56.54692596457961,-0.09816459291342028
0.59,56.506923512747655,56.621583382013625,-0.11465986926597083
0.591,56.581332699300596,56.695707398101554,-0.11437469880095819
0.592,56.67204998340312,56.76937507304732,-0.09732508964420106
0.593,56.77683624344676,56.84271898533365,-0.06588274188688814
0.594,56.89145069183987,56.915908701724874,-0.02445800988500224
0.595,57.01023597095556,56.989126911316674,0.02110905963888854
0.596,57.126913599949944,57.06254285280778,0.06437074714216351
0.597,57.23547363935975,57.1362882202119,0.09918541914785095
0.598,57.331031785388774,57.21043923534958,0.12059255003919134
0.599,57.4105374355279,57.285005774203945,0.12553166132395432
0.6,57.473225747167014,57.35992991081167,0.11329583635534135
0.601,57.52074467272518,57.43509420813731,0.08565046458787151
0.602,57.556934056357974,57.51033863206286,0.046595424295112764
0.603,57.58728405903866,57.58548370293309,0.0018003561055692785
0.604,57.61814848518195,57.66035629763925,-0.0422078124572991
0.605,57.65582599589195,57.734814024048134,-0.07898802815618211
0.606,57.705632496135685,57.80876700669521,-0.10313451055952783
0.607,57.77111050939185,57.88219152491248,-0.11108101552062521
0.608,57.853493450659535,57.95513360931143,-0.10164015865189668
0.609,57.95150625378553,58.02770233819107,-0.07619608440553804
0.61,58.061536589009286,58.10005375176207,-0.0385171627527825
0.611,58.1781562239011,58.17236770563423,0.0057885182668684365
0.612,58.29492100738797,58.2448206486269,0.050100358761071107
0.613,58.40533276970672,58.3175584896326,0.08777428007411459
0.614,58.50381277861802,58.39067557464332,0.11313720397470206
0.615,58.58654953245807,58.46420059623143,0.12234893622664345
0.616,58.65208860653588,58.538092153512466,0.11399645302341099
0.617,58.701570615089516,58.61224490910182,0.08932570598769729
0.618,58.73857624409211,58.6865054861501,0.05207075794201188
0.619,58.76859672570362,58.760695753920615,0.007900971783001864
0.62,58.79820657465647,58.834639827984766,-0.03643325332829761
0.621,58.834064295235066,58.908190058043,-0.07412576280793104
0.622,58.88188299710874,58.98125048579932,-0.0993674886905822
0.623,58.945537673953766,59.05379219705108,-0.10825452309731531
0.624,59.026450671904364,59.12585787025015,-0.09940719834578715
0.625,59.12335290342545,59.19755521247637,-0.07420230905091785
0.626,59.23246314509719,59.269040227744206,-0.03657708264701398
0.627,59.34806290235017,59.340492859136816,0.007570043213355859
0.628,59.46338350888597,59.41208832246904,0.05129518641692954
0.629,59.571668698938886,59.483968855256585,0.08769984368230155
0.63,59.66723954411663,59.55622216775672,0.11101737635991071
0.631,59.74640244254628,59.62886764398156,0.11753479856471927
0.632,59.80805095784206,59.70185317415898,0.1061977836830863
0.633,59.85386068596338,59.77506336054508,0.07879732541830009
0.634,59.888040536366596,59.84833786984847,0.039702666518124374
0.635,59.916674532075234,59.921497063817384,-0.004822531742149749
0.636,59.94675638559476,59.9943704474769,-0.04761406188214323
0.637,59.98506863674449,60.06682342941659,-0.0817547926721005
0.638,60.03707762089614,60.138780165778755,-0.10170254488261321
0.639,60.10603457091249,60.21023617848062,-0.1042016075681289
0.64,60.19242988419955,60.28125920153658,-0.08882931733703003
0.641,60.293893673660044,60.35197823689626,-0.05808456323621414
0.642,60.40556475363048,60.422562529714924,-0.016997776084444638
0.643,60.520873732158435,60.49319376623261,0.027679965925827332
0.644,60.63261908197199,60.56403532459977,0.06858375737221678
0.645,60.73415419337357,60.6352055231217,0.09894867025187182
0.646,60.82049231333233,60.70675865998797,0.11373365334436158
0.647,60.88914854901221,60.778675957792984,0.11047259121922792
0.648,60.94057221598352,60.85086863031212,0.08970358567140124
0.649,60.97809165266256,60.923192666188356,0.05489898647420688
0.65,61.007374480267416,60.99547293224844,0.011901548018975916
0.651,61.03548855017115,61.06753249205609,-0.03204394188493609
0.652,61.06972007245827,61.1392215341473,-0.06950146168903615
0.653,61.11633706212667,61.21044332544841,-0.09410626332174132
0.654,61.17951365536196,61.281171317770216,-0.10165766240825747
0.655,61.260603550024186,61.351453788286776,-0.09085023826258976
0.656,61.35788912412817,61.42140570660428,-0.0635165824761117
0.657,61.46685537145776,61.491189137424335,-0.024333765966574106
0.658,61.58094828280633,61.560985439666425,0.019962843139907704
0.659,61.692695604446634,61.63096330874862,0.06173229569801464
0.66,61.79499504800776,61.70124949874069,0.09374554926707646
0.661,61.88234699808817,61.77190763591551,0.11043936217265582
0.662,61.95182313958435,61.84292713502054,0.10889600456381032
0.663,62.00359542013872,61.91422495368331,0.08937046645541358
0.664,62.04092685547265,61.985660018317205,0.05526683715544323
0.665,62.06961898780784,62.05705787953821,0.012561108269629528
0.666,62.09700699797981,62.128241220866386,-0.031234222886574514
0.667,62.130677199745904,62.19906019427503,-0.06838299452912366
0.668,62.177121859509846,62.2694194618923,-0.09229760238245177
0.669,62.24057520784363,62.3392957809051,-0.09872057306147042
0.67,62.3222433572567,62.40874223636641,-0.08649887910970477
0.671,62.42006850505561,62.477878852160664,-0.05781034710505395
0.672,62.529076371586996,62.54687117744218,-0.017794805855182005
0.673,62.64225189376126,62.615900547896466,0.02635134586479637
0.674,62.751794639553076,62.68513059422357,0.0666640453295031
0.675,62.85052408608807,62.75467786216232,0.09584622392575426
0.676,62.93318380507093,62.82459133847331,0.10859246659762078
0.677,62.99741062352381,62.89484348661841,0.10256713690539954
0.678,63.04418504450314,62.965335159940956,0.07884988456218167
0.679,63.07767395476283,63.03591361070071,0.04176034406211926
0.68,63.10448697566197,63.10640038532599,-0.0019134096640200937
0.681,63.13247745020786,63.17662371908604,-0.04414626887817974
0.682,63.16930428473621,63.246449380464085,-0.07714509572787875
0.683,63.22100919150671,63.31580645716306,-0.0947972656563536
0.684,63.29088345679896,63.38470084955353,-0.09381739275457335
0.685,63.3788372444502,63.453214275112416,-0.07437703066221246
0.686,63.481394316045886,63.52148913769181,-0.04009482164592271
0.687,63.592320815119955,63.58970199432847,0.00261882079148279
0.688,63.70377912026095,63.658030178583786,0.045748941677160815
0.689,63.80779633615992,63.72661768516676,0.08117865099315935
0.69,63.89776523530145,63.795548901392905,0.10221633390854379
0.691,63.969703258515906,63.86483283419372,0.1048704243221863
0.692,64.02302573902853,63.93440132654945,0.08862441247907782
0.693,64.0606792305767,64.00412192786459,0.05655730271210757
0.694,64.08860170261019,64.07382306434242,0.014778638267770816
0.695,64.11460519631878,64.14332669331749,-0.028721496998713292
0.696,64.14689140092364,64.2124815276658,-0.06559012674216547
0.697,64.19247321696412,64.28119255286126,-0.08871933589713876
0.698,64.25581024505136,64.34944008453878,-0.09362983948741999
0.699,64.33792874815651,64.41728369952438,-0.0793549513678613
0.7,64.43620034422672,64.48485080173262,-0.048650457505900135
0.701,64.54483039418876,64.55231195647542,-0.00748156228665664
0.702,64.65596985820227,64.61984754997319,0.03612230822908202
0.703,64.76124269877499,64.68761163780675,0.07363106096823913
0.704,64.85338452232729,64.75570236860969,0.09768215371759936
0.705,64.92767807506497,64.82414309488608,0.10353498017889251
0.706,64.98290073982312,64.89287769793154,0.09002304189158394
0.707,65.02158878516447,64.9617815918827,0.05980719328177031
0.708,65.04955775729498,65.03068633079727,0.018871426497710786
0.709,65.07476587233455,65.09941296949981,-0.024647097165257037
0.71,65.10574252017375,65.16780684768005,-0.06206432750630597
0.711,65.14988386538617,65.23576872759108,-0.08588486220490665
0.712,65.21195823188397,65.30327550801996,-0.09131727613599594
0.713,65.29312982989828,65.37038498925429,-0.07725515935601379
0.714,65.39070116407643,65.43722433268539,-0.046523168608956667
0.715,65.49863464243994,65.50396446121867,-0.005329818778733397
0.716,65.60875746921342,65.57078529861025,0.03797217060316882
0.717,65.71241467669431,65.6378383387508,0.07457633794351182
0.718,65.80222899308397,65.70521645685022,0.09701253623374839
0.719,65.87361631375543,65.77293527995728,0.10068103379815341
0.72,65.92574341300373,65.8409298997807,0.08481351322302544
0.721,65.9617227576265,65.90906809964224,0.052654657984263054
0.722,65.98799532532718,65.97717748093088,0.010817844396299847
0.723,66.01302009783618,66.04508085886333,-0.03206076102715372
0.724,66.04553659551267,66.11263199090179,-0.06709539538911713
0.725,66.09274756566204,66.17974652621338,-0.08699896055134104
0.726,66.15880590649252,66.24642018810371,-0.08761428161119511
0.727,66.24392786430406,66.31272976714416,-0.06880190284010723
0.728,66.34432344473238,66.37881715324191,-0.0344937085095296
0.729,66.4529681058397,66.44485964832522,0.008108457514481415
0.73,66.56106465810069,66.51103225605647,0.050032402044223545
0.731,66.65989316829067,66.57747016398888,0.08242300430178773
0.732,66.74265468795545,66.64424103291395,0.09841365504149735
0.733,66.80592630534287,66.71133073461696,0.0945955707259003
0.734,66.8504107141604,66.77864626214563,0.07176445201477577
0.735,66.88081151221087,66.84603545745912,0.03477605475174528
0.736,66.90485092990133,66.91331944437846,-0.00846851447712993
0.737,66.93163292617827,66.9803304297687,-0.048697503590432234
0.738,66.96969485836742,67.04694719683707,-0.07725233846964841
0.739,67.02515820985381,67.11312223819078,-0.08796402833696959
0.74,67.10038904453519,67.17889227404811,-0.07850322951291844
0.741,67.19346203486302,67.24437040904779,-0.05090837418477179
0.742,67.29855312655631,67.30972167490543,-0.011168548349118623
0.743,67.4071861863779,67.37512706612294,0.0320591202549565
0.744,67.51007349820962,67.44074315145669,0.0693303467529347
0.745,67.5991444820072,67.50666828309753,0.0924761989096794
0.746,67.66932428965814,67.57292150753048,0.09640278212765452
0.747,67.71966990848095,67.63943829831453,0.08023161016642177
0.748,67.7536033499393,67.70608469748194,0.04751865245735587
0.749,67.77818011485222,67.77268685177837,0.005493263073844901
0.75,67.80254531674528,67.83906930230583,-0.03652398556054948
0.751,67.83591407910413,67.9050930789073,-0.06917899980317088
0.752,67.88551229116698,67.97068746472573,-0.0851751735587527
0.753,67.95494615079284,68.03586630704474,-0.0809201562519064
0.754,68.04337152954395,68.10072502861514,-0.05735349907119769
0.755,68.14565728824167,68.16541930536555,-0.019762017123881037
0.756,68.25351695987685,68.2301300543043,0.02338690557255063
0.757,68.35736652155313,68.29502183895882,0.062344682594314804
0.758,68.4484886069978,68.36020569992573,0.08828290707207032
0.759,68.52101556711811,68.42571464966299,0.09530091745511982
0.76,68.57328298213292,68.49149611589652,0.08178686623639919
0.761,68.60823472134544,68.55742383839313,0.05081088295230529
0.762,68.63277617366747,68.62332664688539,0.009449526782077555
0.763,68.6562130579243,68.6890274970842,-0.03281443915989257
0.764,68.68812767962375,68.75438321436584,-0.06625553474209767
0.765,68.7361671604758,68.8193181396457,-0.08315097916990055
0.766,68.80426111214324,68.88384220002989,-0.07958108788665186
0.767,68.89168851495069,68.9480487193532,-0.056360204402508884
0.768,68.99321808673656,69.01209285630337,-0.018874769566807004
0.769,69.10030135831863,69.07615552598426,0.024145832334369288
0.77,69.20305403424665,69.14040040930371,0.06265362494293925
0.771,69.29256314793463,69.20493577664125,0.0876273712933795
0.772,69.36298302248211,69.26978976252774,0.09319325995437566
0.773,69.41292935079053,69.33490369326148,0.07802565752905366
0.774,69.44583195786873,69.40014581716801,0.045686140700723854
0.775,69.4691513383307,69.46534234033636,0.003808997994340757
0.776,69.49263333923241,69.53031831432507,-0.037684975092659556
0.777,69.5260085200884,69.59493826674344,-0.06892974665504426
0.778,69.57666910891126,69.65913930907932,-0.08247020016806061
0.779,69.64788734045145,69.72294660230041,-0.07505926184896339
0.78,69.73800769269337,69.78646744351447,-0.048459750821095327
0.781,69.84081610042017,69.84986563157366,-0.009049531153493717
0.782,69.94701046779042,69.9133220173257,0.03368845046472302
0.783,70.04643182224494,69.97699003680889,0.06944178543605517
0.784,70.13051537019822,70.04095916946531,0.0895562007329147
0.785,70.19437529060619,70.10523368831487,0.08914160229132051
0.786,70.23801393605906,70.16973153854082,0.06828239751824583
0.787,70.26634932080023,70.23430421431227,0.03204510648795633
0.788,70.2880415418995,70.29877290745169,-0.010731365552189231
0.789,70.3133949192204,70.36297166640657,-0.04957674718616545
0.79,70.35183879796391,70.42678764191407,-0.07494884395016754
0.791,70.40959750402288,70.49018983697891,-0.08059233295603008
0.792,70.48813555508426,70.55323697386875,-0.0651014187844936
0.793,70.58376831481723,70.61606309681957,-0.03229478200233871
0.794,70.68854652878903,70.67884446878816,0.009702060000876145
0.795,70.79221024398414,70.74175538550728,0.05045485847686848
0.796,70.88473473833386,70.80492425538844,0.07981048294541893
0.797,70.95883239997532,70.86840245276352,0.09042994721180264
0.798,71.01179263666116,70.93215152177605,0.07964111488510639
0.799,71.04618814795428,70.99605272735008,0.050135420604206615
0.8,71.06925740096433,71.05993679948651,0.009320601477824653
0.801,71.0911057198945,71.12362636166377,-0.032520641769266945
0.802,71.12216992297442,71.18697980402335,-0.06480988104893015
0.803,71.17057242856703,71.24992777509236,-0.07935534652533249
0.804,71.2400425686255,71.31249136822127,-0.07244879959577588
0.805,71.32894214243775,71.37477687516947,-0.045834732731719896
0.806,71.43065362684175,71.43694879232163,-0.006295165479883735
0.807,71.5352465726639,71.49918768337314,0.03605888929075718
0.808,71.63201013946203,71.56164305878971,0.07036708067231245
0.809,71.71220036686516,71.62439560919523,0.08780475766992879
0.81,71.77130327815671,71.6874367937059,0.0838664844508088
0.811,71.81022471692228,71.75067095836674,0.059553758555537684
0.812,71.83508590290496,71.81393998110418,0.021145921800780343
0.813,71.85566348642922,71.87706414836927,-0.021400661940049304
0.814,71.88286881170372,71.93988805366791,-0.057019241964198386
0.815,71.92590783465972,72.00232115546734,-0.07641332080761742
0.816,71.98986143195373,72.06436229904378,-0.07450086709005177
0.817,72.07433089488457,72.12610015267921,-0.05176925779464625
0.818,72.17351247092604,72.18769005406413,-0.014177583138092587
0.819,72.27769623976347,72.24931316421251,0.028383075550962644
0.82,72.37581112695811,72.31112787480032,0.06468325215779203
0.821,72.45834523883686,72.37322827996647,0.08511695887038684
0.822,72.51987455524244,72.43561980619741,0.08425474904503005
0.823,72.56052716223877,72.4982176954589,0.062309466779865375
0.824,72.5859795762816,72.56086946155087,0.025110114730736655
0.825,72.60597120238313,72.62339545493606,-0.01742425255292801
0.826,72.6317221206909,72.68563615652829,-0.05391403583739418
0.827,72.6729310163158,72.74749481853362,-0.0745638022178241
0.828,72.73515497978434,72.80896436777873,-0.07380938799438752
0.829,72.81828859682275,72.87012948253074,-0.05184088570798906
0.83,72.91656168744859,72.93114384743325,-0.014582159984655618
0.831,73.02007173892035,72.99218858672697,0.027883152193382443
0.832,73.11745327328693,73.05342233857145,0.0640309347154755
0.833,73.19896134932185,73.11493844035324,0.0840229089686062
0.834,73.25913573211587,73.17674005965583,0.08239567246003787
0.835,73.29831668679853,73.23873925874294,0.059577428055590076
0.836,73.32258310262854,73.30078096104232,0.02180214158622107
0.837,73.3421141421482,73.3626853683783,-0.020571226230089223
0.838,73.36841234926409,73.4242965963685,-0.05588424710441586
0.839,73.4111370052182,73.48552568057161,-0.07438867535341842
0.84,73.47541981168419,73.54637601819125,-0.0709562065070628
0.841,73.56041802102652,73.60694257836936,-0.04652455734283478
0.842,73.65951659070667,73.66738565781938,-0.00786906711270774
0.843,73.762139952597,73.72788623131969,0.03425372127730952
0.844,73.8566860850175,73.7885946446789,0.06809144033860548
0.845,73.93376422765014,73.84958917777807,0.0841750498720728
0.846,73.98883782797158,73.91085451751948,0.0779833104520975
0.847,74.02352526600893,73.97228596966792,0.05123929634100932
0.848,74.04517681853609,74.03371881441598,0.011458004120115106
0.849,74.06483064127211,74.09497456222002,-0.030143920947907077
0.85,74.09411276225867,74.15591048071192,-0.06179771845324922
0.851,74.14194114937618,74.2164605705109,-0.07451942113472398
0.852,74.2119743517443,74.27665494837511,-0.06468059663080794
0.853,74.30154144186416,74.33661139446612,-0.03506995260195822
0.854,74.4023712274472,74.39650186840863,0.00586935903857011
0.855,74.50293130043072,74.45650303297764,0.04642826745308071
0.856,74.59172130354439,74.5167449839588,0.0749763195855877
0.857,74.66057545745477,74.57727476471979,0.08330069273497998
0.858,74.70703207653673,74.63804293129742,0.0689891452393141
0.859,74.73507438844389,74.69891772027371,0.03615666817017882
0.86,74.75401161416877,74.75972304296413,-0.005711428795351026
0.861,74.77580832952916,74.82028903239369,-0.04448070286453287
0.862,74.81162269081497,74.88050072908746,-0.06887803827248717
0.863,74.86854740515192,74.94033252620463,-0.07178512105271295
0.864,74.9475165594201,74.99985593126077,-0.05233937184067372
0.865,75.04300015871091,75.0592187741715,-0.01621861546058767
0.866,75.14459282382037,75.11860192755677,0.02599089626360751
0.867,75.24005078533538,75.17816540615591,0.06188537917947201
0.868,75.31888887814218,75.23800149539268,0.08088738274949492
0.869,75.37548320908202,75.29810813459197,0.07737507449004966
0.87,75.41076068162344,75.35838945545571,0.05237122616773604
0.871,75.4319580425881,75.41868408571307,0.013273956875039516
0.872,75.45050376744842,75.47881288963131,-0.028309122182889723
0.873,75.47863852024629,75.53863136946019,-0.05999284921389858
0.874,75.52576286199697,75.59807322032925,-0.07231035833228816
0.875,75.59560720216203,75.65717083932726,-0.06156363716523572
0.876,75.6850838757292,75.71604573701346,-0.030961861284254155
0.877,75.78518016347677,75.77487215889329,0.010308004583478692
0.878,75.88364475029245,75.83382422104641,0.049820529246034084
0.879,75.96867161450169,75.89302292178661,0.07564869271507746
0.88,76.03247066415392,75.95250041816126,0.07997024599265501
0.881,76.07364983456188,76.01219033558212,0.06145949897975811
0.882,76.09767084408814,76.07194781732107,0.025723026767067836
0.883,76.11522103024167,76.13159347967566,-0.016372449433987413
0.884,76.13898089471562,76.19096738781892,-0.051986493103299836
0.885,76.1797564069023,76.24997775469363,-0.07022134779133182
0.886,76.24315356847436,76.3086299835095,-0.06547641503514967
0.887,76.32782954598345,76.36702518372314,-0.039195637739695144
0.888,76.4258708565704,76.4253291862351,0.0005416703352949526
0.889,76.52520285565237,76.48372123792952,0.04148161772285164
0.89,76.61330566805164,76.5423378357259,0.070967832325735
0.891,76.68108827862207,76.60123129251984,0.07985698610222869
0.892,76.72572809189035,76.6603536984306,0.0653743934597486
0.893,76.7515810615509,76.71957172151944,0.032009340031450506
0.894,76.76885934986166,76.77870804865105,-0.009848698789397758
0.895,76.79047088459949,76.83759618282764,-0.0471252982281527
0.896,76.82799150906453,76.89613206923603,-0.06814056017149994
0.897,76.88802070879109,76.95430771503936,-0.06628700624827388
0.898,76.97007996730096,77.01221393873911,-0.042133971438147455
0.899,77.06672818505214,77.07001188068732,-0.0032836956351758317
0.9,77.16587870610668,77.12788201949385,0.03799668661282851
0.901,77.25460653403778,77.18596625503812,0.06864027899965208
0.902,77.32324234424053,77.24432364475602,0.07891869948450392
0.903,77.36846200216048,77.30291192481334,0.06555007734714025
0.904,77.3943774755181,77.36160087031091,0.03277660520718939
0.905,77.41126082121643,77.42021373737953,-0.008952916163096347
0.906,77.4322895769011,77.47858321923574,-0.04629364233464628
0.907,77.46933723700874,77.53660453696435,-0.06726729995560277
0.908,77.52914716818402,77.59427006799105,-0.06512289980702235
0.909,77.61113484347466,77.65167204703828,-0.04053720356361623
0.91,77.70754026061164,77.70897294154122,-0.001432680929582375
0.911,77.80590331832589,77.76635279823995,0.039550520085938956
0.912,77.89308249358105,77.82395014627981,0.06913234730123463
0.913,77.9595167639914,77.88181779929948,0.07769896469191906
0.914,78.00235399248812,77.93990592406503,0.06244806842309458
0.915,78.02641425629052,77.99807818356169,0.028336072728833983
0.916,78.04265219663793,78.05615614719184,-0.013503950553911181
0.917,78.06460144066531,78.11397702593194,-0.049375585266631106
0.918,78.1039463354246,78.17144674802955,-0.0675004126049572
0.919,78.16666607596726,78.22857183345906,-0.06190575749180027
0.92,78.25103562984971,78.28545744681018,-0.034421816960474416
0.921,78.34815789902675,78.34227280735757,0.005885091669171061
0.922,78.4448752096028,78.39919491949098,0.04568029011181807
0.923,78.52811544943575,78.4563492787308,0.07176617070494729
0.924,78.58923381767542,78.51376905697201,0.07546476070341157
0.925,78.6269130018784,78.57138416523655,0.05552883664185515
0.926,78.64763849770806,78.62904452621045,0.018593971497608663
0.927,78.663567649614,78.68657007666859,-0.023002427054592545
0.928,78.68848585480453,78.74381021542135,-0.05532436061682233
0.929,78.73318402051561,78.80069452209273,-0.06751050157711802
0.93,78.8018095694888,78.85725724255873,-0.05544767306993492
0.931,78.89043559653418,78.91362588570897,-0.023190289174792156
0.932,78.98834905855502,78.96997826181543,0.018370796739588968
0.933,79.08164866934459,79.0264817070426,0.055166962301981926
0.934,79.15794735943646,79.08323621445147,0.07471114498498821
0.935,79.2105883401911,79.14024123266938,0.07034710752171236
0.936,79.24094068276202,79.19739581161753,0.04354487114449057
0.937,79.25797044608942,79.25453293812541,0.003437507964008546
0.938,79.27521045653572,79.31147632266327,-0.03626586612755034
0.939,79.30614607031369,79.36809991067254,-0.06195384035885354
0.94,79.35957908820733,79.42437197050563,-0.06479288229830615
0.941,79.43657399976144,79.48036646192364,-0.04379246216220167
0.942,79.53005389052419,79.53623766286135,-0.006183772337166715
0.943,79.62720848105421,79.59216682137995,0.035041659674263315
0.944,79.71390733087671,79.64829859945081,0.06560873142589685
0.945,79.77959517887993,79.70469153558462,0.07490364329531474
0.946,79.8209780947386,79.76129805295548,0.05968004178312469
0.947,79.84320583027358,79.81798092988404,0.025224900389531513
0.948,79.85811378780234,79.87456105609776,-0.016447268295422646
0.949,79.88011630258491,79.93087932192988,-0.05076301934496996
0.95,79.92116583602635,79.98685219980726,-0.06568636378091242
0.951,79.98653891894527,80.04250198499217,-0.05596306604689971
0.952,80.07294695146263,80.09794913044321,-0.025002178980585654
0.953,80.16965591331504,80.15336989251016,0.01628602080488406
0.954,80.26224779579253,80.2089335205856,0.05331427520692955
0.955,80.33771046186968,80.26474215456507,0.07296830730460613
0.956,80.38905859853628,80.3207953883287,0.06826321020757575
0.957,80.41784561452798,80.37699039908152,0.04085521544645587
0.958,80.43365026088418,80.43315844850477,0.0004918123794084295
0.959,80.45069565724805,80.48912471849304,-0.03842906124499734
0.96,80.48278625823822,80.54476997569718,-0.0619837174589577
0.961,80.53835439329067,80.60007416927647,-0.061719775985793035
0.962,80.61740547999835,80.65512401752628,-0.037718537527922535
0.963,80.71147680401411,80.71008194492256,0.0013948590915475734
0.964,80.80665093949347,80.76512735665571,0.0415235828377547
0.965,80.88856210790883,80.82039113292906,0.06817097497976476
0.966,80.94759173325221,80.87590908653164,0.0716826467205749
0.967,80.98237866935284,80.93160916463582,0.05076950471702446
0.968,81.00035228063271,80.9873375163456,0.013014764287106573
0.969,81.01506788572658,81.04291428526432,-0.027846399537736488
0.97,81.041291986141,81.09819829274439,-0.056906306603380585
0.971,81.08960694047647,81.15313906866393,-0.06353212818746101
0.972,81.16251233107904,81.20779599625958,-0.04528366518053417
0.973,81.25347009335903,81.26231666123151,-0.008846567872481614
0.974,81.34926823453735,81.31688258441861,0.03238565011874073
0.975,81.43486282218196,81.37164155385409,0.06322126832786523
0.976,81.49892264115833,81.42665362344796,0.07226901771036864
0.977,81.53803680364824,81.48186932531537,0.05616747833286695
0.978,81.55801557803255,81.5371479008791,0.020867677153447062
0.979,81.57177466068708,81.59230940664051,-0.020534745953426636
0.98,81.59456386616148,81.64720082750782,-0.05263696134633733
0.981,81.63829098764647,81.70175313883057,-0.06346215118409759
0.982,81.70705424808365,81.75600794357727,-0.04895369549362272
0.983,81.79557238130513,81.81010204936673,-0.0145296680615985
0.984,81.89112317758429,81.86421623390399,0.02690694368030222
0.985,81.97829437062306,81.91850657985222,0.05978779077084084
0.986,82.04477389129987,81.97304603895138,0.07172785234848789
0.987,82.08600674567795,82.02779748722551,0.058209258452436075
0.988,82.10695209146812,82.08262766668612,0.02432442478199448
0.989,82.12024819133637,82.13735749547754,-0.017109304141172288
0.99,82.14145382726167,82.1918292343531,-0.05037540709142263
0.991,82.18314615618961,82.24596629658087,-0.06282014039126693
0.992,82.25011245257859,82.29980331327934,-0.049690860700749795
0.993,82.33748745212372,82.35347309426939,-0.015985642145665224
0.994,82.43257078135973,82.4071559283369,0.025414853022823536
0.995,82.51966150406066,82.46100980077459,0.05865170328607405
0.996,82.58607162256992,82.51511000905467,0.07096161351525154
0.997,82.62701753275131,82.5694208169896,0.05759671576170433
0.998,82.64749904240095,82.62380914008179,0.02368990231916257
0.999,82.66041281210452,82.6780957659558,-0.017682953851277716
1.0,82.68160112569424,82.73212388633557,-0.050522760641328546
1.001,82.72372473151927,82.78581974464333,-0.062095013124064735
1.002,82.79132843137123,82.83922215271328,-0.04789372134204939
1.003,82.8790362605244,82.89246757015843,-0.013431309634029276
1.004,82.97360342613618,82.94573697344595,0.027866452690233245
1.005,83.05905798683006,82.99918444266775,0.05987354416230062
1.006,83.12293781928189,83.05287724403303,0.07006057524885989
1.007,83.16119006572642,83.10677000464331,0.05442006108310693
1.008,83.179800534337,83.16072244003001,0.019078094306991034
1.009,83.1924826318282,83.21455437555373,-0.02207174372553311
1.01,83.2153072667734,83.26811590920418,-0.05280864243079009
1.011,83.26036363425179,83.32134673987856,-0.060983105626775114
1.012,83.33095359027266,83.37430082574672,-0.04334723547405872
1.013,83.42024334095078,83.42712514923323,-0.006881808282457769
1.014,83.51393459377076,83.48000131026377,0.03393328350698255
1.015,83.59592690356381,83.53307247720737,0.0628544263564379
1.016,83.65472855906623,83.58638692032963,0.06834163873659804
1.017,83.68806691945174,83.63987910305843,0.048187816393308935
1.018,83.70383873995989,83.69339580174756,0.010442938212335662
1.019,83.71698815504836,83.74675729562321,-0.02976914057485658
1.02,83.74353605222116,83.79982862726578,-0.056292575044622595
1.021,83.79413293458384,83.8525744484922,-0.05844151390836316
1.022,83.8697375713819,83.90507388382768,-0.03533631244577862
1.023,83.96118722711458,83.95748870386387,0.003698523250704966
1.024,84.05286444587664,84.00999763853592,0.04286680734071524
1.025,84.12900647954658,84.06272324442013,0.0662832351264484
1.026,84.18010667245834,84.11568298106343,0.06442369139490722
1.027,84.2068112907397,84.16878223509919,0.03802905564050718
1.028,84.21970010124382,84.22185278108019,-0.0021526798363709077
1.029,84.23500752121704,84.27472106655047,-0.03971354533342719
1.03,84.26800368335257,84.32727846263265,-0.05927477928007363
1.031,84.3267234900186,84.37952672033401,-0.052803230315419114
1.032,84.40863262034593,84.43157759693679,-0.02294497659086403
1.033,84.50162529978343,84.48360697746313,0.01801832232030165
1.034,84.58897876994853,84.5357817829675,0.053196986981021155
1.035,84.65624402987349,84.58819092600032,0.06805310387316865
1.036,84.69723406000378,84.64080927104992,0.05642478895386205
1.037,84.71662521339358,84.69350801733705,0.023117196056531952
1.038,84.72806106117017,84.74610804768069,-0.018046986510526608
1.039,84.74851435184802,84.79845367233436,-0.049939320486345196
1.04,84.79122327398021,84.85047746303562,-0.0592541890554088
1.041,84.86014131498908,84.90222927391054,-0.04208795892145645
1.042,84.9482424751952,84.95385556360826,-0.005613088413056744
1.043,85.04042131291058,85.00553795954936,0.03488335336122361
1.044,85.11980791635791,85.05741618895688,0.06239172740103527
1.045,85.1748579822715,85.10952995355238,0.06532802871912224
1.046,85.20424161115444,85.161802528108,0.04243908304644606
1.047,85.21744863881635,85.21407304849005,0.003375590326299971
1.048,85.23081962831154,85.26616422842848,-0.03534460011694307
1.049,85.26065058324427,85.31795660763565,-0.057306024391380106
1.05,85.31626824298043,85.36944006209008,-0.05317181910965019
1.051,85.3960305293439,85.42071856335969,-0.024688034015781568
1.052,85.48798013993932,85.47196599387632,0.016014146063000112
1.053,85.5749099184074,85.52335139057202,0.051558527835382506
1.054,85.64170338004485,85.57496646687547,0.06673691316937891
1.055,85.68181933221396,85.62678710255123,0.05503222966272858
1.056,85.70013649011942,85.67868367391205,0.02145281620737194
1.057,85.71090320491572,85.7304766360506,-0.019573431134872976
1.058,85.73163977361537,85.78201304818614,-0.050373274570773674
1.059,85.77558835664567,85.83323259234207,-0.05764423569640087
1.06,85.84596484424118,85.88419447925175,-0.0382296350105662
1.061,85.93452323744678,85.93505197985017,-0.000528742403389515
1.062,86.02508786966429,85.98598578700401,0.03910208266027837
1.063,86.10055717119316,86.03712474512238,0.0634324260707757
1.064,86.15034641421573,86.08849051790189,0.06185589631384403
1.065,86.17503295438947,86.1399883567868,0.03504459760266343
1.066,86.18615049481298,86.1914483918703,-0.0052978970573178685
1.067,86.20118510450132,86.24269950696271,-0.041514402461388045
1.068,86.23593073936274,86.29364370075085,-0.057712961388105555
1.069,86.29753662059987,86.34430011364235,-0.04676349304247651
1.07,86.3813227023262,86.39479689266601,-0.013474190339806569
1.071,86.47279525334126,86.44531473842825,0.027480514913008847
1.072,86.55401410993433,86.49600634106697,0.05800776886735548
1.073,86.61151872494506,86.54692916367489,0.0645895612701679
1.074,86.64231361096824,86.5980205012248,0.04429310974344958
1.075,86.65524236557947,86.64912523362604,0.006117131953430999
1.076,86.66710167031803,86.70006454230747,-0.032962871989440146
1.077,86.69518922952835,86.7507146867084,-0.055525457180053195
1.078,86.7495777406463,86.80106295050157,-0.051485209855272274
1.079,86.8285769211303,86.85121384223038,-0.022636921100072982
1.08,86.91944279062793,86.90134238371841,0.01810040690951098
1.081,87.0040568696115,86.95161498643681,0.052441883174694226
1.082,87.06705399725107,87.0021145385648,0.06493945868626838
1.083,87.10275362457345,87.05280381966017,0.04994980491328249
1.084,87.11776333974379,87.10354225032592,0.014221089417873145
1.085,87.1280419154029,87.1541492300313,-0.026107314628390554
1.086,87.1517123614402,87.20448500473553,-0.05277264329532727
1.087,87.20084608896518,87.25451441663371,-0.053668327668532356
1.088,87.27594878331973,87.30432357882448,-0.028374795504745975
1.089,87.3656829902279,87.35408081571182,0.011602174516070818
1.09,87.45199349348802,87.40395949575033,0.048033997737690015
1.091,87.51833175610444,87.4540584812029,0.064273274901538
1.092,87.5572335252733,87.50435770979232,0.05287581548098785
1.093,87.57377790479677,87.5547274149182,0.019050489878566168
1.094,87.58330551444239,87.60498754231033,-0.02168202786793927
1.095,87.60440449854026,87.65498971912739,-0.05058522058712356
1.096,87.65035532086206,87.70468574125863,-0.05433042039656755
1.097,87.72297439533622,87.75415062276569,-0.03117622742946935
1.098,87.81172752935659,87.8035480692493,0.008179460107285763
1.099,87.8985627692004,87.85305433550933,0.04550843369106872
1.1,87.96626112661274,87.9027759252349,0.06348520137782998
1.101,88.00644228093702,87.95270096139143,0.053741319545594024
1.102,88.02350276239024,88.00270476515482,0.02079799723541953
1.103,88.03261630239703,88.05260785102892,-0.019991548631892897
1.104,88.05268854320474,88.10225895701215,-0.049570413807416
1.105,88.09752091538704,88.1516058674321,-0.054084952045059254
1.106,88.16931468776824,88.20072072608976,-0.03140603832152067
1.107,88.25759030178509,88.24976632198776,0.007823979797322522
1.108,88.34406999550067,88.29891919466407,0.04515080083660905
1.109,88.4112650728763,88.34828592634834,0.06297914652796521
1.11,88.4507338428191,88.39785368316963,0.0528801596494759
1.111,88.467110169534,88.4474963462807,0.019613823253294527
1.112,88.47596014652056,88.49703408971581,-0.02107394319524758
1.113,88.49644047779105,88.54631785837199,-0.049877380580937825
1.114,88.5422044275522,88.5953002959166,-0.053095868364394505
1.115,88.61487451659512,88.64405911552869,-0.029184598933568395
1.116,88.70322069136084,88.69276018753587,0.010460503824972989
1.117,88.78847812715061,88.74157791564242,0.046900211508187795
1.118,88.85330198344879,88.79061137735386,0.06269060609493238
1.119,88.89008674475454,88.83983765354776,0.050249091206779894
1.12,88.90465737314359,88.88912286938776,0.015534503755830542
1.121,88.91352004423402,88.9382863915216,-0.024766347287581425
1.122,88.93595225789132,88.98718696447742,-0.05123470658610074
1.123,88.98470587447,89.03579118027274,-0.05108530580274362
1.124,89.05981219505436,89.08419034996926,-0.02437815491489914
1.125,89.14851680860004,89.13255642360579,0.015960384994244237
1.126,89.23142078876482,89.18105806755376,0.05036272121105867
1.127,89.29188445208909,89.22977852851523,0.06210592357386702
1.128,89.32413631731339,89.27867589409273,0.04546042322066057
1.129,89.33613012221646,89.32760349610086,0.008526626115596514
1.13,89.34571366813687,89.37638127315952,-0.030667605022657085
1.131,89.37193743140564,89.42488293015954,-0.052945498753899756
1.132,89.42571924933593,89.4730984263847,-0.04737917704876793
1.133,89.50445033195638,89.52113947324122,-0.01668914128484289
1.134,89.59322581939476,89.56918469490702,0.024041124487737875
1.135,89.67214266213296,89.61739097628956,0.0547516858433994
1.136,89.72610072085457,89.66581627284775,0.06028444800682564
1.137,89.75228243944404,89.71439158226316,0.037890857180883586
1.138,89.76159542925053,89.76295501250651,-0.0013595832559758492
1.139,89.77331759840285,89.81133162100966,-0.0380140226068022
1.14,89.8055561592646,89.85941950880327,-0.05386334953867333
1.141,89.86622991307028,89.90724139523442,-0.04101148216413719
1.142,89.94908208682342,89.95493366457495,-0.005851577751528225
1.143,90.0367499510099,90.00267826268536,0.03407168832453067
1.144,90.10940800474826,90.05061097506164,0.05879702968661604
1.145,90.15468658201469,90.09875406502776,0.05593251698692825
1.146,90.17390516855036,90.14700544294378,0.026899725606583047
1.147,90.18146202572446,90.19518982810625,-0.013727802381794163
1.148,90.19763892496752,90.24314626160634,-0.04550733663882056
1.149,90.23839832298387,90.29080894286749,-0.052410619883616505
1.15,90.30730146024902,90.3382413766891,-0.030939916440075876
1.151,90.39365897995587,90.38560446543958,0.008054514516288691
1.152,90.47789476162185,90.43307468647542,0.044820075146432714
1.153,90.54145029883315,90.4807540433813,0.06069625545185886
1.154,90.57622015214933,90.52861907456267,0.047601077586662655
1.155,90.58871880415207,90.57653285125683,0.012185952895237051
1.156,90.59681404740635,90.62431457569093,-0.02750052828457683
1.157,90.62064493243183,90.67183100653955,-0.05118607410771858
1.158,90.67232274427724,90.71906506855227,-0.04674232427503
1.159,90.74969031829325,90.76612525586229,-0.016434937569044905
1.16,90.83737563860402,90.81319003259338,0.02418560601063291
1.161,90.91465009162127,90.86041540159323,0.05423469002803927
1.162,90.96608473555469,90.9078547794085,0.05822995614619231
1.163,90.98952811464201,90.95543204785947,0.034096066782538514
1.164,90.99726824317173,91.00298079001416,-0.0057125468424317205
1.165,91.00972832439847,91.05032989143855,-0.040601567040084774
1.166,91.04491128310957,91.09739158280478,-0.052480299695204735
1.167,91.10903812389209,91.14420794536736,-0.035169821475264484
1.168,91.19326704927448,91.19092932739274,0.0023377218817444145
1.169,91.27824457424177,91.23773585859271,0.040508715649053784
1.17,91.34416839107605,91.2847428113326,0.05942557974344709
1.171,91.38113267591893,91.33194118976562,0.04919148615331892
1.172,91.39435028041193,91.37920258409659,0.015147696315338521
1.173,91.40147627271345,91.42634629151468,-0.024870018801223637
1.174,91.42338505170517,91.47323330013812,-0.049848248432951436
1.175,91.47319988396468,91.5198397034545,-0.046639819489811885
1.176,91.54934661375546,91.56627001383616,-0.01692340008069948
1.177,91.63632976777265,91.61270212075732,0.023627647015331377
1.178,91.7128749355994,91.65929260924584,0.0535823263535633
1.179,91.76317070817169,91.7060940551191,0.05707665305259013
1.18,91.78527130555334,91.7530277788758,0.03224352667753294
1.181,91.79218164666862,91.79992552898479,-0.007743882316162853
1.182,91.804995940586,91.8466184096354,-0.04162246904940048
1.183,91.84168947652047,91.8930262830248,-0.05133680650432382
1.184,91.90750974525685,91.93920147933662,-0.03169173407977155
1.185,91.99212359439228,91.98530110025547,0.006822494136812907
1.186,92.07509393305112,92.03150264166305,0.0435912913880685
1.187,92.13680485377763,92.07790830420409,0.05889654957354651
1.188,92.16899768753423,92.12449094778842,0.044506739745813206
1.189,92.1792553551005,92.17110876402145,0.008146591079039922
1.19,92.18697538221629,92.21758139754066,-0.030606015324366354
1.191,92.21294791392249,92.26378634115981,-0.05083842723732346
1.192,92.26812015938235,92.30972575130156,-0.04160559191920754
1.193,92.34763140638856,92.35552584187512,-0.007894435486562656
1.194,92.43339144482552,92.40136845834812,0.03202298647740065
1.195,92.50386097144546,92.44739158152336,0.05646938992209982
1.196,92.54575409454245,92.49361484717066,0.05213924737178388
1.197,92.56130565006168,92.53992923413855,0.02137641592312889
1.198,92.56710854694343,92.58615639405427,-0.01904784711084062
1.199,92.58509983646522,92.63214529404256,-0.047045457577340244
1.2,92.63057101050751,92.67785487329786,-0.04728386279035135
1.201,92.70375645487003,92.72337738105496,-0.019620926184927612
1.202,92.78964987984568,92.76888787780972,0.020762002035965565
1.203,92.86620572022558,92.81454735981339,0.05165836041219052
1.204,92.91645828952784,92.86041414122771,0.05604414830013127
1.205,92.93789828698995,92.9064123655579,0.031485921432050645
1.206,92.94391185328003,92.95237383832705,-0.008461985047020448
1.207,92.95643104371385,92.99813052177383,-0.0416994780599822
1.208,92.99380872878463,93.04360711601669,-0.04979838723205887
1.209,93.06061218248433,93.088863812169,-0.028251629684660884
1.21,93.1450329799364,93.13406308471583,0.010969895220569015
1.211,93.2254067389975,93.17937884387915,0.04602789511835681
1.212,93.28226435611147,93.22489906452822,0.05736529158325254
1.213,93.30921379435459,93.27057747834193,0.03863631601265638
1.214,93.31656351209611,93.31625946832028,0.0003040437758272674
1.215,93.32560647482144,93.36176830743052,-0.03616183260908201
1.216,93.35671087509358,93.40700350942258,-0.05029263432899711
1.217,93.41786307296341,93.4519981547921,-0.03413508182867986
1.218,93.50012539542841,93.49690066884558,0.0032247265828289073
1.219,93.58261701404655,93.54189094869766,0.04072606534889189
1.22,93.64426750452787,93.58707814625906,0.05718935826881477
1.221,93.67573172426567,93.63243976620632,0.04329195805935626
1.222,93.68472528723885,93.6778345337858,0.0068907534530495695
1.223,93.69170819683048,93.72308225227077,-0.03137405544029548
1.224,93.71830645193674,93.76806526429546,-0.04975881235871782
1.225,93.77500483797706,93.81279606309582,-0.037791225118752436
1.226,93.8551288250103,93.8574107044876,-0.0022818794773087347
1.227,93.93859515765682,93.90209105995925,0.03650409769757346
1.228,94.00335113500289,93.94696012940273,0.05639100560016175
1.229,94.03799388521324,93.99201233915677,0.04598154605646698
1.23,94.0483470391224,94.03711698223074,0.011230056891662343
1.231,94.05417693354777,94.0820930515351,-0.02791611798733129
1.232,94.07787346059341,94.12681243146501,-0.04893897087160326
1.233,94.13155652773536,94.17127417921525,-0.03971765147989004
1.234,94.21004357794924,94.21560570246515,-0.005562124515918754
1.235,94.29378455110317,94.2599891178066,0.033795433296575084
1.236,94.36013112635855,94.30455509782522,0.05557602853333776
1.237,94.3964530647603,94.34930778469938,0.047145280060917116
1.238,94.40750511043545,94.39412270260298,0.01338240783246647
1.239,94.41272366575454,94.4388189106914,-0.026095244936854556
1.24,94.4349624021561,94.48326344631744,-0.048301044161334517
1.241,94.48717314656308,94.5274492398399,-0.04027609327681603
1.242,94.56480314432653,94.57149992339468,-0.006696779068150249
1.243,94.64839791892314,94.61559751193901,0.03280040698412279
1.244,94.71495134053811,94.65987503498371,0.05507630555439391
1.245,94.75139103158811,94.70433909101627,0.047051940571847695
1.246,94.7622939168065,94.74886632036214,0.013427596444358869
1.247,94.76725428157684,94.79327578869149,-0.026021507114649012
1.248,94.78938921101573,94.83743470523537,-0.048045494219636
1.249,94.84170199270153,94.88133718170442,-0.03963518900289387
1.25,94.91935647545368,94.92510839348466,-0.005751918030981074
1.251,95.00247946050439,94.96893045499155,0.0335490055128389
1.252,95.06789737335326,95.01293369960436,0.05496367374890099
1.253,95.10288568956555,95.05711991836107,0.04576577120448633
1.254,95.11277227948888,95.10136162057283,0.011410658916048533
1.255,95.11782651511011,95.14547773633522,-0.02765122122511343
1.256,95.14122163747105,95.18934069391253,-0.04811905644147885
1.257,95.1951970899658,95.23295310135924,-0.03775601139344076
1.258,95.27369475869797,95.27644682114531,-0.002752062447342496
1.259,95.35592729701108,95.32000389734065,0.03592339967042335
1.26,95.41880689354859,95.36374658739417,0.055060306154416594
1.261,95.45081202635083,95.40766461319237,0.04314741315846504
1.262,95.45896155211092,95.4516215955567,0.007339956554218929
1.263,95.464647630598,95.49543697442321,-0.030789343825219362
1.264,95.49077259126206,95.53899408664515,-0.048221495383089064
1.265,95.54790347746203,95.58231132635177,-0.034407848889742354
1.266,95.62782909163762,95.62553155513861,0.002297536499014541
1.267,95.70847682222028,95.66883530867486,0.039641513545419116
1.268,95.76727431470147,95.71233052931618,0.054943785385290766
1.269,95.7948744504945,95.7559877247464,0.03888672574809959
1.27,95.80089344428482,95.79965807417197,0.0012353701128517969
1.271,95.80811013913441,95.84316382414077,-0.035053685006360524
1.272,95.83859678264444,95.88640602362685,-0.04780924098240291
1.273,95.90020822122584,95.92942588183726,-0.029217660611422502
1.274,95.9817192109571,95.9723799361965,0.00933927476059182
1.275,96.05965021995051,96.01544367396698,0.04420654598352769
1.276,96.11265799925145,96.0587032740493,0.0539547252021606
1.277,96.1346758795664,96.10210340250904,0.03257247705735722
1.278,96.13870444818862,96.14548134090502,-0.006776892716402472
1.279,96.14885261786485,96.18866686901458,-0.03981425114973547
1.28,96.18547322312016,96.23158686858108,-0.04611364546092034
1.281,96.2525462632985,96.27431151757757,-0.021765254279074497
1.282,96.33515552579608,96.31701105437135,0.01814447142473341
1.283,96.40868946053503,96.35984954733556,0.04883991319947256
1.284,96.45411335878332,96.40288283213447,0.05123052664885108
1.285,96.46983881277733,96.44602447058458,0.02381434219275036
1.286,96.47277278851715,96.48909956307646,-0.016326774559317414
1.287,96.48782304020366,96.53195320369723,-0.04413016349356269
1.288,96.53234634472373,96.57454719107177,-0.04220084634803811
1.289,96.60524800788491,96.61698483715334,-0.011736829268429005
1.29,96.68760712216796,96.65944627101543,0.02816085115253486
1.291,96.75450637730509,96.70207458562528,0.05243179167980827
1.292,96.79068680629605,96.74488624170938,0.04580056458667059
1.293,96.80019126273744,96.78776117721931,0.012430085518133183
1.294,96.80387867889887,96.83051833319736,-0.026639654298492133
1.295,96.82630321511992,96.87302912154156,-0.046725906421642094
1.296,96.88018774619051,96.91529919535583,-0.0351114491653135
1.297,96.95831995723289,96.95746552977198,0.0008544274609079139
1.298,97.03806416564711,96.9997093792028,0.03835478644431589
1.299,97.09569887749296,97.04214044134179,0.05355843615117806
1.3,97.12150742694948,97.08472783695716,0.036779589992320894
1.301,97.12601631279703,97.12731995610837,-0.0013036433113313706
1.302,97.13334476881698,97.16974078586152,-0.0363960170445381
1.303,97.16583557465941,97.21190160975927,-0.046066035099855185
1.304,97.22974392834472,97.25385866253339,-0.024114734188671605
1.305,97.31117380435423,97.2957774454333,0.015396358920924058
1.306,97.38493435940696,97.33782602340233,0.047108336004626494
1.307,97.43069870419524,97.38006681861214,0.050631885583101166
1.308,97.44610296025155,97.42241719601634,0.023685764235210627
1.309,97.44832930060598,97.46470266690919,-0.016373366303213288
1.31,97.46307923379798,97.50676876695942,-0.04368953316144086
1.311,97.5079844011837,97.54858075164164,-0.04059635045793186
1.312,97.5811606012355,97.59024697177595,-0.009086370540458688
1.313,97.66236601913786,97.63194869999404,0.030417319143822397
1.314,97.72608825951184,97.67382171374203,0.052266545769811046
1.315,97.75811511332071,97.71586853312293,0.0422465801977836
1.316,97.76482430774627,97.7579571860339,0.006867121712360813
1.317,97.76909251749002,97.79990697119521,-0.030814453705190203
1.318,97.79541294414418,97.84160553001473,-0.04619258587055697
1.319,97.85388042654735,97.88308295895911,-0.029202532411758853
1.32,97.93353175564594,97.92449263775484,0.00903911789110623
1.321,98.00946921289903,97.96601033410504,0.04345887879399868
1.322,98.05916889046335,98.00771835574561,0.051450534717744745
1.323,98.07729891229187,98.04955224890561,0.02774666338625309
1.324,98.07928612918616,98.09134326356832,-0.012057134382160939
1.325,98.09121113826772,98.13292896662175,-0.04171782835402382
1.326,98.13261835588368,98.17426013179504,-0.041641775911358536
1.327,98.20356480463764,98.2154342173965,-0.011869412758869657
1.328,98.28451954272057,98.25663096514046,0.027888577580114315
1.329,98.34925779974117,98.29799249407455,0.05126530566661813
1.33,98.3822569933133,98.33952932271033,0.04272767060297156
1.331,98.38905345277075,98.38111385183811,0.007939600932644453
1.332,98.39262324237633,98.42256507815327,-0.02994183577693832
1.333,98.41811649294624,98.46376838566658,-0.04565189272034331
1.334,98.47606317793338,98.5047526939901,-0.028689516056715547
1.335,98.55528122706566,98.54567167678988,0.009609550275783363
1.336,98.63029875341661,98.58670051150874,0.04359824190787265
1.337,98.67839561608784,98.62791798916294,0.0504776269249021
1.338,98.69486970698188,98.66925441908613,0.02561528789574652
1.339,98.69625689809722,98.710538503748,-0.014281605650779738
1.34,98.70926341728122,98.75161198312502,-0.04234856584379543
1.341,98.75278576960054,98.79243610055288,-0.03965033095234105
1.342,98.8251192001946,98.83311868081914,-0.007999480624533817
1.343,98.9050452715508,98.87384128587959,0.031203985671211854
1.344,98.96614505476327,98.91473553066663,0.051409524096641235
1.345,98.99469951732542,98.95579437877788,0.03890513854753408
1.346,98.99904598770435,98.99687729575061,0.002168691953741586
1.347,99.00397870834172,99.03780546048336,-0.03382675214163555
1.348,99.03391697728759,99.07848268148982,-0.04456570420222761
1.349,99.09624626700844,99.11896178342683,-0.022715516418386983
1.35,99.17621908756838,99.15940895586328,0.016810131705099707
1.351,99.24697372335501,99.1999896040272,0.0469841193278171
1.352,99.28789335739191,99.24075497461274,0.04713838277916693
1.353,99.2987618647393,99.2816077533257,0.017154111413603346
1.354,99.29997660132126,99.32236877319863,-0.02239217187737097
1.355,99.31858928091309,99.36289933383448,-0.04431005292138934
1.356,99.36969693045769,99.40319688677249,-0.03349995631479885
1.357,99.44599102993216,99.4433975574283,0.002593472503860994
1.358,99.52273500972429,99.48368200800292,0.039053001721370606
1.359,99.57481779766387,99.52414990683849,0.05066789082538037
1.36,99.59413716722308,99.5647517299661,0.029385437256976843
1.361,99.59527019264027,99.60532321745853,-0.010053024818262202
1.362,99.60542496257376,99.64569878841708,-0.040273825843314626
1.363,99.64556421933956,99.68582618208312,-0.04026196274355698
1.364,99.71578748080468,99.72580377011313,-0.010016289308452997
1.365,99.79519645749295,99.76581212522301,0.029384332269941638
1.366,99.85642308202885,99.80598725324934,0.050435828779512804
1.367,99.88474037245005,99.84632600656875,0.038414365881308754
1.368,99.88840940385882,99.8866887116788,0.0017206921800152486
1.369,99.89296078770138,99.92689670367368,-0.033935915972293174
1.37,99.92333018583939,99.96685687100579,-0.04352668516639824
1.371,99.98632590366603,100.00662789690077,-0.020301993234738802
1.372,100.06577961479522,100.04637936366669,0.0194002511285305
1.373,100.13387364394504,100.08627168059247,0.04760196335256239
1.374,100.17073820854492,100.12634289846113,0.044395310083785944
1.375,100.17851562698165,100.16648250869012,0.012033118291526534
1.376,100.17991251733511,100.20650945890436,-0.026596941569252408
1.377,100.20217577401962,100.24629951759407,-0.044123743574445484
1.378,100.25777032372619,100.28587384558999,-0.028103521863798164
1.379,100.33547449423155,100.32538461204024,0.01008988219130913
1.38,100.40829346257699,100.36500640165845,0.043287060918544285
1.381,100.45264593783325,100.40481145899238,0.04783447884086911
1.382,100.46519510767673,100.44471896533727,0.02047614233946149
1.383,100.46529431112951,100.48455274412244,-0.01925843299292751
1.384,100.48121489952317,100.52416645145591,-0.04295155193274525
1.385,100.52992219766078,100.56354839637274,-0.033626198711957045
1.386,100.60486896817741,100.60283075437553,0.0020382138018817386
1.387,100.68062719869674,100.64219452086323,0.03843267783351223
1.388,100.73112139502824,100.68173873177184,0.049382663256395176
1.389,100.748402314817,100.72140993971026,0.026992375106743793
1.39,100.74843382307562,100.7610408807394,-0.012607057663785781
1.391,100.75964060558145,100.80047055954897,-0.040829953967516985
1.392,100.80239444233328,100.83966029702401,-0.03726585469073029
1.393,100.87423660037517,100.87872264779011,-0.004486047414943073
1.394,100.95159152900492,100.91783985127495,0.0337516777299669
1.395,101.00682099229041,100.95713083896686,0.04969015332355298
1.396,101.02830034333826,100.99656544981455,0.031734893523704955
1.397,101.02892713100984,101.03598666047331,-0.007059529463475656
1.398,101.03679648371308,101.0752244704643,-0.03842798675123049
1.399,101.07474462800946,101.11421936395142,-0.03947473594196538
1.4,101.14364068916731,101.15306672374523,-0.009426034577913356
1.401,101.2216845246604,101.19194721270748,0.02973731195292828
1.402,101.28031511902253,101.2309937001245,0.049321418898031766
1.403,101.30514454847858,101.27019428138897,0.03495026708961291
1.404,101.30656882092107,101.30940143146452,-0.002832610543450187
1.405,101.31219624687289,101.34844006508365,-0.036243818210763834
1.406,101.34656470610275,101.3872357540493,-0.04067104794654597
1.407,101.41303009329546,101.42587050507251,-0.012840411777048644
1.408,101.49122380763623,101.46452246717926,0.026701340456966705
1.409,101.55204820376596,101.50333351536688,0.048714688399087436
1.41,101.57919683270582,101.5423045617068,0.036892270999018706
1.411,101.58128140331301,101.5812953766375,-1.3973324485050398e-5
1.412,101.58551355490653,101.62012830453112,-0.034614749624594765
1.413,101.6175330730125,101.65871950631883,-0.04118643330633631
1.414,101.682313318467,101.69714220395615,-0.014828885489151844
1.415,101.76039171381252,101.73557244112108,0.02481927269144535
1.416,101.82232653573084,101.7741570458952,0.04816948983564373
1.417,101.85066963584109,101.81290418485459,0.037765450986498195
1.418,101.85305654739139,101.85167780119238,0.0013787461990091288
1.419,101.85656068199647,101.8902991933786,-0.03373851138212558
1.42,101.88744131637297,101.92868023297773,-0.04123891660475465
1.421,101.95141053396554,101.96689036885755,-0.015479834892005329
1.422,102.02927454900622,102.00510475684756,0.02416979215865922
1.423,102.09132045121615,102.04347169669975,0.047848754516394365
1.424,102.11969394994483,102.08200103925931,0.0376929106855215
1.425,102.12191522626158,102.1205573132371,0.0013579130244778526
1.426,102.12526829875773,102.15896179918836,-0.0336935004306298
1.427,102.1562043185531,102.19712698378304,-0.04092266522994237
1.428,102.22028253099528,102.23512370804217,-0.014841177046889698
1.429,102.29788801698803,102.27312775542774,0.024760261560288654
1.43,102.35906979173167,102.31128559886648,0.047784192865194086
1.431,102.38630521556108,102.34960320618374,0.03670200937733625
1.432,102.38788718093275,102.3879420415216,-5.486058884685008e-5
1.433,102.39167318054601,102.42612437867938,-0.034451198133368166
1.434,102.42386129741293,102.46406826427355,-0.04020696686062308
1.435,102.48894007338893,102.50185104110689,-0.012910967717957078
1.436,102.56618600338024,102.53965042826604,0.026535575114195353
1.437,102.6254881175779,102.5776075458939,0.04788057168400428
1.438,102.65044417524425,102.61571890548238,0.0347252697618643
1.439,102.65101128192258,102.65383958879124,-0.002828306868664754
1.44,102.65591748388132,102.69179437069937,-0.035876886818044795
1.441,102.69057114914571,102.72951205688672,-0.03894090774100789
1.442,102.75743426044792,102.76708131717372,-0.009647056725796688
1.443,102.83405246146921,102.80468239422457,0.029370067244641973
1.444,102.8903638984458,102.84244692148316,0.047916976962639524
1.445,102.9119709178845,102.8803564157779,0.031614502106606324
1.446,102.91135450333725,102.91825702535613,-0.0069025220188763114
1.447,102.91825764830095,102.95597850066568,-0.03772085236472833
1.448,102.95660054554074,102.99346601810717,-0.0368654725664328
1.449,103.02582944158623,103.03082379630361,-0.004994354717382521
1.45,103.10127801382612,103.06823394242298,0.033044071403139696
1.451,103.15336221709954,103.10581356300166,0.04754865409788067
1.452,103.17069446710751,103.14352385190517,0.02717061520233699
1.453,103.16904931235554,103.18120074821378,-0.012151435858243076
1.454,103.17907908462527,103.21868285294237,-0.03960376831709311
1.455,103.22230035866087,103.25593772203514,-0.03363736337426815
1.456,103.29415582291858,103.29308827419933,0.0010675487192486344
1.457,103.36752605986028,103.33031603655827,0.037210023302009176
1.458,103.41403378611136,103.36771750977695,0.04631627633440871
1.459,103.42642210186561,103.40522882791903,0.02119327394657944
1.46,103.42434590342373,103.442676316239,-0.018330412815274144
1.461,103.4389078883173,103.47991301955327,-0.04100513123596272
1.462,103.48806319268803,103.51693501081631,-0.028871818128280324
1.463,103.56234363741599,103.55388534216885,0.008458295247137926
1.464,103.63229709954464,103.59094023750974,0.04135686203490252
1.465,103.67184255997462,103.62816860859759,0.04367395137703056
1.466,103.67903235243537,103.66547802692162,0.013554325513752019
1.467,103.6776727098966,103.70268830890114,-0.025015599004547084
1.468,103.69840662164918,103.73967435297348,-0.04126773132429662
1.469,103.75425302905467,103.77646641257321,-0.022213383518547403
1.47,103.83014166765521,103.81322656947262,0.016915098182593624
1.471,103.89490482921917,103.85011845660148,0.04478637261769336
1.472,103.92622454507158,103.88717597089392,0.03904857417765584
1.473,103.92857248088305,103.92427678199556,0.004295698887489152
1.474,103.92969175127953,103.96124039557388,-0.03154864429434667
1.475,103.95833643089264,103.99797252556374,-0.039636094671095634
1.476,104.02109957119765,104.03454178555916,-0.013442214361504057
1.477,104.09703002846426,104.07112474094349,0.02590528752077148
1.478,104.15448405943883,104.10786261204846,0.04662144739036478
1.479,104.17669063818332,104.14474738543248,0.03194325275083543
1.48,104.1753736433928,104.18162880901224,-0.006255165619435843
1.481,104.18132664702385,104.21833570134179,-0.03700905431793444
1.482,104.21946687822803,104.25481430061238,-0.03534742238434774
1.483,104.2885596557692,104.2911728781328,-0.0026132223635926266
1.484,104.36215032264806,104.32759371174136,0.03455661090670503
1.485,104.41005600047849,104.36418386792478,0.04587213255371125
1.486,104.42298023642836,104.40088855385429,0.02209168257407157
1.487,104.42016490412534,104.43753607875036,-0.01737117462501203
1.488,104.43373354021888,104.47397749278912,-0.040243952570236274
1.489,104.48241840898008,104.51020846935164,-0.027790060371557956
1.49,104.55616004017108,104.54637370200682,0.00978633816426111
1.491,104.62428771143892,104.58264783766653,0.04163987377239664
1.492,104.66067622872393,104.61909154678285,0.041584681941074564
1.493,104.66525729891487,104.65560239361095,0.009654905303918326
1.494,104.66414812142476,104.69199912494747,-0.02785100352271286
1.495,104.68817900975141,104.72817028310892,-0.039991273357514956
1.496,104.74743594218855,104.76416678937738,-0.016730847188838993
1.497,104.82285954744638,104.8001603828595,0.022699164586882148
1.498,104.8819506523063,104.83630080395235,0.045649848353946254
1.499,104.9056789905085,104.87259183198076,0.03308715852774924
1.5,104.9043155257816,104.90888873922869,-0.004573213447088165
1.501,104.90897793944838,104.94501810314524,-0.03604016369686747
1.502,104.94579492603816,104.98092143085218,-0.03512650481401636
1.503,105.01411882536877,105.01670478867176,-0.00258596330299099
1.504,105.08699224166315,105.05255044238903,0.034441799274119944
1.505,105.13359500155977,105.0885639529808,0.045031048578962896
1.506,105.14500434513579,105.12468661216958,0.020317732966205426
1.507,105.1417247372586,105.16074478335317,-0.019020046094567533
1.508,105.15658246618446,105.1965946301208,-0.04001216393633911
1.509,105.20720770464028,105.23224282840195,-0.025035123761668387
1.51,105.28117468606708,105.26784177188813,0.013332914178945998
1.511,105.34637627955739,105.303560988082,0.042815291475392314
1.512,105.37801819383496,105.33944410353816,0.03857409029680525
1.513,105.37954739146767,105.37537281986597,0.004174571601694765
1.514,105.37981885766652,105.41116656614399,-0.03134770847746893
1.515,105.40877248987633,105.44673426675674,-0.03796177688040814
1.516,105.47208983121715,105.48215214416004,-0.010062312942892504
1.517,105.54631206252776,105.51759949878046,0.028712563747305353
1.518,105.59866967225541,105.5532058901121,0.04546378214331526
1.519,105.61489502684513,105.58894154618432,0.025953480660817263
1.52,105.61140623673184,105.62464308726297,-0.013236850531129107
1.521,105.62141109006637,105.66015196087027,-0.03874087080389188
1.522,105.6666392931815,105.69544930432855,-0.02881001114704418
1.523,105.73875859415888,105.73067294489532,0.008085649263563255
1.524,105.80641642647721,105.76599940119338,0.040417025283829844
1.525,105.84200890707689,105.80149241264138,0.040516494435507866
1.526,105.84533714596158,105.83704913748046,0.008288008481116549
1.527,105.84385172151941,105.87248824882924,-0.028636527309828352
1.528,105.86915583755928,105.90770473173079,-0.038548894171512416
1.529,105.92984067647257,105.9427607404994,-0.012920064026829436
1.53,106.00402650019667,105.97783258759738,0.02619391259929671
1.531,106.05814187947824,106.01305813154373,0.04508374793451253
1.532,106.0758610870313,106.04841817628369,0.027442910747609517
1.533,106.07225264783797,106.08375353626978,-0.011500888431811518
1.534,106.08083160104012,106.11890207670135,-0.0380704756612289
1.535,106.12458529268721,106.15383871803007,-0.029253425342858463
1.536,106.19601079929875,106.188698089313,0.007312709985754395
1.537,106.26354784600538,106.22365749335253,0.03989035265284713
1.538,106.29894691026038,106.25878236440487,0.040164545855517986
1.539,106.30185621761154,106.29397013607472,0.007886081536824463
1.54,106.30020255188622,106.32903948271729,-0.0288369308310763
1.541,106.32591133902007,106.36388755275075,-0.037976213730686936
1.542,106.38703557466144,106.39858036092801,-0.011544786266568963
1.543,106.46065049418192,106.43329554626723,0.027354947914687955
1.544,106.51284140855843,106.46816621480355,0.044675193754883935
1.545,106.52839526797338,106.50316470703635,0.025230560937032465
1.546,106.52419615199517,106.53812730249497,-0.013931150499800538
1.547,106.53448091808973,106.57289732731721,-0.03841640922748013
1.548,106.58077495914338,106.60746265985021,-0.026687700706830242
1.549,106.65290198984592,106.64196729006974,0.010934699776171897
1.55,106.71787287688005,106.67658411314264,0.04128876373741264
1.551,106.74894404008363,106.71136201186813,0.037582028215496166
1.552,106.74926209373423,106.74618345286935,0.003078640864885074
1.553,106.7491597791791,106.78086823024691,-0.03170845106781428
1.554,106.77936358844994,106.8153322038849,-0.03596861543496743
1.555,106.84374492327522,106.84966264843084,-0.005917725155612175
1.556,106.91581175007325,106.88404107487003,0.03177067520321941
1.557,106.96217995170147,106.91858121611897,0.043598735582506265
1.558,106.9722613604251,106.95322842977812,0.01903293064697209
1.559,106.967755475854,106.98780863955385,-0.020053163699842003
1.56,106.98338135493157,107.02218276215677,-0.03880140722520764
1.561,107.03590612229164,107.0563709639814,-0.020464841689758373
1.562,107.10910445813529,107.090535406636,0.01856905149929844
1.563,107.16819876630888,107.12483460425881,0.04336416205006799
1.564,107.19097750385207,107.15928137365512,0.0316961301969485
1.565,107.18775348932694,107.19373201225146,-0.005978522924522167
1.566,107.19218648286711,107.22801489152084,-0.03582840865372816
1.567,107.2310758039467,107.26208416331103,-0.031008359364335547
1.568,107.30021053796766,107.29606193801003,0.00414859995763095
1.569,107.36808533886744,107.33012818716259,0.037957151704858916
1.57,107.40426437361414,107.36435779597882,0.03990657763532113
1.571,107.40687945178007,107.3986536999811,0.008225751798974557
1.572,107.40439355100017,107.4328346234889,-0.02844107248873229
1.573,107.42990694781166,107.46679831823724,-0.036891370425578884
1.574,107.49115665789671,107.50061482667296,-0.009458168776248499
1.575,107.56342702111249,107.5344633640951,0.028963657017385458
1.576,107.61192949577669,107.5684687845204,0.043460711256287254
1.577,107.62342526907676,107.60258848630681,0.020836782769947604
1.578,107.61833757460955,107.63665157455067,-0.018313999941113934
1.579,107.63221714565003,107.67051388913954,-0.03829674348951073
1.58,107.68332512834702,107.70418956837261,-0.020864440025590625
1.581,107.75589519132642,107.73783893379412,0.018056257532293785
1.582,107.81447581285218,107.7716213215999,0.04285449125228524
1.583,107.83635774661883,107.80554909616696,0.030808650451874087
1.584,107.83243184572322,107.83947699332246,-0.007045147599242796
1.585,107.83727643007454,107.87323499777274,-0.03595856769820216
1.586,107.87743303869078,107.9067840331494,-0.02935099445862477
1.587,107.94695572620411,107.94025283054013,0.006702895663977415
1.588,108.0128075744011,107.9738192183737,0.038988356027388704
1.589,108.04526870111746,108.0075456287082,0.03772307240926409
1.59,108.0453875915905,108.04132224149933,0.0040653500911673746
1.591,108.04409026181742,108.07496835748812,-0.0308780956707011
1.592,108.07363399935065,108.10839876720566,-0.03476476785500893
1.593,108.13771623168877,108.14170341644461,-0.003987184755843032
1.594,108.20797114995942,108.17506425772221,0.03290689223720733
1.595,108.25023753441297,108.20858559197406,0.0416519424389179
1.596,108.25630616322897,108.24219774816528,0.01410841506368854
1.597,108.25162635362533,108.27572211149632,-0.02409575787099527
1.598,108.27167664584026,108.30903668130107,-0.03736003546080724
1.599,108.32888632173781,108.34219020011653,-0.013303878378721379
1.6,108.40096546267857,108.37535724995053,0.025608212728045032
1.601,108.45166461743192,108.40867436354371,0.0429902538882061
1.602,108.4646758340648,108.44211254243123,0.022563291633574067
1.603,108.45896550033986,108.47550490583515,-0.01653940549529409
1.604,108.471069002125,108.5087025154387,-0.037633513313693356
1.605,108.52081409367587,108.54171414234818,-0.020900048672316984
1.606,108.59262882408004,108.57469885092151,0.017929973158530288
1.607,108.6501165659573,108.60781578683047,0.04230077912683328
1.608,108.67031122497647,108.64107414755527,0.029237077421200297
1.609,108.66538001912232,108.67432518320813,-0.008945164085801594
1.61,108.6712185746616,108.70740217276963,-0.03618359810803895
1.611,108.71356258527379,108.74027758723342,-0.026715001959630058
1.612,108.78359150398406,108.77309005786091,0.01050144612314341
1.613,108.84620465926949,108.80601275743821,0.04019190183127819
1.614,108.8732676464099,108.83908873600323,0.03417891040666632
1.615,108.87035524539051,108.8721908047095,-0.0018355593189909314
1.616,108.87153416640601,108.9051421863185,-0.03360801991249218
1.617,108.906998711068,108.93788407088772,-0.030885359819720293
1.618,108.974275359132,108.9705325201987,0.0037428389332916367
1.619,109.04050258116034,109.00326775159841,0.0372348295619247
1.62,109.07375378541919,109.03616142515254,0.037592360266643254
1.621,109.07357288713291,109.06910888755864,0.004463999574269906
1.622,109.07148904638919,109.10192927359266,-0.030440227203470727
1.623,109.10087512464182,109.13453799291541,-0.03366286827359488
1.624,109.1649227140539,109.16702859757584,-0.0021058835219349703
1.625,109.23350078478909,109.19958317705232,0.03391760773676822
1.626,109.2720570470894,109.23229658075014,0.03976046633925989
1.627,109.2748742002589,109.26508579251679,0.009788407742121308
1.628,109.27065147350407,109.29777003504661,-0.027118561542536668
1.629,109.29489701913943,109.33024430640735,-0.0353472872679248
1.63,109.3556381672423,109.3625813130987,-0.006943145856396882
1.631,109.42558886122626,109.39496161097803,0.030627250248230098
1.632,109.46848591860834,109.42749811525414,0.040987803354198604
1.633,109.47421581082656,109.46012722471426,0.014088586112308121
1.634,109.4686914591394,109.49267078242333,-0.023979323283938925
1.635,109.48876997225884,109.52500825051139,-0.03623827825255432
1.636,109.54643270970371,109.55719423619158,-0.010761526487868878
1.637,109.61705731321712,109.58940592395422,0.027651389262899784
1.638,109.66333103502878,109.62176972619561,0.04156130883316678
1.639,109.67162729569348,109.6542383740622,0.01738892163128014
1.64,109.66537282417413,109.68663746118104,-0.02126463700690806
1.641,109.68223107159767,109.71883514256751,-0.03660407096984386
1.642,109.73726328587423,109.75087134339987,-0.013608057525630102
1.643,109.80810988612616,109.78291932281569,0.02519056331047409
1.644,109.85684118671925,109.81511506890202,0.0417261178172339
1.645,109.86717506090334,109.84742404911404,0.019751011789296058
1.646,109.8605379582829,109.87967562713334,-0.019137668850433442
1.647,109.8750666018129,109.91173022480469,-0.03666362299178161
1.648,109.92806510945456,109.9436168789753,-0.015551769520740777
1.649,109.99888021495005,109.97550534932378,0.023374865626266228
1.65,110.0492108412151,110.0075378843744,0.04167295684069927
1.651,110.06093431266368,110.03968881413448,0.021245498529196993
1.652,110.05409087904751,110.07179047796453,-0.017699598917019443
1.653,110.06712037112219,110.10369858036306,-0.036578209240872184
1.654,110.11877526766764,110.13543525104852,-0.016659983380876042
1.655,110.18944812789907,110.16716785643682,0.022280271462250312
1.656,110.24057497127917,110.19904207011997,0.04153290115920072
1.657,110.25296943947072,110.23103708015681,0.021932359313908023
1.658,110.24598246512991,110.26298687536824,-0.01700441023832866
1.659,110.25829658088396,110.2947450660726,-0.036448485188628865
1.66,110.30934865324997,110.32633093541847,-0.01698228216849884
1.661,110.37985249458866,110.35791096406525,0.021941530523406527
1.662,110.4310079660779,110.38963170914275,0.0413762569351519
1.663,110.44332183579259,110.42147316229065,0.021848673501935423
1.664,110.4361996940295,110.45326937314947,-0.01706967911997026
1.665,110.44855978859856,110.48487429132079,-0.036314502722234465
1.666,110.49976664704859,110.51630843529824,-0.016541788249654132
1.667,110.57009944179289,110.54773904376937,0.02236039802352252
1.668,110.62052417606893,110.57931109733629,0.04121307873263902
1.669,110.63200430647831,110.61100133006255,0.021002976415758212
1.67,110.6247603409941,110.64264225603667,-0.01788191504256531
1.671,110.63793397574068,110.67409062767845,-0.03615665193777318
1.672,110.69003961224352,110.70537227015846,-0.015332657914939318
1.673,110.76016475189422,110.73665670230346,0.023508049590759583
1.674,110.80907904324329,110.76808472911578,0.04099431412750221
1.675,110.81900171495569,110.79962579805,0.019375916905687518
1.676,110.8117133192124,110.83110953891348,-0.019396219701079076
1.677,110.82650142406962,110.86239821746696,-0.03589679339734175
1.678,110.8802033163751,110.89352698263198,-0.013323666256880529
1.679,110.94999072360692,110.92466877080913,0.025321952797781933
1.68,110.99657041250163,110.95595726565884,0.04061314684278727
1.681,111.0042772481678,110.98735069281206,0.01692655535573806
1.682,110.99714458958063,111.01867496338524,-0.02153037380460887
1.683,111.0144009602364,111.04980100864483,-0.035400048408433804
1.684,111.07030972191828,111.08077718024637,-0.010467458328093926
1.685,111.13947790400174,111.11178030698423,0.02769759701750729
1.686,111.18284101281647,111.14293348616327,0.03990752665319519
1.687,111.18778525569444,111.17417999754598,0.013605258148459143
1.688,111.18118748862841,111.20534199656962,-0.024154507941204884
1.689,111.20182427980468,111.2363028219809,-0.03447854217621682
1.69,111.26041083853715,111.26712761426569,-0.006716775728534685
1.691,111.3284728234017,111.29799660881635,0.03047621458534877
1.692,111.36768389177267,111.32901822562245,0.03866566615022293
1.693,111.36949006303004,111.36011748380865,0.009372579221391675
1.694,111.3640363267166,111.39111383657522,-0.027077509858614235
1.695,111.38900807232824,111.4219074350046,-0.03289936267636051
1.696,111.45053632217555,111.45258325431827,-0.0020469321427185605
1.697,111.51675412213032,111.48332318815203,0.033430933978294775
1.698,111.55085357547618,111.51421625047718,0.03663732499900618
1.699,111.54939291134802,111.54516659739049,0.004226313957531147
1.7,111.54595997816267,111.57599342098133,-0.030033442818663048
1.701,111.57621871024992,111.60661870392475,-0.030399993674834036
1.702,111.64066324920216,111.63714939346039,0.0035138557417724314
1.703,111.70401996926358,111.66776574776615,0.03625422149742974
1.704,111.73208617267568,111.69853214300274,0.033554029672941965
1.705,111.72756398379418,111.72933039747,-0.0017664136758099858
1.706,111.72731177512867,111.75998350767898,-0.03267173255031253
1.707,111.76372672921403,111.79044072400568,-0.026713994791649043
1.708,111.8306811763183,111.82083172038837,0.009849455929924034
1.709,111.88988235970379,111.85133007006824,0.0385522896355468
1.71,111.9111319901568,111.88197009200853,0.02916189814827419
1.711,111.90418079879584,111.91261143790265,-0.008430639106819626
1.712,111.90853015614667,111.94308676627159,-0.03455661012492328
1.713,111.95176642101349,111.97337801254245,-0.0216115915289663
1.714,112.02035378282999,112.00363637262984,0.016717410200143945
1.715,112.07387362972278,112.03402188022524,0.039851749497543665
1.716,112.08780250574368,112.06453372674174,0.023268779001938356
1.717,112.07956430282613,112.09501179098376,-0.015447488157633416
1.718,112.09012230335807,112.12530601398115,-0.03518371062307324
1.719,112.14048145721404,112.15543574175433,-0.014954284540294793
1.72,112.20928478322504,112.1855699354494,0.023714847775650583
1.721,112.25547381342308,112.21584661202104,0.03962720140204112
1.722,112.26203303490375,112.24622590771295,0.015807127190797132
1.723,112.25420821363087,112.27653310228762,-0.022324888656740427
1.724,112.27262417923396,112.30664448829558,-0.03402030906161713
1.725,112.32985621849686,112.33661992378252,-0.006763705285663946
1.726,112.39689744286653,112.36663931130921,0.030258131557317824
1.727,112.4341653640484,112.39680908776337,0.03735627628502414
1.728,112.43395510614165,112.4270485711346,0.00690653500704741
1.729,112.42878739459901,112.45717678777862,-0.028389393179608646
1.73,112.45652966131598,112.48710619316815,-0.030576531852162248
1.731,112.51964088516156,112.51693750749138,0.002703377670187024
1.732,112.58244177367598,112.54685141308727,0.035590360588713565
1.733,112.60952066872105,112.57691309956336,0.032607569157690364
1.734,112.60397028515821,112.60700263113723,-0.003032345979022466
1.735,112.60413157045068,112.63694436479155,-0.032812794340870255
1.736,112.64218713716906,112.66669628441713,-0.024509147248068075
1.737,112.70928446866391,112.69639635313783,0.012888115526081378
1.738,112.76504436548011,112.72621274003018,0.03883162544993013
1.739,112.78132045100695,112.75616106183534,0.02515938917160554
1.74,112.77280542862898,112.78608814653357,-0.013282717904587571
1.741,112.78114806812206,112.81583802834757,-0.03468996022550641
1.742,112.82966834276064,112.84542144980647,-0.015753107045824777
1.743,112.89789767985182,112.8750049769715,0.022892702880326965
1.744,112.94381541128399,112.90472876315289,0.03908664813110363
1.745,112.9496921745849,112.93455370799441,0.015138466590485677
1.746,112.94152381496845,112.96430468229816,-0.022780867329714738
1.747,112.9606829057251,112.99386131921551,-0.03317841349041828
1.748,113.01862908139428,113.02329010924693,-0.004661027852648658
1.749,113.08427481855388,113.05277202702744,0.0315027915264352
1.75,113.1180194516157,113.08240323993162,0.03561621168407214
1.751,113.11524248091071,113.11209006597532,0.00315241493538565
1.752,113.11146254969904,113.14165206256101,-0.03018951286196625
1.753,113.14332050907014,113.17101984661144,-0.027699337541307045
1.754,113.20819417955056,113.20031227955083,0.00788189999973099
1.755,113.26700522312919,113.22970537251324,0.03729985061595187
1.756,113.28730054675556,113.2592374928846,0.02806305387096586
1.757,113.27914223538214,113.28876771774692,-0.009625482364782556
1.758,113.28406695250679,113.3181313333764,-0.03406438086960861
1.759,113.32914243977596,113.34732182298661,-0.018179383210650712
1.76,113.39691689259148,113.37649894824985,0.0204179443416308
1.761,113.44469591511734,113.40581097689324,0.03888493822410055
1.762,113.45192789489975,113.43523003965196,0.016697855247798543
1.763,113.44310903248123,113.46458367980601,-0.021474647324779994
1.764,113.46061063158601,113.49374604013,-0.033135408543998324
1.765,113.51749275699329,113.52277829054236,-0.005285533549070465
1.766,113.58286810344516,113.55186096389325,0.031007139551917362
1.767,113.6163038108967,113.58109170835024,0.035212102546452684
1.768,113.61299872034296,113.61037673924346,0.002621981099494519
1.769,113.6092329381737,113.63953583726419,-0.030302899090486335
1.77,113.64182059458655,113.66850336940875,-0.0266827748222056
1.771,113.70682910417518,113.69740260987246,0.009426494302729793
1.772,113.76390518544638,113.72640737341855,0.037497812027822874
1.773,113.78153665289311,113.75554637969472,0.025990273198388536
1.774,113.77250900310085,113.78467171087419,-0.012162707773342163
1.775,113.77960927998957,113.81362480059134,-0.03401552060176982
1.776,113.82747429143753,113.84241476465073,-0.014940473213201244
1.777,113.8947569602859,113.8712089379322,0.02354802235370812
1.778,113.93813445009195,113.90014341282001,0.037991037271936534
1.779,113.94122840509864,113.92916947090106,0.012058934197582971
1.78,113.93319200681421,113.95810913137481,-0.024917124560602133
1.781,113.95579320713487,113.98685584270324,-0.031062635568360975
1.782,114.01608797265469,114.01549565935967,0.0005923132950158561
1.783,114.07833745456705,114.04420996909575,0.034127485471302066
1.784,114.10451691521702,114.07306887033532,0.03144804488169939
1.785,114.09754554950186,114.1019521927374,-0.0044066432355407414
1.786,114.09805199325552,114.1306860617621,-0.03263406850658157
1.787,114.1381670413112,114.15924032483737,-0.021073283526163777
1.788,114.20485768598819,114.18776378062614,0.017093905362045803
1.789,114.25471113074114,114.21641401398395,0.038297116757192384
1.79,114.26348050851999,114.24517727279708,0.018303235722910927
1.791,114.2538587178117,114.27388482914864,-0.02002611133694643
1.792,114.26959734752072,114.30240539425152,-0.03280804673080695
1.793,114.3254052213765,114.33079566282888,-0.005390441452377104
1.794,114.390009544817,114.35923588095245,0.030773663864550826
1.795,114.42197536883569,114.38782222511303,0.034153143722662094
1.796,114.41731363887385,114.41645685172273,0.0008567871511218073
1.797,114.41415027138835,114.44496050324375,-0.030810231855397774
1.798,114.4489039813636,114.4732781650267,-0.024374183663098847
1.799,114.5142906263337,114.5015432562421,0.012747370091602761
1.8,114.56763806445092,114.52992354276854,0.03771452168237488
1.801,114.58010931513749,114.5584271038443,0.021682211293196474
1.802,114.57007480519039,114.58689370390573,-0.01681889871534281
1.803,114.58195040175647,114.61517958714686,-0.033229185390382554
1.804,114.63479061065506,114.64332392003806,-0.008533309382997345
1.805,114.70013357836223,114.67150407560126,0.028629502760963987
1.806,114.7349460796158,114.69982911561846,0.03511696399733921
1.807,114.7315981631388,114.72821356302696,0.0033846001118433833
1.808,114.7268117405601,114.75647696970768,-0.029665229147582295
1.809,114.75900016110423,114.78455316503188,-0.025553003927655027
1.81,114.8234993069152,114.81256807043987,0.010931236475329342
1.811,114.8779192108204,114.84069277931346,0.037226431506937274
1.812,114.89156785174463,114.86894347167373,0.02262438007089429
1.813,114.88134830549855,114.89716323385073,-0.01581492835218512
1.814,114.89208314044902,114.92520501773976,-0.03312187729073912
1.815,114.94407815822926,114.95310368587178,-0.00902552764252107
1.816,115.00926386716802,114.98103586902884,0.028227998139172428
1.817,115.04403604880525,115.00911210487155,0.03492394393370546
1.818,115.0404392806365,115.03724749140375,0.003191789232758424
1.819,115.03559368114398,115.06526166067069,-0.029667979526706745
1.82,115.0681055262079,115.09309020149954,-0.024984675291634062
1.821,115.13258835972694,115.12086123580868,0.011727123918262805
1.822,115.1859240205236,115.14874429996911,0.037179720554490814
1.823,115.19807903698074,115.17674997898692,0.021329057993824563
1.824,115.18761195031288,115.20471811777563,-0.017106167462742405
1.825,115.19982897231422,115.23250655069651,-0.03267757838229102
1.826,115.2532081990346,115.26015928772455,-0.006951088689945095
1.827,115.31744744246892,115.28785504931867,0.02959239315025286
1.828,115.34930608142419,115.31569469547756,0.03361138594662805
1.829,115.34391090629191,115.34358204381425,0.0003288624776587312
1.83,115.34062570004848,115.37133821538869,-0.030712515340212576
1.831,115.37632277188568,115.39891360475896,-0.022590832873277122
1.832,115.4414740761319,115.42644770516141,0.015026370970488756
1.833,115.49141233866727,115.45410269448648,0.03730964418079452
1.834,115.49954418841133,115.48186984339442,0.017674345016914117
1.835,115.48913863548115,115.50958059169417,-0.020441956213019807
1.836,115.50562057928074,115.53710724670732,-0.03148666742657724
1.837,115.56227115689717,115.56451584555644,-0.0022446886592746296
1.838,115.62425604511745,115.59198762344079,0.032268421676661774
1.839,115.65028442849788,115.61960118367337,0.03068324482451601
1.84,115.6421341471841,115.64723886418074,-0.005104716996640946
1.841,115.64260489242234,115.67472787175113,-0.032122979328789825
1.842,115.68415431227668,115.70204734628159,-0.01789303400491349
1.843,115.74981928374355,115.72935428320875,0.020465000534798605
1.844,115.79354775256074,115.75679407698917,0.03675367557157472
1.845,115.7956579135974,115.78432535603234,0.011332557565054913
1.846,115.78663964255917,115.81177039565672,-0.025130753097556635
1.847,115.81043205722163,115.83902892211646,-0.028596864894822716
1.848,115.87132634008428,115.86619974648588,0.005126593598404838
1.849,115.9286918942446,115.89346146464923,0.035230429595358714
1.85,115.94610417859631,115.92085565525349,0.02524852334282457
1.851,115.93551359388519,115.94823721826779,-0.012723624382601884
1.852,115.94284167673712,115.97544998539722,-0.03260830866010167
1.853,115.99226656527003,116.002516096581,-0.010249531310975613
1.854,116.05677781693755,116.02960984389462,0.0271679730429355
1.855,116.09094975690941,116.05684499063507,0.03410476627433923
1.856,116.08624192170684,116.08413662452867,0.002105297178175647
1.857,116.0814864549438,116.11130486098455,-0.02981840604074648
1.858,116.11558998383843,116.13829357489722,-0.022703591058785833
1.859,116.17999913448705,116.16523968192593,0.014759452561122544
1.86,116.22906582429262,116.19230558280019,0.03676024149243062
1.861,116.23584750899632,116.21948024711006,0.016367261886259143
1.862,116.22515084563561,116.24659337286225,-0.02144252722663964
1.863,116.24321714324772,116.27352345044554,-0.030306307197818683
1.864,116.30100443552124,116.30034707436437,0.0006573611568683191
1.865,116.3606523298989,116.32724530673008,0.03340702316882016
1.866,116.38194758226746,116.35428045900647,0.027667123260982862
1.867,116.37181680513474,116.3813201066474,-0.009503301512651774
1.868,116.37588720225341,116.40819991875776,-0.03231271650435019
1.869,116.42229484386048,116.43492584066456,-0.0126309968040772
1.87,116.48691555846922,116.46166755302173,0.025248005447494393
1.871,116.5230707306744,116.48854831640783,0.03452241426657565
1.872,116.5192108273368,116.51549288099363,0.0037179463431726845
1.873,116.5132806919401,116.54232088958396,-0.029040197643865895
1.874,116.54580496589915,116.56896950667506,-0.023164540775908904
1.875,116.6096314327936,116.59557201764405,0.01405941514956055
1.876,116.65871614371852,116.62229228966305,0.03642385405547088
1.877,116.66525894853027,116.64912099744662,0.016137951083649682
1.878,116.65431165143674,116.67588787184654,-0.021576220409798452
1.879,116.67269909954344,116.70247288628931,-0.029773786745877828
1.88,116.73071672850487,116.72895598362832,0.0017607448765488698
1.881,116.78921719036943,116.75551781650945,0.03369937385997446
1.882,116.80838491029172,116.78221370349594,0.026171206795780222
1.883,116.79748159979579,116.80890523311479,-0.011423633318997872
1.884,116.8033606085681,116.83543297460407,-0.032072366035976074
1.885,116.8518896171679,116.86181566430568,-0.00992604713778178
1.886,116.91549493075031,116.88822749392764,0.027267436822668856
1.887,116.94764116732111,116.91477910694769,0.03286206037341799
1.888,116.94120931742036,116.9413791584971,-0.0001698410767403402
1.889,116.93751789742572,116.96784920213999,-0.030331304714266594
1.89,116.97445633671153,116.99414733314741,-0.01969099643588379
1.891,117.03877989051954,117.02042168851912,0.018358202000413826
1.892,117.08269958394614,117.04682355054409,0.03587603340204737
1.893,117.08408380595388,117.07331658116695,0.010767224786931706
1.894,117.07444261124444,117.09972321616152,-0.025280604917085725
1.895,117.09922339782644,117.12594816784747,-0.02672477002103335
1.896,117.16036145820982,117.15209934860157,0.008262109608253354
1.897,117.21374588309027,117.17835146973192,0.03539441335834681
1.898,117.2250192865441,117.20472432025319,0.02029496629090488
1.899,117.21316362979188,117.23105839445346,-0.0178947646615768
1.9,117.22651173379488,117.2572167125186,-0.030704978723719023
1.901,117.281398839183,117.28325879688492,-0.0018599577019244862
1.902,117.34132627876532,117.30936556709686,0.03196071166846082
1.903,117.36331805836122,117.33560849709482,0.027709561266391347
1.904,117.35265606185536,117.361859234485,-0.009203172629639766
1.905,117.35623864301313,117.3879529936822,-0.03171435066907691
1.906,117.40280557298664,117.41389838410551,-0.011092811118871282
1.907,117.46618587762711,117.43986718740229,0.02631869022482647
1.908,117.49865841339464,117.46597420316775,0.03268421022688983
1.909,117.49198352062969,117.49213073453404,-0.00014721390435568082
1.91,117.48803280748953,117.51815835114373,-0.03012554365419362
1.911,117.525201933277,117.54401689040793,-0.018814957130928178
1.912,117.58912697165601,117.56985674108805,0.019270230567968838
1.913,117.63103543979875,117.5958254032858,0.03521003651295018
1.914,117.63038616155092,117.62187791778375,0.0085082437671673
1.915,117.62135417724755,117.64783519733174,-0.02648102008419073
1.916,117.64892032510072,117.67361384677484,-0.02469352167412353
1.917,117.7109014060946,117.69933417875686,0.011567227337749841
1.918,117.76067731324196,117.72516504107945,0.03551227216250652
1.919,117.7673196554889,117.75110548932896,0.016214166159940646
1.92,117.75559977739728,117.77698668254212,-0.021386905144836987
1.921,117.77404614624587,117.80268959945938,-0.02864345321351891
1.922,117.8321420909656,117.82829933944141,0.003842751524189225
1.923,117.88795800378267,117.85399521688065,0.03396278690202337
1.924,117.90245581519697,117.87981764251163,0.022638172685347513
1.925,117.8901851975868,117.90561637237433,-0.01543117478752265
1.926,117.90047577185757,117.93124526539192,-0.030769493534350545
1.927,117.953329602789,117.95675221152561,-0.003422608736613597
1.928,118.01331906671695,117.98231741567095,0.03100165104599739
1.929,118.03565691247806,118.00801798380961,0.027638928668451967
1.93,118.02459858926716,118.03372797804778,-0.009129388780621639
1.931,118.02797935122189,118.05928260815338,-0.03130325693149416
1.932,118.0747868296749,118.08469308881931,-0.00990625914440102
1.933,118.13720806125895,118.11013273009634,0.02707533116260663
1.934,118.16693661206449,118.13570953991577,0.031227072148723778
1.935,118.15842984992595,118.16132514800681,-0.0028952980808583106
1.936,118.15625773596555,118.18680387728946,-0.030546141323910092
1.937,118.19669298153272,118.21212264716844,-0.01542966563572179
1.938,118.26003567934565,118.23744206281737,0.022593616528283178
1.939,118.2964166386418,118.26289484044078,0.03352179820102208
1.94,118.2913791878435,118.28841135303513,0.002967834808373482
1.941,118.28498869173264,118.31381166531513,-0.02882297358249275
1.942,118.31910818699069,118.33904197589061,-0.01993378889991959
1.943,118.38215054444177,118.36424628834334,0.017904256098432825
1.944,118.42428582524212,118.3895760135787,0.03470981166341858
1.945,118.42325146046281,118.41498979390488,0.008261666557928038
1.946,118.41386081267541,118.44030872953861,-0.026447916863205023
1.947,118.44200303846925,118.4654524925618,-0.02344945409254251
1.948,118.50382876136545,118.49054631930247,0.013282442062987343
1.949,118.55076567077455,118.51575487237562,0.035010798398928955
1.95,118.55394168593033,118.54106338046063,0.012878305469698148
1.951,118.54259514816812,118.56629789557512,-0.023702747407000402
1.952,118.56528709550001,118.59135592177806,-0.026068826278049073
1.953,118.62527403075765,118.61634321196739,0.008930818790261696
1.954,118.67608391596477,118.64143305019546,0.03465086576930787
1.955,118.68341628884679,118.66663476907539,0.01678151977139919
1.956,118.6709563958143,118.69178198075635,-0.02082558494204534
1.957,118.68883407951468,118.71675421794744,-0.027920138432762087
1.958,118.74662487296695,118.74163818497858,0.004986687988363769
1.959,118.80045610413143,118.76661207787764,0.033844026253788684
1.96,118.81169330289225,118.79170639080648,0.01998691208576986
1.961,118.79875630486727,118.81676373502198,-0.018007430154710846
1.962,118.8125026565033,118.84164949442417,-0.029146837920876578
1.963,118.86796577314497,118.8664326243806,0.0015331487643805985
1.964,118.92407434097511,118.89129345307008,0.03278088790503375
1.965,118.9388244049677,118.9162804959325,0.022543909035206866
1.966,118.92585153292754,118.9412458128674,-0.015394279939854982
1.967,118.93615148105667,118.96604396853007,-0.029892487473404117
1.968,118.9893397018786,118.99072808033547,-0.001388378456866235
1.969,119.0471017098634,119.0154786867925,0.031623023070892486
1.97,119.06487944277414,119.04035918596335,0.02452025681078851
1.971,119.05213841732272,119.06523073108546,-0.01309231376274056
1.972,119.05965022608807,119.0899398672531,-0.030289641165026637
1.973,119.11076056326438,119.11452619205744,-0.0037656287930616372
1.974,119.16967068060801,119.13916930584134,0.03050137476667203
1.975,119.18993391949755,119.1639444488976,0.025989470599952824
1.976,119.1775459638278,119.18872088300117,-0.011174919173370768
1.977,119.18288625162708,119.2133394213687,-0.03045316974161949
1.978,119.23222403900468,119.23782871243299,-0.005604673428308615
1.979,119.29188421039723,119.26236690733084,0.02951730306638467
1.98,119.31405977284676,119.28703821402685,0.02702155881991075
1.981,119.30202861167629,119.31171855102545,-0.009689939349158294
1.982,119.30576844451755,119.33624483761123,-0.030476393093678666
1.983,119.35371666560087,119.36063748228285,-0.0069208166819834105
1.984,119.41381799178414,119.38507317549207,0.02874481629207537
1.985,119.43731836788494,119.40964239536046,0.027675972524477288
1.986,119.42555972241146,119.43422593178796,-0.008666209376499978
1.987,119.42822910701568,119.45865828523962,-0.030429178223940312
1.988,119.47522279697483,119.48295440601406,-0.007731609039225873
1.989,119.53552330972485,119.5072898717542,0.028233437970655473
1.99,119.55975610398015,119.531758888104,0.027997215876155224
1.991,119.54812635382527,119.55624511403906,-0.00811876021379021
1.992,119.55022467319648,119.58058185263096,-0.0303571794344748
1.993,119.59672994715427,119.60478140606543,-0.008051458911154441
1.994,119.6570297230933,119.62901882162032,0.028010901472981686
1.995,119.68140195622703,119.65338958484492,0.028012371382118317
1.996,119.66972546990148,119.67777810506855,-0.00805263516707555
1.997,119.67173557139958,119.70201757069188,-0.030281999292299133
1.998,119.71823131720635,119.72612045353367,-0.007889136327321467
1.999,119.7783464580072,119.75026194515871,0.028084512848494114
2.0,119.80226577704141,119.77453640537136,0.02772937167004841
2.001,119.79036185311067,119.79882684580551,-0.008464992694840134
2.002,119.79276610546721,119.82296740255221,-0.03020129708500008
2.003,119.83972736265305,119.84697353686482,-0.007246174211772427
2.004,119.89946365294821,119.8710212248944,0.02844242805380759
2.005,119.92233850948156,119.89520126514105,0.02713724434050846
2.006,119.91004806849523,119.91939318206188,-0.009345113566652685
2.007,119.91334413306033,119.94343322998228,-0.03008909692194095
2.008,119.9612250525765,119.96734266089406,-0.006117608317566692
2.009,120.02035174326689,119.99129871130168,0.029053031965204923
2.01,120.04159319695378,120.01538608765998,0.026207109293807207
2.011,120.02880566940556,120.03947888844509,-0.010673219039532
2.012,120.03352063479791,120.06341687697847,-0.029896242180555532
2.013,120.0827352639175,120.08722986277682,-0.004494598859324128
2.014,120.14096035189047,120.11109652416405,0.029863827726416048
2.015,120.15998705707779,120.13509279677558,0.02489426030220443
2.016,120.14666834213817,120.15908566760952,-0.012417325471346885
2.017,120.15336896986692,120.18292013166828,-0.029551161801364856
2.018,120.20426892896045,120.20663724173743,-0.0023683127769800194
2.019,120.26121632116815,120.23041685910275,0.03079946206540285
2.02,120.27746519019823,120.2543233030801,0.023141887118129034
2.021,120.26368656560045,120.2782151386499,-0.014528573049446436
2.022,120.27298365071161,120.30194474142264,-0.02896109071103581
2.023,120.32583080355857,120.32556693829498,0.0002638652635909011
2.024,120.3810216480193,120.34926194536632,0.031759702652976785
2.025,120.39396634129456,120.3730794541488,0.02088688714576392
2.026,120.37993324523917,120.3968688165539,-0.016935571314732556
2.027,120.39247756374475,120.4204924317623,-0.028014868017550043
2.028,120.44741164061395,120.44402116101053,0.0033904796034249784
2.029,120.50025185270528,120.4676340424992,0.03261781020607657
2.03,120.50943024554941,120.49136301963763,0.01806722591177845
2.031,120.49550995833182,120.51504812024473,-0.01953816191290514
2.032,120.51197728024492,120.53856493642014,-0.02658765617522363
2.033,120.5689787913324,120.5620021947337,0.006976596598704532
2.034,120.61875565380983,120.58553540976554,0.03322024404428703
2.035,120.62380798762612,120.60917565263912,0.014632334986998785
2.036,120.61055309176352,120.63275438126112,-0.022201289497601806
2.037,120.6316155479285,120.65616405408937,-0.02454850616086901
2.038,120.69046530488207,120.6795124497288,0.010952855153263386
2.039,120.7363571128723,120.70296831253113,0.03338880034117153
2.04,120.73707456319606,120.72651889887013,0.0105556643259348
2.041,120.72523819645438,120.74998889492036,-0.024750698465979326
2.042,120.75151972224903,120.77329170838736,-0.021771986138332977
2.043,120.81175876888165,120.79655446426851,0.015204304613135378
2.044,120.85286162751565,120.8199349625178,0.03292666499784502
2.045,120.84924411164012,120.8433941401384,0.005849971501717732
2.046,120.83978190915461,120.86675292350503,-0.026971014350422706
2.047,120.87179659155389,120.8899499770625,-0.018153385508611564
2.048,120.93269129720335,120.91313088234898,0.01956041485436799
2.049,120.96806718747902,120.93643745225546,0.03162973522356083
2.05,120.96038690713479,120.95980257003984,0.0005843370949492055
2.051,120.95443883363309,120.98304774683122,-0.028608913198127084
2.052,120.99251276511308,121.00614114199763,-0.013628376884554427
2.053,121.05303235913479,121.02924442694803,0.023787932186763783
2.054,121.08178197067294,121.05247768485285,0.02930428582008915
2.055,121.07064631964299,121.07574518225115,-0.005098862608164723
2.056,121.06949162511569,121.09887472871914,-0.029383103603450422
2.057,121.11367063962702,121.12186773265262,-0.008197093025600566
2.058,121.17248712319292,121.14489784743594,0.02758927575698067
2.059,121.19384880310805,121.16805730062035,0.025791502487706452
2.06,121.18025331821691,121.19122278800693,-0.010969469790012454
2.061,121.18523207080545,121.21423541093768,-0.0290033401322205
2.062,121.23518336782344,121.23713255864114,-0.0019491908176973993
2.063,121.29070369197301,121.26009383533462,0.03060985663839233
2.064,121.30417636760983,121.2831775933957,0.020998774214120886
2.065,121.28953505951985,121.30623604972045,-0.016700990200604338
2.066,121.30193172620112,121.32913159996428,-0.027199873763166238
2.067,121.35685026021459,121.35193868992219,0.004911570292392753
2.068,121.40729215269904,121.37483490451757,0.032457248181472664
2.069,121.41277582566762,121.39783946125873,0.014936364408896452
2.07,121.39891289111884,121.42078559487895,-0.021872703760109857
2.071,121.41980180485747,121.44356550109528,-0.023763696237807608
2.072,121.4783381582525,121.46628943241359,0.012048725838909036
2.073,121.52185842920332,121.48912325346235,0.03273517574096729
2.074,121.51979788498217,121.5120433620733,0.007754522908868466
2.075,121.5088852099559,121.53487212595746,-0.025986916001556892
2.076,121.53894381406501,121.55753979365598,-0.01859597959096959
2.077,121.59917518139302,121.58018820846894,0.01898697292408258
2.078,121.63405420822477,121.60296061033286,0.031093597891910463
2.079,121.62556516110546,121.62578936784159,-0.0002242067361351019
2.08,121.6199895994794,121.64849664679227,-0.028507047312871236
2.081,121.65929565307741,121.67105773726557,-0.011762084188163158
2.082,121.71876344622359,121.6936384313277,0.025125014895891695
2.083,121.7436417146166,121.71634809763991,0.027293616976692192
2.084,121.73059109382288,121.73907726063757,-0.008486166814691387
2.085,121.73274269834414,121.7616606656059,-0.0289179672617621
2.086,121.78058082849256,121.78412315504535,-0.003542326552789632
2.087,121.83641905946709,121.80664325100607,0.02977580846102512
2.088,121.85056804870405,121.82928610102935,0.02128194767469438
2.089,121.83557437693045,121.85190670982486,-0.016332332894407386
2.09,121.84755701175942,121.87436642198901,-0.026809410229589048
2.091,121.90227275338923,121.89674034721477,0.005532406174452831
2.092,121.95144331462579,121.9192052782976,0.03223803632819511
2.093,121.95503971235439,121.94177423326954,0.01326547908485054
2.094,121.94135895002275,121.96427756718998,-0.02291861716723531
2.095,121.96464154083453,121.98661707166882,-0.02197553083428261
2.096,122.02358884410839,122.00891385440474,0.014674989703649999
2.097,122.0632269980983,122.03132626636386,0.031900731734438637
2.098,122.05757995393353,122.05381140675924,0.003768547174288983
2.099,122.04885074679407,122.07619023447214,-0.027339487678062824
2.1,122.08389819422733,122.09841678263416,-0.014518588406829736
2.101,122.14352901077972,122.12064810907796,0.022880901701753942
2.102,122.1713802685233,122.14300684026021,0.028373428263080314
2.103,122.1590515321363,122.1653960768667,-0.006344544730396251
2.104,122.15888886612677,122.18764607930116,-0.028757213174387175
2.105,122.20483574431934,122.20977067565215,-0.004934931332812198
2.106,122.26097191926338,122.2319469656188,0.02902495364457991
2.107,122.27587201629748,122.25424632233248,0.021625693965006576
2.108,122.26062081950727,122.27652663876172,-0.015905819254456333
2.109,122.27207878855403,122.29864781329368,-0.02656902473965772
2.11,122.32652689078677,122.32068455220262,0.005842338584145068
2.111,122.37483325182875,122.34281316378585,0.032020088042898465
2.112,122.37715175571198,122.36504276766684,0.012108988045142155
2.113,122.36364648294513,122.38720203282176,-0.02355554987663311
2.114,122.38860879427483,122.40919975959154,-0.020590965316714005
2.115,122.44764017575869,122.4311643755886,0.016475800170098864
2.116,122.4842773166293,122.45324782075612,0.031029495873184487
2.117,122.47621641082327,122.47539326658395,0.0008231442393196176
2.118,122.46948509082259,122.49742244473258,-0.027937353909990748
2.119,122.5080859569972,122.5193078540638,-0.011221897066590714
2.12,122.56657040573988,122.54121552110489,0.025354884634992914
2.121,122.58895404078697,122.5632500741985,0.025703966588466187
2.122,122.57458264285331,122.58529455921673,-0.010711916363419505
2.123,122.5792244982246,122.60718998608894,-0.027965487864335614
2.124,122.62944064135246,122.62897930684416,0.00046133450830154743
2.125,122.68167826297376,122.65084192368231,0.03083633929145435
2.126,122.68921284645933,122.67281705374968,0.016395792709644752
2.127,122.67413058711631,122.69474394145321,-0.020613354336902034
2.128,122.69338271299178,122.71650918088561,-0.02312646789383166
2.129,122.75095374113815,122.73822184456363,0.012731896574521784
2.13,122.79162455838102,122.76004523327464,0.031579325106378064
2.131,122.78622833686369,122.78194430054626,0.004284036317429241
2.132,122.77680548329771,122.8037403674906,-0.026934884192897357
2.133,122.81163666903215,122.8253869926094,-0.013750323577241375
2.134,122.87045019828429,122.84704247845201,0.023407719832277962
2.135,122.89574775171913,122.86882417176719,0.026923579951940724
2.136,122.88196713024342,122.890626658561,-0.008659528317579657
2.137,122.88420048887237,122.91228550012504,-0.02808501125267071
2.138,122.93266795250575,122.93383231809217,-0.0011643655864190805
2.139,122.98567284786972,122.9554462148458,0.03022663302392914
2.14,122.9943977774882,122.97717453999725,0.01722323749095267
2.141,122.97894069453025,122.99885973854352,-0.019919044013263942
2.142,122.9970895671732,123.02038448155284,-0.02329491437963327
2.143,123.05421497570428,123.04185481080704,0.01236016489724534
2.144,123.09480225344736,123.06343477879076,0.031367474656590844
2.145,123.0891129667155,123.0850898967696,0.004023069945901625
2.146,123.07973196398243,123.1066415747561,-0.02690961077367149
2.147,123.11502884107715,123.12804592092441,-0.013017079847259083
2.148,123.17339881194137,123.14946304698923,0.023935764952142335
2.149,123.19702461740258,123.17100581100372,0.026018806398852234
2.15,123.18252615768898,123.19256307325037,-0.010036915561386195
2.151,123.18635118333633,123.21397417709012,-0.027622993753794844
2.152,123.23617233471671,123.23528096412291,0.0008913705938056182
2.153,123.28732539814848,123.25666254622533,0.030662851923153767
2.154,123.29299076725653,123.27815300503102,0.014837762225511142
2.155,123.27792700605828,123.29958833841857,-0.02166133236029566
2.156,123.29955822386225,123.32086438373969,-0.021306159877440223
2.157,123.35744106877493,123.34210131617455,0.015339752600382894
2.158,123.39387637867445,123.36345404735923,0.030422331315222095
2.159,123.38497981976099,123.38486741101917,0.00011240874181339677
2.16,123.37849511251376,123.40616378452876,-0.027668672014996787
2.161,123.41835956049418,123.42732345568776,-0.00896389519357399
2.162,123.47511908759542,123.44851644604253,0.026602641552884165
2.163,123.49249685992066,123.46983270722798,0.02266415269268407
2.164,123.4766060352746,123.49113990702318,-0.014533871748582783
2.165,123.48634217119287,123.5122932508626,-0.02595107966972421
2.166,123.53991077763024,123.53336525934563,0.006545518284610807
2.167,123.58582359856354,123.55453091633122,0.03129268223231918
2.168,123.58470797189347,123.5757889511825,0.0089190207109624
2.169,123.57200969206676,123.59696445314579,-0.024954761079030163
2.17,123.60163010325077,123.61798688479786,-0.016356781547088417
2.171,123.66000171677925,123.63900297248118,0.020998744298069028
2.172,123.68763875714075,123.66014243819095,0.02749631894980098
2.173,123.67406946556247,123.68131099749786,-0.007241531935392231
2.174,123.67464574477425,123.70234118491648,-0.02769544014222447
2.175,123.72210827842524,123.72325969648378,-0.0011514180585407985
2.176,123.77414142121923,123.74424524673282,0.029896174486410132
2.177,123.78105090206462,123.76534185844407,0.01570904362054648
2.178,123.7654198738621,123.78638887895403,-0.020969005091927784
2.179,123.78598597285182,123.80727821444498,-0.02129224159315868
2.18,123.84338281101452,123.82812803427807,0.015254776736455256
2.181,123.87903492676361,123.84909301827832,0.02994190848528433
2.182,123.86926578995653,123.87011554348034,-0.0008497535238092269
2.183,123.86345166057292,123.89101879894552,-0.027567138372603495
2.184,123.90460899161647,123.91179088633729,-0.007181894720815762
2.185,123.96004905888203,123.93260459907921,0.027444459802822507
2.186,123.97399526597283,123.9535383297047,0.02045693626813261
2.187,123.95758461875232,123.97445001519931,-0.016865396446988257
2.188,123.97097647883781,123.9952063250217,-0.024229846183885684
2.189,124.02616468595613,124.01589812025159,0.010266565704540653
2.19,124.06750004783612,124.0366937663742,0.03080628146192055
2.191,124.0616975930135,124.0575662862486,0.004131306764904252
2.192,124.0518027917765,124.07833758841514,-0.026534796638642888
2.193,124.08750243188577,124.09896657178017,-0.011464139894400205
2.194,124.14449722514844,124.11961635253628,0.0248808726121581
2.195,124.16385891614107,124.14038907817421,0.0234698379668572
2.196,124.14775618383896,124.16116026446217,-0.01340408062320364
2.197,124.15601718000978,124.18178114748316,-0.025763967473380944
2.198,124.208827270134,124.20232056926781,0.0065067008661827686
2.199,124.25378664132266,124.222953269623,0.030833371699657164
2.2,124.25123134122227,124.24367469440885,0.007556646813412726
2.201,124.23896071258464,124.26430899733116,-0.025348284746513627
2.202,124.27063759557802,124.28479547466546,-0.014157879087434821
2.203,124.3281266586575,124.30528819303169,0.022838465625810045
2.204,124.35104575279664,124.32590388305366,0.02514186974298127
2.205,124.33551397325382,124.34653118081143,-0.011017207557600273
2.206,124.34058981379144,124.36701299507168,-0.026423181280236463
2.207,124.39157334850752,124.38740358911674,0.004169759390777017
2.208,124.43846057041775,124.40788007562963,0.030580494788111423
2.209,124.43791015462978,124.42845135545505,0.009458799174723254
2.21,124.4244426508014,124.44894408311161,-0.024501432310216842
2.211,124.45381032022213,124.4692869733972,-0.015476653175070965
2.212,124.51131048677895,124.48962844798133,0.021682038797621317
2.213,124.53588968452208,124.51009216932157,0.02579751520050877
2.214,124.52066285691329,124.53057351070794,-0.009910653794648283
2.215,124.52434340282299,124.55091211098686,-0.026568708163864585
2.216,124.5744622464612,124.57115605509689,0.0033061913643024354
2.217,124.6218615578087,124.59148298494969,0.030378572859007136
2.218,124.62181761467815,124.61190618928765,0.009911425390498607
2.219,124.60800433216578,124.6322532159712,-0.024248883805427113
2.22,124.6368801292152,124.65245063761073,-0.015570508395526872
2.221,124.69421482874125,124.67264602203952,0.021568806701736776
2.222,124.71857417621983,124.69296324161833,0.025610934601502322
2.223,124.70314872448789,124.71329721522564,-0.010148490737748261
2.224,124.70713471023836,124.7334883788054,-0.026353668567040245
2.225,124.75749831648665,124.7535873333615,0.0039109831251522564
2.226,124.80410102308389,124.77377122679695,0.030329796286935107
2.227,124.80300078361873,124.7940487016775,0.008952081941231427
2.228,124.78961394613465,124.81424608329029,-0.024632137155634837
2.229,124.81982516572968,124.83429609543522,-0.014470929705538538
2.23,124.87683925401791,124.85435041566423,0.022488838353680762
2.231,124.89910216041727,124.87452645350083,0.024575706916436957
2.232,124.88301682008442,124.89471155219377,-0.011694732109347683
2.233,124.88903645294357,124.91475122376961,-0.0257147708260419
2.234,124.94066420550571,124.93470714729165,0.005957058214065114
2.235,124.98506784523515,124.95475440399503,0.030313441240124916
2.236,124.98145184802551,124.97488795000903,0.006563898016480607
2.237,124.96944325002615,124.99493162377108,-0.025488373744934734
2.238,125.00274583148901,125.01483294523845,-0.012087113749444711
2.239,125.05902088502437,125.03475164841304,0.024269236611331735
2.24,125.07730265013522,125.05479116749493,0.02251148264029723
2.241,125.06041983971465,125.07482510658889,-0.014405266874234712
2.242,125.07032746944729,125.0947097199854,-0.024382250538110384
2.243,125.12389746520805,125.11452566931317,0.009371795894878687
2.244,125.16443170508495,125.13444250336846,0.029989201716489333
2.245,125.15714457248646,125.15443258610158,0.0027119863848810155
2.246,125.14787775848768,125.17431821568866,-0.026440457200976653
2.247,125.18582004708531,125.1940709809671,-0.008250933881782885
2.248,125.24040266714533,125.21386028549615,0.026542381649178992
2.249,125.25287514275865,125.23376661625954,0.019108526499110212
2.25,125.23567237256833,125.25364580041978,-0.017973427851444512
2.251,125.2514592381922,125.27337282568196,-0.02191358748976313
2.252,125.30701397052096,125.29305363982868,0.013960330692270873
2.253,125.34165560423916,125.3128457054438,0.02880989879535889
2.254,125.33012641724292,125.33269068438955,-0.0025642671466243883
2.255,125.32553292701154,125.35241387120548,-0.026880944193948153
2.256,125.36920373782081,125.37202049625432,-0.002816758433510813
2.257,125.42038322655559,125.39168738365271,0.02869584290287719
2.258,125.42548387964814,125.41146164178025,0.014022237867891363
2.259,125.40933624926548,125.43118096918457,-0.021844719919087652
2.26,125.43297710826353,125.45074979480057,-0.017772686537043114
2.261,125.48958998880897,125.47030248525047,0.01928750355850184
2.262,125.51604701919084,125.4899740057956,0.026073013395233602
2.263,125.50066334772416,125.50966948288571,-0.009006135161556017
2.264,125.50324111634889,125.52922651191092,-0.0259853955620315
2.265,125.55286992159095,125.54869253630707,0.004177385283881563
2.266,125.59808519939915,125.56824411759739,0.029841081801762925
2.267,125.59492429208136,125.58788413335542,0.007040158725942547
2.268,125.58230176512942,125.6074373971472,-0.02513563201777913
2.269,125.61536396898707,125.6268505782052,-0.0114866092181245
2.27,125.67083197826905,125.64628418260894,0.024547795660112115
2.271,125.68689096568522,125.66583658280805,0.021054382877167654
2.272,125.66941574299348,125.68537523083016,-0.015959487836681774
2.273,125.68195556744149,125.70476453321935,-0.022808965777855406
2.274,125.73639415756905,125.72409917362181,0.0122949839472426
2.275,125.77240221078752,125.74354124852682,0.028860962260694123
2.276,125.76136534425613,125.76304061690267,-0.001675272646536996
2.277,125.75580022884192,125.78242181357295,-0.026621584731032044
2.278,125.79878282038739,125.8016864324862,-0.002903612098819508
2.279,125.84949791506288,125.82101090698836,0.02848700807452076
2.28,125.85370721573099,125.84044106470034,0.013266151030649098
2.281,125.83758814370024,125.85981335404179,-0.022225210341545676
2.282,125.86251189982629,125.87903757918511,-0.01652567935882132
2.283,125.9187351977593,125.89825342617239,0.020481771586915443
2.284,125.94220169299533,125.91758819031651,0.024613502678818122
2.285,125.92563612517806,125.93693601653786,-0.011299891359797698
2.286,125.93125539920504,125.95614178784805,-0.024886388643011514
2.287,125.98273322238198,125.97527036523633,0.007462857145654311
2.288,126.02397402285813,125.99449419521578,0.0294798276423478
2.289,126.0166380644872,126.01379291412235,0.0028451503648483367
2.29,126.00693870483028,126.03298931029856,-0.02605060546828497
2.291,126.0452117290291,126.05205756033966,-0.006845831310556605
2.292,126.09812504548597,126.07116875925242,0.02695628623355617
2.293,126.10674663378019,126.09039199554023,0.016354638239960195
2.294,126.08944243562235,126.10957414016791,-0.020131704545562457
2.295,126.10987897741755,126.12860712557178,-0.0187281481542243
2.296,126.16572169823566,126.14761705775844,0.018104640477218936
2.297,126.19263353753935,126.16674356008204,0.02588997745731092
2.298,126.17688718992275,126.185895264124,-0.009008074201247496
2.299,126.17949376454993,126.2049101219625,-0.02541635741256698
2.3,126.22928293612371,126.2238392330203,0.005443703103409803
2.301,126.2722522930873,126.24285759865796,0.029394694429342394
2.302,126.26632017451159,126.26195642127549,0.004363753236106049
2.303,126.25531239199569,126.28095908558586,-0.025646693590175573
2.304,126.29198454462455,126.2998312209298,-0.007846676305248934
2.305,126.34516427474937,126.31874166648906,0.026422608260304514
2.306,126.35455480733903,126.33776477711992,0.01679003021911285
2.307,126.3369878604871,126.3567497840322,-0.01976192354510431
2.308,126.35683390706062,126.37558641822137,-0.018752511160755603
2.309,126.41243010357766,126.39439963461942,0.018030468958244228
2.31,126.43893112271326,126.41332895795178,0.02560216476148014
2.311,126.4228603721686,126.43228188941683,-0.009421517248227929
2.312,126.42601740118538,126.4510976899428,-0.02508028875742241
2.313,126.47617433196402,126.46983152729202,0.006342804672001989
2.314,126.51783040967459,126.48865717818813,0.029173231486453233
2.315,126.51049577935994,126.50755868445376,0.002937094906187099
2.316,126.50053948408835,126.52635915879428,-0.02581967470592872
2.317,126.53898692015241,126.54503419557263,-0.006047275420215215
2.318,126.59087633337236,126.56375570157456,0.027120631797799888
2.319,126.59730240984739,126.58258599585295,0.014716413994435129
2.32,126.5801769716978,126.60136740921212,-0.021190437514320593
2.321,126.60332678558414,126.62000257033569,-0.0166757847515413
2.322,126.65883895148357,126.63862802208337,0.02021092940020708
2.323,126.68107541690304,126.65737080416324,0.023704612739805953
2.324,126.66369608191893,126.67612196460811,-0.012425882689186096
2.325,126.67105415266649,126.69473109560147,-0.023676942934983458
2.326,126.723321604994,126.71327474229898,0.010046862695020309
2.327,126.76036890940954,126.7319199101432,0.028448999266331043
2.328,126.74923369473431,126.75062510111357,-0.0013914063792554998
2.329,126.74316438891096,126.76921501716065,-0.026050628249691954
2.33,126.78633966952788,126.78769402457503,-0.001354355047155309
2.331,126.83465467038458,126.80623882195594,0.028415848428636536
2.332,126.83473237925551,126.82488112709257,0.009851252162945912
2.333,126.81973329136822,126.84345125304588,-0.023717961677661492
2.334,126.84989654050253,126.86188241920938,-0.011985878706852304
2.335,126.9042802441679,126.88033111705555,0.023949127112345536
2.336,126.91833258693154,126.89889544113198,0.019437145799557243
2.337,126.90004186358522,126.91743881549017,-0.01739695190495638
2.338,126.91563912948173,126.93583583425885,-0.020196704777120544
2.339,126.97027747175716,126.95419826484792,0.016079206909239474
2.34,126.99865798602143,126.97267359416101,0.02598439186041901
2.341,126.98281816410118,126.99117877705758,-0.008360612956408886
2.342,126.98463959647843,127.0095504582243,-0.024910861745865986
2.343,127.03408755915271,127.02783984015014,0.006247719002573149
2.344,127.07496366230492,127.04622048777442,0.028743174530504234
2.345,127.06652805307264,127.06467388190246,0.0018541711701800523
2.346,127.05731491747109,127.08302343911917,-0.02570852164808457
2.347,127.09727006272742,127.10125401378207,-0.003983951054649992
2.348,127.14715255843606,127.11953983495903,0.02761272347703425
2.349,127.14965321948465,127.1379279572116,0.011725262273046155
2.35,127.13346850006097,127.15625327316292,-0.022784773101946598
2.351,127.16124933247694,127.1744381602634,-0.013188827786464685
2.352,127.2156851051718,127.19263391715012,0.02305118802168238
2.353,127.23091256587011,127.21094527466515,0.019967291204963544
2.354,127.21241903614855,127.22923991207963,-0.016820875931088608
2.355,127.22713082899547,127.24738948261778,-0.02025865362230661
2.356,127.28142178828149,127.26550361300237,0.015918175279125535
2.357,127.30940382163703,127.28372999506387,0.025673826573168412
2.358,127.29317653459879,127.30198462712687,-0.008808092528084899
2.359,127.29560228439361,127.32010553858566,-0.024503254192055124
2.36,127.34543807687338,127.33814861164223,0.007289465231153258
2.361,127.38466153461313,127.35628571127084,0.028375823342287276
2.362,127.37462753116905,127.37448969311328,0.0001378380557781611
2.363,127.36691422091832,127.39258459463936,-0.02567037372104153
2.364,127.40884705509788,127.41056776436659,-0.0017207092687101522
2.365,127.45664171250134,127.42861519264672,0.028026519854620346
2.366,127.45569905847603,127.44675802364988,0.00894103482615094
2.367,127.44092482708241,127.46482581875131,-0.0239009916688957
2.368,127.47265345887816,127.48275946611241,-0.010106007234256253
2.369,127.52565294222778,127.50072027808105,0.02493266414673201
2.37,127.53548293384608,127.51879277559733,0.016690158248749754
2.371,127.51718711006859,127.53682930662472,-0.019642196556134195
2.372,127.53765270118498,127.55472202114736,-0.017069319962374152
2.373,127.59225620276756,127.57260192470571,0.01965427806185005
2.374,127.6133124731974,127.59059703741876,0.022715435778636106
2.375,127.59505662002692,127.60859598606406,-0.013539366037136347
2.376,127.60437838493343,127.62645394038401,-0.02207555545058426
2.377,127.6571550687499,127.64426033316056,0.012894735589341622
2.378,127.6887927761119,127.66217355777756,0.026619218334332118
2.379,127.67379972733053,127.68012741993273,-0.006327692602198454
2.38,127.67309228497435,127.6979541466722,-0.024861861697857535
2.381,127.72109215594233,127.7156951649777,0.00539699096462698
2.382,127.76179172299412,127.73352462200128,0.028267100992835026
2.383,127.75268874305269,127.75142562268242,0.0012631203702682114
2.384,127.74380915682752,127.76922209573415,-0.025412938906626437
2.385,127.7847648322479,127.78690575300337,-0.0021409207554654586
2.386,127.83240308230346,127.80465196168498,0.02775112061847551
2.387,127.83107494487527,127.82249281121064,0.008582133664631897
2.388,127.81634326977498,127.84025778357787,-0.02391451380289311
2.389,127.84876424207853,127.85789129816756,-0.009127056089027974
2.39,127.90089285649566,127.87555676951112,0.025336086984538042
2.391,127.908436259744,127.89333122145628,0.015105038287714478
2.392,127.89036631457945,127.91106171432462,-0.020695399745164877
2.393,127.91354025214453,127.92865104711763,-0.015110794973097086
2.394,127.96763962609066,127.94623977288592,0.021399853204741248
2.395,127.98440108170536,127.96394297775936,0.02045810394599812
2.396,127.96546673647663,127.98163482229802,-0.016168085821391287
2.397,127.97938886743722,127.99918442533823,-0.019795557901005623
2.398,128.0330772394006,128.01670132809534,0.016375911305260615
2.399,128.0587503667448,128.03432998533728,0.02442038140750924
2.4,128.0412035469993,128.05197835820053,-0.01077481120123025
2.401,128.04645840526774,128.06949111062147,-0.023032705353728034
2.402,128.09764560994637,128.08694152823503,0.010704081711338631
2.403,128.1314050366299,128.10449387254013,0.02691116408976768
2.404,128.11715030046145,128.1220937754649,-0.004943475003443609
2.405,128.11476735722212,128.13957106804105,-0.024803710818929403
2.406,128.16175250378282,128.15696031113401,0.004792192648807259
2.407,128.20240284791393,128.17443597426248,0.027966873651450896
2.408,128.19292695781434,128.19198262428262,0.0009443335317200763
2.409,128.18423145632454,128.20942454798174,-0.02519309165720074
2.41,128.2257478081263,128.22675755873104,-0.0010097506047372917
2.411,128.27187021261474,128.24415735124091,0.027712861373828446
2.412,128.26822005410256,128.26164647100023,0.006573583102323255
2.413,128.2546922515108,128.27905206042138,-0.024359808910588754
2.414,128.28990919986802,128.2963331650425,-0.006423965174491286
2.415,128.33999335570692,128.31365880453123,0.026334551175693832
2.416,128.34279193323601,128.3310867961529,0.01170513708311205
2.417,128.32594554317365,128.3484543110244,-0.022508767850752065
2.418,128.35443724979123,128.36568708374466,-0.011249833953428379
2.419,128.4069912740541,128.38294093738048,0.024050336673610673
2.42,128.4164813119845,128.40030498965044,0.01617632233407562
2.421,128.39776620374874,128.41763218258086,-0.01986597883211516
2.422,128.4194585007161,128.43481938980162,-0.015360889085513918
2.423,128.47309306709943,128.4520042158588,0.021088851240619988
2.424,128.48919745385692,128.46930232374228,0.01989513011463373
2.425,128.46992853951343,128.4865866856557,-0.016658146142276564
2.426,128.48503323031335,128.50373030328737,-0.018697072974021012
2.427,128.53851996133398,128.5208490204894,0.01767094084456744
2.428,128.56091026336023,128.5380799363447,0.022830327015526564
2.429,128.54222149151335,128.5553188912607,-0.013097399747351801
2.43,128.5511668134383,128.57242015737856,-0.02125334394025913
2.431,128.60347298629807,128.58947565987233,0.01399732642573781
2.432,128.6316388211641,128.60663881919743,0.02500000196667429
2.433,128.61445890881714,128.62382989414212,-0.00937098532497771
2.434,128.61782210482073,128.64088941513006,-0.023067310309329514
2.435,128.6681251181701,128.65788443736426,0.010240680805850388
2.436,128.7014385974286,128.67497985791644,0.02645873951215094
2.437,128.68648497659441,128.69212080019798,-0.005635823603569179
2.438,128.68493111954226,128.7091386558588,-0.02420753631653838
2.439,128.7326172642104,128.7260756693019,0.0065415949084979275
2.44,128.77038980967635,128.74310383305198,0.027285976624369823
2.441,128.75817630140753,128.7601926856503,-0.002016384242779168
2.442,128.75240650993175,128.7771685488238,-0.02476203889204953
2.443,128.79705818697255,128.79404970485345,0.0030084821190996536
2.444,128.83858726875832,128.81101144501636,0.02757582374195522
2.445,128.8294411095412,128.8280465878264,0.0013945217147863787
2.446,128.82015086213352,128.8449798281037,-0.0248289659701868
2.447,128.86152608909492,128.86180692482935,-0.00028083573442927445
2.448,128.90613189024768,128.8787033221851,0.02742856806258942
2.449,128.90021663532465,128.89568348804048,0.004533147284178085
2.45,128.88806426796532,128.91257327796782,-0.024509010002503828
2.451,128.9260721145565,128.92934776227006,-0.003275647713564922
2.452,128.97312400959194,128.94618005362446,0.026943955967482225
2.453,128.97046496212312,128.96310432040133,0.007360641721788852
2.454,128.95604983312973,128.9799497156881,-0.023899882558367835
2.455,128.9907247590508,128.99667269327213,-0.005947934221325113
2.456,129.0396587132714,129.01344219411197,0.02621651915941925
2.457,129.04016881206852,129.03030996218078,0.009858849887734777
2.458,129.024017786676,129.04710997323969,-0.023092186563673067
2.459,129.0554940841893,129.06378224035538,-0.008288156166088356
2.46,129.1058227164847,129.08049028620857,0.025332430276137075
2.461,129.10932691607115,129.09730124793188,0.012025668139273193
2.462,129.09188770335447,129.11405488963084,-0.022167186276362827
2.463,129.1203764084589,129.1306769653006,-0.01030055684171316
2.464,129.17169255803952,129.14732486648697,0.02436769155255547
2.465,129.1779495080526,129.16407897026585,0.013870537786743853
2.466,129.15958982188803,129.1807853015847,-0.021195479696672237
2.467,129.18535856615358,129.1973574685695,-0.011998902415911061
2.468,129.2373339196071,129.21394647547106,0.02338744413603422
2.469,129.2460546208044,129.23064388049278,0.015410740311608606
2.47,129.2270652604013,129.2473020234067,-0.020236763005385683
2.471,129.25042132155312,129.2638243630174,-0.013403041464272292
2.472,129.30280171228327,129.28035565609886,0.02244605618440687
2.473,129.3136646081505,129.2969967067635,0.016667901386995254
2.474,129.29426577348158,129.31360586697213,-0.01934009349054122
2.475,129.31554287367604,129.33007830185224,-0.014535428176202458
2.476,129.36814052404466,129.3465529754098,0.021587548634869336
2.477,129.38080310458824,129.3631381523919,0.017664952196327022
2.478,129.36115284562425,129.37969761126593,-0.018544765641678396
2.479,129.38070069102716,129.3961199315259,-0.015419240498744102
2.48,129.43338564148004,129.41253900050089,0.020846640979158337
2.481,129.44749335073766,129.42906890148456,0.018424449253103603
2.482,129.427696988204,129.44557802497346,-0.01788103676946662
2.483,129.44587426660246,129.4619499286691,-0.01607566206664046
2.484,129.498563914909,129.47831433394347,0.020249580965526093
2.485,129.5137559213664,129.4947896363641,0.018966285002306904
2.486,129.4938764998655,129.51124785540867,-0.017371355543161826
2.487,129.51104602915015,129.52756896715402,-0.016522938003873833
2.488,129.56369472031105,129.54387958610508,0.019815134205970253
2.489,129.57960754623377,129.56030102498028,0.01930652125349752
2.49,129.55967674464011,129.57670782515095,-0.017031080510832908
2.491,129.5762027578968,129.59297772337425,-0.016774965477452497
2.492,129.6287908257196,129.60923538686174,0.01955543885785005
2.493,129.6450604028143,129.62560373310356,0.019456669710734786
2.494,129.62508929640717,129.64195864028522,-0.016869343878056497
2.495,129.64133613705533,129.65817688197703,-0.016840744921694295
2.496,129.69385898541196,129.67438239424237,0.01947659116959244
2.497,129.71012148510982,129.69069843625167,0.019423048858158154
2.498,129.6901115223875,129.70700099574367,-0.016889473356172857
2.499,129.7064432023115,129.72316712812204,-0.016723925810538276
2.5,129.75890035462774,129.73932127581702,0.01957907881072174
2.501,129.7747923559116,129.75558578955042,0.019206566361162913
2.502,129.75474641681234,129.77183554429095,-0.01708912747861291
2.503,129.77152645929823,129.7879491276568,-0.016422668358558212
2.504,129.82391058324035,129.80405270666094,0.019857876579408185
2.505,129.83906906449528,129.82026644867088,0.018802615824398572
2.506,129.81900238970343,129.8364629249255,-0.017460535222085127
2.507,129.83659368949608,129.85252354924756,-0.015929859751480535
2.508,129.88887963056555,129.86857737774065,0.020302252824905054
2.509,129.90294284342608,129.8847410600821,0.018201783343982925
2.51,129.88289383241872,129.9008837521057,-0.017989919686982603
2.511,129.90165749174528,129.91689106308672,-0.01523357134144021
2.512,129.95379153198922,129.93289600293622,0.020895529053007067
2.513,129.96640033412712,129.94901027694115,0.017390057185963315
2.514,129.9464413481324,129.96509863093422,-0.01865728280182566
2.515,129.96673434704314,129.9810523455833,-0.014317998540150256
2.516,130.01862339514366,129.99700930743197,0.02161408771169704
2.517,130.02942456232802,130.01307473387556,0.016349828452462134
2.518,130.00967271045056,130.02910813675348,-0.019435426302919723
2.519,130.03184373653724,130.04500807260652,-0.01316433606928058
2.52,130.08334499676488,130.06091803149312,0.022426965271762356
2.521,130.09199667350362,130.07693506229975,0.015061611203861958
2.522,130.07262348868173,130.09291283501898,-0.020289346337250436
2.523,130.09700657527515,130.10875892944827,-0.011752354173125923
2.524,130.14791786201783,130.1246229206524,0.023294941365435307
2.525,130.1540970756453,130.14059186474023,0.013505210905066178
2.526,130.13533806422367,130.15651326389136,-0.021175199667681
2.527,130.16224297561945,130.17230561195584,-0.010062636336385822
2.528,130.21229437047054,130.18812473273414,0.024169637736406457
2.529,130.21570811656426,130.20404573020252,0.011662386361734889
2.53,130.1978700769905,130.21990995427268,-0.022039877282168163
2.531,130.22757013578095,130.23564883318133,-0.008078697400378587
2.532,130.2764172615781,130.25142422953178,0.02499303204632497
2.533,130.27681650954932,130.26729722079213,0.00951928875718977
2.534,130.26028308033435,130.28310343266398,-0.022820352329631532
2.535,130.29299938135432,130.298789342095,-0.005789960740685274
2.536,130.34021944776663,130.3145221883182,0.02569725944843526
2.537,130.33741658196436,130.33034688244226,0.007069699522105566
2.538,130.32265016118814,130.34609423433906,-0.02344407315092667
2.539,130.35853233236847,130.36172792320212,-0.003195590833655615
2.54,130.40362446543827,130.3774193817156,0.026205083722658173
2.541,130.39751389998588,130.39319522237156,0.004318677614321587
2.542,130.38505332635015,130.40888289292823,-0.02382956657808677
2.543,130.42415748038513,130.42446538415965,-0.0003079037745123969
2.544,130.46654779691207,130.4401165642802,0.026431232631864532
2.545,130.45712951788866,130.45584271163938,0.0012868062492827903
2.546,130.44758148231935,130.4714699665625,-0.023888484243144603
2.547,130.48984591534693,130.48700258383477,0.002843331512167424
2.548,130.52889929206884,130.50261447466158,0.026284817407258743
2.549,130.51630371397763,130.51828978358105,-0.0019860696034186276
2.55,130.5103274370984,130.53385603469155,-0.023528597593156064
2.551,130.5555472563436,130.5493404025357,0.0062068538078960955
2.552,130.59058709846505,130.5649137997217,0.025673298743356554
2.553,130.57510026199895,130.58053681910494,-0.005436557105980455
2.554,130.57338333029654,130.59604170673043,-0.022658376433895455
2.555,130.62118617700176,130.61147974569653,0.009706431305232854
2.556,130.65152302627823,130.62701517001696,0.02450785626126617
2.557,130.6336096315941,130.64258416342076,-0.00897453182665231
2.558,130.63683426706376,130.65802764898126,-0.021193381917498755
2.559,130.68665910569018,130.6734215470362,0.013237558653969472
2.56,130.7116295845672,130.68891915100747,0.022710433559723242
2.561,130.69195114028284,130.7044321392242,-0.012480998941356347
2.562,130.7007504379708,130.71981460178654,-0.019064163815727397
2.563,130.75183339434128,130.73516675701336,0.016666637327915623
2.564,130.77084882094087,130.7506262279919,0.020222592948982765
2.565,130.7502732016183,130.76608105926303,-0.015807857644716705
2.566,130.7651776273184,130.7814033890581,-0.01622576173971879
2.567,130.81654811153373,130.79671631859958,0.0198317929341556
2.568,130.82915237251882,130.81213678836926,0.01701558414956139
2.569,130.80875099272913,130.82753124518405,-0.01878025245491699
2.57,130.83012653226461,130.84279492653397,-0.012668394269354621
2.571,130.88061784010645,130.85807114430054,0.022546695805914396
2.572,130.8865524591921,130.87345112159446,0.013101337597646534
2.573,130.8675806412852,130.8887830646305,-0.021202423345300758
2.574,130.89556198425188,130.90399023841414,-0.008428254162254234
2.575,130.94384072051832,130.91923208750518,0.024608633013144754
2.576,130.94311263924095,130.9345694015081,0.008543237732851594
2.577,130.92696943587285,130.94983694260029,-0.02286750672743665
2.578,130.961392019863,130.96499043334327,-0.0035984134802617973
2.579,131.00601027006698,130.980199903523,0.02581036654399327
2.58,130.9989576251562,130.99549171764923,0.003465907506978283
2.581,130.98712142995956,131.01069343206723,-0.023572002107670187
2.582,131.0274602971236,131.0257967240848,0.0016635730387974945
2.583,131.06693218693965,131.04097522400616,0.025956962933491923
2.584,131.05427922696921,131.05621807944425,-0.0019388524750354463
2.585,131.04821850300462,131.0713532227792,-0.02313471977458903
2.586,131.0935412900524,131.086410364552,0.007130925500405283
2.587,131.12644524998933,131.10155850469408,0.024886745295248147
2.588,131.10933857922302,131.11674845638993,-0.007409877166907108
2.589,131.11039758030535,131.13181719777558,-0.02141961747022947
2.59,131.15934242724782,131.14683263782462,0.012509789423205575
2.591,131.1844456705566,131.16195001803055,0.022495652526060894
2.592,131.1644598886211,131.17708283856032,-0.012622949939213868
2.593,131.17372511319306,131.1920864540617,-0.018361340868636944
2.594,131.22451335466897,131.20706478087746,0.01744857379151199
2.595,131.24091295854734,131.22214981270164,0.018763145845696272
2.596,131.22001690418998,131.2372212821131,-0.017204377923121683
2.597,131.23817177940398,131.25216230274896,-0.013990523344972416
2.598,131.28866580733288,131.2671079119641,0.021557895368772506
2.599,131.29593451313062,131.28215771529753,0.013776797833088494
2.6,131.27640771545563,131.2971639904652,-0.020756275009574665
2.601,131.30358970834607,131.31204625781805,-0.008456549471986818
2.602,131.35140317053757,131.3269629505585,0.024440219979055655
2.603,131.34972479306552,131.34197336234516,0.007751430720361441
2.604,131.33401954650725,131.35691140209732,-0.022891855590074783
2.605,131.3696975639385,131.37173999489053,-0.002042430952030827
2.606,131.41236115992302,131.38663052884257,0.025730631080449484
2.607,131.40263530800073,131.40159623994663,0.0010390680540979247
2.608,131.39318411333048,131.41646425419825,-0.02328014086776875
2.609,131.43607734163095,131.43124527279005,0.0048320688408978185
2.61,131.47125625332532,131.4461109298817,0.025145323443609868
2.611,131.45514975808481,131.4610257976155,-0.00587603953067628
2.612,131.4541260840365,131.47582366870992,-0.021697584673432857
2.613,131.5021879416062,131.49056383771386,0.011624103892330595
2.614,131.52793832992964,131.50540404490943,0.02253428502021393
2.615,131.50786055083725,131.5202615605045,-0.012401009667257767
2.616,131.51691079593036,131.53499117649963,-0.018080380569273302
2.617,131.56739937834803,131.54969728318613,0.01770209516189425
2.618,131.58244074418903,131.56450936786445,0.01793137632458297
2.619,131.56142369639855,131.57930328704862,-0.017879590650068167
2.62,131.58139845768991,131.59396870023187,-0.012570242541954713
2.621,131.6310488487303,131.60864688967806,0.022401959052245957
2.622,131.63501985278887,131.62342602510162,0.011593827687249814
2.623,131.6164918537079,131.6381511112289,-0.02165925752098019
2.624,131.64721409102938,131.652758470437,-0.0055443794076097674
2.625,131.69251788793895,131.667413467519,0.025104420419950202
2.626,131.6861729821444,131.682152886888,0.004020095256407785
2.627,131.67362874562917,131.69680569765856,-0.023176952029388076
2.628,131.7137433022185,131.71136288864707,0.002380413571415829
2.629,131.7513240802748,131.7259972350105,0.025326845264288522
2.63,131.73662591078826,131.74068875350522,-0.004062842716962223
2.631,131.73321356704602,131.755268356861,-0.02205478981497322
2.632,131.7801638364895,131.76978432116525,0.010379515324245858
2.633,131.80721748134076,131.78439774315848,0.022819738182278115
2.634,131.78728193743513,131.79903257286517,-0.011750635430047396
2.635,131.79534785018038,131.81354107366153,-0.01819322348114838
2.636,131.84551713197393,131.82802483316357,0.0174922988103674
2.637,131.86026595678786,131.8426138841573,0.017652072630568227
2.638,131.83912890109892,131.8571837128771,-0.018054811778171143
2.639,131.85978222665156,131.8716264465595,-0.011844219907942488
2.64,131.9088214968368,131.88608591957632,0.022735577260476703
2.641,131.9109114390692,131.90064401084265,0.010267428226541142
2.642,131.8931081069119,131.9151422369814,-0.022034130069499724
2.643,131.92588261632866,131.92952751127598,-0.0036448949473140146
2.644,131.96921800217865,131.94396826581567,0.025249736362980002
2.645,131.95997672308278,131.95848618943927,0.0014905336435049321
2.646,131.94995776407185,131.9729091341413,-0.022951370069449695
2.647,131.99265365643444,131.9872474470325,0.005406209401940032
2.648,132.02613189861066,132.00167156732462,0.024460331286036308
2.649,132.00860855188282,132.01613852451325,-0.007529972630436532
2.65,132.01005321225423,132.0304864036516,-0.020433191397358996
2.651,132.0588323398319,132.04478914267364,0.014043197158258636
2.652,132.07942336634088,132.0591944840069,0.020228882333981346
2.653,132.05814704813474,132.0735995833879,-0.015452535253160704
2.654,132.07327422171468,132.0878770291251,-0.014602807410426522
2.655,132.12305363812033,132.10215478731783,0.020898850802495872
2.656,132.12949330195798,132.1165348085749,0.012958493383081304
2.657,132.10992817239884,132.1308688546338,-0.020940682234964925
2.658,132.13893411049577,132.14508474075194,-0.006150630256172462
2.659,132.18407442627225,132.15934545976384,0.024728966508405392
2.66,132.17731072766531,132.17368979276952,0.003620934895792516
2.661,132.1650407414313,132.18794708834454,-0.022906346913231346
2.662,132.20580363211278,132.20211354169066,0.003690090422111325
2.663,132.24102603289128,132.21636082660757,0.02466520628371427
2.664,132.2243331574385,132.2306566756307,-0.006323518192203892
2.665,132.2240767932716,132.2448365028115,-0.02075970953990236
2.666,132.27224901713956,132.25896713017357,0.013281886965984313
2.667,132.29364685476202,132.2731991095718,0.020447745190210753
2.668,132.27230853651074,132.28743333502175,-0.01512479851101034
2.669,132.2869298086051,132.30154071862708,-0.014610910021986001
2.67,132.33648693992757,132.3156482230583,0.020838716869263862
2.671,132.34243877238686,132.3298573037431,0.012581468643759308
2.672,132.32297166909123,132.34401892563122,-0.021047256539986847
2.673,132.35269828636103,132.35806434869065,-0.0053660623296138965
2.674,132.39692638428113,132.37215795275532,0.024768431525814094
2.675,132.38869034371527,132.38633171530674,0.0023586284085297393
2.676,132.37767798246813,132.40041439870146,-0.022736416233328782
2.677,132.4197461293157,132.41441232456847,0.005333804747237991
2.678,132.45254048033033,132.4284955249876,0.0240449553427311
2.679,132.43432664461594,132.44261878698325,-0.008292142367309907
2.68,132.4370468416046,132.456622707626,-0.01957586602139827
2.681,132.48594457238684,132.4705889664492,0.015355605937628525
2.682,132.50318523176716,132.48465820633405,0.018527025433115796
2.683,132.48157908484674,132.49871600818105,-0.01713692333430572
2.684,132.50070527878498,132.51264856490144,-0.01194328611646256
2.685,132.5490811632762,132.52659703408105,0.022484129195163405
2.686,132.5497701624096,132.54064180552442,0.009128356885184985
2.687,132.53251387854226,132.55462282089982,-0.022108942357562
2.688,132.5672225013157,132.5684977579361,-0.0012752566203744209
2.689,132.60737143833984,132.58243700642694,0.02493443191289657
2.69,132.59420228608565,132.5964415809512,-0.002239294865546526
2.691,132.58850836805746,132.61034115786714,-0.021832789809678843
2.692,132.63429923377163,132.62417599594633,0.010123237825297338
2.693,132.65996166680523,132.6381067532238,0.021854913581421442
2.694,132.63906132530636,132.6520534747075,-0.012992149401128472
2.695,132.64980443434393,132.66587549264187,-0.01607105829793909
2.696,132.69922035681893,132.6796876315889,0.019532725230021697
2.697,132.7072827153071,132.69360189120664,0.013680824100447353
2.698,132.6870349961047,132.70747539863973,-0.02044040253502999
2.699,132.71528145077707,132.7212321793662,-0.005950728589141363
2.7,132.7595058367772,132.73503448127508,0.0244713555021292
2.701,132.75112076421004,132.74891675753068,0.0022040066793636015
2.702,132.7402186329561,132.7627082179477,-0.022489584991603806
2.703,132.78256448224886,132.77641815012998,0.006146332118873943
2.704,132.81361588929974,132.79021514932066,0.02340073997908121
2.705,132.79431863152772,132.80404592785703,-0.00972729632931646
2.706,132.79945505360863,132.81775606822063,-0.01830101461200684
2.707,132.84851167818948,132.8314392011793,0.017072477010174225
2.708,132.86151280968798,132.84522515237506,0.01628765731291537
2.709,132.84011661868783,132.8589859159858,-0.018869297297982257
2.71,132.86392350550744,132.87262576299725,-0.008702257489801468
2.711,132.9100144902828,132.8862983352076,0.02371615507519209
2.712,132.9048744548813,132.90005797710043,0.004816477780877904
2.713,132.8912569313673,132.91373662828644,-0.02247969691913454
2.714,132.9311599601926,132.92732531153976,0.0038346486528268997
2.715,132.96492816790067,132.94099472532315,0.023933442577515507
2.716,132.94681726325817,132.9547069600724,-0.007889696814231684
2.717,132.94908823057105,132.9683020157156,-0.01921378514455796
2.718,132.9975955425232,132.98186177805889,0.015733764464300748
2.719,133.0128571686744,132.99552365670397,0.017333511970434756
2.72,132.991114713683,133.00916747166636,-0.01805275798335515
2.721,133.0129646340596,133.02268950350677,-0.00972486944715456
2.722,133.0595412487514,133.0362390943865,0.023302154364898797
2.723,133.05550374781794,133.04987771481814,0.0056260329997996905
2.724,133.04107080113647,133.0634388218065,-0.02236802067002941
2.725,133.08020335536648,133.0769081932437,0.003295162122782358
2.726,133.11437555633714,133.09045662273826,0.02391893359887831
2.727,133.0963703797732,133.10404909155068,-0.007678711777487024
2.728,133.09836695717857,133.11752518771598,-0.019158230537414056
2.729,133.14672973564413,133.13096621131388,0.01576352433025363
2.73,133.16155806735628,133.14450903315714,0.017049034199146718
2.731,133.13979130585352,133.15803234339043,-0.0182410375369102
2.732,133.1622906103675,133.17143492935142,-0.00914431898391399
2.733,133.2083134410847,133.18486794482592,0.023445496258773346
2.734,133.20306766043674,133.19838777353968,0.004679886897065444
2.735,133.18951557387038,133.21182674003649,-0.022311166166105068
2.736,133.22970130283946,133.22517831494474,0.0045229878947168345
2.737,133.2620542011666,133.23861230934747,0.023441891819118155
2.738,133.24299063330164,133.25208398829463,-0.00909335499298436
2.739,133.24728395598765,133.2654373179646,-0.018153361976942506
2.74,133.29589035581265,133.27876419561284,0.017126160199808282
2.741,133.30760013717585,133.29219275006295,0.01540738711290146
2.742,133.28625537729434,133.30559191808086,-0.019336540786525802
2.743,133.31195050942853,133.3188738391881,-0.006923329759558783
2.744,133.35616774574123,133.33219671601628,0.023971029724947357
2.745,133.3475711149469,133.34559931105872,0.0019718038881819666
2.746,133.33685083845222,133.3589116315615,-0.02206079310928999
2.747,133.3795959736223,133.37214776160525,0.007448212017038713
2.748,133.40767715775328,133.3854734577036,0.02220370004968686
2.749,133.38687173413211,133.39882235817737,-0.011950624045255154
2.75,133.3961574767146,133.4120498815682,-0.015892404853616426
2.751,133.44477048304162,133.42526809215101,0.019502390890608012
2.752,133.45073547438813,133.43858594273965,0.012149531648475431
2.753,133.43097487632755,133.4518566534389,-0.02088177711135586
2.754,133.46210477317348,133.46501829489404,-0.00291352172055781
2.755,133.50254440777425,133.47823768685214,0.02430672092211239
2.756,133.4890464942219,133.49152268960958,-0.0024761953876861753
2.757,133.48372383102145,133.50470421154935,-0.020980380527902298
2.758,133.52966244333928,133.51782925199984,0.01183319133943428
2.759,133.5506290824923,133.53105168997217,0.019577392520119474
2.76,133.52849877805804,133.54427395039903,-0.01577517234099446
2.761,133.54552733993745,133.55737443351362,-0.01184709357616498
2.762,133.5926818057736,133.57049086537108,0.022190940402509796
2.763,133.59063951225087,133.5836990975877,0.006940414663176853
2.764,133.5748386837997,133.59683632410733,-0.021997640307631627
2.765,133.61282463534974,133.6098809865731,0.0029436487766361097
2.766,133.64648528824793,133.6230032782441,0.023482010003817777
2.767,133.62778090123342,133.63616727447283,-0.00838637323940361
2.768,133.63109187769285,133.64921518541954,-0.01812330772668247
2.769,133.6792807017009,133.6622362940617,0.01704440763919024
2.77,133.69013247872715,133.67535807277727,0.01477440594987911
2.771,133.6688409340591,133.68844770413352,-0.019606770074432234
2.772,133.69590246283786,133.70142328463237,-0.005520821794505082
2.773,133.73843401468332,133.71444587616395,0.023988138519371205
2.774,133.72723000000155,133.72754161863324,-0.000311618631684496
2.775,133.71917016427523,133.74054064713965,-0.021370482864426776
2.776,133.7637387069059,133.75347572590678,0.010262980999129923
2.777,133.78674933644552,133.76650543188114,0.02024390456438141
2.778,133.76465512965086,133.77954134095035,-0.01488621129948342
2.779,133.77996962925909,133.79245613073988,-0.012486501480793777
2.78,133.8271651519361,133.80538308017236,0.02178207176373803
2.781,133.825623063007,133.81840229000383,0.0072207730031550454
2.782,133.8094983816306,133.83135218633865,-0.021853804708058533
2.783,133.8473005293868,133.84421015738087,0.003090372005942754
2.784,133.8803556034342,133.85714600525444,0.023209598179761315
2.785,133.86115416163102,133.87012122919373,-0.008967067562707598
2.786,133.865514829307,133.88298014670283,-0.017465317395846114
2.787,133.91359532427825,133.895817375094,0.01777794918425002
2.788,133.92221524909434,133.90875434437183,0.013460904722506939
2.789,133.90145385019264,133.9216522911275,-0.02019844093484835
2.79,133.9308738584324,133.9344404541541,-0.0035665957217076993
2.791,133.97125647297906,133.94728359430985,0.023972878669212605
2.792,133.95739030513923,133.96019176469085,-0.0028014595516197005
2.793,133.95255990680965,133.97299675813713,-0.020436851327474415
2.794,133.99861858983627,133.98575058947182,0.012868000364449017
2.795,134.016704642243,133.99860227789165,0.01810236435136403
2.796,133.99429640517548,134.01144423403855,-0.017147828863073755
2.797,134.01498962856294,134.02416776389717,-0.00917813533422418
2.798,134.05998463717756,134.03692120285933,0.023063434318231657
2.799,134.05269543566274,134.04975735375518,0.0029380819075583986
2.8,134.04082599811713,134.062508164545,-0.021682166427865468
2.801,134.082962879762,134.07518432027965,0.007778559482346736
2.802,134.10912178765724,134.0879499543763,0.021171833280931196
2.803,134.08733481747538,134.10073169869574,-0.013396881220359091
2.804,134.09985273563981,134.11339366914132,-0.01354093350150265
2.805,134.1471312382268,134.12606127068355,0.021069967543240864
2.806,134.14668611694654,134.13882211143948,0.007864005507059346
2.807,134.1298888017317,134.15151710412417,-0.0216283023924575
2.808,134.16713845985564,134.1641201651086,0.00301829474702231
2.809,134.199703198575,134.1768006374348,0.022902561140199396
2.81,134.1800143977314,134.18951845382384,-0.009504056092424662
2.811,134.18543366147557,134.20212017680572,-0.016686515330150087
2.812,134.23323646091583,134.2147059159791,0.01853054493673767
2.813,134.2392134798588,134.22738976410957,0.011823715749216035
2.814,134.21929553053744,134.24002664785618,-0.020731117318746328
2.815,134.25144713685947,134.25255988975417,-0.0011127528946985876
2.816,134.2887790633666,134.26515715581746,0.02362190754914195
2.817,134.27194285138552,134.27780818817067,-0.005865336785149111
2.818,134.2715629875355,134.2903496732248,-0.018786685689292426
2.819,134.31873590144636,134.30285716615433,0.015878735292034207
2.82,134.33029182640846,134.31546368671218,0.014828139696277276
2.821,134.30863703063017,134.32804004090966,-0.019403010279489763
2.822,134.33602582707556,134.3405055120048,-0.004479684929236782
2.823,134.37669288974274,134.3530220848002,0.02367080494255447
2.824,134.3628759937429,134.36560443142108,-0.002728437678172213
2.825,134.35801085622654,134.37808482206566,-0.020073965839117136
2.826,134.40394760766065,134.3905170932202,0.01343051444044363
2.827,134.42002931169262,134.40304697278387,0.016982338908746897
2.828,134.3975821467527,134.4155605629231,-0.01797841617039353
2.829,134.42089936182236,134.42795928051632,-0.007059918693954614
2.83,134.46375213728217,134.4403978719347,0.02335426534747853
2.831,134.4526847748372,134.45291051685334,-0.00022574201614133926
2.832,134.4445437701007,134.46532844910564,-0.020784679004947293
2.833,134.48908412856008,134.47768788195168,0.011396246608398997
2.834,134.5085711330066,134.49014251428147,0.01842861872512458
2.835,134.48588582121536,134.50259143913203,-0.01670561791667069
2.836,134.50603045314867,134.5149236368287,-0.008893183680044103
2.837,134.55020377077437,134.52728693874363,0.022916832030745127
2.838,134.54131735699633,134.53972958872,0.0015877682763232315
2.839,134.5309600899443,134.55208344085014,-0.021123350905838834
2.84,134.5742754250242,134.56437184337028,0.009903581653929905
2.841,134.59605901928438,134.5767530702646,0.01930594901978111
2.842,134.57338217477775,134.5891357822368,-0.01575360745906096
2.843,134.5913598648637,134.6014011548799,-0.01004129001620413
2.844,134.6362265619866,134.61369175066926,0.022534811317342474
2.845,134.6287649538547,134.6260646453894,0.002700308465307444
2.846,134.61710916817935,134.6383527015011,-0.02124353332175133
2.847,134.6595927515256,134.65057144848603,0.00902130303956028
2.848,134.68260450089483,134.66288135986042,0.019723141034404534
2.849,134.65997184432527,134.67519658938699,-0.015224745061715339
2.85,134.67683425250928,134.68739449535605,-0.010560242846764822
2.851,134.7219319976213,134.69961483707382,0.022317160547487447
2.852,134.71503639871122,134.71191853139504,0.0031178673161775805
2.853,134.7029002341237,134.72413904601243,-0.02123881188873611
2.854,134.74506865846737,134.7362892397556,0.008779418711782228
2.855,134.76827479191118,134.74853003150247,0.01974476040871309
2.856,134.74561075761025,134.76077667500743,-0.015165917397183648
2.857,134.76242396774464,134.7729063265911,-0.010482358846473971
2.858,134.8073680298975,134.78505878529575,0.022309244601757428
2.859,134.80014231546397,134.79729395636747,0.0028483590965038275
2.86,134.78830520194737,134.80944520251555,-0.021140000568180994
2.861,134.83070897664032,134.82152786776666,0.00918110887366197
2.862,134.85308564859602,134.8337017350241,0.01938391357191449
2.863,134.83030288926255,134.84587871975955,-0.015575830496999288
2.864,134.84813022751138,134.85793935331648,-0.009809125805105623
2.865,134.89252160430794,134.8700262877488,0.022495316559144385
2.866,134.88408867855745,134.88219354401537,0.0018951345420816779
2.867,134.87335855068105,134.89427383142316,-0.020915280742116238
2.868,134.91649594259098,134.90629009978943,0.0102058428015539
2.869,134.9370008393409,134.91839913644378,0.018601702897115047
2.87,134.91409900581317,134.93050528606918,-0.016406280256006767
2.871,134.93398407691765,134.94249632768043,-0.008512250762777285
2.872,134.97731875539742,134.9545201412665,0.022798614130920214
2.873,134.96688063382896,134.96661982884547,0.00026080498349756454
2.874,134.95815571596788,134.97862753393682,-0.020471817968939376
2.875,135.00238273652667,134.99057881212903,0.011803924397639776
2.876,135.01993770369458,135.00262488038527,0.017312823309310943
2.877,134.99710223103872,135.0146587899073,-0.017556558868562888
2.878,135.02003649950987,135.02658002177805,-0.006543522268174229
2.879,135.0616228418489,135.03854318042724,0.023079661421661513
2.88,135.0485359735102,135.0505751916255,-0.0020392181152999456
2.881,135.04284874206618,135.06250882960975,-0.019660087543570626
2.882,135.08827982407433,135.07439695109355,0.013882872980786942
2.883,135.10177947266902,135.08638153662827,0.015397936040756122
2.884,135.07947796412046,135.0983415162399,-0.018863552119455562
2.885,135.1063391708136,135.11019328182073,-0.0038541110071150797
2.886,135.14523324313535,135.1220982820755,0.023134961059838588
2.887,135.12910764237984,135.13406188629205,-0.004954243912209222
2.888,135.12763596852636,135.1459202641557,-0.01828429562934275
2.889,135.17403491546798,135.15774759971995,0.01628731574803055
2.89,135.1823966641363,135.16967160671746,0.012725057418833785
2.891,135.16146420202827,135.1815556963189,-0.020091494290625178
2.892,135.19291502444213,135.1933391160888,-0.0004240916466642375
2.893,135.227888970974,135.20518834205487,0.022700628919125165
2.894,135.20871382767675,135.21708203129356,-0.008368203616811343
2.895,135.21274162374945,135.22886446394696,-0.016122840197510868
2.896,135.25941073628155,135.24063393060104,0.018776805680516873
2.897,135.2616815674823,135.25249741078954,0.009184156692754186
2.898,135.24337757696563,135.26430348978977,-0.020925912824139914
2.899,135.2797178121054,135.2760206505029,0.0036971616025027743
2.9,135.3092845655528,135.28781612455134,0.021468441001445626
2.901,135.28757309241016,135.29963754628324,-0.012064453873080083
2.902,135.29838012089675,135.3113441780423,-0.012964057145552488
2.903,135.3440672200212,135.32305914365287,0.02100807636833224
2.904,135.33959634326058,135.33486103177037,0.004735311490208005
2.905,135.32560549452614,135.34658710767826,-0.02098161315211655
2.906,135.3665849768975,135.3582412200746,0.008343756822910109
2.907,135.38910485559438,135.36998422545005,0.019120630144328743
2.908,135.36603565529856,135.38173024738032,-0.01569459208175772
2.909,135.38470073943893,135.3933624346451,-0.008661695206171771
2.91,135.4275591291907,135.4050264331513,0.022532696039405664
2.911,135.41623397431883,135.41676429926414,-0.0005303249453163517
2.912,135.40857432945128,135.42840894460116,-0.01983461514987539
2.913,135.4531898532205,135.44000434200728,0.013185511213208656
2.914,135.46708609265914,135.45169492524553,0.015391167413611129
2.915,135.44459951337487,135.46336189194867,-0.018762378573796923
2.916,135.47171237904382,135.47492256678956,-0.003210187745736448
2.917,135.50936173380222,135.48653878077332,0.022822953028907023
2.918,135.49188442727151,135.49820870658814,-0.0063242793166296
2.919,135.49268363636943,135.5097716802694,-0.017088043899974537
2.92,135.53900889611964,135.52131360071945,0.01769529540018766
2.921,135.5431065514636,135.53295004856085,0.010156502902759712
2.922,135.52389374011833,135.54453434072818,-0.020640600609851845
2.923,135.55919621045743,135.5560282905799,0.003167919877540726
2.924,135.58893998819343,135.56759882868107,0.021341159512360264
2.925,135.5670883669977,135.57919556253484,-0.01210719553714057
2.926,135.578199794315,135.59067852507349,-0.012478730758488155
2.927,135.6233256038143,135.60217254807304,0.021153055741251592
2.928,135.6172982178072,135.61375095476907,0.003547263038115034
2.929,135.6046075595616,135.6252498364968,-0.020642276935205928
2.93,135.64662596957038,135.6366836672224,0.009942302347980103
2.931,135.66587148271734,135.6482086451166,0.017662837600738612
2.932,135.64265076628982,135.65972612955528,-0.01707536326546233
2.933,135.66511518140322,135.67113328418412,-0.006018102780899426
2.934,135.70529902653996,135.6825843494444,0.022714677095564184
2.935,135.69015862328595,135.69409846678937,-0.003939843503417251
2.936,135.68735154220164,135.705511193864,-0.018159651662358556
2.937,135.73313027803985,135.7168928263096,0.016237451730262364
2.938,135.7400196219495,135.7283694829355,0.011650139013994476
2.939,135.71957933095408,135.7398019201227,-0.020222589168611194
2.94,135.7529985121341,135.75114037366077,0.0018581384733238338
2.941,135.78411975633372,135.7625514600598,0.021568296273926535
2.942,135.76262010771785,135.77399311730355,-0.011373009585696536
2.943,135.77244744708565,135.78532212987568,-0.012874682790027236
2.944,135.81754313829614,135.79665966679534,0.020883471500809492
2.945,135.81172929100973,135.80808177295273,0.003647518056993704
2.946,135.79891246909156,135.81942518035697,-0.0205127112654111
2.947,135.84088622991658,135.83070465476186,0.010181575154717848
2.948,135.859259842389,135.84207528540355,0.0171845569854554
2.949,135.83601600282225,135.85343556608257,-0.017419563260318682
2.95,135.85967899645024,135.86468738927363,-0.005008392823384611
2.951,135.8985896883872,135.8759873172382,0.02260237114899155
2.952,135.8819835527903,135.88734529598656,-0.005361743196260704
2.953,135.88142487299126,135.89859935208008,-0.017174479088822636
2.954,135.92729160441502,135.90983095460888,0.017460649806139372
2.955,135.93078403203836,135.92115597147148,0.009628060566882368
2.956,135.91188286436628,135.93242724486532,-0.02054438049904661
2.957,135.9480769193963,135.94361259014246,0.004464329253835331
2.958,135.97522967202528,135.95487754368725,0.02035212833803257
2.959,135.9524264245573,135.9661596861839,-0.013733261626583726
2.96,135.96724475527265,135.97732937128805,-0.01008461601540489
2.961,136.01041333480714,135.98852329412995,0.021890040677192246
2.962,135.99963443918716,135.99979250629866,-0.00015806711149934927
2.963,135.9915629645983,136.01097107892102,-0.019408114322715164
2.964,136.03585630244189,136.02210362428985,0.01375267815203074
2.965,136.047122264877,136.03333031776432,0.013791947112679281
2.966,136.02514534147383,136.04452532395945,-0.01937998248561712
2.967,136.05548789198872,136.05562159814912,-0.00013370616039765082
2.968,136.08859335809635,136.0667839960738,0.02180936202253747
2.969,136.06774163480148,136.07798336191829,-0.010241727116806487
2.97,136.07564513960457,136.0890720652377,-0.01342692563312653
2.971,136.12064219857143,136.10016559947485,0.020476599096582504
2.972,136.11508679502512,136.11134382649064,0.003742968534481861
2.973,136.10214568212407,136.122444432171,-0.020298750046919167
2.974,136.14408984339522,136.13348311172487,0.0106067316703502
2.975,136.16098389415237,136.14461295846436,0.016370935688001964
2.976,136.13779046622003,136.15572770153807,-0.01793723531804403
2.977,136.1633955275255,136.16673733286302,-0.0033418053375271484
2.978,136.20007334046392,136.17780155532543,0.02227178513848571
2.979,136.18133523704532,136.18891527577608,-0.007580038730765182
2.98,136.18455867208533,136.19992202054362,-0.015363348458294013
2.981,136.2300507114766,136.21092026800596,0.019130443470629643
2.982,136.22824072454122,136.2220075422319,0.006233182309330232
2.983,136.2125248523828,136.2330269611494,-0.02050210876657843
2.984,136.25245239861565,136.24397526469238,0.008477133923264546
2.985,136.27273678475993,136.25501133539555,0.017725449364377255
2.986,136.2492113733353,136.26604251782456,-0.016831144489259486
2.987,136.27180848569716,136.27696607583547,-0.005157590138310297
2.988,136.3102387801161,136.2879368667639,0.022301913352180236
2.989,136.2929062264534,136.29896356445792,-0.0060573380045241265
2.99,136.2936485199825,136.3098862215436,-0.01623770156109572
2.991,136.3391131453255,136.32079354044365,0.018319604881867235
2.992,136.33915870809534,136.33179131636393,0.007367391731406769
2.993,136.32225768739514,136.34272620466407,-0.020468517268938058
2.994,136.36114763242753,136.35358639561522,0.00756123681230747
2.995,136.3826799030072,136.36453251704646,0.018147385960730844
2.996,136.35908286213132,136.3754774887317,-0.016394626600373385
2.997,136.38065969141778,136.38631450473517,-0.005654813317391927
2.998,136.41942478716572,136.3971965819884,0.02222820517732771
2.999,136.4023480817995,136.40813575955843,-0.00578767775894562
3.0,136.40270566142365,136.4189717371933,-0.01626607576963579
3.001,136.44804667629882,136.42979198401264,0.018254692286177487
3.002,136.44791340822837,136.44070235567912,0.007211052549251917
3.003,136.43114888317723,136.45154943954412,-0.020400556366894307
3.004,136.47023527599796,136.46232323746773,0.007912038530236032
3.005,136.4909459282275,136.47318344658424,0.017762481643245565
3.006,136.467313626792,136.48403985079867,-0.016726224006674784
3.007,136.489916568191,136.4947895772757,-0.0048730090846902385
3.008,136.527714229585,136.5055875792802,0.022126650304812756
3.009,136.50966274398087,136.51643891795683,-0.006776173975964639
3.01,136.51170889551858,136.5271856229439,-0.015476727425323134
3.011,136.5568506537558,136.53792257642962,0.01892807732616575
3.012,136.55451768708417,136.54874755201647,0.005770135067706406
3.013,136.5392551520966,136.5595036141685,-0.020248462071918993
3.014,136.57968322333681,136.5701929057923,0.009490317544504023
3.015,136.59747164727693,136.5809710187704,0.016500628506520343
3.016,136.57402321731956,136.59173633435663,-0.017713117037061465
3.017,136.59961117088287,136.60239844214817,-0.0027872712653049803
3.018,136.63493994787402,136.61311693556277,0.021823012311244838
3.019,136.61494519151347,136.62387958787042,-0.008934396356949037
3.02,136.62082744653821,136.6345348581277,-0.01370741158947908
3.021,136.66531032609848,136.6451926500527,0.020117676045771304
3.022,136.65893396570704,136.65593345827352,0.0030005074335122117
3.023,136.6468795970993,136.66659537773126,-0.019715780631941016
3.024,136.6893476023744,136.6772028973038,0.012144705070596729
3.025,136.7020228017325,136.68790202789847,0.014120773834036981
3.026,136.67955770617925,136.69857322215043,-0.019015515971176455
3.027,136.70979322734553,136.70914851908242,0.0006447082631098056
3.028,136.74069561723368,136.719791860427,0.02090375680668899
3.029,136.7184376709293,136.73046383282477,-0.012026161895477117
3.03,136.7303678069888,136.74102650896197,-0.010658701973170537
3.031,136.77296552827494,136.75160984334858,0.021355684926362528
3.032,136.76115920328553,136.7622661999329,-0.0011069966473655768
3.033,136.7545492947954,136.77283124917295,-0.01828195437755653
3.034,136.79888745112297,136.78336110670654,0.015526344416429083
3.035,136.80427878219294,136.79398298094293,0.010295801250009617
3.036,136.7845282296315,136.8045564713192,-0.020028241687697346
3.037,136.82040575181364,136.81504763946893,0.005358112344708843
3.038,136.84437922795527,136.8256194663869,0.018759761568361455
3.039,136.82063896106,136.83619723216677,-0.015558271106755228
3.04,136.84064895263882,136.84666797943095,-0.006019026792131399
3.041,136.87907704931018,136.85718192366033,0.021895125649848524
3.042,136.8613873007603,136.8677513311006,-0.006364030340307636
3.043,136.86293750747672,136.87821792324604,-0.015280415769325373
3.044,136.90764175028556,136.88867577368936,0.018965976596206247
3.045,136.90400539078658,136.8992197905635,0.004785600223073061
3.046,136.88982276446538,136.90969196203858,-0.01986919757320038
3.047,136.9310893586225,136.92010416145072,0.010985197171777372
3.048,136.9453203773793,136.93060637145462,0.014714005924673756
3.049,136.9224249334673,136.941084990158,-0.018660056690691817
3.05,136.95177807564306,136.9514673065519,0.00031076909115768103
3.051,136.98265889290607,136.96191638780593,0.02074250510014508
3.052,136.9602272789604,136.9723937165056,-0.01216643754520419
3.053,136.97267158224915,136.98276269325902,-0.010091111009870701
3.054,137.01453515554948,136.99315521966724,0.021379935882237078
3.055,137.0013305984815,137.00361746514218,-0.0022868666606825627
3.056,136.99650488426448,137.0139859818056,-0.017481097541121926
3.057,137.04096011091136,137.0243269386796,0.016633172231763638
3.058,137.04305244774628,137.03475820175808,0.00829424598819628
3.059,137.02508624176068,137.04513233211705,-0.020046090356373725
3.06,137.06333051324265,137.05543339437347,0.007897118869180986
3.061,137.0826749723427,137.06581986044844,0.0168551118942446
3.062,137.05890124499157,137.07619773521532,-0.017296490223742467
3.063,137.08397305509897,137.08647396264047,-0.0025009075415027837
3.064,137.11813342249752,137.0968072590637,0.02132616343382665
3.065,137.09708888447437,137.10717999195242,-0.010091107478046979
3.066,137.10549708028128,137.11744592177843,-0.011948841497144258
3.067,137.14847801430994,137.12772489628452,0.02075311802542501
3.068,137.1377524676338,137.13807916024746,-0.0003266926136689108
3.069,137.13013864212726,137.14834531795555,-0.018206675828281504
3.07,137.1740195977642,137.15857593846079,0.015443659303400636
3.071,137.17849241184064,137.16889739938972,0.009595012450915874
3.072,137.15925572315166,137.17916804281458,-0.019912319662921618
3.073,137.19616121305862,137.18936160516438,0.00679960789423717
3.074,137.21700779206702,137.19963832085833,0.017369471208695586
3.075,137.1930792009186,137.20991085207922,-0.016831651160629235
3.076,137.21699010402187,137.22008109450687,-0.003090990484992062
3.077,137.25161680285018,137.2303061135261,0.021310689324081977
3.078,137.23074690739148,137.24057208272694,-0.009825175335464564
3.079,137.23875283219533,137.25073196465868,-0.011979132463352471
3.08,137.28158609124952,137.2609046005544,0.02068149069512515
3.081,137.27058088771318,137.27115192506335,-0.0005710373501699451
3.082,137.2633463812558,137.28131081856358,-0.017964437307796288
3.083,137.30721729182324,137.2914364569753,0.01578083484793069
3.084,137.310517223321,137.30165226115207,0.008864962168928514
3.085,137.29193591306668,137.31181417910756,-0.019878266040876724
3.086,137.3297003027048,137.32190278435294,0.0077975183518503854
3.087,137.34857565804938,137.3320761593515,0.016499498697896797
3.088,137.32476738533975,137.34223925807024,-0.01747187273048212
3.089,137.35079232554384,137.35230303736952,-0.0015107118256878493
3.09,137.38326484407665,137.36242718323732,0.020837660839333694
3.091,137.36119136130762,137.3725845158346,-0.011393154526984972
3.092,137.3724126669656,137.38263531130747,-0.010222644341865816
3.093,137.4138447819878,137.392708666556,0.021136115431801272
3.094,137.39986719392695,137.40284989411003,-0.002982700183082443
3.095,137.3962458679126,137.41289686027696,-0.016650992364361628
3.096,137.44041179146114,137.4229231101243,0.017488681336857326
3.097,137.43908396647865,137.43303673889685,0.006047227581802872
3.098,137.42343255128807,137.4430847518289,-0.01965220054083261
3.099,137.4638098318734,137.45307180355576,0.010738028317632597
3.1,137.4771198893173,137.46314744115267,0.01397244816462262
3.101,137.4543982680211,137.4731964713087,-0.01879820328761639
3.102,137.48540800511168,137.48315471849418,0.002253286617502681
3.103,137.5125660642114,137.4931849343636,0.01938112984780105
3.104,137.4888353588184,137.5032303845647,-0.014395025746296142
3.105,137.5068033756938,137.5131706616883,-0.006367285994485883
3.106,137.54455656232088,137.52315215221066,0.02140441011022176
3.107,137.52582207865137,137.53318598993732,-0.007363911285949598
3.108,137.52951424579814,137.543117620201,-0.0136033744028623
3.109,137.57287590487095,137.55305153723174,0.01982436763921669
3.11,137.56403912773914,137.56306392934061,0.0009751983985211155
3.111,137.55472121696533,137.57299321076553,-0.01827199380019806
3.112,137.5979388818302,137.58288468564749,0.015054196182717305
3.113,137.60203233938373,137.59286580094047,0.009166538443253103
3.114,137.58309528607194,137.6027951665484,-0.01969988047645188
3.115,137.62066430712034,137.61265219685174,0.008012110268595052
3.116,137.63846877812875,137.6225938360763,0.01587494205244866
3.117,137.6147322521636,137.63252172793577,-0.017789475772161722
3.118,137.6422777405781,137.64235368235467,-7.594177657210821e-5
3.119,137.67234367182823,137.6522504909551,0.0200931808731184
3.12,137.64918963377542,137.66217189850346,-0.012982264728037762
3.121,137.66408641175101,137.67198795183572,-0.007901540084702674
3.122,137.7031108970969,137.68183808124505,0.021272815851858695
3.123,137.68560634839548,137.69174556959285,-0.006139221197372535
3.124,137.68726708911035,137.701553300832,-0.014286211721639575
3.125,137.73072439730367,137.7113584626288,0.019365934674880236
3.126,137.72287393194884,137.7212434771347,0.001630454814147697
3.127,137.7126989467022,137.73104784667424,-0.01834889997203959
3.128,137.75559837251478,137.74081280953436,0.014785562980421219
3.129,137.7598266929908,137.75066701670931,0.009159676281484508
3.13,137.74086157800826,137.76046984656148,-0.019608268553213293
3.131,137.77850210441503,137.7702015388308,0.008300565584221431
3.132,137.7954165356365,137.78001800514707,0.015398530489420637
3.133,137.77180429863733,137.7898179666209,-0.01801366798355275
3.134,137.80041570840586,137.7995243571695,0.0008913512363619702
3.135,137.8288501131566,137.8092984213997,0.0195516917569023
3.136,137.80518131834123,137.8190914548785,-0.013910136537276685
3.137,137.82237317183362,137.8287803873164,-0.006407215482795436
3.138,137.85967309994908,137.83851012351064,0.02116297643843268
3.139,137.84033827034222,137.84829019636524,-0.007951926023025635
3.14,137.84531681082836,137.85796836938755,-0.01265155855918465
3.141,137.88779708684493,137.86765465037934,0.020142436465590663
3.142,137.87643001710714,137.87741469421158,-0.0009846771044408342
3.143,137.86998312634853,137.88708688433232,-0.017103757983790047
3.144,137.9134739728063,137.89673306447654,0.01674090832975139
3.145,137.91254920353597,137.90646595400466,0.006083249531315005
3.146,137.89682955187007,137.91613458375565,-0.019305031885579638
3.147,137.93722913319104,137.92574590052857,0.011483232662470755
3.148,137.94784639976658,137.93544533044164,0.012401069324937453
3.149,137.92600682274443,137.94511036705538,-0.019103544310951293
3.15,137.95976822675934,137.95469316830363,0.005075058455702219
3.151,137.98162733767975,137.96435433807915,0.01727299960060691
3.152,137.95737313143772,137.97401350658654,-0.01664037514882466
3.153,137.98187405867097,137.9835744347779,-0.0017003761069247503
3.154,138.0134183298606,137.99319448495106,0.020223844909537547
3.155,137.99054201518203,138.0028437087604,-0.012301693578365303
3.156,138.00430750725548,138.01238892871316,-0.008081421457688975
3.157,138.04299724566917,138.02196711163808,0.02103013403109344
3.158,138.0249528689452,138.03160112086331,-0.006648251918107917
3.159,138.02772446399183,138.0411356940904,-0.013411230098569149
3.16,138.07039009538224,138.05067328820195,0.019716807180287788
3.161,138.05995182384814,138.06028628421635,-0.000334460368208056
3.162,138.052616042342,138.0698137294533,-0.01719768711129177
3.163,138.09584094872983,138.0793137412071,0.01652720752272785
3.164,138.09487210384503,138.08890004527464,0.005972058570392846
3.165,138.07927506694907,138.09842211928665,-0.019147052337586956
3.166,138.1197617434175,138.10788883752105,0.0118729058964675
3.167,138.1291045935894,138.11744344918154,0.011661144407867141
3.168,138.10778858533564,138.12696013478492,-0.019171549449282566
3.169,138.14267122840252,138.1363986049696,0.0062726234329204544
3.17,138.16215234446176,138.1459176290932,0.016234715368568686
3.171,138.13805329898304,138.15542729996005,-0.017374000977014248
3.172,138.16513150079894,138.16484278641917,0.0002887143797636327
3.173,138.1936658920976,138.17432370380124,0.01934218829637757
3.174,138.16980774176332,138.1838234233822,-0.014015681618872122
3.175,138.1876893775753,138.1932209125547,-0.005531534979382968
3.176,138.2234586858066,138.20266268818102,0.020795997625583595
3.177,138.20267556432168,138.2121485956701,-0.00947303134842059
3.178,138.2108277069481,138.22153238460206,-0.01070467765396188
3.179,138.25150455645291,138.23093542881867,0.020569127634246342
3.18,138.2362137555225,138.24040316141702,-0.004189405894521769
3.181,138.23492985977663,138.24977655984358,-0.0148467000669541
3.182,138.2779202512641,138.2591425638517,0.018777687412409705
3.183,138.26995918731953,138.26858767111827,0.0013715162012601922
3.184,138.26025936184766,138.27795282952607,-0.017693467678412844
3.185,138.3029377841001,138.28728451307592,0.015653271024177684
3.186,138.3034709927292,138.29670282690756,0.006768165821625871
3.187,138.2869519750464,138.3060606782481,-0.01910870320168101
3.188,138.32687061941397,138.3153614743756,0.011509145038360202
3.189,138.3363635029053,138.3247493999098,0.011614102995508802
3.19,138.31502189115787,138.33409972095794,-0.019077829800068002
3.191,138.350077836552,138.34337345746067,0.0067043790913317025
3.192,138.36833002928262,138.3527281932273,0.015601836055310514
3.193,138.34437599407082,138.36206973903464,-0.0176937449638217
3.194,138.3729306129413,138.3713203222466,0.0016102906947139672
3.195,138.3991559061362,138.38063998369566,0.018515922440542454
3.196,138.37483514188438,138.38997068304994,-0.015135541165562927
3.197,138.39578230324622,138.3992018182566,-0.0034195150103926153
3.198,138.4287223722482,138.40848547462375,0.020236897624442918
3.199,138.4061589576504,138.4178026601982,-0.01164370254778646
3.2,138.41894539451363,138.4270176248037,-0.008072230290082416
3.201,138.45700204036353,138.43626526767554,0.020736772687996563
3.202,138.43807144778205,138.4455659190956,-0.007494471313549411
3.203,138.4426750648342,138.4547674000027,-0.01209233516851782
3.204,138.48404830278892,138.4639798524215,0.020068450367432433
3.205,138.47028464225923,138.47326083079614,-0.0029761885369055108
3.206,138.467159532647,138.4824508221034,-0.015291289456399682
3.207,138.5099803275814,138.49162959578786,0.018350731793532304
3.208,138.50251997141746,138.50088784769534,0.0016321237221177398
3.209,138.49251734151602,138.51006760957821,-0.01755026806219462
3.21,138.53496606499317,138.51921474189254,0.015751323100630543
3.211,138.53452455432688,138.5284474709967,0.006077083330183086
3.212,138.51879971215703,138.5376175466668,-0.018817834509775366
3.213,138.55920455725467,138.5467354298995,0.012469127355160481
3.214,138.56608359194038,138.55594022983016,0.010143362110227372
3.215,138.5459971402915,138.56510050128497,-0.01910336099348342
3.216,138.5829089973643,138.574191712178,0.008717285186321533
3.217,138.5970275636884,138.58336665292487,0.013660910763547918
3.218,138.57404905179266,138.59251642846937,-0.0184673766767105
3.219,138.60629220862617,138.60158357277993,0.0047086358462422595
3.22,138.6272355703959,138.61072724644464,0.016508323951256898
3.221,138.6028550092624,138.61986536635075,-0.017010357088338424
3.222,138.62955438118092,138.62891094454886,0.0006434366320604568
3.223,138.6566348262837,138.63802247584422,0.018612350439468628
3.224,138.6322865234093,138.64714743176108,-0.014860908351778335
3.225,138.65287381630728,138.6561737345564,-0.0032999182491266765
3.226,138.6851970163557,138.6652527604225,0.01994425593318283
3.227,138.66219823247133,138.67436281109715,-0.012164578625828426
3.228,138.6764007749828,138.6833718340838,-0.006971059101005039
3.229,138.71293329949495,138.69241845264017,0.020514846854780444
3.23,138.69243854155772,138.70151173510197,-0.0090731935442534
3.231,138.70025411201507,138.71050513390642,-0.01025102189134941
3.232,138.7398871207192,138.71951985313788,0.020367267581320903
3.233,138.72285829673632,138.7285944900314,-0.005736193295092562
3.234,138.72452000044922,138.73757355719215,-0.01305355674293196
3.235,138.7661268717097,138.74655721343865,0.019569658271052504
3.236,138.75331755833867,138.7556113877321,-0.0022938293934373633
3.237,138.74925328484795,138.76457703688462,-0.015323752036664473
3.238,138.79173869912236,138.7735307160652,0.018207983057152433
3.239,138.78369152401808,138.7825627422828,0.0011287817352751972
3.24,138.77447994009017,138.79151553961714,-0.017035599526963097
3.241,138.81681928875483,138.80044051011114,0.0163787786436842
3.242,138.81387308091112,138.80944889100235,0.0044241899087751335
3.243,138.80020047418006,138.8183890752258,-0.018188601045750374
3.244,138.84146971745582,138.82728670672563,0.014183010730192791
3.245,138.84377555258095,138.83627015737602,0.00750539520493021
3.246,138.8263943358855,138.8451976863579,-0.018803350472381908
3.247,138.86579031585052,138.85406939076694,0.011720925083579914
3.248,138.87333239319162,138.8630268607279,0.010305532463718237
3.249,138.85302445092145,138.8719414501068,-0.01891699918533618
3.25,138.88987610933918,138.8807886229551,0.009087486384089516
3.251,138.90249708167673,138.88971930072137,0.01277778095536064
3.252,138.88004153225359,138.89862047601605,-0.018578943762463496
3.253,138.91381424658238,138.9074444548137,0.0063697917686624805
3.254,138.93124136717873,138.9163477657788,0.014893601399933232
3.255,138.90738830033308,138.92523490958752,-0.017846609254434043
3.256,138.9376813080868,138.934036936862,0.003644371224822862
3.257,138.95955338277818,138.9429125208617,0.016640861916471295
3.258,138.93500304048592,138.95178491224198,-0.01678187175605217
3.259,138.96154230095667,138.96056610817527,0.0009761927813940474
3.26,138.987435293815,138.96941380399286,0.018021489822132253
3.261,138.96282301747218,138.97827066485908,-0.015447647386906738
3.262,138.98545031674786,138.9870320156476,-0.0015816988997414683
3.263,139.01490050218217,138.9958518375818,0.01904866460037624
3.264,138.99078684368507,139.00469236644727,-0.013905522762200917
3.265,139.00944654039483,139.01343471315855,-0.003988172763712328
3.266,139.04197155198838,139.02222682089183,0.019744731096551504
3.267,139.0188365011378,139.0310502234919,-0.01221372235409035
3.268,139.0335608117253,139.03977426412987,-0.006213452404580266
3.269,139.06867734592817,139.0485389410761,0.02013840485207652
3.27,139.04691878545637,139.05734445516867,-0.010425669712304853
3.271,139.05781282440617,139.06605074194317,-0.008237917537002204
3.272,139.09505124245766,139.07478835985967,0.02026288259799003
3.273,139.07498640064745,139.08357527091366,-0.008588870266208914
3.274,139.08221322157792,139.09226422490676,-0.010051003328840125
3.275,139.12112905859982,139.10097522841696,0.02015383018286343
3.276,139.1029982605069,139.10974288920846,-0.006744628701568445
3.277,139.1067647104857,139.11841480872155,-0.011650098235861606
3.278,139.14694745273866,139.12709968848063,0.019847764258031475
3.279,139.1309196953121,139.1358475254686,-0.004927830156503887
3.28,139.13146386016322,139.1445026004006,-0.013038740237391266
3.281,139.17254278272205,139.1531618729337,0.01938090978833884
3.282,139.15872219958092,139.16188938911472,-0.0031671895337979095
3.283,139.1563019948265,139.17052770993578,-0.014225715109290604
3.284,139.1979499039899,139.17916190263176,0.018788001358132078
3.285,139.18638352984271,139.1878686848683,-0.0014851550255912116
3.286,139.18126650057485,139.19649026337075,-0.01522376279589821
3.287,139.22320155914056,139.2050998999868,0.018101659153757055
3.288,139.21388662309295,139.2137856136346,0.0001010094583477894
3.289,139.20634213784913,139.22239038946663,-0.016048251617490905
3.29,139.24832787287542,139.23097597668445,0.017351896190973548
3.291,139.24121928059142,139.23964036309752,0.0015789174939015993
3.292,139.23151202668356,139.24822822174968,-0.016716195066123873
3.293,139.2733560874396,139.25679024556217,0.016565841877422827
3.294,139.26837363901228,139.2654331215678,0.0029405174444718796
3.295,139.25675801762372,139.27400390601832,-0.01724588839459784
3.296,139.29831025552116,139.2825428240539,0.015767431467253346
3.297,139.29534494774782,139.29116407368582,0.004180874062001294
3.298,139.28206213429905,139.2997175905199,-0.01765545622083664
3.299,139.3232116179764,139.30823382630146,0.01497779167493718
3.3,139.32213180758103,139.316833394195,0.005298413386043421
3.301,139.30740642547042,139.32536942742266,-0.01796300195223921
3.302,139.34807812861072,139.3338633725447,0.014214756066024847
3.303,139.3487345599452,139.3424412618257,0.006293298119487645
3.304,139.33277395096775,139.35095957832488,-0.018185627357127032
3.305,139.37292534821978,139.35943158660356,0.013493761616217625
3.306,139.37515553741738,139.36798784259102,0.007167694826364368
3.307,139.3581488384003,139.37648819519995,-0.01833935679965748
3.308,139.3977660738817,139.3849385855178,0.012827488363910788
3.309,139.40139793993134,139.39347329600153,0.007924643929811737
3.31,139.38351664783562,139.4019554309786,-0.018438783142983084
3.311,139.4226108969485,139.41038449035406,0.012226406594436412
3.312,139.42746581815894,139.4188977808268,0.008568037332139511
3.313,139.40886454433698,139.42736144278288,-0.018496898445903298
3.314,139.44746835408867,139.4357694289032,0.011698925185470443
3.315,139.45336332085427,139.44426145347668,0.009101867377580675
3.316,139.43418135979226,139.45270638672304,-0.018525026930774402
3.317,139.4723451887517,139.46109353118374,0.011251657567953544
3.318,139.4790946284153,139.46956446862356,0.009530159791751203
3.319,139.45945770181652,139.47799042100505,-0.018532719188527835
3.32,139.4972466261997,139.48635693530184,0.010889690897869286
3.321,139.5046635845352,139.49480698580143,0.009856598733762212
3.322,139.48468609351295,139.50321370506973,-0.0185276115567774
3.323,139.52217655649218,139.51155977790134,0.010616778590843978
3.324,139.53007348206685,139.5199891495713,0.010084332495551962
3.325,139.50986082246482,139.52837638467588,-0.018515562211064207
3.326,139.54713766917203,139.53670219118698,0.010435477985055286
3.327,139.555326876775,139.54511110444102,0.010215772333992845
3.328,139.53497803129036,139.5534786086337,-0.01850057734333177
3.329,139.57213154817404,139.5617843158075,0.010347232366541448
3.33,139.58042548587352,139.5701729982367,0.010252487636819296
3.331,139.5600357295037,139.57852052779302,-0.01848479828930749
3.332,139.5971589221238,139.5868062980284,0.01035262409541815
3.333,139.60537020744056,139.59517497697956,0.010195230460993798
3.334,139.58503375618264,139.60350228717692,-0.018468530994283583
3.335,139.62221950073933,139.61176827992736,0.010451220811972917
3.336,139.63016090910563,139.62011717873887,0.010043730366760428
3.337,139.60997379721937,139.62842402607333,-0.018450228853964745
3.338,139.64731209271713,139.63667040616775,0.010641686549377027
3.339,139.65479671074428,139.64499974282054,0.009796967923733746
3.34,139.63485934306595,139.65328588466576,-0.018426541599808388
3.341,139.6724345302776,139.66151282587992,0.010921704397674148
3.342,139.67927586748513,139.66982280781374,0.009453059671386654
3.343,139.65969569342576,139.6780880016373,-0.018392308211531372
3.344,139.69758357161243,139.6862956908499,0.011287880762523628
3.345,139.70359594310418,139.69458651075578,0.009009432348392465
3.346,139.68448993865056,139.70283051416402,-0.01834057551346291
3.347,139.72275477619024,139.71101915541982,0.011735620770423338
3.348,139.72775397779057,139.71929098681377,0.008462990976795481
3.349,139.70925093052028,139.72751355824826,-0.018262627727978042
3.35,139.74794233867476,139.73568337658511,0.012258962089646275
3.351,139.75174670629784,139.74393636910332,0.007810337194513295
3.352,139.73398923384954,139.7521372690885,-0.018148035238965576
3.353,139.7731388920291,139.76028851390473,0.0128503781243694
3.354,139.77557084306156,139.76852278831714,0.007048054744416277
3.355,139.758717050818,139.77670178186432,-0.01798473104631171
3.356,139.7983352863858,139.78483473023275,0.013500556153047683
3.357,139.7992233954692,139.7930503739886,0.006173021480606167
3.358,139.78344808210994,139.8012072333878,-0.017759151277857654
3.359,139.82352028049033,139.80932219160331,0.014198088887013682
3.36,139.82270190893817,139.81751925139852,0.005182657539648972
3.361,139.80819743224802,139.82565375890164,-0.017456326653615406
3.362,139.8486806086577,139.83375106286746,0.014929545790238308
3.363,139.84600530430362,139.84192953962284,0.004075764680777638
3.364,139.83298124105718,139.850041493786,-0.017060252728811065
3.365,139.8738003221513,139.85812151069652,0.015678811454790775
3.366,139.8691339075272,139.8662813551338,0.0028525523934206376
3.367,139.85781652733235,139.8743705776209,-0.01655405028856194
3.368,139.8988609095378,139.88243370487191,0.016427204665887984
3.369,139.89209030781785,139.8905748103489,0.0015154974689437495
3.37,139.8827206282074,139.89864115460776,-0.015920526400350354
3.371,139.9238410656514,139.90668781873845,0.0171532469129545
3.372,139.91487972431722,139.91481001907565,6.970524157168256e-5
3.373,139.9077107007394,139.92285337292907,-0.015142672189682571
3.374,139.94871668655932,139.93088401857207,0.017832667987249806
3.375,139.93751093083515,139.9389870759441,-0.0014761451089668753
3.376,139.9328032662953,139.94700737717133,-0.014204110876022469
3.377,139.97346094814688,139.9550224678729,0.018438480273971436
3.378,139.95999660840488,139.96310607663,-0.0031094682251193717
3.379,139.95801326985162,139.97110332321196,-0.013090053360343745
3.38,139.99804439909207,139.97910333097295,0.01894106811911911
3.381,139.98235402772886,139.98716711296163,-0.004813085232768799
3.382,139.9833530371038,139.99514137354464,-0.011788336440844205
3.383,140.0224353527641,140.00312676753197,0.019308585232124642
3.384,140.00460560565423,140.01117027301763,-0.006564667363392118
3.385,140.0088316347997,140.01912170237654,-0.010290067576846695
3.386,140.0466005370247,140.02709293786697,0.019507599157719824
3.387,140.0267792212841,140.03511564778873,-0.00833642650462707
3.388,140.03445341285683,140.0430444934624,-0.008591080605555135
3.389,140.07050587513237,140.05100199173535,0.019503883397021582
3.39,140.04890882868173,140.0590033201586,-0.010094491476877465
3.391,140.06021700323774,140.06690993494297,-0.006692931705231331
3.392,140.09411753676625,140.07485406428697,0.019263472479281063
3.393,140.0710342672066,140.08283336688183,-0.01179909967521553
3.394,140.0861141129512,140.09071821941365,-0.004604106462437585
3.395,140.1174033054759,140.09864927956804,0.018754025907867344
3.396,140.09320105215332,140.10660587161195,-0.01340481945862848
3.397,140.11212802971022,140.1144695559987,-0.0023415262884896038
3.398,140.14033408935072,140.12238775096358,0.017946338387133665
3.399,140.11545991270006,140.13032091933823,-0.014861006638170693
3.4,140.13823276001463,140.13816415685451,6.8603160116254e-5
3.401,140.16288596185998,140.14606957599153,0.016816385868452244
3.402,140.1378659458068,140.15397860683615,-0.016112661029353603
3.403,140.16439204549962,140.16180224876703,0.002589796732593186
3.404,140.1850419558059,140.16969484267432,0.015347113131582546
3.405,140.16047694885978,140.1775790438949,-0.017102095035113507
3.406,140.19055863292908,140.18538406035984,0.0051745725692455835
3.407,140.20679490813438,140.19326361384225,0.013531294292135954
3.408,140.1833517641524,140.2011223485435,-0.01777058439108714
3.409,140.21667423320582,140.20890982128225,0.007764411923574244
3.41,140.22814893036679,140.21677593838444,0.011372991982341318
3.411,140.20654756032704,140.22460865993511,-0.018061099608075892
3.412,140.24266954156587,140.23237975868295,0.010289782882921372
3.413,140.24912262992328,140.24023184316897,0.0088907867543071
3.414,140.23011706907994,140.24803813358477,-0.017921064504832884
3.415,140.26846568359244,140.25579408909277,0.012671594499664707
3.416,140.26975049608797,140.26363133821334,0.006119157874621806
3.417,140.25410499111106,140.27141095250747,-0.017305961396402836
3.418,140.29397570050645,140.27915302229056,0.014822678215892893
3.419,140.29008470727172,140.2869744263357,0.0031102809360277206
3.42,140.27854413090344,140.29472733158894,-0.016183200685503607
3.421,140.31910742280624,140.3024567507237,0.0166506720825339
3.422,140.31019621993835,140.31026109722555,-6.487728720117047e-5
3.423,140.30345127593247,140.3179875106745,-0.01453623474202459
3.424,140.34376706903777,140.32570543979804,0.018061629239724653
3.425,140.33017474564616,140.3334913391295,-0.003316593483333463
3.426,140.3288233576758,140.34119176258724,-0.012368404911455855
3.427,140.3678640004666,140.34889922712114,0.018964773345459207
3.428,140.35012775588118,140.35666514384903,-0.006537387967853192
3.429,140.35463335002584,140.3643403863769,-0.009707036351073839
3.43,140.39131620423436,140.3720382096096,0.01927799462475832
3.431,140.37017818430465,140.37978251131108,-0.009604327006428548
3.432,140.3808271820876,140.38743370487842,-0.006606522790832514
3.433,140.41405659472548,140.3951224416558,0.018934153069693593
3.434,140.39046038550578,140.4028434630728,-0.012383077567022838
3.435,140.40732167465407,140.41047205748723,-0.003150382833155163
3.436,140.43603970557714,140.418151931642,0.017887773935143514
3.437,140.41111454631752,140.42584805448436,-0.014733508166841602
3.438,140.43400373867937,140.43345579520306,0.0005479434763060453
3.439,140.45724855988587,140.44112664121636,0.01612191866951207
3.44,140.43227961298513,140.44879638365097,-0.016516770665845115
3.441,140.46073181431674,140.45638526884485,0.00434654547188984
3.442,140.47770095943528,140.46404648863546,0.013654470799821183
3.443,140.45408433180287,140.47168860263804,-0.01760427083516447
3.444,140.48733889180923,140.47926081157013,0.008078080239101837
3.445,140.49745458629005,140.48691134917473,0.010543237115314241
3.446,140.47663752318783,140.49452492337133,-0.017887400183496993
3.447,140.5136391528157,140.50208272791565,0.011556424900049933
3.448,140.5166109792767,140.50972107110425,0.006889908172439618
3.449,140.5000172882541,140.51730562809325,-0.017288339839154787
3.45,140.53943611079882,140.5248512752931,0.014584835505729643
3.451,140.5353161052484,140.53247548234864,0.002840622899753953
3.452,140.52426050040168,140.54003106578313,-0.015770565381444612
3.453,140.56453450186473,140.54756664828173,0.01696785358299735
3.454,140.55375843345632,140.55517441346652,-0.001415980010193607
3.455,140.54935324507454,140.562701653009,-0.01334840793444414
3.456,140.5887537220548,140.5702289633032,0.018524758751595982
3.457,140.57216292630326,140.57781771401804,-0.005654787714775011
3.458,140.575223142952,140.58531786316118,-0.010094720209167463
3.459,140.61194323554923,140.59283824730153,0.01910498824770457
3.46,140.59078109164537,140.6004052785554,-0.009624186910031085
3.461,140.601734626211,140.607880209976,-0.006145583765004403
3.462,140.63399873307674,140.6153944274395,0.018604305637239804
3.463,140.60987665741197,140.62293706746274,-0.013060410050769633
3.464,140.62868928130982,140.63038922643898,-0.0016999451291610512
3.465,140.65487730947152,140.63789733606632,0.01697997340519919
3.466,140.62970720928982,140.6454131380873,-0.015705928797473234
3.467,140.6558307778436,140.65284543861836,0.0029853392252334743
3.468,140.67461078534944,140.6603467150307,0.014264070318745325
3.469,140.65050323547828,140.66783366032794,-0.01733042484966063
3.47,140.6828561530492,140.67524933181974,0.007606821229444449
3.471,140.69331471353198,140.68274224008618,0.01057247344579082
3.472,140.67244501671064,140.6901989368732,-0.017753920162562054
3.473,140.70943366121685,140.69760131621794,0.011832344998907729
3.474,140.71119169666952,140.70508353923668,0.006108157432834105
3.475,140.6956401060821,140.71250940061338,-0.016869294531289825
3.476,140.73522630272652,140.71990168834654,0.015324614379977675
3.477,140.7285270943931,140.72737022868256,0.0011568657105271996
3.478,140.72010301978656,140.73476560424476,-0.01466258445819335
3.479,140.7599205579319,140.74215059629137,0.017769961640539123
3.48,140.7456764110583,140.7496019575995,-0.0039255465412111334
3.481,140.7457405118449,140.75696821026514,-0.011227698420242405
3.482,140.78325774490912,140.7643480285916,0.018909716317523362
3.483,140.76304283734592,140.77177845681382,-0.008735619467898914
3.484,140.77234443603314,140.7791179529742,-0.006773516941052549
3.485,140.80506593366258,140.78649379949442,0.018572134168152843
3.486,140.78104657171082,140.79389959072046,-0.012853019009639866
3.487,140.79959541834623,140.80121559670945,-0.0016201783632254774
3.488,140.82528856383564,140.80858755824343,0.01670100559221055
3.489,140.8000866266723,140.81596539937797,-0.01587877270566196
3.49,140.82707839474827,140.82326187297457,0.0038165217737002877
3.491,140.8440056748002,140.83062881152438,0.013376863275823325
3.492,140.82049839320422,140.83797613187375,-0.017477738669526843
3.493,140.85431138236635,140.84525741549268,0.009053966873665331
3.494,140.86144454364708,140.85261696624931,0.008827577397767072
3.495,140.84251072159847,140.85993225953206,-0.01742153793358625
3.496,140.88078611070998,140.86720269454625,0.01358341616372627
3.497,140.8779754312658,140.87455138869535,0.003424042570458141
3.498,140.86620785794253,140.88183446054717,-0.015626602604640993
3.499,140.90601910907915,140.88909795067983,0.016921158399327396
3.5,140.89409001333183,140.8964314796955,-0.0023414663636742716
3.501,140.8915015280597,140.9036835969897,-0.012182068930002288
3.502,140.92960767838537,140.9109431705039,0.018664507881453574
3.503,140.9103632872522,140.91825676524715,-0.007893477994940667
3.504,140.9181189279586,140.92548065378517,-0.007361725826569909
3.505,140.9512855210082,140.93273806418344,0.018547456824762776
3.506,140.92739765535399,140.94002697798047,-0.012629322626480644
3.507,140.94561108373682,140.9472266580732,-0.0016155743363697184
3.508,140.97097080551643,140.95448208465208,0.01648872086434494
3.509,140.9457559230528,140.9617421323467,-0.01598620929391359
3.51,140.973384399506,140.96892257360093,0.004461825905053729
3.511,140.9887984732278,140.9761744703065,0.012624002921313604
3.512,140.96588862027994,140.98340256523412,-0.017513944954174576
3.513,141.0007558461138,140.99056918799815,0.01018665811565711
3.514,141.00512951473394,140.9978143358038,0.007315178930127786
3.515,140.98806439361394,141.005008952871,-0.016944559257069614
3.516,141.02702798323168,141.0121670078868,0.01486097534487385
3.517,141.0205320329058,141.01940077315825,0.001131259747552349
3.518,141.01231435870537,141.0265622707625,-0.014247912057129497
3.519,141.0515776508543,141.03371618129165,0.01786146956266066
3.52,141.03573103195137,141.04093299533355,-0.005201963382177155
3.521,141.03840089689538,141.0480637232372,-0.009662826341809705
3.522,141.07394676598187,141.05521645522205,0.018730310759821123
3.523,141.05152931872718,141.0624104631744,-0.010881144447211
3.524,141.06581875365248,141.06951462327427,-0.0036958696217936904
3.525,141.0939240456486,141.0766671864488,0.017256859199818564
3.526,141.06870512343315,141.08383301031364,-0.01512788688049227
3.527,141.09383623522797,141.0909162360321,0.0029199991958819282
3.528,141.11160189015618,141.098067402043,0.013534488113180032
3.529,141.0878996897106,141.10520092276877,-0.01730123305816278
3.53,141.12157461029992,141.11226961049545,0.009304999804470526
3.531,141.1273960948246,141.119415928858,0.00798016596661455
3.532,141.10950855595394,141.12651496815832,-0.01700641220438115
3.533,141.14812154846845,141.13357541885853,0.014546129609925629
3.534,141.14201903111268,141.1407115565229,0.0013074745897938556
3.535,141.1335963946153,141.1477763417853,-0.014179947169992602
3.536,141.1726652063784,141.15483383437842,0.017831371999989187
3.537,141.1564025112288,141.16195323731753,-0.005550726088728197
3.538,141.15985218609976,141.16898654752515,-0.00913436142539581
3.539,141.19463062708866,141.17604447524667,0.018586151841986975
3.54,141.17157497786337,141.18314028490377,-0.011565307040399375
3.541,141.18759973110514,141.19014721879842,-0.002547487693277617
3.542,141.21379565054076,141.19720643592385,0.016589214616914205
3.543,141.18850613047042,141.20427254467796,-0.01576641420754754
3.544,141.21586938429311,141.21125988186478,0.004609502428337464
3.545,141.23036303513464,141.2183183966316,0.012044638503056149
3.546,141.2079413933646,141.22535048936385,-0.01740909599925544
3.547,141.24353028377905,141.2323257054363,0.011204578342756122
3.548,141.24496874416675,141.23937882470085,0.0055899194659048135
3.549,141.23025364050258,141.24637522217827,-0.016121581675690777
3.55,141.26946723390526,141.25334529212986,0.0161219417753955
3.551,141.2586155487866,141.26038623988893,-0.001770691102336741
3.552,141.25534194093228,141.26734836591785,-0.012006424985571584
3.553,141.29277690535315,141.2743185410407,0.01845836431243697
3.554,141.27253147720538,141.28133949580186,-0.008808018596482725
3.555,141.28260422045392,141.28827184490441,-0.005667624450495623
3.556,141.31295039592626,141.2952446249718,0.01770577095447834
3.557,141.28796949729121,141.30223803994093,-0.014268542649716665
3.558,141.31099879063436,141.3091475864449,0.0018512041894496178
3.559,141.33000408385803,141.31612209785393,0.01388198600409396
3.56,141.30597758430403,141.32308209796324,-0.017104513659205622
3.561,141.33919842795768,141.32997717904647,0.009221248911217117
3.562,141.34452540784253,141.33694913315156,0.007576274690961782
3.563,141.3271807653177,141.34387272453617,-0.01669195921846267
3.564,141.3658178351372,141.35076155789386,0.015056277243331806
3.565,141.3576121148706,141.357723865396,-0.000111750525405796
3.566,141.35162088172478,141.36461169546448,-0.01299081373969102
3.567,141.38968010269738,141.37150079357227,0.01817930912511656
3.568,141.37070143070176,141.3784447768092,-0.007743346107446314
3.569,141.37869573222628,141.38530124119836,-0.006605508972086227
3.57,141.410071784558,141.3921940274783,0.017877757079702405
3.571,141.3853095466824,141.39911105265907,-0.013801505976658746
3.572,141.4072244639018,141.40594365545633,0.0012808084454718482
3.573,141.42693066789704,141.41283959310417,0.01409107479287286
3.574,141.40272434694887,141.41972284142017,-0.01699849447129509
3.575,141.43564379363417,141.42654084329524,0.00910295033892794
3.576,141.44091567025686,141.43343532294827,0.007480347308586488
3.577,141.42371242933328,141.44028133197125,-0.01656890263797095
3.578,141.46230894344782,141.44709390169373,0.015215041754089498
3.579,141.45332714277487,141.45397899910915,-0.0006518563342865491
3.58,141.44830802816557,141.4607886080022,-0.012480579836619654
3.581,141.4858464420719,141.4676028461717,0.01824359590020208
3.582,141.46587479174642,141.47446886052535,-0.008594068778933206
3.583,141.47574362246203,141.4812472854093,-0.005503662947262455
3.584,141.5054842484019,141.48806654713812,0.017417701263781282
3.585,141.48032670489448,141.494904057237,-0.01457735234251345
3.586,141.5045570007743,141.501659988507,0.0028970122673115384
3.587,141.5212784223777,141.5084829229516,0.012795499426090373
3.588,141.49810663504485,141.51528495453218,-0.01717831948732851
3.589,141.53287402443607,141.52202876309414,0.010845261341927426
3.59,141.53416788996313,141.52884937881655,0.00531851114658366
3.591,141.51993039736072,141.5356131730276,-0.015682775666874704
3.592,141.55881980463104,141.5423545705084,0.016465234122648553
3.593,141.54582153246687,141.54916341450692,-0.0033418820400470395
3.594,141.5455763769372,141.5558913249565,-0.010314948019299663
3.595,141.58097357092046,141.56263700701504,0.0183365639054216
3.596,141.55828869370853,141.5694232643289,-0.011134570620356499
3.597,141.5738656206712,141.57612247626213,-0.002256855590928808
3.598,141.59875692700913,141.58287432946378,0.015882597545356703
3.599,141.5735175948206,141.58962842285095,-0.016110828030349467
3.6,141.60288307521367,141.59630944313153,0.006573632082137237
3.601,141.61264609849067,141.60306382792552,0.009582270565147155
3.602,141.592850495408,141.60977990832674,-0.01692941291875627
3.603,141.63041212652328,141.61645406631987,0.013958060203407285
3.604,141.62413064630374,141.6232024781075,0.0009281681962534094
3.605,141.61662742746788,141.62988013534914,-0.013252707881264314
3.606,141.6544932922405,141.6365566869378,0.01793660530267971
3.607,141.6353970696996,141.6432877445295,-0.007890674829894806
3.608,141.64402015701552,141.64993240938662,-0.005912252371103932
3.609,141.6739683799276,141.65661598917526,0.017352390752336078
3.61,141.648791998144,141.6633183255433,-0.014526327399295269
3.611,141.6731682856281,141.6699401312476,0.003228154380479964
3.612,141.68885698846378,141.67662927450456,0.012227713959219955
3.613,141.6661881926148,141.68329464369285,-0.017106451078035434
3.614,141.7016191862801,141.68990588371736,0.011713302562753825
3.615,141.70043774679218,141.69659314264018,0.0038446041519932805
3.616,141.68842359124713,141.70321887796882,-0.014795286721692946
3.617,141.7269779352424,141.70983066680927,0.017147268433120644
3.618,141.7109771470381,141.71650443880796,-0.005527291769851672
3.619,141.71498628881184,141.72309449908656,-0.008108210274713201
3.62,141.7476022451637,141.72971354848326,0.017888696680444127
3.621,141.72314173457505,141.73636121740208,-0.013219482827025786
3.622,141.74406675454932,141.7429253832585,0.0011413712908279194
3.623,141.76313965170567,141.74955184013857,0.0135878115671062
3.624,141.7392374073613,141.75616343227637,-0.01692602491507955
3.625,141.77300575927453,141.76271470711768,0.010291052156844671
3.626,141.77472458273306,141.76934181398155,0.005382768751502454
3.627,141.76048739216938,141.77591312514832,-0.015425732978940232
3.628,141.79904265292626,141.78246396517054,0.01657868775572524
3.629,141.78473519431768,141.78907981199603,-0.004344617678356144
3.63,141.7865802297248,141.79561397395904,-0.009033744234244523
3.631,141.8201643655785,141.80217243843154,0.017991927146965736
3.632,141.79613777060175,141.80876341047255,-0.012625639870805117
3.633,141.81566183228435,141.8152702795155,0.0003915527688604925
3.634,141.83579235136114,141.82183731498046,0.013955036380679076
3.635,141.81158384258154,141.82839231330365,-0.016808470722111224
3.636,141.8448238650755,141.8348856677447,0.00993819733082546
3.637,141.84706615724684,141.8414544974053,0.005611659841548544
3.638,141.83253001126798,141.8479686315967,-0.015438620328723118
3.639,141.87098071872285,141.8544618861608,0.016518832562042007
3.64,141.8565850490866,141.8610198934828,-0.004434844396200788
3.641,141.85867736297516,141.86749637784715,-0.008819014871988884
3.642,141.8918825411356,141.87399815490772,0.017884386227876803
3.643,141.86763609605995,141.8805308207381,-0.012894724678147895
3.644,141.88795621312948,141.88698028655384,0.0009759265756486002
3.645,141.90693144596133,141.8934913154112,0.01344013055012283
3.646,141.88312063692277,141.8999870346848,-0.016866397762044016
3.647,141.9171189402113,141.90642425780896,0.010694682402345279
3.648,141.91749443106934,141.91293680271656,0.004557628352785059
3.649,141.90452370073245,141.91939102426048,-0.01486732352802278
3.65,141.94279656685745,141.92582998395204,0.016966582905411087
3.651,141.9265515656173,141.93233019964475,-0.00577863402745038
3.652,141.93129917489156,141.93874733738318,-0.007448162491613175
3.653,141.96268709041516,141.94519625966558,0.0174908307495798
3.654,141.93773329571025,141.9516688498785,-0.013935554168256203
3.655,141.96093692276295,141.95806112100664,0.002875801756317742
3.656,141.97645471096902,141.96451929531833,0.011935415650697223
3.657,141.9540423618297,141.97095297726557,-0.016910615435875798
3.658,141.9897578114063,141.9773363039541,0.012421507452188507
3.659,141.98597634514832,141.9837939874576,0.002182357690713843
3.66,141.9767035438544,141.99018581977296,-0.013482275918562436
3.661,142.01421004828816,141.99657408944165,0.017635958846511812
3.662,141.9947764623724,142.00301578918476,-0.008239326812343961
3.663,142.0045928924534,142.0093726383486,-0.004779745895206133
3.664,142.03222200694023,142.01577240519825,0.01644960174198218
3.665,142.00678524548493,142.02218250382714,-0.015397258342204623
3.666,142.03452512235583,142.0285188615525,0.0060062608033319975
3.667,142.04409025842548,142.03492655130847,0.0091637071170112
3.668,142.02484099198008,142.04129532393833,-0.01645433195824353
3.669,142.06237033510536,142.04762800729935,0.014742327806004596
3.67,142.05250608763717,142.05403093344333,-0.0015248458061591919
3.671,142.0495058001414,142.0603586111396,-0.010852810998216
3.672,142.0846339840738,142.06670022832785,0.01793375574595757
3.673,142.0616252605681,142.07308127746145,-0.011456016893362175
3.674,142.07870566552998,142.07937837513091,-0.0006727096009342404
3.675,142.09990311592904,142.0857321194282,0.014170996500837418
3.676,142.07547061992318,142.09207646916548,-0.016605849242296244
3.677,142.10842032565338,142.09835995459144,0.010060371061939577
3.678,142.10954707958084,142.10471795020348,0.004829129377355912
3.679,142.0962667314349,142.111019242445,-0.014752511010101443
3.68,142.13423649624627,142.11730579200554,0.016930704240735395
3.681,142.11730834279822,142.12365196870417,-0.006343625905941508
3.682,142.1234041147523,142.12991530823018,-0.0065111934778769864
3.683,142.15318328826302,142.1362143179629,0.016968970300126784
3.684,142.1278540374986,142.14253087268975,-0.014676835191153259
3.685,142.15353693057494,142.14877113268082,0.004765797894123125
3.686,142.165086446246,142.15508045059184,0.010005995654154276
3.687,142.14481990793743,142.16135540311467,-0.01653549517723718
3.688,142.1818757904237,142.16759120716537,0.014284583258330485
3.689,142.17280183059222,142.17389766428275,-0.00109583369052757
3.69,142.16916237235668,142.18013030732487,-0.010967934968192594
3.691,142.2042127332992,142.18637601742904,0.017836715870146236
3.692,142.1811224359152,142.19266083662336,-0.01153840070816159
3.693,142.1985844035955,142.1988624904794,-0.00027808688389541203
3.694,142.21883294653966,142.20512167725298,0.013711269286687866
3.695,142.1947332785817,142.21136865173509,-0.016635373153377486
3.696,142.22839321418107,142.21755805948865,0.010835154692415472
3.697,142.22743016434546,142.2238215195816,0.0036086447638581376
3.698,142.216068547964,142.23002447858858,-0.013955930624575785
3.699,142.2535213593397,142.23621951129297,0.01730184804671353
3.7,142.2345111141372,142.2424690620975,-0.00795794796030691
3.701,142.24406176049956,142.24863509421826,-0.004573333718695949
3.702,142.27086639724214,142.25484444292738,0.016021954314766162
3.703,142.2454381927219,142.2610610796313,-0.015622886909397948
3.704,142.27445943980905,142.2672077336572,0.007251706151862436
3.705,142.2808631409348,142.27342651350264,0.007436627432156229
3.706,142.2639256069097,142.27959937709917,-0.015673770189465586
3.707,142.30168404164175,142.28574668941505,0.01593735222670034
3.708,142.2874626590587,142.29195833155572,-0.004495672497029091
3.709,142.2901602384846,142.29809022490193,-0.007929986417337886
3.71,142.3214695909051,142.3042511253992,0.017218465505919767
3.711,142.296390713693,142.31043503011105,-0.01404431641805104
3.712,142.32052540883757,142.3165415670439,0.003983841793655074
3.713,142.3330306386183,142.32271531488738,0.010315323730935688
3.714,142.31240684883977,142.32885686095284,-0.016450012113068624
3.715,142.34920203500587,142.33495920098912,0.014242834016755523
3.716,142.33963438650716,142.34113131631233,-0.0014969298051710211
3.717,142.33686395834795,142.3472293911442,-0.010365432796248797
3.718,142.3709933712107,142.35334377762186,0.01764959358882834
3.719,142.3471519104982,142.35949291985074,-0.012341009352525134
3.72,142.36684492219058,142.36556097501318,0.0012839471773986588
3.721,142.3840181782542,142.37169030348798,0.012327874766214109
3.722,142.3611674150078,142.37779897703254,-0.016631562024741697
3.723,142.3964554899143,142.38385862481402,0.01259686510027791
3.724,142.3908556869478,142.3899905233533,0.000865163594482965
3.725,142.38404796501675,142.39605431623474,-0.012006351217991096
3.726,142.41976864928506,142.40212429103394,0.01764435825111832
3.727,142.39740845550344,142.4082371575201,-0.01082870201665287
3.728,142.413528857466,142.41426752821076,-0.0007386707447665231
3.729,142.4339784154954,142.4203536696745,0.013624745820891349
3.73,142.40990958415045,142.42642787288543,-0.01651828873497152
3.731,142.44370247182522,142.43244658309445,0.011255888730772767
3.732,142.4410687241005,142.43853830262168,0.0025304214788093304
3.733,142.43155641165745,142.44456686903456,-0.013010457377106377
3.734,142.46806118978193,142.45059448544274,0.01746670433919917
3.735,142.446960294391,142.45667005709987,-0.00970976270886581
3.736,142.460603798341,142.46266292507903,-0.002059126738032546
3.737,142.4830661954002,142.46870746480735,0.014358730592846314
3.738,142.45841195491627,142.4747456970555,-0.01633374213923844
3.739,142.49110002627117,142.48072477661285,0.010375249658324037
3.74,142.49027420155252,142.48677685097522,0.0034973505773052693
3.741,142.47925368503942,142.49276899753184,-0.013515312492415887
3.742,142.51605436401192,142.49875619252148,0.017298171490438108
3.743,142.4956949779002,142.50479383047417,-0.009098852573970362
3.744,142.5080602966182,142.51074898672712,-0.0026886901089255844
3.745,142.53139855606366,142.51675367843612,0.014644877627546293
3.746,142.5065375780371,142.52275455579735,-0.01621697776025144
3.747,142.53872975980474,142.52869501102413,0.010034748780611835
3.748,142.5384902668624,142.53470825637172,0.0037820104906813867
3.749,142.52705421823723,142.54066268476845,-0.01360846653122394
3.75,142.5638468505459,142.5466112930571,0.0172355574887888
3.751,142.54356462642787,142.55261056943988,-0.009045943012012003
3.752,142.55588516604348,142.55852762667374,-0.0026424606302555276
3.753,142.57903391410997,142.56449427940512,0.014539634704846094
3.754,142.55423304057663,142.57045649076315,-0.01622345018651572
3.755,142.58661718357902,142.57635920787084,0.01025797570818554
3.756,142.58572900269587,142.58233452300803,0.0033944796878415673
3.757,142.5749364665288,142.58824992444198,-0.013313457913170623
3.758,142.6114550170721,142.59416174517796,0.017293271894146756
3.759,142.59057173327034,142.60012225925047,-0.009550525980131397
3.76,142.60407676058736,142.6060008409705,-0.0019240803831337416
3.761,142.6259639480566,142.61193123178697,0.014032716269639423
3.762,142.60152628249108,142.61785346291646,-0.016327180425378174
3.763,142.6347395721074,142.62371939284404,0.011020179263368846
3.764,142.6319893261095,142.6296575684312,0.002331757678291524
3.765,142.62294522712045,142.63553270192895,-0.0125874748084982
3.766,142.65881412534188,142.64140956642248,0.017404558919395186
3.767,142.63676793249093,142.64733075660672,-0.010562824115794456
3.768,142.65264411070427,142.6531706816835,-0.000526570979218377
3.769,142.67211660236924,142.6590664652954,0.013050137073832957
3.77,142.64852652730667,142.66494733402456,-0.016420806717889036
3.771,142.68302103119117,142.6707776650277,0.012243366163460223
3.772,142.67726626334357,142.6766791902498,0.0005870730937544977
3.773,142.67118399219925,142.68251298497384,-0.011328992774593871
3.774,142.70577796829525,142.68835679777516,0.01742117052009462
3.775,142.68226536060448,142.69423777921608,-0.011972418611605917
3.776,142.70158926931188,142.70003926185967,0.0015500074522094565
3.777,142.71736960358913,142.70590184441863,0.011467759170500358
3.778,142.69542455004722,142.71173988923127,-0.016315339184046707
3.779,142.7313157432896,142.71753619093334,0.013779552356254499
3.78,142.72157674970896,142.72340105186805,-0.0018243021590933495
3.781,142.71979534255465,142.7291927652448,-0.00939742269014232
3.782,142.7521202265142,142.7350054788489,0.017114747665289087
3.783,142.7272575655234,142.74084492955942,-0.013587364036027338
3.784,142.7508739074699,142.7466087855071,0.004265121962788498
3.785,142.76157779807758,142.75243913290817,0.009138665169416527
3.786,142.7424875305878,142.75823289326388,-0.015745362676085506
3.787,142.77938456617028,142.76399719727019,0.015387368900093179
3.788,142.76500079542538,142.76982467448738,-0.004823879062001879
3.789,142.76892275723975,142.77557412174545,-0.00665136450570003
3.79,142.79754605200554,142.7813575961969,0.016188455808645585
3.791,142.77204246103219,142.7871537305299,-0.01511126949770869
3.792,142.8003712171762,142.79288157277145,0.007489644404756746
3.793,142.80462198975678,142.79867995097445,0.005942038782336567
3.794,142.79003788632244,142.80442818219635,-0.014390295873909054
3.795,142.82687521216968,142.81016295073968,0.016712261430001263
3.796,142.80773422060224,142.81595145897336,-0.008217238371116764
3.797,142.81865141609546,142.82165932076393,-0.003007904668464789
3.798,142.84172551152153,142.8274150415726,0.014310469948924265
3.799,142.8170348944016,142.83316572985262,-0.016130835451036774
3.8,142.8498100940391,142.83886009211673,0.010950001922367392
3.801,142.84647940674648,142.84462574485826,0.0018536618882194489
3.802,142.83840332765593,142.85032778004148,-0.01192445238555706
3.803,142.87332173998874,142.85603568518064,0.017286054808096196
3.804,142.8501430015138,142.86178271228593,-0.011639710772129774
3.805,142.8689253083574,142.8674508535537,0.001474454803712888
3.806,142.8843629431065,142.87317948892712,0.011183454179388264
3.807,142.8627492401496,142.87888258548946,-0.016133345339852667
3.808,142.89872785445561,142.88454687794814,0.014180976507475407
3.809,142.88731613695037,142.89027772053262,-0.002961583582248295
3.81,142.8878265319256,142.8959339706629,-0.008107438737283701
3.811,142.91818593740462,142.90161742621598,0.016568511188637558
3.812,142.89279711885726,142.90731968963212,-0.014522570774857968
3.813,142.91945161197796,142.9129513997401,0.00650021223785302
3.814,142.92530983820816,142.91865224192125,0.006657596286913758
3.815,142.90972855509943,142.9243061786653,-0.014577623565855902
3.816,142.94645919743002,142.92994437065417,0.016514826775846814
3.817,142.9275814179844,142.93563684816877,-0.008055430184356283
3.818,142.9383309899769,142.94124937575813,-0.002918385781242705
3.819,142.96096373747574,142.9469098189839,0.014053918491839568
3.82,142.9364494876086,142.95256377747882,-0.01611428987021668
3.821,142.96961723287492,142.95816377021836,0.011453462656561442
3.822,142.964715309717,142.9638342067755,0.0008811029415198846
3.823,142.95839920998017,142.96943882747678,-0.01103961749660698
3.824,142.9921997423397,142.9750547318951,0.01714501044457961
3.825,142.96806443735142,142.98070402944634,-0.01263959209492782
3.826,142.98956337658805,142.9862769996635,0.003286376924563683
3.827,143.00136932746585,142.99191398273294,0.009455344732913318
3.828,142.98191937098272,142.99751676650993,-0.015597395527208846
3.829,143.01847294740347,143.0030907100005,0.015382237402974397
3.83,143.00317796946112,143.00872595046738,-0.005547981006259306
3.831,143.00885178771324,143.01428343927213,-0.005431651558893691
3.832,143.03518364025857,143.01987957355777,0.015304066700792873
3.833,143.00985403241555,143.02548038278942,-0.015626350373878495
3.834,143.0406650787665,143.03102007673195,0.009645002034545769
3.835,143.03957920007403,143.0366304087948,0.002948791279237639
3.836,143.02984936673383,143.0421811253065,-0.012331758572685203
3.837,143.06484877312565,143.04773453355216,0.017114239573487566
3.838,143.0418270217536,143.0533279263841,-0.011500904630509012
3.839,143.0605896468469,143.05884349548862,0.001746151358275938
3.84,143.0749891574596,143.06441967457033,0.010569482889280835
3.841,143.0541315666054,143.0699676422403,-0.015836075634894087
3.842,143.09026633714177,143.07548171094152,0.014784626200253115
3.843,143.07646442344424,143.08105907732786,-0.004594653883629007
3.844,143.08034920222275,143.08656020137101,-0.006210999148265728
3.845,143.10766257281483,143.0920966734465,0.015565899368340297
3.846,143.08222411402028,143.09764093808258,-0.015416824062299384
3.847,143.1123508282649,143.1031227734175,0.00922805484739797
3.848,143.11192373571959,143.10867487541827,0.0032488603013121065
3.849,143.10176048727817,143.11416857692316,-0.012408089644992515
3.85,143.13671570019176,143.11966427497254,0.017051425219221983
3.851,143.11367367216502,143.1251998689661,-0.011526196801071364
3.852,143.13261847924002,143.13065814762922,0.001960331610803223
3.853,143.14642041163103,143.13617731346375,0.01024309816727964
3.854,143.1259829361224,143.14166680143148,-0.01568386530908583
3.855,143.16216631388025,143.14712473617138,0.015041577708871046
3.856,143.1473410357908,143.15264438182572,-0.00530334603493543
3.857,143.15272598016864,143.1580872628368,-0.005361282668161493
3.858,143.17861810198613,143.16356879577913,0.015049306207004065
3.859,143.15338906746805,143.16905339694713,-0.015664329479079697
3.86,143.1847519500404,143.1744794238073,0.010272526233109147
3.861,143.18178542636187,143.1799754003799,0.0018100259819675557
3.862,143.17408582337166,143.1854089624284,-0.011323139056742093
3.863,143.2078234979185,143.19085164003815,0.016971857880349717
3.864,143.18364542145315,143.1963275591502,-0.012682137697055396
3.865,143.2056305307831,143.20172880268584,0.0039017280972757362
3.866,143.21562267505598,143.20719452217688,0.008428152879105255
3.867,143.19762833596545,143.21262195899993,-0.014993623034484926
3.868,143.23399368148833,143.21802772631656,0.015965955171765245
3.869,143.21592480467476,143.22348927556084,-0.007564470886080699
3.87,143.22606458556504,143.22887263137417,-0.002808045809132409
3.871,143.24778356352283,143.23430365667897,0.01347990684385536
3.872,143.22372384419864,143.23972520097777,-0.016001356779128173
3.873,143.25760705596355,143.2450983143183,0.012508741645234522
3.874,143.24916735227401,143.25053923526636,-0.0013718829923448084
3.875,143.2471637407865,143.25591023371527,-0.008746492928764837
3.876,143.27764351749659,143.26130468126703,0.01633883622955068
3.877,143.25223598244656,143.2667180790789,-0.01448209663234934
3.878,143.27946387960486,143.27206401045214,0.007399869152720839
3.879,143.28232078970527,143.27747860102437,0.004842188680896697
3.88,143.26972189985113,143.28284075720245,-0.013118857351315683
3.881,143.30503387792254,143.28819916813407,0.016834709788469127
3.882,143.28265774386892,143.2936004912316,-0.01094274736266243
3.883,143.30047808038418,143.29892488659712,0.0015531937870605361
3.884,143.31451659806126,143.30430879399802,0.010207804063242065
3.885,143.2941562636968,143.30966346399012,-0.015507200293313872
3.886,143.3301666312585,143.31498830233951,0.015178328918977968
3.887,143.31427862857745,143.32037284619102,-0.006094217613565434
3.888,143.32150331956353,143.32568068740474,-0.004177367841208479
3.889,143.34516660093018,143.33103129627742,0.014135304652768355
3.89,143.32052783978537,143.33637790127275,-0.015850061487384437
3.891,143.353512714201,143.34167286061586,0.011839853585144056
3.892,143.34634207651038,143.34703594546593,-0.0006938689555511246
3.893,143.34321641635134,143.35233099848128,-0.009114582129939208
3.894,143.37398636157667,143.357647451563,0.016338910013672603
3.895,143.348616963615,143.36298392739286,-0.014366963777860065
3.896,143.37567100020897,143.36825321562705,0.007417784581917886
3.897,143.37816796341198,143.3735907983497,0.00457716506227257
3.898,143.36606158533525,143.3788753907145,-0.012813805379266796
3.899,143.40096266571143,143.38415837357624,0.01680429213519119
3.9,143.3780225829942,143.38948174258505,-0.011459159590856416
3.901,143.39725254160132,143.39472947756755,0.0025230640337667865
3.902,143.40922850959393,143.40003851611104,0.009189993482891623
3.903,143.39024663942973,143.40531355733933,-0.015066917909592803
3.904,143.42628862280526,143.4105649051755,0.01572371762975422
3.905,143.40826148497734,143.41587181846873,-0.0076103334913852905
3.906,143.41879606435728,143.42110158628608,-0.0023055219288039552
3.907,143.43917994780026,143.42638019211833,0.012799755681925262
3.908,143.41577473979976,143.43164538492047,-0.01587064512071379
3.909,143.45028637817825,143.43686764499685,0.013418733181396192
3.91,143.4388512107628,143.44215483163103,-0.0033036208682233337
3.911,143.4407179857404,143.44736941295793,-0.0066514272175197675
3.912,143.4678590188207,143.4526168041066,0.015242214714078273
3.913,143.4424970489532,143.45787094488983,-0.015373895936647841
3.914,143.47333434002496,143.4630669681094,0.010267371915574586
3.915,143.46936883957278,143.4683315706909,0.0010372688818733877
3.916,143.463293814579,143.47353285495137,-0.01023904037236889
3.917,143.49525561655054,143.47874920655394,0.016506409996594584
3.918,143.47016981344663,143.4839905214145,-0.013820707967880708
3.919,143.4958081632795,143.4891631203947,0.006645042884798613
3.92,143.49948432104242,143.49440288413945,0.005081436902969472
3.921,143.4866636507652,143.4995918963905,-0.012928245625317913
3.922,143.52147310801087,143.50477810507192,0.016695002938945436
3.923,143.49850716101315,143.51000455332357,-0.011497392310417354
3.924,143.51803952217833,143.51515625591688,0.00288326626144908
3.925,143.52897258130588,143.520369597284,0.008602984021877091
3.926,143.51085304583916,143.52554661592475,-0.014693570085597685
3.927,143.54668715378128,143.5307040546701,0.015983099111167576
3.928,143.52722307150455,143.5359135825405,-0.008690511035950976
3.929,143.5402924458243,143.54104648322354,-0.000754037399246954
3.93,143.55770822903793,143.54623247706922,0.011475751968703207
3.931,143.5358016437404,143.5513972004426,-0.015595556702209024
3.932,143.57110770766718,143.55652749236367,0.014580215303510613
3.933,143.55606062617724,143.56171822044502,-0.005657594267773902
3.934,143.56275593918292,143.5668339175103,-0.004077978327387655
3.935,143.58565153244749,143.571992219742,0.01365931270549936
3.936,143.56139245618294,143.5771439432721,-0.01575148708914753
3.937,143.59494936685945,143.58224877137027,0.012700595489178568
3.938,143.58480896281142,143.58741911052311,-0.0026101477116924343
3.939,143.58554604661722,143.5925187051695,-0.006972658552285793
3.94,143.61282827418836,143.59764943674463,0.015178837443727389
3.941,143.58747873511592,143.60278721178474,-0.015308476668820958
3.942,143.6184104604059,143.60786817106288,0.010542289343021594
3.943,143.61330945040325,143.61301687734135,0.000292573061898338
3.944,143.6087161848242,143.61810101776814,-0.009384832943936772
3.945,143.63930917455718,143.62320464489682,0.01610452966036746
3.946,143.61390511195907,143.6283274257035,-0.014422313744432813
3.947,143.64166014527547,143.63338593652776,0.008274208747707235
3.948,143.6414550318259,143.63851212838992,0.0029429034359793604
3.949,143.63227013336157,143.64358108641926,-0.011310953057687811
3.95,143.66519121249917,143.64865830559654,0.016532906902625655
3.951,143.6405230143514,143.653765055176,-0.01324204082459346
3.952,143.66483313751968,143.6588023058561,0.00603083166356555
3.953,143.66918362080386,143.66390544005364,0.005278180750224237
3.954,143.65617601951814,143.668959191512,-0.012783171993845599
3.955,143.6905825165384,143.6740108292811,0.016571687257311396
3.956,143.66719991501532,143.679100597352,-0.011900682336687396
3.957,143.68802946965673,143.6841175277035,0.003911941953219866
3.958,143.69646988303768,143.6891973625496,0.007272520488072587
3.959,143.6803795716282,143.6942356678897,-0.013856096261491757
3.96,143.7155910440952,143.69926259948215,0.016328444613037618
3.961,143.69382483426435,143.704334568083,-0.010509733818651057
3.962,143.71131774773997,143.70933187107607,0.0019858766638947145
3.963,143.7233157293223,143.71438841102656,0.008927318295747
3.964,143.70481460945248,143.71941088217966,-0.01459627272717512
3.965,143.7403168484414,143.7244139714565,0.015902876984910108
3.966,143.72030904125762,143.72946747748767,-0.009158436230052303
3.967,143.73474017988107,143.73444562284362,0.0002945570374492945
3.968,143.74974151466927,143.73947907241984,0.010262442249427295
3.969,143.72941187458932,143.7444852363077,-0.01507336171837892
3.97,143.76484765774902,143.74946530080393,0.015382356945082165
3.971,143.7465849888434,143.75449984126988,-0.007914852426466723
3.972,143.75831869983674,143.75945910477128,-0.0011404049345458134
3.973,143.7757779544552,143.76446981603348,0.011308138421725289
3.974,143.7541050482618,143.76945915190174,-0.015354103639936056
3.975,143.78925694022647,143.77441693546075,0.01484000476571623
3.976,143.77260363561075,143.77943215413418,-0.006828518523434468
3.977,143.7820610993045,143.78437264700344,-0.0023115476989232775
3.978,143.80146017110548,143.7893610800287,0.012099091076777313
3.979,143.7788350539854,143.79433305239002,-0.01549799840461219
3.98,143.81360360821174,143.7992692201402,0.0143343880715463
3.981,143.79833120655962,143.80426488995454,-0.005933683394914624
3.982,143.80596591964016,143.80918659352938,-0.003220673889217096
3.983,143.82682246794653,143.81415327793562,0.012669190010910825
3.984,143.80355246414857,143.8191073541431,-0.015554889994547239
3.985,143.83793271540807,143.82402249555193,0.013910219856143158
3.986,143.82374572937212,143.8289984958754,-0.005252766503275552
3.987,143.83002727893853,143.83390129516036,-0.0038740162218289242
3.988,143.8518948359587,143.83884680788302,0.013048028075672846
3.989,143.82821891389267,143.84378246833717,-0.01556355444449764
3.99,143.8622766738608,143.8486771091949,0.013599564665895514
3.991,143.84883403374505,143.8536334004954,-0.0047993667503476445
3.992,143.8542381465807,143.85851711426082,-0.004278967680107826
3.993,143.8767007029439,143.86344206181542,0.013258641128487625
3.994,143.85280762902534,143.86835880457892,-0.015551175553582652
3.995,143.88665636772626,143.87323342605958,0.01342294166667557
3.996,143.87358907616365,143.87817002547155,-0.004580949307893434
3.997,143.8785926879841,143.88303443328445,-0.004441745300340472
3.998,143.90125465221115,143.88793943513969,0.013315217071465213
3.999,143.8773036077254,143.89283677103592,-0.015533163310522013
4.0,143.9110823600398,143.89769182731686,0.01339053272295132
4.001,143.8980087271814,143.90260877808447,-0.004600050903064812
4.002,143.9030880514004,143.90745364414073,-0.004365592740327884
4.003,143.9255624706164,143.91233932116197,0.013223149454432814
4.004,143.90170373958256,143.91721676504937,-0.015513025466816543
4.005,143.9355554703429,143.92205270056297,0.013502769779933033
4.006,143.92209463929504,143.92695004155186,-0.004855402256822572
4.007,143.92772474921304,143.9317751344988,-0.00405038528575119
4.008,143.94962053203162,143.93664209757122,0.012978434460393373
4.009,143.92601663284537,143.9414991642991,-0.015482531453727688
4.01,143.9600668705653,143.94631643985193,0.013750430713372452
4.011,143.94585245292407,143.95119418553455,-0.005341732610474992
4.012,143.95250651696247,143.9559993079812,-0.0034927910187150246
4.013,143.97341575473578,143.96084815055812,0.012567604177661451
4.014,143.95026251449443,143.96568435109867,-0.015421836604247119
4.015,143.98459765658262,143.97048346245663,0.014114194125994572
4.016,143.96929251629194,143.97534157107611,-0.0060490547841709486
4.017,143.97743905096115,143.98012657798978,-0.002687527028626846
4.018,143.99692744213084,143.9849578595614,0.011969582569435033
4.019,143.9744731611551,143.98977269624584,-0.01529953509074744
4.02,144.00911821478113,143.99455418914786,0.014564025633262645
4.021,143.99243202304382,143.99939254087587,-0.006960517832055757
4.022,144.00252788488712,144.0041573719692,-0.0016294870820843244
4.023,144.0201280027333,144.00897160251674,0.0111564002165494
4.024,143.9986911741417,144.01376457425005,-0.015073400108349233
4.025,144.03358661035296,144.0185290566606,0.015057553692344072
4.026,144.01529702903827,144.02334742646863,-0.00805039743036673
4.027,144.02777546862043,144.0280921276089,-0.0003166589884529003
4.028,144.04298595990815,144.03288974110598,0.010096218802175372
4.029,144.0229692604728,144.03766035366996,-0.014691093197171767
4.03,144.0579481853723,144.04240850010564,0.015539685266674041
4.031,144.03792562214352,144.04720653782374,-0.009280915680221824
4.032,144.05317729815795,144.05193129453858,0.0012460036193715496
4.033,144.0654696224551,144.0567126200959,0.008757002359203625
4.034,144.04736825643153,144.0614604084952,-0.014092152063682306
4.035,144.0821345157097,144.0661929569068,0.015941558802893496
4.036,144.06037113158757,144.07097017429888,-0.010599042711305628
4.037,144.07871686793445,144.0756753412997,0.0030415266347461056
4.038,144.08755157910815,144.0804405654588,0.007111013649364395
4.039,144.07195399498323,144.08516512319244,-0.01321112820920689
4.04,144.10606368355226,144.08988285538453,0.016180828167733807
4.041,144.08270504554056,144.0946386193,-0.0119335737594497
4.042,144.10436037677886,144.09932474851277,0.005035628266085723
4.043,144.10921505333283,144.1040738744016,0.005141178931239665
4.044,144.09679231797605,144.1087749036135,-0.01198258563744048
4.045,144.12964203550868,144.11347861719764,0.016163418311037958
4.046,144.1050191461188,144.11821215862412,-0.013193012505325896
4.047,144.13005114881693,144.12288002065713,0.0071711281597970356
4.048,144.13046149795454,144.12761282183527,0.0028486761192709764
4.049,144.12194242476141,144.13229018462857,-0.010347759867158857
4.05,144.15276820580823,144.13698063993814,0.015787565870084563
4.051,144.12742637329032,144.14169107776573,-0.014264704475408507
4.052,144.1557042369503,144.14634166979005,0.00936256716025241
4.053,144.15131875215096,144.15105764427497,0.0002611078759855445
4.054,144.14744752245565,144.1557114303909,-0.008263907935258885
4.055,144.1753399313876,144.16038928398606,0.014950647401548167
4.056,144.15005837242157,144.16507567631922,-0.015017303897650436
4.057,144.1812028223498,144.169710215448,0.011492606901811087
4.058,144.17185012200048,144.17440855678365,-0.0025584347831681953
4.059,144.17332352524463,144.17903916080857,-0.005715635563944943
4.06,144.19726406810935,144.18370487719883,0.013559190910513053
4.061,144.17305967976884,144.18836628982427,-0.015306610055432657
4.062,144.2063973051208,144.19298616850725,0.01341113661354143
4.063,144.19216203272404,144.1976657379274,-0.005503705203352638
4.064,144.19954649045886,144.20227391754125,-0.002727427082390932
4.065,144.2184709366665,144.20692766520625,0.0115432714602548
4.066,144.1965776283876,144.2115632818867,-0.014985653499110185
4.067,144.23110863672497,144.21617000774972,0.014938628975244228
4.068,144.21240932152736,144.22082935819307,-0.00842003666571145
4.069,144.2260396325943,144.22541629633287,0.0006233362614409543
4.07,144.2389310208041,144.2300578400213,0.00887318078281396
4.071,144.2207459648605,144.2346670871347,-0.013921122274211939
4.072,144.25513813841894,144.23926216331733,0.015875975101607764
4.073,144.2327959802,144.2438995863363,-0.011103606136316557
4.074,144.2526617987063,144.2484669188191,0.004194879887194247
4.075,144.25867424408392,144.25309552427234,0.005578719811580868
4.076,144.24566362469486,144.257678225619,-0.012014600924146634
4.077,144.27828436316037,144.2622630029965,0.016021360163875897
4.078,144.25356783332902,144.26687663816236,-0.013308804833343402
4.079,144.2792015571996,144.2714264264109,0.00777513078870129
4.08,144.2778086425183,144.2760407788049,0.001767863713382667
4.081,144.27136860909482,144.2805973099179,-0.00922870082308691
4.082,144.30036848362226,144.28517279561672,0.015195688005547936
4.083,144.2749960210126,144.28976079609828,-0.014764775085666315
4.084,144.30537879995822,144.29429544444713,0.011083355511090076
4.085,144.29653455989845,144.2988936279161,-0.0023590680176539536
4.086,144.29781057622134,144.3034250555035,-0.005614479282172624
4.087,144.3212673995866,144.30799169961074,0.013275699975849875
4.088,144.29734905952202,144.31255245687757,-0.015203397355548987
4.089,144.3308590374148,144.3170745437614,0.013784493653389518
4.09,144.31515068724542,144.32165408573118,-0.006503398485762091
4.091,144.32482547644668,144.3261622556455,-0.0013367791988230238
4.092,144.3409515846062,144.33071973912172,0.010231845484469204
4.093,144.3208522981615,144.33525215339398,-0.014399855232483105
4.094,144.35528267231143,144.3397641810603,0.015518491251128808
4.095,144.3340449810321,144.34432220135108,-0.010277220318982927
4.096,144.3521195579062,144.34880974782126,0.00330981008494291
4.097,144.3595236650316,144.35335680929404,0.006166855737546939
4.098,144.34563871361027,144.35786058033,-0.012221866719727359
4.099,144.3783118118842,144.36236464501505,0.01594716686915376
4.1,144.35366641268936,144.36689811738458,-0.013231704695215285
4.101,144.37926968099833,144.37136834873527,0.007901332263060112
4.102,144.37724813837315,144.37590270637423,0.001345431998913682
4.103,144.3716954125016,144.380378598202,-0.008683185700391505
4.104,144.3996919013017,144.38487601327637,0.014815888025339063
4.105,144.3744730681551,144.3893821441397,-0.014909075984576248
4.106,144.40574818026434,144.39383878191163,0.011909398352713652
4.107,144.39456312010194,144.39835719065283,-0.003794070550895867
4.108,144.398816297464,144.40280721561146,-0.003990918147451339
4.109,144.41932247863323,144.4072981427043,0.01202433592894181
4.11,144.39685785067533,144.41177483841102,-0.01491698773568828
4.111,144.4309772769539,144.41622159931273,0.014755677641176135
4.112,144.4120628764877,144.42072008734274,-0.008657210855034236
4.113,144.4265736880598,144.42514752693725,0.0014261611225379056
4.114,144.4373255482792,144.42963067383698,0.007694874442222499
4.115,144.42105797000312,144.43407702988014,-0.01301905987702412
4.116,144.4544168863799,144.43851707245216,0.015899813927745754
4.117,144.43044174900245,144.4429913875806,-0.01254963857815028
4.118,144.45432538130785,144.44740059635848,0.006924784949376317
4.119,144.4540948455897,144.45187309889357,0.002221746696136506
4.12,144.44706192629263,144.45628982847137,-0.009227902178736258
4.121,144.4756766524584,144.4607251273118,0.014951525146585709
4.122,144.45039451734232,144.4651713719211,-0.014776854578769871
4.123,144.48126958322976,144.4695673136682,0.011702269561567391
4.124,144.470303659341,144.47402487073842,-0.0037212113974192107
4.125,144.4745349254541,144.47841456060627,-0.0038796351521739325
4.126,144.49463772082186,144.48284533182482,0.011792388997037051
4.127,144.47247987355405,144.48726073075207,-0.014780857198019248
4.128,144.5065562598761,144.49164826305997,0.014907996816134528
4.129,144.48685384536395,144.49608560568984,-0.009231760325889127
4.13,144.5027912173213,144.50045266692416,0.0023385503971269372
4.131,144.51155739057856,144.50487696840156,0.006680422176998491
4.132,144.49696558691483,144.50926061089993,-0.012295023985103626
4.133,144.52945026972236,144.51364356991743,0.01580669980492644
4.134,144.50475235542635,144.5180552487463,-0.013302893319945497
4.135,144.53083862227697,144.52240545925002,0.008433163026950297
4.136,144.52712136316427,144.52681914232002,0.0003022208442473584
4.137,144.5236882232975,144.53117254935145,-0.007484326053941004
4.138,144.54952388459978,144.53555281661585,0.013971067983931107
4.139,144.52491880439743,144.53993426353887,-0.01501545914143776
4.14,144.55751495885258,144.54427389018608,0.013241068666502542
4.141,144.54240753877298,144.54867103666408,-0.006263497891097813
4.142,144.5519723221699,144.55299832817715,-0.0010260060072653232
4.143,144.566838781712,144.5573750828814,0.009463698830586509
4.144,144.5479493804959,144.56172375259632,-0.013774372100414212
4.145,144.58171285476203,144.56605832403207,0.015654530729960925
4.146,144.55873679434538,144.57043219777765,-0.011695403432270268
4.147,144.58065613774497,144.5747396904409,0.005916447304059602
4.148,144.58205959652113,144.57910911371442,0.002950482806710397
4.149,144.5738880036468,144.58342542987853,-0.009537426231730706
4.15,144.60266636468182,144.58775837718014,0.014907987501686648
4.151,144.57740833706592,144.59210283150952,-0.014694494443602935
4.152,144.60825736899724,144.59639798749092,0.011859381506326372
4.153,144.59643901713304,144.60075364932092,-0.004314632187885081
4.154,144.6020759203927,144.6050414375184,-0.002965517125687711
4.155,144.62023276414814,144.60937292986333,0.010859834284815406
4.156,144.5993573874772,144.6136840033025,-0.01432661582529704
4.157,144.63328329740676,144.6179738185376,0.015309478869170334
4.158,144.61163075705014,144.6223078378547,-0.010677080804555317
4.159,144.63115715653913,144.62657396540658,0.004583191132553566
4.16,144.63508221607205,144.63090034559448,0.004181870477566463
4.161,144.62481261208387,144.63517765168672,-0.010365039602845627
4.162,144.6546386962156,144.63946679830278,0.01517189791283613
4.163,144.62932473024813,144.6437716741937,-0.014446943945557678
4.164,144.65929458501483,144.6480247446602,0.011269840354628968
4.165,144.64869773421307,144.652338911826,-0.0036411776129341433
4.166,144.6530672463839,144.65658632409097,-0.0035190777070681634
4.167,144.67203417916255,144.6608755241002,0.011158655062359912
4.168,144.65076339600395,144.66514627028909,-0.01438287428513263
4.169,144.6846016231238,144.6693945178598,0.015207105263982612
4.17,144.66311900061132,144.67368741265818,-0.010568412046865205
4.171,144.68248053547677,144.67791264939413,0.004567886082639916
4.172,144.68625366200723,144.6821978977141,0.004055764293127595
4.173,144.67626211199192,144.68643389885338,-0.010171786861462806
4.174,144.70571324038403,144.69068274521112,0.015030495172908331
4.175,144.68042816738645,144.69494575568135,-0.014517588294893358
4.176,144.71079101340757,144.69915865409257,0.011632359315001395
4.177,144.69913732941794,144.70343175425998,-0.004294424842044009
4.178,144.70490987280965,144.70763760456245,-0.0027277317527989453
4.179,144.72233911008612,144.71188759168746,0.010451518398667758
4.18,144.7020796513347,144.71611531898355,-0.0140356676488409
4.181,144.7357314264928,144.7203250563334,0.015406370159411154
4.182,144.71319102800052,144.72457565795779,-0.01138462995726286
4.183,144.73461967709073,144.7287604488259,0.005859228264824878
4.184,144.7355841565901,144.73300640615903,0.0025777504310724453
4.185,144.72827366554287,144.7371989088339,-0.008925243291031393
4.186,144.75581000151703,144.7414108956802,0.014399105836844228
4.187,144.7308480555263,144.74562967694106,-0.014781621414755364
4.188,144.7626258746563,144.74980456163294,0.012821313023351877
4.189,144.74783600821647,144.7540366276024,-0.006200619385936079
4.19,144.75763522807728,144.7582001579143,-0.0005649298370258293
4.191,144.77100274752453,144.76241367185582,0.008589075668709256
4.192,144.7535683595454,144.7665957736384,-0.013027414092988465
4.193,144.7863687302254,144.7707703021345,0.015598428090896732
4.194,144.76212807407282,144.7749768629271,-0.012848788854284976
4.195,144.78742484607986,144.77912244887747,0.008302397202385237
4.196,144.78304463352939,144.78333013497632,-0.00028550144693895163
4.197,144.78109598252738,144.78747755228648,-0.006381569759099648
4.198,144.8045181115632,144.79165593389232,0.012862177670882602
4.199,144.78108437202218,144.79582777862728,-0.014743406605106202
4.2,144.81435602177828,144.7999676631945,0.014388358583772742
4.201,144.79507145683374,144.8041575488017,-0.00908609196795851
4.202,144.8112443887935,144.8082792449804,0.0029651438130997576
4.203,144.81773424079122,144.81245807673133,0.005276164059893063
4.204,144.8057807581538,144.8165923466461,-0.01081158849231656
4.205,144.83583925258725,144.82073529817862,0.015103954408630216
4.206,144.8105804640554,144.82489504598124,-0.014314581925845005
4.207,144.84045837332152,144.82900420186255,0.01145417145897909
4.208,144.8287465749603,144.8331729702838,-0.0044263953235201825
4.209,144.83501570061497,144.83727511721355,-0.0022594165985765358
4.21,144.8512109029601,144.84142240097265,0.009788501987458176
4.211,144.8319882653692,144.8455444604285,-0.013556195059294396
4.212,144.86511947224147,144.8496534170451,0.015466055196384332
4.213,144.84151835401806,144.85379819049658,-0.012279836478512607
4.214,144.86544665431938,144.85788063863654,0.007566015682840543
4.215,144.862358727066,144.86202463366962,0.00033409339638978963
4.216,144.85936174565734,144.8661101273461,-0.006748381688765903
4.217,144.88317255072437,144.87022486385004,0.012947686874326791
4.218,144.85964583874772,144.87433413039074,-0.014688291643011553
4.219,144.892769749783,144.87841149901314,0.014358250769873848
4.22,144.87327229082138,144.88253820354709,-0.009265912725709313
4.221,144.8899978996225,144.88659741189264,0.003400487729862789
4.222,144.89535295310048,144.89071411585016,0.004638837250325878
4.223,144.88458902782878,144.89478443468502,-0.010195406856240652
4.224,144.91362598100855,144.89886694886673,0.014759032141824946
4.225,144.88845648869517,144.9029619275997,-0.014505438904535595
4.226,144.91929204749118,144.90701042051612,0.012281626975067184
4.227,144.90527389300206,144.91111631097627,-0.005842417974207592
4.228,144.9146078727272,144.915154873799,-0.0005470010717942841
4.229,144.92742623131116,144.91924292434723,0.008183306963928771
4.23,144.91074798773812,144.9232984006907,-0.012550412952577972
4.231,144.94277437604313,144.92734986825994,0.015424507783194485
4.232,144.91803024058964,144.93142869082078,-0.013398450231136394
4.233,144.94516125111153,144.93545084205772,0.009710409053809599
4.234,144.9370858893672,144.93953381389883,-0.0024479245316229026
4.235,144.93957595086553,144.94355338786247,-0.003977436996933648
4.236,144.9584850366458,144.94761240444714,0.010872632198669407
4.237,144.93771924817656,144.95165258295157,-0.013933334775003914
4.238,144.97091308790863,144.95567460258812,0.015238485320509199
4.239,144.9479800420716,144.95973543387183,-0.01175539180022156
4.24,144.9707621193643,144.96373333303575,0.007028786328561409
4.241,144.96842123581823,144.96779201988997,0.000629215928256599
4.242,144.96503254779643,144.97179342953675,-0.006760881740319746
4.243,144.98858127472633,144.97582375563124,0.012757519095089265
4.244,144.9652946321228,144.97984773004026,-0.014553097917456626
4.245,144.9983520954025,144.98384199044946,0.01451010495304672
4.246,144.9779761815236,144.98788327188146,-0.00990709035787063
4.247,144.99636861384073,144.99185845697934,0.0045101568613858944
4.248,144.99912550041353,144.99589217819687,0.0032333222166585074
4.249,144.99098602499075,144.99987560255587,-0.008889577565128093
4.25,145.0178487796854,145.0038780498715,0.013970729813905791
4.251,144.9932398021396,145.00788473221345,-0.014644930073842488
4.252,145.02536857263945,145.01185279747995,0.013515775159504528
4.253,145.00776769614006,145.0158733564965,-0.008105660356449107
4.254,145.02215219635286,145.01982682266467,0.0023253736881940767
4.255,145.02914427905054,145.02383546294718,0.005308816103365643
4.256,145.01737125289688,145.02780062304126,-0.01042937014437939
4.257,145.0464532410483,145.03177625497253,0.01467698607578427
4.258,145.0213355330852,145.03576455502267,-0.014429021937473863
4.259,145.05218554944665,145.03970775410724,0.012477795339407294
4.26,145.0371810959338,145.04370681617465,-0.0065257202408588455
4.261,145.04820391876848,145.0476390875558,0.0005648312126709243
4.262,145.05848684781918,145.05162295156808,0.0068638962511045065
4.263,145.04409041262852,145.05556927035136,-0.0114788577228353
4.264,145.07455626861355,145.05951924479834,0.01503702381521066
4.265,145.0493994225026,145.06348816424628,-0.014088741743677247
4.266,145.07896786795183,145.06740755920842,0.011560308743412406
4.267,145.06610753918693,145.07138469913102,-0.005277159944085952
4.268,145.07456085379835,145.07529593009576,-0.0007350762974169811
4.269,145.08719405863934,145.07925561254365,0.007938446095693052
4.27,145.0710433585114,145.0831823481687,-0.01213898965730209
4.271,145.10229463127445,145.08710783344586,0.01518679782859067
4.272,145.07729425696948,145.09105650576777,-0.013762248798286691
4.273,145.10582735572947,145.09495292453843,0.010874431191041367
4.274,145.09448505326148,145.09890799637265,-0.004422943111165978
4.275,145.10122956637983,145.10279808510728,-0.0015685187274527834
4.276,145.11531366438075,145.10673436708058,0.008579297300173039
4.277,145.09814687583048,145.1106406975941,-0.012493821763627011
4.278,145.12976879582357,145.11454283326842,0.015225962555149408
4.279,145.104928345257,145.11847051327044,-0.01354216801343
4.28,145.13283222010423,145.1223446087063,0.010487611397934415
4.281,145.12228355345235,145.1262776543388,-0.003994100886444585
4.282,145.12820461990168,145.13014634236987,-0.0019417224681888001
4.283,145.1428836120539,145.13406010788313,0.008823504170777596
4.284,145.12534664408287,145.1379451830886,-0.012598539005722387
4.285,145.1570385351442,145.1418250781171,0.01521345702710164
4.286,145.1322528766448,145.14573110362096,-0.013478226976161523
4.287,145.16001511432344,145.14958343039862,0.0104316839248213
4.288,145.14949253694078,145.1534945883825,-0.004002051441716503
4.289,145.1554804247391,145.15734154903473,-0.0018611242956296792
4.29,145.16992229309378,145.1612337162738,0.0086885768199636
4.291,145.15262279271053,145.16509668270587,-0.012473889995334275
4.292,145.18412161016266,145.16895542509005,0.01516618507261569
4.293,145.15925940530332,145.17283915832505,-0.013579753021730312
4.294,145.18737848417908,145.17667025217546,0.010708232003622697
4.295,145.1761152562026,145.18055965882277,-0.004444402620180199
4.296,145.1830565116498,145.1843845777113,-0.0013280660615180295
4.297,145.1964249436501,145.18825604076113,0.008168902888968432
4.298,145.1799913670673,145.19209606114217,-0.012104694074878353
4.299,145.21099370724386,145.19593473846655,0.01505896877731061
4.3,145.18597887667403,145.19979550561047,-0.013816628936439201
4.301,145.2148951914769,145.2036059637187,0.01128922775819774
4.302,145.2021689961779,145.20747366418755,-0.00530466800964291
4.303,145.21093654421995,145.21127632229135,-0.00033977807140672667
4.304,145.22236588128044,145.21512789038624,0.007237990894196855
4.305,145.20750307549798,145.21894416752966,-0.011441092031674316
4.306,145.23758963912675,145.22276388168314,0.014825757443617249
4.307,145.2124831609356,145.2266009279112,-0.014117766975601853
4.308,145.24250521621215,145.23039148721796,0.012113728994194162
4.309,145.22769116121208,145.2342373482591,-0.006546187047007379
4.31,145.2391207325938,145.23801771028872,0.0011030223050738641
4.311,145.2477057445059,145.24185003874413,0.005855705761774743
4.312,145.23523687189865,145.24564186010457,-0.010404988205920063
4.313,145.26380541338847,145.2494437176669,0.014361695721561318
4.314,145.23888693627597,145.2532561772579,-0.014369240981920939
4.315,145.27010811165283,145.257027773841,0.013080337811828713
4.316,145.25275055551006,145.2608513995904,-0.008100844080331626
4.317,145.26759196438547,145.26460970813733,0.0029822562481456316
4.318,145.27240572496308,145.26842320809996,0.003982516863118235
4.319,145.2632888620227,145.2721900191293,-0.00890115710660666
4.32,145.2895045504866,145.27597509048164,0.01352946000497468
4.321,145.2653485727991,145.27976199676044,-0.014413423961343597
4.322,145.29755464825087,145.2835157986578,0.014038849593077884
4.323,145.27746250107543,145.28731646261426,-0.009853961538823341
4.324,145.29629555413896,145.29105333592423,0.005242218214732475
4.325,145.29644866500462,145.29484806715013,0.0016005978544910704
4.326,145.2917528502176,145.29858958407317,-0.006836733855578814
4.327,145.31453082120683,145.30235881177467,0.012172009432163122
4.328,145.29206576512635,145.30611915587147,-0.014053390745118577
4.329,145.3246408959627,145.30985655227917,0.014784343683516
4.33,145.30200460382184,145.31363316387058,-0.011628560048734471
4.331,145.32511575373542,145.31734968118087,0.007766072554545644
4.332,145.3198673684972,145.32112522466855,-0.0012578561713496583
4.333,145.32069278752837,145.32484157747754,-0.004148789949169895
4.334,145.33873234696873,145.328595627924,0.010136719044737674
4.335,145.3192611105903,145.3323284825687,-0.013067371978394249
4.336,145.3511105984194,145.33605099811675,0.015059600302663512
4.337,145.32662856248004,145.33980211862382,-0.013173556143783571
4.338,145.3538515767138,145.34349986367542,0.01035171303837501
4.339,145.342778871795,145.3472552042441,-0.004476332449115716
4.34,145.35010323697145,145.35094710345018,-0.0008438664787320249
4.341,145.36199866588078,145.35468616165056,0.00731250423021379
4.342,145.3471519556176,145.35839087979903,-0.011238924181441234
4.343,145.3766726250405,145.3621000004704,0.014572624570092785
4.344,145.35165877015183,145.36582395226276,-0.014165182110929209
4.345,145.38220023876758,145.36950498850345,0.012695250264130209
4.346,145.36541714928194,145.37323844905058,-0.007821299768636436
4.347,145.3798645717785,145.37690735183105,0.0029572199474614536
4.348,145.38431267087012,145.38063089194134,0.003681778928779522
4.349,145.37590051089506,145.38430738741118,-0.008406876516119155
4.35,145.40104114843555,145.38800429054265,0.013036857892899434
4.351,145.37746885069728,145.391699394507,-0.014230543809702567
4.352,145.40975850603527,145.39536612078336,0.014392385251909445
4.353,145.38815504378357,145.39907539385393,-0.010920350070364293
4.354,145.40969862563983,145.40272359744077,0.0069750281990650365
4.355,145.40581145204214,145.40643016165123,-0.0006187096090854993
4.356,145.40554412052424,145.4100792234782,-0.004535102953951764
4.357,145.42400380264405,145.41376440305348,0.010239399590574294
4.358,145.4044257744099,145.41742934297713,-0.013003568567228285
4.359,145.43605721065884,145.4210841814749,0.014973029183948938
4.36,145.41149928157606,145.42476652552344,-0.013267243947382212
4.361,145.43914201621243,145.42839712701672,0.010744889195706264
4.362,145.42684299403916,145.43208420337507,-0.00524120933590666
4.363,145.4359140784961,145.4357077885229,0.0002062899731924972
4.364,145.4455163027651,145.43938064199935,0.006135660765750117
4.365,145.43279544238172,145.4430149605269,-0.010219518145191842
4.366,145.46064073528996,145.44665986898508,0.013980866304876827
4.367,145.43603843979125,145.45031252594302,-0.01427408615177228
4.368,145.4675598713,145.45392915032994,0.013630720970070342
4.369,145.44799615935983,145.45759324442005,-0.009597085060221389
4.37,145.46656436189122,145.46119462593737,0.005369735953848931
4.371,145.46580809439638,145.46485308716154,0.0009550072348361027
4.372,145.4626154341344,145.46845771478107,-0.005842280646675135
4.373,145.4831976939594,145.4720935403864,0.011104153573000985
4.374,145.46232842044887,145.47571437931168,-0.013385958862812686
4.375,145.49422564996246,145.47932060890693,0.01490504105552759
4.376,145.4700697036032,145.4829576209724,-0.012887917369198476
4.377,145.4967442932171,145.48654124575944,0.010203047457650882
4.378,145.48546789337888,145.49018163267144,-0.004713739292554919
4.379,145.49356040447273,145.49375932106176,-0.00019891658902793097
4.38,145.50372957444512,145.4973851338058,0.006344440639310278
4.381,145.49071334446356,145.50097347285012,-0.010260128386562428
4.382,145.51848590329686,145.5045719963534,0.013913906943457732
4.383,145.49394917039683,145.50817799520274,-0.0142288248059117
4.384,145.5254600574521,145.51174893159643,0.013711125855678574
4.385,145.50545890344702,145.51536620938813,-0.009907305941112554
4.386,145.52484698492856,145.5189216511246,0.00592533380395821
4.387,145.5227170495322,145.5225342707934,0.00018277873880379047
4.388,145.5211064602475,145.52609168245937,-0.004985222211871587
4.389,145.5400028353756,145.5296832699317,0.010319565443893453
4.39,145.5203725706154,145.53325561058833,-0.01288303997293383
4.391,145.55166409390256,145.53681850144324,0.014845592459323598
4.392,145.5270033320286,145.5404070930416,-0.013403761012995119
4.393,145.55525156708336,145.54394645961688,0.011305107466483832
4.394,145.54120876952405,145.54754046356197,-0.006331694037925217
4.395,145.55279890697884,145.55107124979958,0.0017276571792592677
4.396,145.55902736022813,145.55465383390373,0.004373526324400245
4.397,145.54960970637572,145.55819240246373,-0.008582696088012653
4.398,145.5745816438328,145.56175003624884,0.012831607583962068
4.399,145.55129729658086,145.56530522862124,-0.01400793204038564
4.4,145.5833108737281,145.56883498127132,0.014475892456772499
4.401,145.56074095873154,145.57240347531152,-0.011662516579974636
4.402,145.58440155299914,145.57591442887582,0.0084871241233202
4.403,145.5765988702961,145.5794827379249,-0.0028838676288103215
4.404,145.58113931728963,145.58299091588037,-0.0018515985907470167
4.405,145.59411945075396,145.58654277540472,0.007576675349241668
4.406,145.57906804618315,145.59006248899118,-0.01099444280802686
4.407,145.60773971589555,145.59358753158136,0.014152184314184524
4.408,145.5830052365949,145.59712383496714,-0.01411859837224938
4.409,145.61403837132897,145.60062297621428,0.013415395114691364
4.41,145.5945261683564,145.60416918247446,-0.009643014118069004
4.411,145.61347917334675,145.60765395182062,0.005825221526123414
4.412,145.61121456166757,145.61119533522336,1.922644420915276e-5
4.413,145.61008178441315,145.61468168970657,-0.004599905293417805
4.414,145.62800701521726,145.61820326935276,0.009803745864502389
4.415,145.6092616207442,145.62170325815805,-0.01244163741384341
4.416,145.63986454697135,145.62519752978852,0.014667017182830477
4.417,145.6150144233739,145.6287131747582,-0.01369875138428256
4.418,145.64435295874208,145.63218383724404,0.012169121498033064
4.419,145.62790934542534,145.6357062856376,-0.0077969402122732845
4.42,145.64282152936312,145.6391661677996,0.00365536156351709
4.421,145.64487876397098,145.64268038084356,0.002198383127421266
4.422,145.63963370013278,145.64614479492315,-0.006511094790369043
4.423,145.66084852860942,145.6496372345626,0.011211294046830744
4.424,145.639905771429,145.65311623560973,-0.013210464180730241
4.425,145.67132420161366,145.65658162064338,0.01474258097027814
4.426,145.64693693746648,145.6600750934926,-0.013138156026116121
4.427,145.67461263869518,145.6635188938846,0.01109374481058012
4.428,145.6606163897833,145.66701679742624,-0.006400407642928485
4.429,145.67259279734546,145.67045234027256,0.0021404570728975614
4.43,145.67755799948608,145.67393983382928,0.003618165656803285
4.431,145.66970976349705,145.67738162582225,-0.007671862325196344
4.432,145.69283304540863,145.68084641302264,0.011986632385998064
4.433,145.67074812209856,145.68430304303334,-0.013554920934780057
4.434,145.70240095551426,145.6877413064882,0.014659649026071975
4.435,145.67850756567123,145.69121140496736,-0.01270383929613672
4.436,145.7050375302761,145.69462950632183,0.010408023954255441
4.437,145.69250385983523,145.69810258971822,-0.005598729882990483
4.438,145.7028545859329,145.70151383814868,0.0013407477842122262
4.439,145.70927817243094,145.70497548609092,0.00430268634002573
4.44,145.70021538747923,145.7083936777081,-0.0081782902288694
4.441,145.7241094090316,145.7118324451317,0.01227696389989319
4.442,145.70161792009225,145.71526532795258,-0.013647407860332805
4.443,145.73326812440772,145.71867809268818,0.014590031719535546
4.444,145.70957975778228,145.72212385017406,-0.012544092391777895
4.445,145.73573788343538,145.725517128299,0.010220755136373327
4.446,145.7235124732774,145.72896540696814,-0.005452933690747841
4.447,145.73362170250203,145.73235215108593,0.0012695514161009669
4.448,145.74006874691077,145.73578901867674,0.00427972823402456
4.449,145.7310960083403,145.739182521464,-0.008086513123686245
4.45,145.7547497322818,145.74259693816907,0.012152794112722631
4.451,145.73244627610197,145.74600473015147,-0.013558454049501734
4.452,145.76398656994064,145.74939354773173,0.014593022208913453
4.453,145.7401137110629,145.7528140888976,-0.012700377834704568
4.454,145.76673708505595,145.75618333717563,0.010553747880322817
4.455,145.75363807111452,145.7596068852646,-0.005968814150065782
4.456,145.76489206517263,145.76296888995537,0.001923175217257267
4.457,145.76993495249476,145.76638203437733,0.0035529181174354107
4.458,145.76235766470137,145.76974978544328,-0.007392120741911867
4.459,145.78473604938893,145.77314148913263,0.011594560256298792
4.46,145.7632711031222,145.77652285790737,-0.013251754785159164
4.461,145.79450624816766,145.77988930263086,0.01461694553680104
4.462,145.77017091955847,145.78328367675428,-0.013112757195813174
4.463,145.79797861466596,145.7866298144325,0.011348800233463407
4.464,145.7829259476766,145.79002853251836,-0.0071025848417605175
4.465,145.79665005500416,145.79336576006816,0.0032842949360087914
4.466,145.79885889286973,145.79675603607157,0.0021028567981602464
4.467,145.79406347968504,145.80009713788266,-0.006033658197623026
4.468,145.81396647638152,145.8034676551542,0.010498821227315602
4.469,145.79423313251456,145.80682127568818,-0.012588143173616118
4.47,145.82466722168002,145.81016701308,0.014500208600026099
4.471,145.7999191863829,145.81353405374904,-0.013614867366129602
4.472,145.82931436481795,145.8168583085982,0.012456056219747325
4.473,145.81148989612535,145.8202317018659,-0.00874180574055572
4.474,145.82884156028675,145.82354454143572,0.005297018851024404
4.475,145.8268280678638,145.82691238372075,-8.431585695234389e-5
4.476,145.82630540326264,145.8302262934351,-0.003920890172452118
4.477,145.84227862334535,145.83357691025034,0.008701713095007335
4.478,145.82555947370943,145.8369015489676,-0.011342075258170325
4.479,145.8542040039544,145.84022833340867,0.01397567054573301
4.48,145.82964175997063,145.84356660408838,-0.013924844117752855
4.481,145.86047992686156,145.84687064692864,0.013609279932921936
4.482,145.83955056732043,145.8502176468654,-0.010667079544958824
4.483,145.86132409954135,145.85350714183969,0.007816957701663796
4.484,145.85389129565766,145.85685231405748,-0.0029610183998158845
4.485,145.8591467299428,145.86013909829194,-0.0009923683491308566
4.486,145.86950234145982,145.86347061345901,0.0060317280008064245
4.487,145.85752338281074,145.86676532899946,-0.009241946188723205
4.488,145.88276873040087,145.87007485082924,0.012693879571628486
4.489,145.85973613459208,145.87338272064557,-0.013646586053482679
4.49,145.89107280747675,145.87666866484872,0.01440414262802392
4.491,145.86748048639924,145.87998753545486,-0.012507049055614061
4.492,145.89380134086966,145.88325556145338,0.010545779416275991
4.493,145.88024029274405,145.8865769037301,-0.006336610986039659
4.494,145.89253253035903,145.88983755764212,0.0026949727169096604
4.495,145.89554810899392,145.89314993212076,0.002398176873157354
4.496,145.89036398985374,145.89641444404288,-0.00605045418913619
4.497,145.90999338998571,145.89970798788627,0.010285402099441399
4.498,145.89067635399593,145.9029839206381,-0.012307566642164147
4.499,145.920559375167,145.906254116222,0.014305258945000787
4.5,145.89583059407246,145.9095425507666,-0.013711956694123728
4.501,145.92576348017928,145.9127918462467,0.012971633932579607
4.502,145.90629848268654,145.91608710666551,-0.009788623978977284
4.503,145.9261769788694,145.91932385089206,0.006853127977336726
4.504,145.9205356520474,145.922615789891,-0.0020801378436203777
4.505,145.92415457914,145.9258509750589,-0.0016963959188842637
4.506,145.93561454953803,145.92912886485223,0.006485684685799242
4.507,145.92290810209934,145.9323719722301,-0.009463870130758778
4.508,145.94834922937733,145.93562849958218,0.0127207297951486
4.509,145.92529535792323,145.93888402624478,-0.013588668321546038
4.51,145.95647667617456,145.94211792687045,0.014358749304108187
4.511,145.93278025940444,145.94538384661132,-0.012603587206882594
4.512,145.95945791731674,145.94860024212412,0.010857675192625038
4.513,145.9449391311599,145.95186887955532,-0.006929748395407387
4.514,145.95862617749927,145.95507729143588,0.0035488860633847708
4.515,145.95966594821326,145.95833822124789,0.001327726965371312
4.516,145.95665488585533,145.96154905191182,-0.0048941660564878475
4.517,145.9739737386126,145.9647928910051,0.009180847607524356
4.518,145.95656642008433,145.96801369062985,-0.011447270545517085
4.519,145.98508133894242,145.9712354135009,0.013845925441529516
4.52,145.96065175705996,145.97446827199116,-0.013816514931193069
4.521,145.99138826335323,145.97766890217477,0.013719361178459621
4.522,145.96968668163856,145.98090983880974,-0.01122315717117317
4.523,145.99300125781252,145.9840959609447,0.008905296867823154
4.524,145.9827041739106,145.98733643858324,-0.004632264672636666
4.525,145.9916488350636,145.99051779594035,0.0011310391232370876
4.526,145.99737835611626,145.9937477779773,0.0036305781389671665
4.527,145.99004040474495,145.99693385491665,-0.006893450171702398
4.528,146.0108604164861,146.0001452759475,0.010715140538621881
4.529,145.99091286724527,146.00334206143577,-0.012429194190502812
4.53,146.02076217741066,146.00653153007298,0.014230647337683422
4.531,145.99610358109183,146.00973957297964,-0.01363599188780995
4.532,146.0259481304198,146.01290942233175,0.013038708088060957
4.533,146.0059590488639,146.01612376920238,-0.010164720338480038
4.534,146.0268787990839,146.01928115257414,0.0075976465097653545
4.535,146.01926271473218,146.02249312103996,-0.0032304063077788214
4.536,146.02541198363417,146.0256475346762,-0.00023555104203865085
4.537,146.03368258555133,146.02884766494228,0.004834920609056326
4.538,146.02415064718951,146.03200777538942,-0.007857128199901808
4.539,146.04656726453945,146.0351889464062,0.011378318133239418
4.54,146.02557230088826,146.03835978043094,-0.012787479542680558
4.541,146.05581658049402,146.04151947643473,0.014297104059295407
4.542,146.03123134954114,146.04470088298407,-0.01346953344292956
4.543,146.0605419593843,146.04784190520624,0.012700054178054643
4.544,146.0412879793075,146.05102872215707,-0.009740742849572825
4.545,146.06131388235931,146.05415817869203,0.007155703667280022
4.546,146.0544984711477,146.0573419892803,-0.0028435181326074144
4.547,146.05993808161392,146.06046894839858,-0.0005308667846577464
4.548,146.06864943477225,146.06364081086687,0.005008623905382592
4.549,146.0588516922916,146.06677341016922,-0.007921717877621859
4.55,146.08127861670775,146.0699266641573,0.011351952550455735
4.551,146.06034565477782,146.0730696002671,-0.01272394548928446
4.552,146.09044535940444,146.07620188549092,0.014243473913523985
4.553,146.06586233765296,146.07935504881095,-0.013492711157994108
4.554,146.09531144384232,146.08246893470113,0.012842509141194114
4.555,146.07557988118975,146.08562755237054,-0.010047671180785755
4.556,146.09636253840992,146.0887296461328,0.007632892277115388
4.557,146.08839678535887,146.09188584317954,-0.0034890578206727696
4.558,146.0952213022892,146.09498470301023,0.00023659927896346744
4.559,146.102302167347,146.09812994105266,0.004172226294343773
4.56,146.09412690496862,146.10123347047391,-0.007106565505296203
4.561,146.11500287670833,146.10436110766528,0.010641769043047589
4.562,146.09525180778718,146.10747422595736,-0.012222418170182436
4.563,146.1246095420812,146.11058143983914,0.014028102242065188
4.564,146.10006472670096,146.11370471163013,-0.013639984929170623
4.565,146.13017722236262,146.11679323951014,0.013383982852474219
4.566,146.10892488796492,146.11992281203214,-0.010997924067225995
4.567,146.13195000016827,146.12299834191407,0.00895165825420463
4.568,146.12101256899447,146.12612716787308,-0.0051145988786061025
4.569,146.13125361559187,146.12919761216656,0.0020560034253094273
4.57,146.1346009155773,146.13231754058472,0.0022833749925723623
4.571,146.13008376754576,146.1353907285022,-0.005306960956431794
4.572,146.14757459278437,146.1384948473443,0.009079745440061515
4.573,146.13052114608513,146.14157631757806,-0.01105517149292723
4.574,146.15803642405965,146.14466086908342,0.013375554976221338
4.575,146.13414668431136,146.147752377734,-0.013605693422647391
4.576,146.16482936544222,146.15081773224546,0.014011633196759021
4.577,146.14161879771743,146.15391685869614,-0.012298060978707781
4.578,146.16783194813956,146.1569673176989,0.010864630440664769
4.579,146.15252219475053,146.1600682352556,-0.007546040505076235
4.58,146.16795830141734,146.16311076095664,0.0048475404607017936
4.581,146.1655157654388,146.16620590521592,-0.0006901397771059692
4.582,146.166877050975,146.16924817036787,-0.002371119392876153
4.583,146.1787237363326,146.1723303262539,0.006393410078715078
4.584,146.16653868279738,146.17537863774152,-0.008839954944136252
4.585,146.19025505351175,146.17844285490068,0.01181219861106797
4.586,146.168647831738,146.18150051091718,-0.012852679179161441
4.587,146.19870396225394,146.18454536792572,0.014158594328222307
4.588,146.1742217971013,146.18761186909086,-0.013390071989562102
4.589,146.2035030349249,146.1906397582515,0.012863276673385826
4.59,146.18334795416735,146.1937110310655,-0.010363076898158852
4.591,146.2050428425663,146.19672744605472,0.008315396511562767
4.592,146.19519182667358,146.1997969901675,-0.004605163493920372
4.593,146.20453954107873,146.2028090360252,0.001730505053529896
4.594,146.20824127418297,146.2058696482996,0.002371625883370143
4.595,146.2036977367121,146.20888419120004,-0.005186454487954961
4.596,146.22071310760086,146.21192981346093,0.008783294139931286
4.597,146.204263318008,146.21495175491447,-0.010688436906463039
4.598,146.23100991991515,146.2179789676679,0.013030952247248706
4.599,146.2075858816435,146.22101007139878,-0.013424189755284033
4.6,146.2381114194591,146.2240188814473,0.014092538011794886
4.601,146.21429781102177,146.2270574187091,-0.012759607687343077
4.602,146.24180619856435,146.23005117176828,0.011755026796066659
4.603,146.22418369053338,146.23309243784172,-0.00890874730833957
4.604,146.24271576414927,146.23607692056018,0.006638843589087173
4.605,146.23626154412983,146.23911445521117,-0.0028529110813337866
4.606,146.2421158724562,146.2420964336473,1.9438808891436565e-5
4.607,146.24904520356768,146.2451236182358,0.003921585331880806
4.608,146.24160863457118,146.2481091954267,-0.006500560855528192
4.609,146.26091577130654,146.25112083516183,0.009794936144714939
4.61,146.24273185227395,146.2541140236962,-0.011382171422241072
4.611,146.27050762930568,146.2571075363231,0.013400092982578826
4.612,146.24660057250034,146.2601093757824,-0.013508803282064719
4.613,146.27701839079975,146.26308532923508,0.013933061564671334
4.614,146.2536627880552,146.26609372541427,-0.012430937359056315
4.615,146.28037447755185,146.2690556265054,0.011318851046439704
4.616,146.2636200266498,146.27206591715753,-0.008445890507744025
4.617,146.28122225178322,146.27501933195003,0.0062029198331856605
4.618,146.27552170362736,146.2780254164809,-0.0025037128535245756
4.619,146.2807562856072,146.2809766580998,-0.00022037249260620229
4.62,146.2880023646233,146.2839724121122,0.004029952511103829
4.621,146.28043198646637,146.28692710666277,-0.006495120196404969
4.622,146.29960089129588,146.2899077458281,0.009693145467792874
4.623,146.2816335226472,146.2928696054531,-0.011236082805879732
4.624,146.30908643956013,146.29583270779798,0.01325373176214839
4.625,146.28537255145207,146.29880276926792,-0.013430217815852075
4.626,146.3157188854208,146.30174874470524,0.013970140715571233
4.627,146.2920818525541,146.30472522067973,-0.012643368125623056
4.628,146.319390945824,146.3076571451172,0.011733800706821285
4.629,146.30154348813255,146.3106358851472,-0.009092397014654807
4.63,146.3206281956296,146.31355877226565,0.007069423363958549
4.631,146.31295854731042,146.3165342137182,-0.0035756664077837286
4.632,146.3204543231932,146.31945390301107,0.0010004201821232073
4.633,146.3251373945204,146.32242028081413,0.0027171137062680373
4.634,146.32015873329559,146.32534219244502,-0.005183459149435521
4.635,146.33676134164983,146.32829474532502,0.008466596324808506
4.636,146.32101936537794,146.33122277023188,-0.010203404853939446
4.637,146.34665957791202,146.33415869372865,0.012500884183367589
4.638,146.32404114487596,146.33709444208532,-0.013053297209353332
4.639,146.35404200213637,146.34001341144742,0.014028590688951681
4.64,146.32976247190217,146.3429559530283,-0.013193481126137385
4.641,146.35864464883753,146.34586011717366,0.012784531663868393
4.642,146.33816478856173,146.34880623871732,-0.010641450155588927
4.643,146.3607624559325,146.3516997253156,0.009062730616903991
4.644,146.34869744778433,146.35464463746334,-0.00594718967900576
4.645,146.36116930218213,146.35753268228305,0.003636619899083371
4.646,146.360405720426,146.3604710024904,-6.52820644120311e-5
4.647,146.36094930927558,146.36335889904356,-0.0024095897679785594
4.648,146.37213238980578,146.36628571544068,0.005846674365102444
4.649,146.36127525254753,146.3691777917694,-0.007902539221873894
4.65,146.3827469532907,146.3720895910788,0.0106573622119015
4.651,146.36318124619362,146.3749884134455,-0.011807167251873807
4.652,146.3913595519977,146.3778837104776,0.013475841520119047
4.653,146.36737290370903,146.38078965329925,-0.013416749590220434
4.654,146.39747888467804,146.38366921199415,0.013809672683890994
4.655,146.3741085045023,146.38658045295992,-0.012471948457630333
4.656,146.40108746061983,146.38944707996302,0.011640380656814386
4.657,146.38316871291448,146.39236000307162,-0.00919129015713338
4.658,146.40262631758893,146.39521797459716,0.007408342991766403
4.659,146.3939157293368,146.3981278832014,-0.004212153864585844
4.66,146.40289666877044,146.40098212662124,0.001914542149194176
4.661,146.40542494815847,146.40388412359428,0.0015408245641879148
4.662,146.4029021553301,146.40673931586858,-0.003837160538466833
4.663,146.41666127954758,146.40962918300627,0.007032096541308874
4.664,146.4036619685906,146.41248893022143,-0.008826961630830965
4.665,146.426666250747,146.41536385132846,0.01130239941852551
4.666,146.40603231092086,146.41823009167874,-0.012197780757873034
4.667,146.43472191852288,146.42108910295826,0.013632815564619705
4.668,146.41056431888873,146.4239618228637,-0.013397503974971414
4.669,146.44046492626495,146.42680592532435,0.013659000940606347
4.67,146.41742193049234,146.42968322436687,-0.012261293874530566
4.671,146.44393356633904,146.4325151520186,0.011418414320445436
4.672,146.42637031763013,146.43539362092932,-0.009023303299187546
4.673,146.44554502237213,146.4382173319796,0.007327690392543218
4.674,146.4368316328158,146.44109267226946,-0.004261039453666626
4.675,146.44601025799912,146.44391265290068,0.0020976050984415906
4.676,146.44799468412532,146.44678041429225,0.0012142698330706025
4.677,146.4462047834399,146.44960092834913,-0.0033961449092316798
4.678,146.4589570624572,146.45245723688745,0.006499825569733275
4.679,146.44701983855975,146.45528164016633,-0.008261801606579411
4.68,146.46887488534662,146.45812380906364,0.010751076282986105
4.681,146.44921899987492,146.46095404525852,-0.011735045383602483
4.682,146.47709458092197,146.46378096721577,0.013313613706202432
4.683,146.4533219153824,146.46661730672662,-0.013295391344229301
4.684,146.48324794751272,146.46942957507838,0.013818372434343473
4.685,146.4595341431026,146.47227062340158,-0.012736480298997321
4.686,146.48729690499795,146.47507038973959,0.01222651525836227
4.687,146.46772853710198,146.47791336172477,-0.01018482462279735
4.688,146.4895253117666,146.480703956918,0.008821354848606688
4.689,146.47747910092588,146.48354514567754,-0.006066044751662503
4.69,146.4904817653788,146.4863305363081,0.004151229070714635
4.691,146.4881381600593,146.48916590060878,-0.0010277405494889535
4.692,146.4908860170383,146.4919500781738,-0.0010640611355086094
4.693,146.49894272546743,146.49477585747064,0.004166867996787005
4.694,146.4915149075415,146.49756224802323,-0.006047340481728725
4.695,146.50913165213578,146.5003755010749,0.008756151060879347
4.696,146.49308635519392,146.50316648395125,-0.010080128757323337
4.697,146.51805568988914,146.50596549422517,0.012090195663972736
4.698,146.49615839993805,146.50876209886107,-0.012603698923015827
4.699,146.52526622906413,146.51154657737194,0.013719651692184698
4.7,146.50105680817464,146.51434838079476,-0.013291572620119041
4.701,146.53056924348613,146.51711946099306,0.013449782493069051
4.702,146.50784002310562,146.5199246987269,-0.012084675621281349
4.703,146.53404094278275,146.52268473102686,0.011356211755895629
4.704,146.51630302741964,146.52549058589037,-0.009187558470728163
4.705,146.5360051007183,146.5282427749261,0.007762325792214142
4.706,146.5260173482933,146.5310458006889,-0.005028452395606564
4.707,146.53697757952125,146.53379374243426,0.003183837086993435
4.708,146.53639958286658,146.5365903495075,-0.0001907666409124431
4.709,146.53758810665056,146.53933753615556,-0.0017494295049971242
4.71,146.54679587001917,146.54212447606966,0.004671393949507774
4.711,146.53849190304632,146.54487384078575,-0.006381937739433852
4.712,146.55657181246193,146.54764861717493,0.008923195286996588
4.713,146.5402825427155,146.5504021693511,-0.010119626635599843
4.714,146.56519317749755,146.55316334086467,0.012029836632876822
4.715,146.5434184332878,146.55592194461687,-0.012503511329072126
4.716,146.57229045727317,146.55866926997075,0.013621187302419457
4.717,146.54817075673034,146.561432573659,-0.013261816928661574
4.718,146.57769712020843,146.5641670012066,0.013530119001814
4.719,146.55459866943022,146.5669335270689,-0.012334857638677477
4.72,146.5814608181937,146.56965703496337,0.011803783230334375
4.721,146.56255191559987,146.5724244014124,-0.009872485812536524
4.722,146.58382714286822,146.57513972077962,0.00868742208859885
4.723,146.57169945251465,146.57790496725673,-0.006205514742077867
4.724,146.58520046061594,146.58061522370343,0.004585236912504342
4.725,146.5815778876536,146.58337518442585,-0.001797296772252821
4.726,146.58608760679442,146.58608351324537,4.0935490517313156e-6
4.727,146.59165332175166,146.5888352037657,0.002818117985952995
4.728,146.58703315499176,146.59154438461698,-0.004511229625222768
4.729,146.60138703407918,146.59428534085401,0.007101693225166628
4.73,146.5885542707559,146.59699748522365,-0.00844321446774643
4.731,146.6102978034573,146.59972602666835,0.010571776788964371
4.732,146.59108308564635,146.60244236555056,-0.011359279904212372
4.733,146.61801412443913,146.60515776146653,0.012856362972598845
4.734,146.59492160873202,146.60787854182277,-0.012956933090748635
4.735,146.62431012283358,146.61058105440537,0.013729068428204982
4.736,146.60021532030083,146.61330554727377,-0.013090226972934715
4.737,146.62912299058075,146.61599636849846,0.013126622082296535
4.738,146.60694480090578,146.61872298936572,-0.011778188459942385
4.739,146.6325515544596,146.62140407574685,0.011147478712757675
4.74,146.61493645390001,146.62413058630585,-0.009194132405838218
4.741,146.63483748866054,146.62680442159868,0.008033067061859356
4.742,146.62388899215603,146.62952819265115,-0.005639200495124896
4.743,146.6363321569107,146.63219750643293,0.0041346504777663995
4.744,146.63341165083725,146.63491580806274,-0.001504157225497238
4.745,146.6374544905361,146.6375832855084,-0.00012879497231210735
4.746,146.6430693036327,146.6402935750842,0.002775728548499501
4.747,146.6386440787714,146.642961585218,-0.004317506446597008
4.748,146.6524290663585,146.6456617537104,0.006767312648094048
4.749,146.64031617827177,146.64833212315136,-0.008015944879588233
4.75,146.66110374485845,146.65102069106538,0.01008305379306762
4.751,146.6428212413058,146.65369454771462,-0.010873306408825556
4.752,146.6687871857446,146.65637078572547,0.012416400019134244
4.753,146.64641435379227,146.6590484763057,-0.012634122513446755
4.754,146.67528033510038,146.6617124449627,0.013567890137693439
4.755,146.6512356733564,146.66439353458026,-0.013157861223845657
4.756,146.68050392985245,146.6670460499222,0.013457879930257377
4.757,146.65730342716122,146.66972939763238,-0.012425970471156234
4.758,146.6844995114549,146.67237192152496,0.012127589929946225
4.759,146.66451894715175,146.67505581144133,-0.010536864289576897
4.76,146.68741889276063,146.67769029199735,0.009728600763281747
4.761,146.67268229831703,146.68037261845976,-0.007690320142728524
4.762,146.68950427813886,146.6830012952534,0.006502982885450592
4.763,146.6815160648171,146.68567976801077,-0.004163703193682977
4.764,146.69106105643107,146.68830495934037,0.00275609709069613
4.765,146.69069416585228,146.69097731415,-0.0002831482977114774
4.766,146.6924278635365,146.6936012117812,-0.0011733482447198185
4.767,146.69987388087148,146.69626540582047,0.0036084750510099184
4.768,146.69394418505334,146.698889889585,-0.004945704531650108
4.769,146.70872569478908,146.70154426630023,0.007181428488848951
4.77,146.69592258178784,146.70417076124352,-0.008248179455677018
4.771,146.7169609525445,146.70681417654077,0.01014677600372238
4.772,146.69862266951904,146.7094435539899,-0.010820884470859937
4.773,146.72435340458418,146.71207544716611,0.012277957418064034
4.774,146.70223355628085,146.71470797702344,-0.012474420742591974
4.775,146.73075402240931,146.71732839214047,0.01342563026884136
4.776,146.70686223857518,146.71996374897424,-0.013101510399053495
4.777,146.7360987806395,146.72257330593473,0.013525474704778162
4.778,146.71253004040446,146.7252106228289,-0.012680582424451359
4.779,146.74040832309117,146.72781044182113,0.01259788127003958
4.78,146.7191760663834,146.73044839928778,-0.01127233290438312
4.781,146.74378133109204,146.73303999308172,0.010741338010319623
4.782,146.72666679575673,146.73567694437045,-0.009010148613725733
4.783,146.746382412741,146.73826208726337,0.008120325477648294
4.784,146.7348109021013,146.74089619636547,-0.006085294264181584
4.785,146.74842532563193,146.74347677951417,0.0049485461177596335
4.786,146.74337693194596,146.74610616541312,-0.0027292334671642493
4.787,146.75015427551153,146.74868405286523,0.0014702226463043644
4.788,146.75211285857992,146.7513069277555,0.000805930824412826
4.789,146.75182431798257,146.75388382600488,-0.002059508022313139
4.79,146.76076559305406,146.756498620698,0.004266972356049337
4.791,146.753682233642,146.75907596426754,-0.005393730625542048
4.792,146.76909887580388,146.76168142650585,0.007417449298031897
4.793,146.75594974843995,146.7642602933575,-0.008310544917549123
4.794,146.77690891006182,146.7668555604137,0.01005334964813187
4.795,146.75880990186158,146.76943661561566,-0.01062671375407831
4.796,146.78403603473814,146.7720212525205,0.012014782217647735
4.797,146.7623970091453,146.774604723653,-0.012207714507695755
4.798,146.79037267953447,146.77717873386354,0.013193945670934681
4.799,146.76679111133646,146.77976441970839,-0.012973308371925896
4.8,146.79586690796734,146.7823282215146,0.013538686452733373
4.801,146.77201605189308,146.78491552326344,-0.012899471370360516
4.802,146.8005223323753,146.78746990540515,0.01305242697014819
4.803,146.77804190853308,146.79005788738624,-0.01201597885315664
4.804,146.80439398368804,146.7926039392733,0.011790044414738077
4.805,146.78479033602054,146.79519140300405,-0.010401066983519058
4.806,146.8075814913452,146.7977304363695,0.009851054975683837
4.807,146.79214261578687,146.80031600717817,-0.008173391391295581
4.808,146.81022005248354,146.80284946340686,0.007370589076685974
4.809,146.79994993997124,146.8054316812566,-0.00548174128536516
4.81,146.81246962019043,146.8079610421483,0.004508578042134559
4.811,146.8080440161441,146.81053845123782,-0.0024944350937232684
4.812,146.81450400439667,146.81306515104342,0.0014388533532496695
4.813,146.8162484663976,146.81563638488797,0.0006120815096437582
4.814,146.81649971205007,146.81816173211948,-0.0016620200694035248
4.815,146.82438919324161,146.82072558240617,0.003663610835445752
4.816,146.81862569442228,146.8232506938429,-0.004624999420627773
4.817,146.83230462479176,146.82580617200713,0.006498452784626352
4.818,146.82103462618358,146.82833192391823,-0.007297297734652375
4.819,146.83985289070418,146.83087830124967,0.008974589454510351
4.82,146.82385569577085,146.83340529486318,-0.009549599092338212
4.821,146.84691881098703,146.83594212841882,0.010976682568212937
4.822,146.82718930424875,146.83847067475136,-0.011281370502615573
4.823,146.8534176161245,146.84099781326142,0.012419802863064433
4.824,146.83110389345907,146.84352793244383,-0.01242403898476141
4.825,146.85929735494452,146.84604550825895,0.013251846685562896
4.826,146.8356349629726,146.84857694525653,-0.01294198228393384
4.827,146.86453896051282,146.85108535339282,0.013453607119998878
4.828,146.84078565670336,146.85361760743774,-0.01283195073438037
4.829,146.86915475828116,146.85611747254472,0.013037285736430704
4.83,146.8465290394637,146.85864983469068,-0.012120795226991277
4.831,146.8731854500692,146.86114196615233,0.01204348391686949
4.832,146.85281160807807,146.86367356315895,-0.010861955080883945
4.833,146.8766960955104,146.86615890976768,0.010537185742720112
4.834,146.85955812456538,146.86868875615963,-0.009130631594246097
4.835,146.87977104885866,146.87116835375136,0.008602695107299496
4.836,146.8666764976859,146.87369540234533,-0.007018904659446434
4.837,146.88250859936045,146.8761703242211,0.006338275139341931
4.838,146.87406359278,146.87869351495917,-0.004629922179162804
4.839,146.88501555166602,146.88116482190262,0.0038507297633998405
4.84,146.88161045486518,146.88368312795384,-0.0020726730886622136
4.841,146.88740168650924,146.88615182614112,0.0012498603681194709
4.842,146.8892077444544,146.8886642977393,0.0005434467151133049
4.843,146.88977482010998,146.89113129979398,-0.0013564796840057625
4.844,146.89675033667424,146.89363709573516,0.0031132409390863813
4.845,146.89223634192177,146.8961031880229,-0.0038668461011184263
4.846,146.90414135761603,146.89860160349116,0.005539754124868068
4.847,146.8948778962048,146.90106742715602,-0.006189530951218103
4.848,146.91129561870554,146.90355791493025,0.007737703775291038
4.849,146.89777772752817,146.90602394706727,-0.008246219539103095
4.85,146.9181418103544,146.90850612550906,0.00963568484533539
4.851,146.90099977661677,146.91097267341294,-0.009972896796170971
4.852,146.92462437581523,146.91344633363357,0.011178042181654746
4.853,146.90459117007845,146.9159135345706,-0.011322364492144743
4.854,146.9307041679816,146.9183786348233,0.012325533158275448
4.855,146.9085829642403,146.92084646208758,-0.012263497847271765
4.856,146.93635853687704,146.92330311912988,0.013055417747153797
4.857,146.91298965064593,146.92577139558628,-0.012781744940355111
4.858,146.94158074133583,146.92821987192622,0.013360869409609677
4.859,146.91781056715269,146.93068828390233,-0.012877716749642332
4.86,146.94637877519887,146.93312896537066,0.01324980982820989
4.861,146.92303092852345,146.93559708294927,-0.012566154425826426
4.862,146.95077369938403,146.93803045995966,0.012743239424366948
4.863,146.92862383117492,146.94049776051395,-0.011873929339031974
4.864,146.95479788962928,146.94292440676932,0.011873482859954265
4.865,146.93455219570447,146.9453902977722,-0.010838102067737054
4.866,146.95849266728055,146.9478108440947,0.010681823185848316
4.867,146.94077073319704,146.95027468675426,-0.009503953557214118
4.868,146.96190643551034,146.95268980041985,0.009216635090496084
4.869,146.94722876621108,146.95515093239,-0.007922166178929047
4.87,146.96509213732494,146.95756129240235,0.00753084492259859
4.871,146.9538717321355,146.96001904891725,-0.006147316781749623
4.872,146.96810533286936,146.96242532562408,0.00568000724527451
4.873,146.9606433563489,146.96487905885954,-0.004235702510641204
4.874,146.97100211415918,146.96728189834138,0.0037202158177933597
4.875,146.96748816363242,146.96973099457682,-0.002242830944396701
4.876,146.97383759850769,146.9721309997568,0.0017065987508715352
4.877,146.97435239944173,146.9745748952588,-0.00022249581707001198
4.878,146.9766639317643,146.97697261474787,-0.0003086829835581284
4.879,146.9811852746095,146.97941080427543,0.0017744703340554224
4.88,146.97952950334397,146.98180672090714,-0.002277217563175782
4.881,146.98794108669793,146.98423876830333,0.003702318394601889
4.882,146.98247780178542,146.98663329437952,-0.004155492594094312
4.883,146.9945791897251,146.98905883940787,0.00552035031722653
4.884,146.98554656322014,146.99145230897201,-0.005905745751874747
4.885,147.0010647129813,146.99387106725698,0.007193645724328235
4.886,146.98876747947466,146.99626373710805,-0.007496257633391679
4.887,147.00736928914765,146.99867550476182,0.008693784385826575
4.888,146.9921659353652,147.00106755391866,-0.00890161855346605
4.889,147.01347066650325,147.00347220243106,0.009998464072197066
4.89,146.99576097037203,147.00586373285893,-0.01010276248689479
4.891,147.01935291722927,147.00826120771623,0.01109170951303895
4.892,146.99956540368493,147.010652251105,-0.011086847420074264
4.893,147.02500612545288,147.01304256712925,0.011963558323628831
4.894,147.0035864184362,147.01543308860164,-0.011846670165425621
4.895,147.03042600942044,147.01781632281902,0.012609686601422254
4.896,147.0078255950588,147.02020622880977,-0.012380633750979086
4.897,147.03561342341285,147.02258251493345,0.013030908479407799
4.898,147.01227986529625,147.02497165917814,-0.012691793881884905
4.899,147.04057369952298,147.0273411782133,0.013232521309674894
4.9,147.0169418475024,147.02972937002963,-0.012787522527219153
4.901,147.0453161394473,147.03209234447118,0.013223794976113368
4.902,147.02180058521648,147.03447935666367,-0.012678771447184545
4.903,147.04985325893372,147.03683604013304,0.01301721880068385
4.904,147.02684214801886,147.03922161584003,-0.012379467821176604
4.905,147.05420024585544,147.04157228769242,0.012627958163022868
4.906,147.03205035183126,147.04395615025615,-0.011905798424891145
4.907,147.05837422528128,147.04630110750685,0.01207311777443465
4.908,147.0374072912216,147.04868296630957,-0.011275675087972559
4.909,147.0623937711113,147.05102251687546,0.011371254235825745
4.91,147.0428939198987,147.05340207421912,-0.010508154320433505
4.911,147.06627823152397,147.0557365295609,0.010541701963063588
4.912,147.04849063990193,147.0581134866742,-0.009622846772259663
4.913,147.0700474996258,147.060443156326,0.009604343299798757
4.914,147.05417773320428,147.06281721779123,-0.00863948458695063
4.915,147.0737210500545,147.06514240445478,0.008578645599726542
4.916,147.05993580508581,147.0675132835132,-0.007577478427378992
4.917,147.07731806455828,147.06983427855448,0.007483786003803061
4.918,147.06574612765635,147.07220170213634,-0.006455574479986126
4.919,147.08085697735336,147.07451878344858,0.0063381939047815194
4.92,147.0715907624789,147.07688249516215,-0.005291732683247119
4.921,147.08435507149647,147.0791959223887,0.005159149107782923
4.922,147.07745308382,147.08155568376532,-0.004102599945326801
4.923,147.08782827350512,147.08386569789084,0.00396257561428115
4.924,147.0833178318705,147.08622129246058,-0.00290346059009039
4.925,147.09129134623083,147.08852811278342,0.0027632334474105846
4.926,147.08917107045696,147.0908793435336,-0.001708273076644673
4.927,147.09475728897337,147.09318316593016,0.001574123043212694
4.928,147.0950005112692,147.09552985904782,-0.0005293477786096901
4.929,147.098237800737,147.0978308580976,0.000406942639386898
4.93,147.10079542896642,147.100172863895,0.0006225650714100084
4.931,147.10174271785982,147.10247119108928,-0.0007284732294579044
4.932,147.10654653548,147.10480838125775,0.0017381542222381086
4.933,147.10528072961043,147.10710416614114,-0.0018234365307137068
4.934,147.1122462209273,147.10943643508554,0.0028097858417481802
4.935,147.10885856875706,147.11172978454474,-0.0028712157876782385
4.936,147.11788824237928,147.11405704708588,0.003831195293400924
4.937,147.11248178845113,147.11634804715382,-0.0038662587026863093
4.938,147.12346782022763,147.11867023831894,0.004797581908690063
4.939,147.11615470349375,147.12095895692252,-0.004804253428773109
4.94,147.12898133332766,147.12327603101767,0.0057053023099911115
4.941,147.11988014621312,147.12556251600793,-0.005682369794811848
4.942,147.1344264862735,147.12787444397398,0.00655204229951778
4.943,147.12366004799676,147.13015872807023,-0.006498680073462992
4.944,147.13980211695002,147.1324654983917,0.007336618558326791
4.945,147.12749514164258,147.13474759897596,-0.007252457333379425
4.946,147.14510763454962,147.1370492127096,0.008058421840019037
4.947,147.13138536854586,147.13932913249135,-0.0079437639454909
4.948,147.15034372948057,147.14162560462097,0.00871812485959822
4.949,147.13532977983186,147.1439033337598,-0.008573553927931243
4.95,147.15551159543836,147.1461946894405,0.00931690599784929
4.951,147.13932703421958,147.14847020858804,-0.009143174368460905
4.952,147.16061317270095,147.15075648411502,0.009856688585927031
4.953,147.14337498904337,147.15302976462604,-0.009654775582674802
4.954,147.16565064967895,147.15531100480493,0.010339644874022724
4.955,147.14747093480963,147.15758200998582,-0.010111075176183704
4.956,147.1706268589196,147.15985826623287,0.010768592686730472
4.957,147.15161216948906,147.16212695361867,-0.010514784129611598
4.958,147.175544966756,147.16439828423322,0.011146682522792162
4.959,147.15579540085142,147.16666460487227,-0.010869204020849565
4.96,147.1804081099275,147.16893107093946,0.011477038988033428
4.961,147.1600173030402,147.17119497166175,-0.011177668621542125
4.962,147.18521986545943,147.17345663871805,0.01176322674137964
4.963,147.16427437469696,147.17571806392564,-0.011443689228684661
4.964,147.18998379383916,147.17797500110436,0.01200879273480382
4.965,147.168563004063,147.1802338932502,-0.011670889187200828
4.966,147.19470349831946,147.1824861712708,0.012217327048659854
4.967,147.1728796982927,147.1847424698604,-0.011862771567706432
4.968,147.19938246372277,147.1869901590584,0.012392304664359699
4.969,147.17722092087436,147.1892438034078,-0.012022882533443635
4.97,147.2040242828573,147.19148697681908,0.012537306038211682
4.971,147.1815832216092,147.19373790597984,-0.012154684370642599
4.972,147.20863228026977,147.19597663562192,0.012655644647850295
4.973,147.18596332090095,147.19822478976272,-0.012261468861765934
4.974,147.21320976451568,147.20045914846207,0.01275061605360861
4.975,147.19035802732313,147.20270446766344,-0.012346440340309073
4.976,147.21775980554565,147.2049345260619,0.012825279483763552
4.977,147.19476437916427,147.20717695088598,-0.012412571721711174
4.978,147.22228535866762,147.2094027796015,0.01288257906611534
4.979,147.199179564713,147.2116422521057,-0.012462687392684302
4.98,147.22678909430485,147.21386392022575,0.012925174079100543
4.981,147.20360098629803,147.21610038475373,-0.012499398455702249
4.982,147.23127355583742,147.21831796113983,0.012955594697587003
4.983,147.20802626865003,147.22055136190852,-0.01252509325848905
4.984,147.23574096870158,147.22276491149483,0.012976057206742553
4.985,147.21245326244036,147.22499519393713,-0.012541931496770076
4.986,147.24019347786623,147.22720478205753,0.012988695808701323
4.987,147.216880070856,147.22943189350727,-0.012551822651261091
4.988,147.24463280200047,147.23163758329613,0.012995218704332956
4.989,147.22130499510712,147.23386147258526,-0.01255647747814237
4.99,147.2490606192442,147.23606332682908,0.01299729241512182
4.991,147.22572661029412,147.23828394358074,-0.012557333286622452
4.992,147.25347817679264,147.2404820228814,0.012996153911245756
4.993,147.23014370178922,147.24269931850034,-0.012555616711125595
4.994,147.25788665484808,147.2448936838737,0.012992970974380569
4.995,147.2345553389042,147.24710761068178,-0.01255227177759366
4.996,147.26228683045582,147.2492983210369,0.012988509418931926
4.997,147.23896077580915,147.25150883124863,-0.012548055439481232
4.998,147.2666793522209,147.25369594449748,0.012983407723424989
4.999,147.2433595508933,147.25590299031757,-0.01254343942426317
5.0,147.27106461154298,147.25808656357336,0.012978047969625095
