time,Q_in,theta_zone_1,theta_zone_2,theta_zone_3,theta_zone_4
0.0,0.0,0.0,0.0,0.0,0.0
0.2002002002002002,0.0,0.0,0.0,0.0,0.0
0.4004004004004004,0.0,0.0,0.0,0.0,0.0
0.6006006006006006,0.0,0.0,0.0,0.0,0.0
0.8008008008008008,0.0,0.0,0.0,0.0,0.0
1.001001001001001,0.0,0.0,0.0,0.0,0.0
1.2012012012012012,0.0,0.0,0.0,0.0,0.0
1.4014014014014013,0.0,0.0,0.0,0.0,0.0
1.6016016016016017,0.0,0.0,0.0,0.0,0.0
1.8018018018018018,0.0,0.0,0.0,0.0,0.0
2.002002002002002,0.0,0.0,0.0,0.0,0.0
2.2022022022022023,0.0,0.0,0.0,0.0,0.0
2.4024024024024024,0.0,0.0,0.0,0.0,0.0
2.6026026026026026,0.0,0.0,0.0,0.0,0.0
2.8028028028028027,0.0,0.0,0.0,0.0,0.0
3.003003003003003,0.0,0.0,0.0,0.0,0.0
3.2032032032032034,0.0,0.0,0.0,0.0,0.0
3.4034034034034035,0.0,0.0,0.0,0.0,0.0
3.6036036036036037,0.0,0.0,0.0,0.0,0.0
3.803803803803804,0.0,0.0,0.0,0.0,0.0
4.004004004004004,0.0,0.0,0.0,0.0,0.0
4.2042042042042045,0.0,0.0,0.0,0.0,0.0
4.404404404404405,0.0,0.0,0.0,0.0,0.0
4.604604604604605,0.0,0.0,0.0,0.0,0.0
4.804804804804805,0.0,0.0,0.0,0.0,0.0
5.005005005005005,300.125789487346,0.003584026770511173,0.0,0.0,0.0
5.205205205205205,305.15679776490816,0.14965680468014853,3.0196577540664293e-6,7.389644451905042e-13,0.0
5.405405405405405,310.1845423747459,0.29833975644913835,0.00010221824487643971,1.2029204299324192e-9,0.0
5.605605605605605,315.2058413251354,0.4489884808441502,0.0006654591546748634,5.0559151532070246e-8,4.547473508864641e-13
5.8058058058058055,320.2175167037236,0.60103307228826,0.0022583064949799336,6.039697382220766e-7,2.3078428057488054e-11
6.006006006006006,325.2163966887864,0.7539040315313059,0.005442823299290467,3.676403878216661e-6,4.0097347664413974e-10
6.206206206206206,330.1993175566314,0.9071415277815618,0.010666383138755009,1.4769676511150465e-5,3.6836240724369418e-9
6.406406406406407,335.1631256838763,1.06041786457115,0.018237152425967906,4.492153527735354e-5,2.1784785531053785e-8
6.606606606606607,340.1046795433342,1.2135181370546206,0.028342054217432633,0.00011207052455119992,9.541940926283132e-8
6.806806806806807,345.0208516922443,1.3663141423132288,0.041072482152401335,0.00024140042711451315,3.3159926715597976e-7
7.007007007007007,349.9085307515878,1.5187370307310744,0.05645214272328758,0.00046479176194225147,9.661085300649574e-7
7.207207207207207,354.7646233752378,1.6707594114216704,0.07445615982373965,0.0008195389350476034,2.443942150875955e-6
7.407407407407407,359.5860562076964,1.8223805221697376,0.09502740054159631,0.0013467568988971834,5.527094799617771e-6
7.607607607607608,364.36977782917984,1.973615000544612,0.11808910852658983,0.0020898906130923933,1.1389258702365623e-5
7.807807807807808,369.11276068682093,2.1244773486369013,0.14356219087073896,0.0030928632485256458,2.1727867817844526e-5
8.008008008008009,373.8120030107665,2.2750357505142347,0.17130993052097665,0.004401490049644963,3.883204607291191e-5
8.208208208208209,378.46453071395683,2.4252528973226504,0.2013068683562551,0.0060536176860068736,6.574684459792479e-5
8.408408408408409,383.0673992743856,2.5751654260318446,0.2334482441008845,0.008090364882377798,0.00010616833367294021
8.608608608608609,387.61769559864763,2.7249599387296826,0.267465830637434,0.010564458809824373,0.00016426505089839338
8.80880880880881,392.1125398655968,2.874298310991321,0.3036753467693529,0.013465891640009886,0.00024631601456803764
9.00900900900901,396.54908734894565,3.0236883236837,0.3414345559248204,0.01689770584789585,0.00035620855737761303
9.20920920920921,400.9245302176548,3.172708130338151,0.3811768106713771,0.020810105610621576,0.0005033323699308312
9.40940940940941,405.2360993129707,3.321660298291704,0.4224791914160164,0.025288281264636225,0.000692588711785902
9.60960960960961,409.48106590098917,3.470422485410154,0.4654330328930314,0.030324072641462863,0.0009331655507480718
9.80980980980981,413.6567433996344,3.6190538317003984,0.5099024100728684,0.035951239491225806,0.0012330061993566233
10.01001001001001,417.7604890789601,3.7675296427484,0.5558618779106723,0.04217658800149593,0.0016008181036113456
10.21021021021021,421.789705733698,3.9158630116112363,0.6032366463488188,0.04901798658841017,0.0020456643731563418
10.41041041041041,425.7418433269937,4.064050954772824,0.6519716479121485,0.05648718909742456,0.002577220372472766
10.61061061061061,429.614400604291,4.212094898332396,0.7020065170789849,0.06459541753707754,0.003205168266219971
10.81081081081081,433.4049266763417,4.35998243187754,0.7532976134867226,0.07334950814259855,0.003939460169476661
11.01101101101101,437.11102257034065,4.507712560625976,0.8057872176349292,0.0827578413004062,0.004789966035957605
11.21121121121121,440.73034274820316,4.655261834700582,0.8594450016446444,0.09282221594196471,0.005767020360678998
11.411411411411411,444.2605965910243,4.802631390763395,0.9142094222616493,0.10355060305687402,0.006880260088905743
11.611611611611611,447.699549848781,4.949794366719914,0.9700546944710595,0.11494117714374852,0.008140228749141443
11.811811811811811,451.0450260543584,5.096730660348896,1.0269442347447466,0.12699583231949418,0.009556685583106628
12.012012012012011,454.2949079010068,5.243457882427947,1.084793696632289,0.13972655501049758,0.011138269378079713
12.212212212212211,457.4471385823562,5.389847394687592,1.1437123395173785,0.15309060381707695,0.01289994752835355
12.412412412412412,460.49972309414176,5.536064966584945,1.203407370310856,0.16716815508596028,0.014840378136625532
12.612612612612613,463.4507294968147,5.681860822074384,1.2641639130437738,0.1818501203665619,0.01698415027919964
12.812812812812814,466.29829013824076,5.827434307084161,1.3256270182459957,0.19725038969335174,0.019322828148119697
13.013013013013014,469.04060283571243,5.972550991639707,1.3880721505614133,0.2132495459181314,0.021883760308014644
13.213213213213214,471.67593201652573,6.117362470093553,1.4512022998404177,0.22994958896777007,0.024658386124428944
13.413413413413414,474.20260981640064,6.261658361438776,1.5152766270817892,0.24722285540610756,0.027677296491788184
13.613613613613614,476.61903713505035,6.4056258794601035,1.5799126564002677,0.2652250310019326,0.03091899080084204
13.813813813813814,478.92368464822994,6.549071324540932,1.645355618953431,0.2838275448489753,0.034414084798868316
14.014014014014014,481.11509377562504,6.692013687954272,1.7114900008541554,0.3030662941480955,0.03816262563651662
14.214214214214214,483.1918776039678,6.834415927278542,1.778291908960398,0.3229331821212327,0.04217307140970661
14.414414414414415,485.1527217647953,6.976243314810176,1.8457426512045458,0.3434233461018721,0.04645107359220901
14.614614614614615,486.9963852662961,7.117466401541719,1.9138133210514638,0.3645302450628378,0.051004470824693726
14.814814814814815,488.7217012787167,7.258052032311809,1.982478978341362,0.3862482829721898,0.05583971634922591
15.015015015015015,490.32757787283276,7.397966359103407,2.0517149755702917,0.4085711734084043,0.06096311117363484
15.215215215215215,491.8129987110159,7.537181047611,2.121491448740528,0.4314919007500748,0.06638083422973295
15.415415415415415,493.1770236904606,7.675636686625978,2.1918079140438067,0.4550055431175224,0.07209816155574345
15.615615615615615,494.4187895381623,7.813347014333544,2.2625929299102268,0.47910378217363814,0.07812110763478586
15.815815815815816,495.5375103572712,7.950202331619835,2.3338965078931437,0.5037814981918132,0.08445403754120662
16.016016016016017,496.5324781244758,8.086269118815949,2.405592373955244,0.5290316984342667,0.09110290809860544
16.216216216216218,497.4030631381014,8.221378898850446,2.477794822811177,0.5548441871866316,0.09807090789979611
16.416416416416418,498.1487144166398,8.355664825791905,2.550300237174838,0.5812217492322702,0.1053642201681555
16.616616616616618,498.7689600474579,8.488879112559516,2.6233203855916827,0.6081367281459507,0.11298473828139777
16.816816816816818,499.263407485465,8.621250411657343,2.696528529483544,0.6356190138733382,0.12093865638462376
17.017017017017018,499.63174380154913,8.752414501571991,2.7702938329371136,0.6635998733053157,0.12922754729555663
17.217217217217218,499.87373588062593,8.882743456183334,2.8440887968405946,0.6921683663892395,0.1378554276992645
17.41741741741742,499.98923056917374,9.011696421176453,2.9185394498306323,0.7211714104774956,0.14682770987525373
17.61761761761762,499.97815477216244,9.139786054246713,2.9929009456640188,0.7507815020536555,0.1561415472917247
17.81781781781782,499.8405154993147,9.266530222202732,3.0677542888043376,0.7808268219399679,0.1658072834864015
18.01801801801802,499.57639986066897,9.39217135746469,3.142692832834257,0.8114137363929217,0.1758201826157233
18.21821821821822,499.1859750114493,9.516545922899013,3.2179153796611217,0.8424660653937508,0.18618754735348375
18.41841841841842,498.66948804627475,9.639697235060396,3.2932421249980735,0.8740196132816322,0.1969076355218249
18.61861861861862,498.0272658427765,9.761517182442844,3.3687455101216983,0.9060366219422349,0.20798505749098695
18.81881881881882,497.25971485472166,9.88200042865327,3.4444129412523807,0.9385187774560109,0.21941977568445736
19.01901901901902,496.367320854774,10.001100644818848,3.5201797590704587,0.971458484233608,0.2312134649886275
19.21921921921922,495.35064862705474,10.118810848200326,3.596037996859934,1.0048525776097676,0.2433666371647405
19.41941941941942,494.21034160969907,10.23508071822738,3.671959665699319,1.0386862907702152,0.25588082809258594
19.61961961961962,492.9471214876318,10.349883785874795,3.7479302804378563,1.0729533861540403,0.2687566211615149
19.81981981981982,491.5617877358236,10.463187587524544,3.82392648338498,1.1076453581023316,0.2819944758526276
20.02002002002002,490.0552171133136,10.574965204494674,3.8999259159141957,1.1427537080450634,0.29559478209864665
20.22022022022022,488.42836310832047,10.685184593975578,3.97590345642044,1.1782682857627833,0.309557636319596
20.42042042042042,486.68225533479267,10.793820050600402,4.051842154766348,1.2141822500229296,0.3238830456524511
20.62062062062062,484.81799888077984,10.900837467643441,4.127715487226283,1.2504847487945199,0.3385706916141089
20.82082082082082,482.8367736090371,11.00621850241879,4.203506822244549,1.2871689040773617,0.35362027748078617
21.02102102102102,480.7398334103061,11.109927448994142,4.279189744660357,1.3242236097842124,0.3690310813381643
21.22122122122122,478.5285054097445,11.21193762069612,4.354747731418058,1.3616418489679063,0.3848025179508454
21.42142142142142,476.20418912700643,11.312229954712734,4.430156426087308,1.3994131235956502,0.4009335519740489
21.62162162162162,473.7683555905048,11.410779620787025,4.505395207987306,1.4375281278894931,0.4174230708539426
21.82182182182182,471.222546406418,11.507563925012676,4.580442300594427,1.475977477045376,0.43426979713751734
22.02202202202202,468.56837278302817,11.602568868849517,4.655268222006157,1.5147517116714653,0.45147228939651995
22.22222222222222,465.8075145110083,11.69573813772871,4.729886857350834,1.553841284018631,0.469028944942977
22.42242242242242,462.94171890030645,11.787120515173228,4.8042076623825665,1.5932369645815925,0.48693800386888597
22.62262262262262,459.9727996742963,11.876589111533349,4.878318715601267,1.6329275939173158,0.5051975493254872
22.822822822822822,456.902635821896,11.96427280861974,4.9520473300857475,1.6729080655324537,0.523805501822153
23.023023023023022,453.7331704083819,12.049959996435632,5.0255782008133,1.7131574078729273,0.54275968430494
23.223223223223222,450.46640934564846,12.133881126799224,5.09862150946384,1.7536884682106688,0.5620575121437241
23.423423423423422,447.10442012269357,12.215707624432412,5.171510673732371,1.7944501549691267,0.581697120459296
23.623623623623622,443.6493304971329,12.295816649886376,5.243766501067853,1.83550183645292,0.6016740793764939
23.823823823823822,440.10332714857066,12.3737032938526,5.315967115585977,1.8767230325934747,0.6219896111256276
24.024024024024023,436.4686542946798,12.449890170819685,5.3874231129784675,1.9182449051521644,0.6426343774395491
24.224224224224223,432.74761227086674,12.523927772358661,5.458677371594774,1.9599260775852372,0.6636125292690735
24.424424424424423,428.94255607441977,12.596071424929676,5.529360372010444,2.0018470870165856,0.6849149967255244
24.624624624624623,425.05589387406405,12.66618988702362,5.599614974981591,2.0439555760148096,0.7065409561942033
24.824824824824823,421.090085485863,12.734281833192483,5.66942091513539,2.086233849801488,0.7284893209958909
25.025025025025027,417.04764081643464,12.800397331064119,5.738673658343032,2.1287083262294573,0.7507507964268711
25.225225225225227,412.93111827446535,12.864485629113972,5.807419335978977,2.1713430353846093,0.7733253887118394
25.425425425425427,408.74312315152736,12.926543444259266,5.875635709139033,2.214130866432299,0.7962090555332679
25.625625625625627,404.4863059732251,12.986572098062197,5.943299491012226,2.2570634575462805,0.8193974455094235
25.825825825825827,400.1633608217131,13.044566556035534,6.010397196108215,2.3001294350752914,0.8428865174626594
26.026026026026027,395.77702363064816,13.100529956122898,6.076905552280209,2.343320564098235,0.8666718914325315
26.226226226226228,391.3300704536532,13.154453088205287,6.14281959087964,2.3866236323848398,0.8907495552977593
26.426426426426428,386.8253157073908,13.206348885497562,6.2081074644653995,2.430032470479887,0.9151145569872483
26.626626626626628,382.2656103903572,13.256198854930403,6.272779521456073,2.4735301734200448,0.9397632960559008
26.826826826826828,377.65384027852303,13.304030999135534,6.336787546968765,2.5171157803741266,0.9646896972687387
27.027027027027028,372.9929240989649,13.349823832576362,6.400150867113723,2.5607686627646444,0.9898907231564635
27.227227227227228,368.28581168264316,13.393591821935047,6.462840841197533,2.6044845854695495,1.0153603903901853
27.42742742742743,363.53548209749255,13.435376189082376,6.524797407282392,2.6482664225504777,1.0410917228147696
27.62762762762763,358.74494176301096,13.475044441677824,6.586200945058579,2.6920385962549744,1.0670909518339045
27.82782782782783,353.917222547537,13.512848218356055,6.646693815525055,2.735914070445858,1.093331087170725
28.02802802802803,349.05537984942146,13.548549912061048,6.7066190573540325,2.7797500826720807,1.1198309905553856
28.22822822822823,344.1624906633068,13.58232765862033,6.765720014460896,2.8236306796851522,1.1465681073046312
28.42842842842843,339.2416516327387,13.614118789315455,6.824090304662548,2.867508766055323,1.1735431024685568
28.62862862862863,334.2959770903426,13.643913767434356,6.881764846201804,2.91134165359108,1.2007593332024271
28.82882882882883,329.328597086804,13.671840717655755,6.938535560742878,2.9552286421405256,1.228184967873915
29.02902902902903,324.3426554099018,13.697716488214496,6.9947329036968995,2.9989715899353655,1.2558600328706575
29.22922922922923,319.3413075948478,13.721777193857292,7.049967371408741,3.042772372353454,1.2837267520257
29.42942942942943,314.32771892719063,13.743914609355045,7.104444473968783,3.0865016202723154,1.311809166713374
29.62962962962963,309.3050624395493,13.764161787170565,7.158129751803813,3.1301641698579488,1.3400977027373528
29.82982982982983,304.2765169034438,13.782546133516917,7.21100087567163,3.1737580792738527,1.3685845591608086
30.03003003003003,299.2452648174935,13.79908780754755,7.263050085799819,3.2172737121170485,1.3972638463611702
30.23023023023023,294.2144903932565,13.813807637268383,7.314270606918228,3.260701413258971,1.426129603180641
30.43043043043043,289.1873775399852,13.82672757501365,7.364656042430568,3.304031633888144,1.455175822993283
30.63063063063063,284.16710784957354,13.837871912677485,7.414198129550471,3.3472563314458057,1.484396082409603
30.83083083083083,279.15685858296956,13.847259873269081,7.462900332601748,3.3903604224583432,1.513785907082024
31.03103103103103,274.1598006593305,13.854933238990554,7.510725889586752,3.4333559225459567,1.5433329338531507
31.23123123123123,269.17909664919057,13.86088040778975,7.557742491717477,3.4761845336441866,1.5730456466370697
31.43143143143143,264.2178987729129,13.86520611729668,7.603794636321879,3.5189434235406907,1.6028853653359647
31.63163163163163,259.27934690569157,13.867812735737743,7.649126405096581,3.561446809236429,1.6329008904686475
31.83183183183183,254.36656659036697,13.868852360497499,7.693489322329356,3.6038646485442314,1.663029396182651
32.032032032032035,249.48266705931232,13.86828198942942,7.737029251139916,3.646076183083835,1.6933012840482888
32.232232232232235,244.63073926664214,13.866168176188694,7.779668123431463,3.6881344762931008,1.7236888958010468
32.432432432432435,239.81385393198883,13.862497009127026,7.821501615754926,3.7299518081293286,1.7542137156339095
32.632632632632635,235.03505959708633,13.857402344758952,7.862316037428968,3.7716893979362567,1.7848111824600892
32.832832832832835,230.29738069638847,13.850769232040761,7.90242112177441,3.8130933315263746,1.8155590958058951
33.033033033033036,225.60381564294565,13.842771610766818,7.941522801800261,3.854389863485153,1.8463700191383055
33.233233233233236,220.95733493074974,13.833364791042072,7.979789824480008,3.895437396038403,1.8772844441900247
33.433433433433436,216.3608792547481,13.822603958925924,8.017183228114277,3.9362603683372868,1.9082848851894028
33.633633633633636,211.81735764971788,13.81052496405647,8.05370522436948,3.9768507572384237,1.9393649250843055
33.833833833833836,207.32964564917668,13.797165637438695,8.089356653024652,4.017202417982389,1.970517778323483
34.034034034034036,202.90058346549685,13.782566764514911,8.124133888441236,4.057313541021756,2.0017352428327513
34.234234234234236,198.5329741923727,13.766761550968113,8.158053173654935,4.097165629064307,2.0330149215909614
34.434434434434436,194.2295820307807,13.749798044841043,8.191094731894623,4.136774650677523,2.0643424739614034
34.63463463463464,189.9931305395541,13.73170152336263,8.223305452154648,4.176090720347247,2.0957269320007867
34.83483483483484,185.82630091167886,13.712539380172359,8.25460904705244,4.215192225295482,2.1271313337732636
35.03503503503504,181.7317302774031,13.692308071642856,8.285148438735746,4.253926456606564,2.1586030702175094
35.23523523523524,177.7120100352331,13.671123556824853,8.314701454243732,4.292532314196592,2.1900444358483355
35.43543543543544,173.7696842118717,13.648917281544186,8.34361147037879,4.3306401654231195,2.221587084072098
35.63563563563564,169.9072478521383,13.62584618475546,8.371542699717395,4.368614393332962,2.253082842748995
35.83583583583584,166.1271454398891,13.601862964494671,8.398766968420318,4.40616423219376,2.2846372028606083
36.03603603603604,162.4317693509355,13.577108709231311,8.42501465536418,4.443582728942715,2.3161254880741353
36.23623623623624,158.82345833894223,13.551503063007544,8.450645994364038,4.480487146613257,2.347692284137622
36.43643643643644,155.30449605526158,13.525227458052143,8.475287473496678,4.5172818636578995,2.3791673233037045
36.63663663663664,151.87710960364137,13.498205837579462,8.499283081764759,4.553604542001153,2.4106889891126
36.83683683683684,148.5434681307208,13.470567827646278,8.522411742320799,4.589696800645754,2.4421515240068743
37.03703703703704,145.30568145320714,13.44230537525334,8.544820172771779,4.6254090570524795,2.473608396014356
37.23723723723724,142.1657987226008,13.413502488045765,8.566430881353256,4.660831657149288,2.505014282680065
37.43743743743744,139.12580712831544,13.38418359774522,8.587306553768144,4.695904853673028,2.5363876869952264
37.63763763763764,136.18763064001217,13.354402731153982,8.60744276104873,4.730642669812937,2.567715003179785
37.83783783783784,133.3531287899455,13.324207519274978,8.626850440723842,4.765041960547592,2.598991138689314
38.03803803803804,130.62409549609,13.293643432964586,8.645542303332434,4.799099713654641,2.630210063407958
38.23823823823824,128.00225792679464,13.262757765814229,8.66353069420984,4.832813418066905,2.6613661309407917
38.43843843843844,125.48927540768022,13.231595751757936,8.68083069515012,4.866180557521261,2.692453868727341
38.63863863863864,123.08673837147529,13.20021148490406,8.697448812240964,4.899199231950433,2.7234677176349464
38.83883883883884,120.79616735145243,13.168638755632287,8.713412704484597,4.931867190742196,2.7544023962865936
39.03903903903904,118.61901201910342,13.136947197175118,8.728713774948972,4.964183518049822,2.7852524465125157
39.23923923923924,116.55665026666156,13.10515415834891,8.743398233565358,4.9961450372235845,2.8160128571774408
39.43943943943944,114.61038733505237,13.073341933212419,8.757443239260681,5.027753724787885,2.846678244121051
39.63963963963964,112.7814549878243,13.041524773642038,8.770902033017535,5.059003507508237,2.877243871206872
39.83983983983984,111.07101073158194,13.009768851439617,8.783766139977445,5.089899199217825,2.907704513863223
40.04004004004004,109.48013708341594,12.978139756587268,8.79603512104029,5.120438219370499,2.9380554527566005
40.24024024024024,108.00984088579247,12.946588478653666,8.807834162298718,5.150606752243334,2.9682927114882887
40.44044044044044,106.66105266933613,12.915415653633318,8.818872336130994,5.180462341568841,2.9984079046965917
40.64064064064064,105.43462606390989,12.884301267175317,8.82962126586574,5.209910928338445,3.028402819590667
40.84084084084084,104.33133725836407,12.853552027695457,8.839774090227252,5.239021234829295,3.0582686251738096
41.04104104104104,103.35188450929695,12.82316798496754,8.849396980969061,5.267793053902153,3.0879994298822453
41.24124124124124,102.49688769913757,12.793100633731797,8.858650015836986,5.296172036516623,3.1175984826668355
41.44144144144144,101.76688794383054,12.763536045905482,8.867343049892213,5.324237697919045,3.1470510968717917
41.64164164164164,101.16234725037108,12.734393195637836,8.875684595300925,5.3519169040826,3.1763639634593233
41.84184184184184,100.68364822440697,12.705805074862553,8.88355891716111,5.379265720209673,3.2055250064830147
42.04204204204204,100.3310938280926,12.67777460683078,8.891048436506253,5.406260230710359,3.234534244055453
42.24224224224224,100.10490718834839,12.650307646373392,8.89814478255414,5.432909671904326,3.263388012702876
42.44244244244244,100.00523145564668,12.623485836132545,8.9049142940288,5.4592076206442925,3.292081250593924
42.64264264264264,100.03212971341372,12.597397880886376,8.91134785169561,5.4851686660265955,3.3206088012998407
42.84284284284284,100.1855849381052,12.572043780634885,8.917445455554798,5.510792808051065,3.348970664820399
43.04304304304304,100.4655000099799,12.54744181272747,8.923221197830458,5.536078431991655,3.3771658336500536
43.24324324324324,100.8716977745658,12.52370416296759,8.92873319869517,5.5610325775105025,3.4051863194557654
43.44344344344344,101.40392115477852,12.500838458585292,8.933984847399131,5.5856560590339654,3.4330315433856526
43.64364364364364,102.06183331362206,12.478863824251562,8.938979750167448,5.609949927678201,3.4607008043186624
43.84384384384384,102.84501786736834,12.457861074271534,8.943758692160884,5.633922724460376,3.488188392531299
44.04404404404404,103.75297914908086,12.437836147418807,8.948328792757934,5.6575757225926395,3.5154933848224914
44.24424424424424,104.78514252231562,12.418840766215567,8.952719810917415,5.680914695559238,3.542612510326933
44.44444444444444,105.94085474480067,12.400915152957054,8.956951425954628,5.703943692640166,3.5695436473588416
44.64464464464464,107.21938438186467,12.384085572478057,8.96103670529817,5.726665621492998,3.596285471887313
44.84484484484484,108.61992226935143,12.36840178930322,8.965005668526715,5.749087311779476,3.622835112028156
45.04504504504504,110.1415820257296,12.353887750159458,8.968872566964762,5.771212158995468,3.6491913441808492
45.24524524524524,111.78340061307125,12.340582811691263,8.972661382271838,5.79304599750634,3.6753521936396965
45.44544544544544,113.54433894654551,12.328522384234475,8.976394854178011,5.814594681157587,3.7013160258952666
45.645645645645644,115.42328255204171,12.317734628136975,8.980089088132729,5.835862419294244,3.7270817317710794
45.845845845845844,117.41904227150457,12.308259115002897,8.983769688051837,5.856856197627906,3.7526477704035415
46.046046046046044,119.53035501553666,12.300119328070025,8.987453817051914,5.877580848525383,3.7780132219783127
46.246246246246244,121.75588456279024,12.293348873828847,8.991163236608315,5.898042650905836,3.803177035670558
46.446446446446444,124.0942224056441,12.28798101359149,8.994921398167264,5.9182486504512894,3.8281382922214675
46.646646646646644,126.54388864162888,12.284045950738857,8.998743413325258,5.93820347557363,3.8528964691869305
46.846846846846844,129.10333291003735,12.281567299508538,9.002653278320963,5.957914607231544,3.877450894716901
47.047047047047045,131.77093537312678,12.280571717707517,9.006670870880328,5.977388719617181,3.9018011570711906
47.247247247247245,134.54500774129235,12.281084783036363,9.010816832418755,5.996632614686064,3.9259469880742017
47.447447447447445,137.42379434156322,12.283123226180578,9.015119549002975,6.015653235377272,3.9498882610855617
47.647647647647645,140.40547322874346,12.286737599529147,9.019572431040956,6.034457678113824,3.9736249904259466
47.847847847847845,143.48815733849747,12.291902891458562,9.024243634816571,6.053052821321728,3.997157331202061
48.048048048048045,146.6698956816471,12.298710253457955,9.029082432734697,6.071447201658543,4.020485578599505
48.248248248248245,149.9486745789263,12.30708651773665,9.034206073103462,6.089644592259333,4.043610178128233
48.448448448448445,153.32241893541186,12.317174016969545,9.039502888768084,6.107661105429145,4.066531666156493
48.648648648648646,156.7889935538228,12.328832567561847,9.045167818022776,6.1254873805154375,4.089250945688889
48.848848848848846,160.34620448585758,12.342283322499782,9.050986376935555,6.143161689354599,4.111768328465473
49.049049049049046,163.99180042071518,12.357281857168346,9.057288117417158,6.16064062175667,4.13408627511825
49.249249249249246,167.72347410991867,12.37417646375269,9.063680141992279,6.178013999758605,4.156202644614893
49.449449449449446,171.53886382754186,12.39262056595544,9.070639565801855,6.195186822114181,4.178123846802293
49.649649649649646,175.43555486491383,12.412955009453981,9.077752918264366,6.212278290179256,4.199844093171464
49.849849849849846,179.4110810588553,12.434881221854425,9.085460323055088,6.229175510936216,4.2213743382845905
50.050050050050054,183.46292635248045,12.45868784633177,9.093395030692704,6.2460035225414,4.242706046130934
50.250250250250254,187.58852638757423,12.484194147970356,9.101842801650946,6.26268426103951,4.263849430585083
50.450450450450454,191.7852701275417,12.511513832649598,9.110666672312732,6.2792791440110705,4.284800673127847
50.650650650650654,196.05050150989683,12.540595871623793,9.119971452816287,6.295765240066544,4.305565854542181
50.850850850850854,200.38152112724867,12.57147870552808,9.129727337670488,6.3121675772086405,4.326144663492698
51.051051051051054,204.77558793572024,12.604157427957205,9.139963768301357,6.328490049521747,4.34654006442247
51.251251251251254,209.22992098971798,12.638637564858243,9.15069340958155,6.344742689902432,4.366754397520367
51.451451451451454,213.74170120195438,12.674917051352338,9.161938246063983,6.36093214859676,4.386790407401065
51.651651651651655,218.308073127611,12.713002075946747,9.173706853756016,6.377069191348596,4.406650500570493
51.851851851851855,222.92614677151047,12.752886585656427,9.186022353648639,6.3931601535514915,4.4263378129319335
52.052052052052055,227.5929994171555,12.794577577349116,9.19888842495493,6.409217150672248,4.445854678330818
52.252252252252255,232.30567747647692,12.838067459082595,9.21232671314209,6.425246326592855,4.465204595791249
52.452452452452455,237.06119835911937,12.883344249410527,9.226362231825192,6.441253361022632,4.48439110543984
52.652652652652655,241.85655236008301,12.930445842898905,9.240949843884778,6.457266367558702,4.50341412472477
52.852852852852855,246.6887045645243,12.979254186929609,9.256261961831115,6.473236413448603,4.522287561979908
53.053053053053056,251.55459676851376,13.029996817018855,9.27197012007548,6.489303932062967,4.540989713292504
53.253253253253256,256.45114941453136,13.082320389322263,9.288597180534282,6.505271933401161,4.559564453711232
53.453453453453456,261.3752635404769,13.13657672649731,9.305609691600125,6.521379833370986,4.577968756696123
53.653653653653656,266.32382274096153,13.192443113352681,9.32350184489394,6.5374206779796395,4.596251495127831
53.853853853853856,271.29369513963843,13.250154854575783,9.341895533369893,6.553584066210647,4.61437760183901
54.054054054054056,276.28173537132557,13.309533760575164,9.361064685099961,6.569753436606561,4.632378212112485
54.254254254254256,281.2847865726638,13.370642268932443,9.380900043082647,6.585991293980555,4.650246349895667
54.454454454454456,286.2996823800546,13.433482682922772,9.401372020116582,6.602338049480977,4.667976049717254
54.65465465465466,291.3232489336077,13.497973872841726,9.422608820742937,6.61872752732927,4.685592006700631
54.85485485485486,296.35230688583476,13.564121824448478,9.444576834855354,6.635194772535897,4.703091044687767
55.05505505505506,301.38367341381525,13.631928807469478,9.467248839861725,6.65176798261507,4.720472341719756
55.25525525525526,306.41416423356225,13.701366859737846,9.490647053698808,6.668447266879525,4.737742519503172
55.45545545545546,311.4405956153124,13.772411739877498,9.514785309200875,6.6852370107680485,4.754907021989823
55.65565565565566,316.4597863984664,13.84504316575675,9.539668203372344,6.702146505386736,4.77197010572695
55.85585585585586,321.4685600049018,13.919239758929791,9.56529978242395,6.719185178406349,4.7889359829868
56.05605605605606,326.4637464493868,13.994975065385347,9.591691185684908,6.736357407618073,4.805810349155422
56.25625625625626,331.44218434582115,14.072231526321275,9.618834230376251,6.75368006982859,4.822595270635361
56.45645645645646,336.40072290803454,14.150966331342772,9.646767283164536,6.7711373575470475,4.839302677409876
56.65665665665666,341.33622394387703,14.231186991681284,9.675427164957,6.7887850358098945,4.855922562192632
56.85685685685686,346.2455638413377,14.312806000724208,9.704938389924337,6.806541831347033,4.8724878456283705
57.05705705705706,351.1256355454377,14.395874350006977,9.735142136034654,6.824536619680373,4.888964456310305
57.25725725725726,355.9733505246427,14.480325538296825,9.766118084587617,6.84271729157166,4.905376916789123
57.45745745745746,360.7856407255528,14.56607717322538,9.797974025237863,6.86101267866718,4.921755093407796
57.65765765765766,365.5594605146325,14.653211180105984,9.830478943388698,6.879606725280439,4.938046536369825
57.85785785785786,370.29178860575075,14.74159339374171,9.863844857918991,6.898345096475055,4.9543089027432075
58.05805805805806,374.9796299723124,14.831213971001546,9.898027319151879,6.917265095594416,4.970538741775613
58.25825825825826,379.6200177427696,14.922106987300594,9.932879408708914,6.936496437606195,4.986697185194032
58.45845845845846,384.21001507831573,15.01413371280853,9.968626876472285,6.955858285959039,5.002856006090667
58.65865865865866,388.7467170315702,15.10732731185692,10.005119427538489,6.975480309435682,5.0189763862575205
58.85885885885886,393.2272523850809,15.201636566970592,10.042387801371035,6.99534185132859,5.035072816813795
59.05905905905906,397.64878546847865,15.297023562325194,10.080433125544005,7.015446503612168,5.051151579720511
59.25925925925926,402.0085179531352,15.39345217976495,10.119250133264075,7.0358023054598675,5.067217135885244
59.45945945945946,406.30369062318687,15.490879853081083,10.158845987367783,7.056406002814697,5.083277812810422
59.65965965965966,410.5315851218061,15.589274135408857,10.199200329356245,7.077279127703321,5.099333185578985
59.85985985985986,414.6895256716118,15.688587644278698,10.240334275089367,7.098400125860621,5.115398089026542
60.06006006006006,418.7748807681335,15.788791410922158,10.282203325912633,7.119819229531004,5.131461400336775
60.26026026026026,422.78506484525457,15.889828615611975,10.324864570751174,7.1414685632359465,5.147555195129655
60.46046046046046,426.71753991158226,15.991679874688657,10.368226618949336,7.163455061481727,5.1636463524367855
60.66066066066066,430.5698171567084,16.094276922169854,10.412385420235125,7.185660925964214,5.179787010397149
60.86086086086086,434.33945852634326,16.197598188739903,10.45725874497839,7.208181140882175,5.195946575808307
61.06106106106106,438.02407826532817,16.301621641727365,10.502757911305821,7.231117932033271,5.212092939326965
61.26126126126126,441.6213444275472,16.406230613252887,10.549150897491359,7.254145108844284,5.228359651309859
61.46146146146146,445.12898035178443,16.511459856497822,10.596139904364406,7.2776133157499885,5.24461595490618
61.66166166166166,448.5447661025921,16.617231273376206,10.643849622131313,7.301364736188873,5.2609293238056125
61.86186186186186,451.8665398752581,16.723475349067144,10.692333290843806,7.325335184278856,5.277335312459115
62.06206206206206,455.0921993639826,16.83023633107797,10.741321304426151,7.3498238427102365,5.293713702835362
62.26226226226226,458.2197030923991,16.937316535649302,10.791251561149693,7.374323991126516,5.310284522764391
62.46246246246246,461.24707170559753,17.04488028577623,10.841505672904361,7.399527542298188,5.326761049256788
62.66266266266266,464.17238922283116,17.15262610821742,10.892804275194067,7.424612205185383,5.343498355594988
62.86286286286286,466.99380425011475,17.26078957988608,10.944342859061067,7.450470175080795,5.3601222300886775
63.06306306306306,469.7095311519472,17.369077776666586,10.996812356072382,7.476317655531773,5.376973312201983
63.26326326326326,472.3178511814159,17.47758410568514,11.049803336379682,7.502600892476778,5.393865806411327
63.46346346346346,474.81711356796814,17.58622533213901,11.103393570042385,7.529219969017504,5.41084819215655
63.66366366366366,477.2057365621623,17.69495464992957,11.157577823711222,7.556168147375786,5.42792830104878
63.86386386386386,479.48220843673533,17.80372403495994,11.21234229616573,7.583448759094949,5.445109212780324
64.06406406406407,481.6450884433544,17.912487922763773,11.26767222505589,7.611062981007592,5.462395627531066
64.26426426426427,483.693007724447,18.02120067678669,11.32355384809614,7.63901142129356,5.479792080759978
64.46446446446447,485.62467017953304,18.12981581986878,11.379972523192578,7.667294727425428,5.497302804758419
64.66466466466467,487.4388532855087,18.238293134223795,11.436906548962384,7.695914139592674,5.514931602939328
64.86486486486487,489.13440887036506,18.346565677382557,11.494361822614906,7.724868646425705,5.532683064324544
65.06506506506507,490.71026383985065,18.454623978736493,11.552284781326364,7.754159864726375,5.550560580562092
65.26526526526527,492.16542085661854,18.562367641843252,11.610715491884719,7.783784951114853,5.568568781327031
65.46546546546547,493.4989589714273,18.66982439041726,11.66955975135454,7.813748552349352,5.586710468786521
65.66566566566567,494.71003420599766,18.776851384162967,11.72890609892653,7.844040426283129,5.604990715374811
65.86586586586587,495.7978800871546,18.88352851686693,11.788596843870152,7.874676793938704,5.623411210312554
66.06606606606607,496.76180813191843,18.989648969667712,11.848802153631937,7.905627743883542,5.6419782701847225
66.26626626626627,497.60120828323596,19.095374118905113,11.909255681912327,7.936938536848288,5.6606910108444595
66.46646646646647,498.3155492960775,19.200395262323582,11.970269240995435,7.968535140059544,5.6795594887888114
66.66666666666667,498.9043790736547,19.30500480411871,12.031388439173725,8.000526059067056,5.698576034893563
66.86686686686687,499.36732495354636,19.408728346215128,12.093171476940086,8.03274562041031,5.717761195421076
67.06706706706707,499.7040939435518,19.51198416598453,12.154965034517033,8.065386432782702,5.7370958458431005
67.26726726726727,499.9144729071211,19.614336422163205,12.217305229339786,8.098260662111727,5.756605908184895
67.46746746746747,499.99832869824706,19.71606328471779,12.279705225132716,8.131535326975666,5.7762712342731675
67.66766766766767,499.9556082457309,19.816892321106366,12.34252682907271,8.16506559525726,5.796114421097911
67.86786786786787,499.7863385867705,19.916945907473973,12.405495187601616,8.198943006857235,5.8161247171779
68.06806806806807,499.4906268498491,20.016052674144703,12.46869161025171,8.233119038836037,5.8363121275364165
68.26826826826827,499.06866018693495,20.114212621118554,12.532116097022822,8.267593691193724,5.856676652173576
68.46846846846847,498.52070565503544,20.211403085611096,12.59574198497728,8.302370900297717,5.877218734325993
68.66866866866867,497.8471100471801,20.307544346125837,12.659514228131343,8.337445350949508,5.897942620441825
68.86886886886887,497.0482996729404,20.402634093864435,12.723432468442297,8.37281655835261,5.918848479571125
69.06906906906907,496.12478008862365,20.49662113274684,12.787477631934621,8.408477679000612,5.939938741145795
69.26926926926927,495.07713577731386,20.589457067931562,12.851623704222902,8.444422030541602,5.961215860989398
69.46946946946947,493.90602977895946,20.6811252259173,12.91586126668642,8.48064779333015,5.982680489868699
69.66966966966967,492.6122032707452,20.771568985919828,12.980156958689236,8.51714750722266,6.004334920329768
69.86986986986987,491.19647509801035,20.860774724151838,13.04450088064499,8.553918657426948,6.026179805470747
70.07007007007007,489.6597412560129,20.94868672826783,13.108861982405926,8.590953200845263,6.048216972481782
70.27027027027027,488.0029743228663,21.035286189112753,13.173229910043005,8.628248397207074,6.070446950967721
70.47047047047047,486.2272228440076,21.120529902612816,13.237577163995866,8.665796793887978,6.092871026356079
70.67067067067067,484.33361066858726,21.204391862897126,13.301885409726424,8.703593183293947,6.115489888499724
70.87087087087087,482.3233362382008,21.286838617288367,13.366134848423542,8.741631856698973,6.13830421806756
71.07107107107107,480.1976718284103,21.367835540905276,13.4303021485469,8.779905811078663,6.161314610393333
71.27127127127127,477.9579627435389,21.44736025202866,13.494370466515306,8.818409879362036,6.1845214122114385
71.47147147147147,475.605626465246,21.525379646867748,13.558317159245917,8.857136931306286,6.207924951991174
71.67167167167167,473.1421517554219,21.601864023393205,13.62212017532579,8.896079763880323,6.2315253552527565
71.87187187187187,470.56909771397045,21.676784285782105,13.685763965210185,8.935233214927507,6.255322647800938
72.07207207207207,467.88809279207624,21.75011752655348,13.749225268289933,8.974589437527698,6.27931671840372
72.27227227227228,465.10083376157934,21.821839377153765,13.812484329686242,9.01414129582497,6.3035073098416206
72.47247247247248,462.2090846411114,21.891925831441142,13.875520952765612,9.053881580010852,6.327894031183405
72.67267267267268,459.2146755796723,21.96036103196053,13.938307918446185,9.093802948510586,6.352476357868568
72.87287287287288,456.1195016983532,22.027100716041446,14.000847585335066,9.133897917311572,6.377253632260022
73.07307307307308,452.92552189094016,22.09216090372746,14.06308290753077,9.174159191154843,6.4022250638471405
73.27327327327328,449.63475758415655,22.155470504896698,14.125046455250526,9.214578060844588,6.427389729904803
73.47347347347348,446.24929145833005,22.217076921770058,14.186649475712898,9.255149782651472,6.452746566200005
73.67367367367368,442.77126612929123,22.27687817400266,14.247963739841737,9.29585958233855,6.478294418827261
73.87387387387388,439.2028827923414,22.334964155677085,14.308850409038484,9.336712803088176,6.504031803926296
74.07407407407408,435.5463998291463,22.391184536810556,14.369448083977488,9.377678167076965,6.5299577222989456
74.27427427427428,431.80413137843607,22.44569516521551,14.429530795567644,9.418785702372418,6.556069369387956
74.47447447447448,427.97844587141844,22.498267410111566,14.489352292819149,9.45996761719124,6.5823676557049
74.67467467467468,424.0717645328306,22.549094812238422,14.548626008045176,9.501281850403473,6.608847066969588
74.87487487487488,420.0865598485787,22.5980001794793,14.607562349984676,9.542652625967492,6.635510749967466
75.07507507507508,416.0253540009347,22.645176431115317,14.665859348196705,9.584160530849317,6.662348962810995
75.27527527527528,411.89071727228145,22.690377396017766,14.723831134039756,9.62569342409779,6.68936892563471
75.47547547547548,407.6852664184156,22.73378199671356,14.781196018294736,9.667329411350636,6.716559587579809
75.67567567567568,403.4116630124381,22.775271306326317,14.83810210661261,9.709002520713284,6.743924843983109
75.87587587587588,399.07261176028027,22.814899858992817,14.894442843386344,9.750736163628915,6.7714579317698735
76.07607607607608,394.6708587889331,22.852633353145336,14.950244768988114,9.792506681928899,6.799158523482561
76.27627627627628,390.20918990845877,22.88847756826192,15.005480417211686,9.834309303821385,6.827023204334978
76.47647647647648,385.69042884889006,22.922428966585187,15.060137308618948,9.876133942397018,6.855049101803445
76.67667667667668,381.1174354731296,22.95449067050606,15.11419507624413,9.917973327694313,6.883233030645556
76.87687687687688,376.49310396698127,22.984659597697203,15.167643769043423,9.959817174576642,6.911572008788596
77.07707707707708,371.8203610074588,23.012940528997092,15.220465018671689,10.001657613243538,6.940062611297378
77.27727727727728,367.1021639105318,23.03933485093296,15.27264674582932,10.043485106503624,6.968701618903822
77.47747747747748,362.3414987594798,23.06383797519976,15.324186513282143,10.085287759170228,6.99748595180597
77.67767767767768,357.541378515041,23.086490574204845,15.375023868304083,10.127070568012982,7.0264098521613505
77.87787787787788,352.7048411085497,23.107210300129736,15.425266446343926,10.168786471858596,7.055476037583617
78.07807807807808,347.8349475192709,23.126192352468138,15.474640130029115,10.210516446488782,7.084664852348396
78.27827827827828,342.93477983714723,23.143102314033342,15.52362277184693,10.25207195329375,7.114005369015729
78.47847847847848,338.00743931218653,23.158405374357415,15.571541155443015,10.293698142260041,7.143445823619743
78.67867867867868,333.0560443917218,23.171669024252253,15.61904347363486,10.335118242569592,7.173034333625367
78.87887887887888,328.0837287467893,23.18328522643111,15.66553905634737,10.376574166146384,7.202716086350563
79.07907907907908,323.0936392888686,23.192962458519844,15.711492176311936,10.417842897013713,7.232531430911081
79.27927927927928,318.088934178246,23.200918489799278,15.75657153712882,10.459065624755738,7.26244419847103
79.47947947947948,313.0727808252572,23.207068478945644,15.800926521861015,10.500159806326792,7.292465510407453
79.67967967967968,308.0483538856761,23.211434617016607,15.844546151002191,10.541110107162979,7.322594141375134
79.87987987987988,303.0188332515176,23.214083476459564,15.887333846161482,10.581961727957435,7.352811120826857
80.08008008008008,297.98740203852765,23.215004757271004,15.929333479996956,10.622675274745859,7.383119890545856
80.28028028028028,292.95724457163135,23.2142115609754,15.970547665884283,10.663237649339521,7.413517261195864
80.48048048048048,287.93154436961726,23.211731325843402,16.01095889370032,10.703646087559832,7.443996921119378
80.68068068068068,282.9134821303312,23.207583719191177,16.05056479773816,10.74388998904567,7.474554581975212
80.88088088088088,277.9062337176553,23.20179891233346,16.08934696238225,10.783968153232479,7.505183665095615
81.08108108108108,272.9129681515468,23.19438964514012,16.12731976377114,10.82386101202394,7.535882161122913
81.28128128128128,267.9368456024077,23.18539763379016,16.164448061911685,10.863578853954891,7.566640278191812
81.48148148148148,262.98101539105687,23.174822694682632,16.20077548541184,10.90308374264447,7.59746115222265
81.68168168168168,258.04861399556535,23.162732191385658,16.236222420926367,10.942416858797344,7.628325991100667
81.88188188188188,253.1427630662232,23.14909586426859,16.2708960798397,10.981496944537582,7.659250847283204
82.08208208208208,248.26656744988856,23.134022113722153,16.304639577983664,11.020422086723272,7.690199276509816
82.28228228228228,243.42311322497216,23.117443639580983,16.337641092521494,11.059050709842552,7.721206812766468
82.48248248248248,238.61546574829993,23.099465308590254,16.369750799946416,11.097482517454182,7.7522348870201085
82.68268268268268,233.8466677150899,23.08008389761119,16.40103968539023,11.135654011983831,7.7832970313166925
82.88288288288288,229.11973723327162,23.059380356015595,16.43140492817753,11.173638906295253,7.814360576730223
83.08308308308308,224.43766591336623,23.037275586476994,16.461078401540476,11.211250909178773,7.845479894271307
83.28328328328328,219.8034169751366,23.013984141717458,16.489686811270587,11.248772566711068,7.876553124405461
83.48348348348348,215.21992337220547,22.989305242066393,16.51772099906782,11.2858139272941,7.907704090796074
83.68368368368368,210.69008593582876,22.963549558010072,16.54460640614127,11.322824190837196,7.938772161296697
83.88388388388388,206.21677153899824,22.936462502762993,16.57095751431126,11.359306613154786,7.969920968854126
84.08408408408408,201.80281128203757,22.90833211190693,16.596243885650438,11.395685132548124,8.000995225778638
84.28428428428428,197.45099870083519,22.879057976897627,16.620763200105102,11.431715031119438,8.032073439983947
84.48448448448448,193.16408799885446,22.848710843824506,16.64445190880224,11.467444847665718,8.063131328701616
84.68468468468468,188.94479230403502,22.817330364825352,16.667311384041113,11.502870772236463,8.094162636750582
84.88488488488488,184.79578195169097,22.78495432497857,16.689349897993225,11.537984278068677,8.12516301559873
85.08508508508508,180.71968279449138,22.75162806168106,16.710560630835687,11.572790243534087,8.156123655767033
85.28528528528528,176.71907454059377,22.717387060501892,16.73096503984425,11.607267426175156,8.18704474797994
85.48548548548548,172.79648912098153,22.682277392023025,16.75054834300454,11.641435649677135,8.217912294365192
85.68568568568568,168.95440908703907,22.646336799961773,16.769344910114683,11.675253449806974,8.248734051164888
85.88588588588588,165.1952660393784,22.6096122306638,16.78732666608937,11.708764299304335,8.279487213409425
86.08608608608608,161.52143908891202,22.57214306250893,16.804531247274838,11.741921238542204,8.310182538184677
86.28628628628628,157.93525335114566,22.533972709657405,16.820970473433476,11.774714967853868,8.340816024636183
86.48648648648648,154.43897847464393,22.495159714925762,16.83654303826887,11.807293970009482,8.371324872595949
86.68668668668668,151.03482720460107,22.455696167050007,16.851601159708878,11.83917908030196,8.401888589800308
86.88688688688688,147.7249539824233,22.41572198761577,16.86557366188555,11.87116585691723,8.432187307709341
87.08708708708708,144.51145358221257,22.3751713799669,16.879088060788263,11.902407751919895,8.462553039051272
87.28728728728728,141.39635978501218,22.33418754869149,16.89165718533843,11.93357332232506,8.492707799181346
87.48748748748748,138.38164409165424,22.292746641486417,16.903626283069002,11.96421071192276,8.522830852491836
87.68768768768768,135.46921447502325,22.2509217281235,16.914862847538302,11.99451292005108,8.552837705867319
87.88788788788789,132.66091417252602,22.2087826580547,16.925319998396674,12.024542802399196,8.582692649394517
88.08808808808809,129.9585205195314,22.166295642743307,16.93526717834368,12.053982168096752,8.612529716013796
88.28828828828829,127.36374382451874,22.123643281211685,16.9442756389966,12.083370665518373,8.642106710177984
88.48848848848849,124.8782262866469,22.080687019381458,16.952947104182954,12.111988028616622,8.671734422835016
88.68868868868869,122.50354095642831,22.037657045925187,16.960697955905857,12.140557442065415,8.701089134245763
88.88888888888889,120.24119074016667,21.99449514038423,16.967889966575626,12.168655547714309,8.730352219678082
89.08908908908909,118.09260744878779,21.95127189249024,16.974476755409512,12.196355263857754,8.759486289591393
89.28928928928929,116.0591508916657,21.9080314456084,16.98044872171215,12.223681360703836,8.788476563729432
89.48948948948949,114.14210801601808,21.86483073193881,16.985827718960422,12.25062745968171,8.817320398541426
89.68968968968969,112.34269209241404,21.821713196723692,16.99062605990929,12.277193221536777,8.846014284032265
89.88988988988989,110.66204194691196,21.77872279231849,16.99486078268444,12.303378396565051,8.874553528733543
90.09009009009009,109.10122124031182,21.735907056861947,16.998545967097925,12.329184239084157,8.902933488235703
90.29029029029029,107.66121779497851,21.693311201409415,17.00169958854076,12.354609764734107,8.931150699426325
90.49049049049049,106.34294296966263,21.650973494858818,17.00434702500354,12.379653704349039,8.95920201431187
90.69069069069069,105.14723108271343,21.608972605588576,17.006469598801345,12.404321750895576,8.987081406338291
90.89089089089089,104.07483888405042,21.56729026809637,17.00815277926148,12.428607340462747,9.01478831329166
91.09109109109109,103.12644507622625,21.526068100197392,17.009311540542797,12.452521928302929,9.042315111126413
91.29129129129129,102.30264988488511,21.48522236317916,17.010102837898103,12.476051481591014,9.069663393552673
91.49149149149149,101.60397467888814,21.444962321850085,17.010363148529336,12.499221208180927,9.096823244035647
91.69169169169169,101.0308616403459,21.405129075918182,17.010342200094897,12.521996545741217,9.123799724454443
91.89189189189189,100.58367348476742,21.366015916046592,17.00976556492833,12.54443416252957,9.150578788489213
92.09209209209209,100.26269323150251,21.32736472631308,17.009020015294993,12.566455857495725,9.177171707659625
92.29229229229229,100.06812402462236,21.289583915036474,17.007663472877084,12.588179299941771,9.203556256762624
92.49249249249249,100.00008900435273,21.25227676451874,17.006290689347964,12.609444978624026,9.229755893139668
92.69269269269269,100.0586312291399,21.216017680836046,17.004200333287486,12.630480928259828,9.255731401162052
92.89289289289289,100.24371364839973,21.18031021023262,17.002158188479484,12.65104209338432,9.281520582360827
93.09309309309309,100.55521912596643,21.14554711658218,16.99969145624948,12.671300516262193,9.307093340967128
93.29329329329329,100.99295051422638,21.11167078920073,16.996954698078184,12.691217466876708,9.332453376777437
93.49349349349349,101.55663077889031,21.078651011010322,16.994030669905726,12.710762216314436,9.35760590156633
93.69369369369369,102.24590317432447,21.046611266358468,16.990898525063244,12.729967868987899,9.382542138085057
93.89389389389389,103.06033146933021,21.015585124021356,16.987540025440637,12.748845206854526,9.407259761551927
94.09409409409409,103.99940022322875,20.985603736681753,16.98399388939123,12.767389250978454,9.43175875143379
94.29429429429429,105.06251511207662,20.956704511606063,16.980297969737364,12.785601843175812,9.456037428172749
94.49449449449449,106.24900330480551,20.928911608600174,16.976462405322536,12.803488126707919,9.48009430040338
94.69469469469469,107.55811388904738,20.902280249077535,16.972511706677437,12.821055902047078,9.503927087344778
94.89489489489489,108.98901834637752,20.876832940926874,16.96845954589918,12.838308221986608,9.52753496270492
95.09509509509509,110.54081107667213,20.852612011025258,16.964331706162852,12.855251356817917,9.55091637561054
95.29529529529529,112.21250997125068,20.82964857840966,16.960148384702507,12.871890777014016,9.574070254272442
95.49549549549549,114.00305703443911,20.807975405640093,16.955927813344147,12.888231447769101,9.596995684414992
95.69569569569569,115.91131905316112,20.787630330450497,16.951694201654732,12.904280208301202,9.619691687211514
95.89589589589589,117.93608831413337,20.768635941943728,16.947463677779808,12.920041709582108,9.642157679433353
96.09609609609609,120.0760833682109,20.751029992140843,16.94326081175825,12.93552326589463,9.664392944886288
96.29629629629629,122.32994984139913,20.734839994502977,16.93910546197634,12.950731011319817,9.686397074974309
96.49649649649649,124.69626129201873,20.720099240562263,16.935015741598818,12.965670627464362,9.708169762712373
96.69669669669669,127.17352011348143,20.706834270276374,16.93101315930579,12.980348990568018,9.72971079418005
96.89689689689689,129.7601584821049,20.6950693939026,16.927118796240563,12.994773212682787,9.751020103593987
97.09709709709709,132.4545393493674,20.684831160777435,16.92335257805985,13.008950228686786,9.772097775208522
97.29729729729729,135.2549574779736,20.676142850785197,16.91973661502817,13.022887116126753,9.792944028363934
97.49749749749749,138.15964052107583,20.669022736961665,16.91629692248017,13.036591091230434,9.813559217197508
97.69769769769769,141.16675014396932,20.66352471843254,16.91302276004899,13.050069488799522,9.833943830289968
97.89789789789789,144.27438318754898,20.659605399459167,16.909999803142796,13.063329487235137,9.854098490652063
98.09809809809809,147.4805728727929,20.657390371813108,16.907142021571303,13.076379914276572,9.87402395573912
98.29829829829829,150.7832900455107,20.656751240347944,16.904621627179836,13.089224235487109,9.893721124925833
98.49849849849849,154.18044446056754,20.657905567900173,16.902248695971593,13.101881006412725,9.913190989668067
98.69869869869869,157.66988610477216,20.660612052846318,16.900324179274776,13.114335381786645,9.932434905977402
98.89889889889889,161.24940655759121,20.665223413734793,16.898488663215346,13.126638514283286,9.951453522154395
99.09909909909909,164.91674038882883,20.671385725153016,16.89718838377098,13.138739518610464,9.970249435642188
99.29929929929929,168.66956659238681,20.679399305519837,16.896105058335138,13.150698927716235,9.988822989139294
99.49949949949949,172.50551005519804,20.689142646412733,16.89541576249775,13.162501171101155,10.007175959261417
99.69969969969969,176.42214306040356,20.700632046476358,16.895144846164385,13.174142276683028,10.025312279900959
99.89989989989989,180.41698682382207,20.71397124205356,16.89517390747386,13.185679807199563,10.04322846925686
100.10010010010011,184.48751306273806,20.72901426410266,16.895747788802396,13.197041959439389,10.060935667739273
100.30030030030031,188.6311455960186,20.74594984377802,16.89661789016418,13.208335413726616,10.078424018678163
100.50050050050051,192.84526197454392,20.764625358028184,16.8980381091622,13.219478476558834,10.095707938836028
100.70070070070071,197.12719514091947,20.785139826025556,16.89989100791729,13.230531238995866,10.112782594830094
100.90090090090091,201.47423511742056,20.80747850027967,16.90222387683758,13.241490350940637,10.12965219441378
101.10110110110111,205.88363072110104,20.831643716335293,16.90505345612172,13.25236476983764,10.146319486233665
101.30130130130131,210.35259130497963,20.857639253225557,16.908394441454902,13.263163701292058,10.162787224305362
101.50150150150151,214.87828852420273,20.885461451756953,16.91226982673021,13.273893767807465,10.17905851998239
101.70170170170171,219.45785812606584,20.91512264150481,16.91667909437149,13.284568310544898,10.19513590284879
101.90190190190191,224.08840176276038,20.946601354743393,16.92166457110352,13.295188649583565,10.21102347451108
102.10210210210211,228.766988825699,20.979932126702238,16.927192911327893,13.30577713579288,10.226722553804734
102.30230230230231,233.49065830025796,21.015052364120322,16.933357906159188,13.316318951964547,10.242240189501388
102.50250250250251,238.25642063976397,21.052047546981157,16.94005134639133,13.326861749301997,10.257573428378123
102.70270270270271,243.06125965753648,21.09078654487547,16.947462500109225,13.337353712478205,10.272736474176781
102.90290290290291,247.90213443579344,21.131420152625935,16.955378390512863,13.347887758080219,10.287717606417914
103.10310310310311,252.77598125020597,21.173815779476968,16.963996336355933,13.358398828674979,10.302534723013196
103.30330330330331,257.67971550888836,21.218028451645182,16.973226211934104,13.368944421399988,10.317181456592039
103.50350350350351,262.6102337045947,21.263968372175327,16.98321185079982,13.379466399440503,10.331676471156413
103.70370370370371,267.5644153788868,21.311787908348037,16.993699644761648,13.390103332231888,10.345995407397709
103.90390390390391,272.53912509703,21.361231837186665,17.005096553023236,13.400667107542745,10.360186210839515
104.10410410410411,277.5312144323679,21.412579702624555,17.016928341552045,13.411414863639266,10.374196288044175
104.30430430430431,282.5375239589187,21.46550431293889,17.029731319901998,13.422075853001786,10.388095807594539
104.50450450450451,287.5548852509335,21.520290645143405,17.043000506576504,13.432940951329044,10.401820587978477
104.70470470470471,292.58012288815024,21.576684745703176,17.057155253060614,13.443788117225495,10.415432767083644
104.90490490490491,297.6100564654742,21.634790107337608,17.07199480034234,13.454744104355768,10.428906596336503
105.10510510510511,302.6415026058138,21.694569054302406,17.08755878746763,13.465799830518051,10.4422513750402
105.30530530530531,307.6712769747958,21.755990577378157,17.103874173585268,13.476952504517158,10.45547460464121
105.50550550550551,312.6961962960895,21.81903902517405,17.120938574731326,13.48821591501212,10.468579626308838
105.70570570570571,317.7130803660581,21.883692181100855,17.13875881832854,13.499598174811013,10.48157125671031
105.90590590590591,322.7187540664668,21.949924808355263,17.15734507573177,13.511104674792364,10.494455157255459
106.10610610610611,327.7100493739724,22.01771629785378,17.176696278011775,13.52274790440913,10.507234945982077
106.30630630630631,332.6838073651229,22.087040028501292,17.196820585328055,13.53453351167451,10.519916320897494
106.50650650650651,337.6368802155968,22.157861530227194,17.217738807270507,13.54645812053866,10.532507664571938
106.70670670670671,342.5661331924192,22.230187492198183,17.239388745042902,13.558576192488431,10.544999793139198
106.90690690690691,347.46844663789193,22.303898380969656,17.261956886959865,13.570762419347602,10.557439421833635
107.10710710710711,352.3407179439824,22.37914892013248,17.285075264160866,13.583298585145144,10.569744553375358
107.30730730730731,357.179863515923,22.455659483585464,17.309255451532295,13.59580994545064,10.582043495637038
107.50750750750751,361.9828207237761,22.533670687835752,17.333940404124064,13.608731335003426,10.594201229859436
107.70770770770771,366.7465498407316,22.61287930888102,17.35969644448221,13.621630571443688,10.606369410997445
107.90790790790791,371.4680359669089,22.6935035055796,17.385999499091838,13.634928447160291,10.6184135602889
108.10810810810811,376.1442909374454,22.775288824121446,17.413316556555003,13.64825919734318,10.630466481096505
108.30830830830831,380.7723552136677,22.858380176123205,17.4412702376722,13.661933266423034,10.6424286397978
108.50850850850851,385.34929975614216,22.942627553093416,17.470101248280287,13.675761497927112,10.654374117238547
108.70870870870871,389.8722278784248,23.028047832232346,17.499697461070355,13.689840388656364,10.666275938455158
108.90890890890891,394.3382770803352,23.114592465393685,17.530083445140576,13.704154777378449,10.678147042614683
109.10910910910911,398.74462085959425,23.202226031206635,17.561253371213866,13.718713781083466,10.689991984488927
109.30930930930931,403.08847050067914,23.290908898440307,17.59320852484086,13.733519910718883,10.701817334609359
109.50950950950951,407.36707683976374,23.380601721974926,17.625947527458607,13.748577310778444,10.713629042613036
109.70970970970971,411.5777320046278,23.4712688708305,17.659457347803084,13.763900310251586,10.725429461840406
109.90990990990991,415.717771128432,23.562864706433174,17.693753219945677,13.77947313687838,10.737231492768956
110.11011011011011,419.78457403627664,23.655359358119824,17.728789042838628,13.795348998954807,10.749023259190551
110.31031031031031,423.7755669034751,23.74869159941909,17.76464560425461,13.811429112905103,10.760848205116872
110.51051051051051,427.6882238844928,23.842855980815898,17.801160404381903,13.827910321036029,10.77264012211873
110.71071071071071,431.5200687115195,23.937745999095455,17.838600214545465,13.84446087015715,10.784532462347215
110.91091091091091,435.2686762616679,24.033421791345404,17.876539512750696,13.861600500791894,10.796330776263744
111.11111111111111,438.93167409179966,24.129727904051208,17.915411458658525,13.878793646048166,10.808252725141472
111.31131131131131,442.5067439400132,24.22672029778181,17.95484598592651,13.896483638858172,10.82012669831147
111.51151151151151,445.9916231928403,24.324240104474256,17.99522934882748,13.914201313990588,10.832151949401464
111.71171171171171,449.3841063172234,24.422406184498072,18.036007192186844,13.932600403298068,10.844065369651673
111.91191191191191,452.6820462563682,24.520961800435316,18.07786219618515,13.950865127897657,10.856212492150007
112.11211211211211,455.8833557885865,24.62010400855189,18.1200157052769,13.969903009666382,10.868220091458511
112.31231231231232,458.98600884827096,24.719537571708543,18.163231277075624,13.98881399994633,10.880473649532973
112.51251251251252,461.9880418081642,24.819447690771426,18.20679943073526,14.008411392469498,10.892634928280245
112.71271271271272,464.8875547221127,24.919604301168988,18.251257200412226,14.028066034178948,10.90497762165137
112.91291291291292,467.68271252751657,25.020108134279553,18.296177464789366,14.048256379970326,10.91730316857803
113.11311311311312,470.3717462067161,25.120789430644322,18.34188325450657,14.068601718753143,10.929781542054855
113.31331331331332,472.95295390657867,25.221683439008245,18.388149801860095,14.089347512747281,10.942311639517015
113.51351351351352,475.42470201557967,25.322715739568196,18.435031945536707,14.110418383417311,10.95493170952085
113.71371371371372,477.78542619769246,25.423836840446313,18.48251165297512,14.131820104149824,10.96764501843461
113.91391391391392,480.03363238243537,25.525001470939173,18.530577626577838,14.153554539106437,10.98045481926323
114.11411411411412,482.16789771044955,25.62616566643601,18.57921407401966,14.17562300360936,10.993366222147301
114.31431431431432,484.18687143400643,25.72728203897367,18.628407644655567,14.198025929710582,11.006383846251595
114.51451451451452,486.08927577187876,25.82830450102665,18.67814287845829,14.220764278466277,11.019511905117838
114.71471471471472,487.8739067180302,25.92919404326915,18.7283965986245,14.243839334499171,11.032754295716643
114.91491491491492,489.53963480361506,26.02987441415314,18.779184181675703,14.267249387030915,11.046116021563535
115.11511511511512,491.08540581180387,26.130357908200835,18.830429259525488,14.290997446801953,11.059600009047415
115.31531531531532,492.51024144498274,26.230508279209403,18.882208910429938,14.315078538178,11.073211760483048
115.51551551551552,493.8132399439047,26.330403580614416,18.934375957891746,14.339500754327332,11.086953180504395
115.71571571571572,494.9935766584015,26.42983470357501,18.98708966079124,14.364247930107751,11.100830734515853
115.91591591591592,496.05050456929257,26.528965218579913,19.040100144386372,14.389346328652778,11.11484449767886
116.11611611611612,496.9833547611644,26.62748410315055,19.093695789294657,14.414749575220299,11.129003181793166
116.31631631631632,497.7915368457177,26.725680879693755,19.14745929213825,14.440528775954988,11.143302803706945
116.51651651651652,498.4745393354159,26.823089658660706,19.201894219733447,14.466570640612815,11.15775807400695
116.71671671671672,499.03192996719906,26.920137474606577,19.256380918557,14.493018175764917,11.172357405806565
116.91691691691692,499.4633559760573,27.016354746941317,19.31145928958449,14.519720451513251,11.18712005688866
117.11711711711712,499.7685443182909,27.11202296290628,19.366670166118524,14.546805415098675,11.202034188893037
117.31731731731732,499.9473018443158,27.206877744850146,19.42230054224524,14.574174286600055,11.217114305621294
117.51751751751752,499.99951542090605,27.30098654399393,19.478178667039913,14.601872142008347,11.232357855674593
117.71771771771772,499.9251520027933,27.394316638286284,19.534344830625855,14.629881737135861,11.247768271602752
117.91791791791792,499.7242586535816,27.48681909354599,19.590693015830993,14.658221240855141,11.26334704780271
118.11811811811812,499.39696251596104,27.578382056697876,19.647276182616963,14.68685974195671,11.279100605581789
118.31831831831832,498.9434707312407,27.66900552774183,19.70409433098382,14.715797240440509,11.295028944939872
118.51851851851852,498.3640703082523,27.75866336711772,19.76111512991747,14.745038801704766,11.31113256481666
118.71871871871872,497.65912794170566,27.847271419709386,19.81828320784723,14.77457781578596,11.327416208783575
118.91891891891892,496.82908978011267,27.934828120197494,19.875598016451306,14.804413933171418,11.343879996087821
119.11911911911912,495.87448114342607,28.021290515352064,19.93304745029627,14.834541796164444,11.360525827552351
119.31931931931932,494.79590619057143,28.106599466219507,19.990598054361612,14.864952663315023,11.377356988602799
119.51951951951952,493.5940475370831,28.190744734849602,20.048244161369098,14.895645540371277,11.394373869285005
119.71971971971972,492.26966582308614,28.273667859042007,20.105950743065023,14.92661278738268,11.411578909076525
119.91991991991992,490.82359923189733,28.35535626049716,20.163708593695787,14.957852123545138,11.428972751336062
120.12012012012012,489.25676295955043,28.435754283819733,20.221485749873068,14.989355239672705,11.446557346991085
120.32032032032032,487.5701486355807,28.51484388053518,20.279272598756506,15.021119611350173,11.464333225147925
120.52052052052052,485.7648236954362,28.592579098801707,20.337040079427197,15.053137355482136,11.482301789462156
120.72072072072072,483.8419307049122,28.668939842842576,20.39477316146065,15.085404235061503,11.50046365814626
120.92092092092092,481.8026866370367,28.743886769062215,20.45244808171975,15.11791339491026,11.518819692924069
121.12112112112112,479.6483821018643,28.817389141421586,20.510044057099094,15.150658590258331,11.537370460488432
121.32132132132132,477.38038052966766,28.88942315557881,20.567543435070434,15.183634427201298,11.556116375373449
121.52152152152152,475.0001173080392,28.95995514809448,20.62492275551955,15.216833508512423,11.575057817547986
121.72172172172172,472.50909887345495,29.028958119090362,20.68216158734333,15.250249163714216,11.59419494640008
121.92192192192192,469.9089017578706,29.09640178574989,20.739242827539442,15.28387572020523,11.613527828652252
122.12212212212212,467.20117159095594,29.1622624134759,20.796144269029185,15.317705680602899,11.633056398704866
122.32232232232232,464.38762205859814,29.226516734432607,20.85284568812665,15.351731792380974,11.652780440706579
122.52252252252252,461.4700338183328,29.289140688108432,20.90932712013398,15.38594684775228,11.67269960305731
122.72272272272272,458.45025337238985,29.35011636900623,20.965563583553887,15.420343507359803,11.692813399494469
122.92292292292292,455.33019189906753,29.409411122841107,21.021546017979574,15.454914295300227,11.713121209610108
123.12312312312312,452.11182404317304,29.467013930161272,21.077244739617583,15.48965180075345,11.73362227923036
123.32332332332332,448.7971866662968,29.522901161926143,21.132644515366394,15.524547872225185,11.754315720908494
123.52352352352352,445.38837755771,29.577049023955567,21.187729846048114,15.559595928134286,11.775200508719706
123.72372372372372,441.88755410670177,29.629456402690437,21.242466975726984,15.594786104142429,11.796275503919844
123.92392392392392,438.2969319371981,29.68007626182873,21.296865039348404,15.630112849397847,11.817539345096634
124.12412412412412,434.61878350552115,29.728942291768874,21.35085765299118,15.665566402137244,11.838990759778085
124.32432432432432,430.855436662184,29.7759493133525,21.40452250901029,15.701133337011527,11.860628047305738
124.52452452452452,427.0092731786246,29.821194846091657,21.457721865012616,15.736813735644603,11.88244987704968
124.72472472472472,423.08272723981514,29.86462660113375,21.510472129082814,15.772606216181487,11.904453207198117
124.92492492492492,419.0782839036991,29.906153684180765,21.562871424643163,15.808463005601311,11.926639472008048
125.12512512512512,414.99847752843186,29.94594247293469,21.61465789361705,15.844450088951362,11.949000270759143
125.32532532532532,410.84589016841903,29.98375537815741,21.666135770276753,15.880456672574269,11.971543106906495
125.52552552552552,406.6231499401697,30.01982858957882,21.716938468984836,15.916592692791141,11.994253045486516
125.72572572572572,402.3329293589967,30.053932448530645,21.767377812759605,15.952730993688135,12.017141766281725
125.92592592592592,397.9779436476174,30.08623085014989,21.817186120925157,15.98895717669842,12.040194168838184
126.12612612612612,393.5609490177266,30.116630490613943,21.866478218839006,16.02521319414234,12.063414714653732
126.32632632632632,389.08474092562676,30.145148721935243,21.91520788043846,16.061501833077614,12.086798962015678
126.52652652652652,384.5521523030211,30.17178431926652,21.9633607567921,16.097813583290588,12.110343996464678
126.72672672672672,379.96605176409116,30.19653682326117,22.010921852020488,16.13413955287632,12.134046814254361
126.92692692692692,375.329341789987,30.219412366089898,22.057869097809657,16.17047305056792,12.1579040952397
127.12712712712712,370.6449568918879,30.24039992731508,22.104205592919982,16.206800164564868,12.181913147394425
127.32732732732732,365.9158617537891,30.25952666249367,22.149885400897233,16.24312106215484,12.206069494703854
127.52752752752752,361.1450493561935,30.27675425632549,22.19495171839469,16.279410350153682,12.230372013349438
127.72772772772772,356.3355390818947,30.29216015796021,22.239293992060652,16.315689129970906,12.25481252936072
127.92792792792793,351.4903748050501,30.30563947722618,22.283053110439425,16.35189807022033,12.27939569087755
128.12812812812814,346.6126229647543,30.317363730987324,22.325984998965907,16.38811067020174,12.304103333604075
128.32832832832833,341.705370624332,30.327123894865053,22.36839428223351,16.42419736488523,12.328953749742766
128.52852852852854,336.7717235175742,30.335129465302543,22.409972836387738,16.46026940452117,12.353920089968142
128.72872872872873,331.8148040831662,30.34125373508448,22.45092457247057,16.49622117446154,12.379018124426977
128.92892892892894,326.8377494885326,30.34566230229416,22.490992478231078,16.532162373041047,12.404218381095347
129.12912912912913,321.8437096443716,30.34814181322446,22.53053262449356,16.56790616359615,12.429555436600538
129.32932932932934,316.835845211115,30.34898577796713,22.569079415799763,16.603671505372233,12.45497425930921
129.52952952952953,311.81732559859216,30.347928694457266,22.60709039017405,16.639209141916126,12.480525646696435
129.72972972972974,306.79132696014926,30.345228718389933,22.64414920878869,16.674728060418715,12.506153728239951
129.92992992992993,301.7610301825098,30.34071470325523,22.6805722758387,16.710040450207543,12.531897749406198
130.13013013013014,296.72961887262886,30.334538880140485,22.716121204925116,16.745268069153155,12.557720066826448
130.33033033033033,291.7002773428366,30.32665322353887,22.750905863604657,16.780336096384303,12.583633507645743
130.53053053053054,286.6761885955247,30.31709457153505,22.784891990995845,16.81525195338628,12.609629313661742
130.73073073073073,281.6605323086723,30.305882662162617,22.818078043983576,16.850004439889346,12.635703272143871
130.93093093093094,276.65648282346535,30.29304609015037,22.85044874142295,16.884590764767665,12.66184922190655
131.13113113113113,271.66720713530447,30.278604204245426,22.882007409433015,16.918997746133414,12.688063588744512
131.33133133133134,266.69586288945067,30.262586272355634,22.912741582505816,16.95322234084375,12.714340075069344
131.53153153153153,261.74559638259984,30.245015525630777,22.942652696681648,16.987252729136344,12.740674844412808
131.73173173173174,256.8195405716282,30.225915632124554,22.971742985895446,17.02107780139511,12.767063652220713
131.93193193193193,251.92081309079293,30.205335715042906,22.99996961296597,17.054715562895638,12.793494270509825
132.13213213213214,247.0525142786161,30.183247197970218,23.027440322268774,17.088084174851247,12.81998301764662
132.33233233233233,242.217725215729,30.159808243551026,23.053902559592245,17.121349817396037,12.846473109916928
132.53253253253254,237.41950577489206,30.134804476182353,23.079839037986744,17.154161847069872,12.87306370762036
132.73273273273273,232.66089268444802,30.108605196407893,23.104576299998143,17.18699640969419,12.899600606791978
132.93293293293294,227.94489760641218,30.08091555938347,23.128771095685238,17.219366361231266,12.92622898980187
133.13313313313313,223.27450523043757,30.05202726290355,23.15189934578018,17.251654552840535,12.952819174877618
133.33333333333334,218.65267138483964,30.021794016135118,23.174329798386452,17.283576964830786,12.979455464731586
133.53353353353353,214.0823211658979,29.990343393968203,23.195874292694782,17.315269319118784,13.00608659332994
133.73373373373374,209.56634708659658,29.95770201967366,23.216550435698252,17.34671664262504,13.032708709483984
133.93393393393393,205.10760724599737,29.923845486835432,23.23649119136735,17.377803973420384,13.059355132929966
134.13413413413414,200.7089235203821,29.888902317083534,23.255501027951766,17.408687696895242,13.085963029238314
134.33433433433433,196.37307977733013,29.85285526257786,23.27370459081817,17.4392621926645,13.112562262850247
134.53453453453454,192.10282011384152,29.81575018744087,23.291089834937964,17.469534640517963,13.139143260414983
134.73473473473473,187.90084711963942,29.777629978586276,23.3076519602472,17.499506453802212,13.165698077034563
134.93493493493494,183.76982016673333,29.73853224651583,23.32340008601085,17.529168504016695,13.192222540954504
135.13513513513513,179.71235372634257,29.69850059156579,23.338331660498795,17.558522244828453,13.218709052981353
135.33533533533534,175.73101571422853,29.657574732704802,23.352457425251714,17.587556676152417,13.245154344915022
135.53553553553553,171.8283258654997,29.615795370063438,23.365781530496292,17.616271230147845,13.271551569213898
135.73573573573574,168.00675413990044,29.573205870020786,23.37830865194121,17.64466201327747,13.297895246714234
135.93593593593593,164.26871915861332,29.529849922301025,23.390058234322908,17.672703637784537,13.324187523387423
136.13613613613614,160.61658667353885,29.485763103588965,23.40099764884326,17.700467040676983,13.35039549956366
136.33633633633633,157.05266807004938,29.44100797139197,23.4112259838995,17.727771706333954,13.37658042292503
136.53653653653654,153.57921890413985,29.395593464529668,23.420560521424875,17.754983376923462,13.402593297671615
136.73673673673673,150.19843747492087,29.349615639668002,23.42935456782186,17.781439805353614,13.428692126098554
136.93693693693695,146.91246343334095,29.303066959515206,23.43717130860807,17.807977740282354,13.454529126176226
137.13713713713713,143.72337642803404,29.25602370109152,23.44448532334951,17.833741905243016,13.480456211430862
137.33733733733735,140.6331947891343,29.20852295759653,23.450807760901057,17.859617252290604,13.506086735473218
137.53753753753753,137.64387425090592,29.160597817376015,23.456713903470245,17.884621982970543,13.531843830654566
137.73773773773775,134.7573067139815,29.112329221479627,23.461602822590635,17.90978879409579,13.557263038625479
137.93793793793793,131.97531904800738,29.063709319311158,23.466095659334712,17.934108360431253,13.582792064789203
138.13813813813815,129.29967193543902,29.01484149962664,23.469697363978298,17.958400151159537,13.608053381764421
138.33833833833833,126.73205875723198,28.965726510394802,23.47272964338606,17.982168189020513,13.633267868273151
138.53853853853855,124.27410452112113,28.916441756679035,23.475060533384294,18.005640180901366,13.658324373391793
138.73873873873873,121.92736483317779,28.86701642103253,23.47677442351676,18.02870113090978,13.683272239374674
138.93893893893895,119.6933249132851,28.81750267772577,23.477857745808194,18.05139267331532,13.708086641684133
139.13913913913913,117.57339865516494,28.767951823753606,23.47832731765959,18.073710123594708,13.732764687856843
139.33933933933935,115.56892773154118,28.718408260439958,23.478196631222488,18.095652448840497,13.757302440408068
139.53953953953953,113.68118074501547,28.668917402836428,23.47748114977412,18.117218954982945,13.781695336410394
139.73973973973975,111.91135242518351,28.61952599026523,23.47619596922084,18.138409242625016,13.80593916233778
139.93993993993993,110.2605628725091,28.57027690968937,23.474360296636746,18.15922316865806,13.830029772226908
140.14014014014015,108.72985684942535,28.521228881777745,23.471977762458607,18.17966075986004,13.853963139274924
140.34034034034033,107.32020311912086,28.47240476184504,23.469088198543716,18.199722160990518,13.877735286616769
140.54054054054055,106.03249383242058,28.423887123160625,23.465671119133617,18.219408448352,13.901342377257492
140.74074074074073,104.86754396315723,28.375671569549183,23.461795696760987,18.238718403926214,13.924780610251105
140.94094094094095,103.82609079238387,28.327868689176285,23.45740970590822,18.257657464868714,13.948046339526911
141.14114114114113,102.90879344176048,28.280443185550553,23.452620327905606,18.276217779335468,13.971136040369231
141.34134134134135,102.11623245640271,28.233537982449604,23.447332284350807,18.29441621845308,13.994046024778925
141.54154154154153,101.44890943746435,28.187082182568417,23.44170362711742,18.312229389620654,14.016773637100755
141.74174174174175,100.90724672467962,28.141252798908056,23.435585109757653,18.32969565774465,14.039314095050656
141.94194194194193,100.49158712907092,28.095989100180986,23.42913436520871,18.34678072383383,14.061666346455013
142.14214214214215,100.20219371598768,28.051406705961426,23.4222651915278,18.363523045916168,14.083824229147183
142.34234234234233,100.0392496386163,28.007425409518305,23.415174748496668,18.37986484255373,14.105790412584668
142.54254254254255,100.00285802206469,27.964299339575064,23.407582833704907,18.39590640284763,14.127552600135743
142.74274274274273,100.09304189809598,27.92181616688464,23.399874536683797,18.41152646881244,14.149121268346846
142.94294294294295,100.30974419055184,27.880250514472493,23.391712726971377,18.426855035610743,14.17047912276945
143.14314314314313,100.65282775147537,27.839431486408387,23.38339323844508,18.441793779478076,14.191636266604235
143.34334334334335,101.12207544791016,27.79955722681683,23.374819234218307,18.456398231108892,14.212582570606571
143.54354354354354,101.71719029932063,27.76062773569788,23.365990714291115,18.470668390503022,14.233318034776516
143.74374374374375,102.43779566554736,27.722674162676753,23.356941714690038,18.484600475245372,14.253841834672926
143.94394394394394,103.28343548517708,27.685755116913356,23.347718360277497,18.498199261718696,14.274150576939633
144.14414414414415,104.25357456417845,27.649876897971694,23.338321741951404,18.51146586695495,14.29424392677987
144.34434434434434,105.34759891461826,27.615107701399268,23.32878215624453,18.52441010810128,14.314118652419609
144.54454454454455,106.56481614324716,27.58146407491745,23.319108590537553,18.53703414446875,14.333773989902227
144.74474474474474,107.90445588970479,27.54899670066868,23.309331191209367,18.549344702817393,14.35320792364763
144.94494494494495,109.36567031407188,27.517725955904893,23.29946292248667,18.561344884678647,14.372419582617567
145.14514514514514,110.94753463345504,27.48770103976034,23.289533051111107,18.573042387444843,14.391407268713749
145.34534534534535,112.64904770727122,27.45894380731511,23.279553313390295,18.584440320801434,14.410170345444044
145.54554554554554,114.46913267085418,27.431498788207705,23.26955172431991,18.59554638481268,14.42870753540518
145.74574574574575,116.40663761698946,27.40538630325426,23.25954315161937,18.606364793046964,14.447018250597523
145.94594594594594,118.46033632493902,27.380646129361025,23.249552148825273,18.616902691944972,14.465101660105688
146.14614614614615,120.62892903650186,27.357307915968363,23.239598730843056,18.627166138980726,14.482957262648938
146.34634634634634,122.91104327861154,27.335396450363362,23.22970113051673,18.637160743551362,14.500584670326646
146.54654654654655,125.30523473195689,27.314944840436965,23.21988259275207,18.64689388406066,14.517983559959077
146.74674674674674,127.80998814507177,27.295980178598256,23.21016363702614,18.656372297729718,14.535153815531487
146.94694694694695,130.42371829331856,27.27853258500869,23.200561358412358,18.665601687931314,14.552095408770015
147.14714714714714,133.14477098215286,27.26262555090733,23.191098108302697,18.674589645723586,14.56880845477724
147.34734734734735,135.97142409404407,27.2482824798891,23.181794050336237,18.683343444112666,14.585293215499746
147.54754754754754,138.9018886783771,27.23552726626758,23.172669260192208,18.691870338610556,14.601550087402984
147.74774774774775,141.93431008365826,27.22437695773334,23.163749519743874,18.70017771567302,14.6175796015184
147.94794794794794,145.066769131296,27.214868812505415,23.155039221070354,18.708273099943938,14.633382422901661
148.14814814814815,148.29728333022643,27.207001644581055,23.14658023468411,18.716163901988295,14.648959350284429
148.34834834834834,151.62380813160172,27.200820914823737,23.13836565783822,18.72385855457992,14.664311315488987
148.54854854854855,155.04423822276098,27.196316398418162,23.13044574198932,18.731362877790502,14.679439390251787
148.74874874874874,158.55640885965067,27.193537776220637,23.122803381101562,18.73868900851778,14.69434474939834
148.94894894894895,162.15809723686564,27.192464827045853,23.115501670982326,18.74583745132486,14.70902883744128
149.14914914914914,165.8470238944288,27.193154798610408,23.10850584096579,18.752828286833847,14.72349283109105
149.34934934934935,169.62085416043448,27.195573619265247,23.10190016711755,18.759651580986656,14.737739075780041
149.54954954954954,173.47719962862686,27.199789441461178,23.09562375117048,18.766341297683937,14.751767824807985
149.74974974974975,177.41361966999415,27.205799915639204,23.08972552765198,18.772887686188767,14.76558254451254
149.94994994994994,181.4276229774054,27.213598830707326,23.08422787703239,18.7793140815819,14.779182833242999
150.15015015015015,185.5166691423297,27.223123578538093,23.079262482880324,18.785582131038495,14.792575853869891
150.35035035035034,189.67817026262196,27.23456274036596,23.07459023466481,18.791785111768775,14.805755491021387
150.55055055055055,193.90949258037568,27.247728527701213,23.070507595063418,18.797837463749886,14.818734006773752
150.75075075075074,198.20795814878826,27.2627761169789,23.066812561726294,18.80382513859439,14.831505014141214
150.95095095095095,202.57084652700217,27.279622107595628,23.0636532783534,18.809709115127134,14.84407738796466
151.15115115115114,206.9953965018304,27.298312120892376,23.060986126153068,18.815519569166156,14.856450542676669
151.35135135135135,211.47880783529584,27.318838128422612,23.058841579059845,18.821260075701616,14.868628074639332
151.55155155155154,216.01824303685925,27.341202970681934,23.05723238695225,18.82694066329293,14.880612887133452
151.75175175175175,220.61082915923438,27.36540416195703,23.056177502960395,18.8325690222631,14.892408141293913
151.95195195195194,225.2536596166299,27.391441790514534,23.055690360020094,18.838154434179728,14.904016947929222
152.15215215215215,229.94379602429728,27.41931603684759,23.055782232489207,18.843706739419304,14.915442501024984
152.35235235235234,234.67827005818714,27.449015792189527,23.0564774937651,18.84923199676149,14.92668852823715
152.55255255255256,239.4540853335673,27.480560380691145,23.057758396653924,18.854748031432223,14.937757223407175
152.75275275275274,244.26821930138908,27.513886534534038,23.059715530282915,18.86024033786282,14.948655905245516
152.95295295295296,249.11762516122297,27.549102916817276,23.062204156783196,18.865768447605944,14.959379757300383
153.15315315315314,253.99923378953233,27.585988687572694,23.065534781071733,18.871237757024574,14.96995090193218
153.35335335335336,258.9099556820855,27.6248890549345,23.069211331120755,18.876845530329035,14.980338546058988
153.55355355355354,263.84668290925606,27.665358905257904,23.073880759058227,18.88235333603177,14.990593497517409
153.75375375375376,268.80629108299496,27.707797442332605,23.078938739330226,18.888024939439106,15.000669657375056
153.95395395395394,273.7856413342078,27.75181481101123,23.084977356730064,18.89361265794315,15.01062365985274
154.15415415415416,278.78158229930887,27.797741230476333,23.09146670789022,18.89937385688654,15.020407293385233
154.35435435435434,283.79095211467046,27.845290057064403,23.098851898221596,18.905108438143714,15.030070290259289
154.55455455455456,288.8105804177296,27.894627516271896,23.106846310436936,18.91097129796674,15.039584558042293
154.75475475475474,293.83729035346204,27.94565099084548,23.115597376733035,18.91690335313217,15.048969309314089
154.95495495495496,298.86790058497667,27.998362261165425,23.125083093895512,18.922925611466212,15.058227089474144
155.15515515515514,303.8992273069348,28.05272883127526,23.13533281812704,18.92903606070348,15.067364989372948
155.35535535535536,308.92808626054364,28.108751186057816,23.146319768832484,18.93526144782453,15.076382659089347
155.55555555555554,313.95129474882475,28.166399874778165,23.158064488592345,18.941602625096323,15.085286877724457
155.75575575575576,318.9656736509058,28.225655432495216,23.17056822643775,18.948070783155345,15.094081825516923
155.95595595595594,323.9680494340376,28.286487062172228,23.18384987497484,18.954666721569197,15.102774192969662
156.15615615615616,328.95525616208585,28.348881529407265,23.197895184016488,18.961409927943237,15.111366001583178
156.35635635635634,333.9241374992036,28.41279772852556,23.21273773120822,18.968290775851358,15.119866897455267
156.55655655655656,338.8715487074395,28.478232714630792,23.228338664594162,18.975344394820013,15.128274471448663
156.75675675675674,343.79435863699416,28.545126746878566,23.244763172340697,18.98253835208243,15.136605134395552
156.95695695695696,348.68945170788913,28.61349143324003,23.261938159029512,18.989931780060317,15.14484907983342
157.15715715715714,353.55372988176686,28.68325740010306,23.279945385392807,18.997476879794874,15.15302810407195
157.35735735735736,358.3841146226072,28.75441490698347,23.298745786135896,19.00521193107653,15.16113754356843
157.55755755755754,363.17754884508304,28.826987488925965,23.318235377873748,19.013216902999943,15.169161159801035
157.75775775775776,367.9309988493544,28.90081023075868,23.3386775680724,19.02131396717607,15.177160247141103
157.95795795795794,372.64145624105095,28.975968403533614,23.359840357119992,19.02967483377961,15.185090065253917
158.15815815815816,377.3059398352492,29.052400255377336,23.38177698286927,19.038272869277193,15.192964659941993
158.35835835835834,381.9214975432194,29.130009132532507,23.404619138635212,19.047008513201206,15.200826067167952
158.55855855855856,386.48520824076746,29.208893632887964,23.428085739759354,19.056110309321753,15.208604029404853
158.75875875875874,390.99418361697,29.28883447704976,23.452561206869575,19.06527725986541,15.216409215388694
158.95895895895896,395.44557000215275,29.369998822125638,23.477613057862527,19.074861837464994,15.224127328604254
159.15915915915915,399.836550173934,29.452172387635187,23.503616947496027,19.084563763315487,15.231870904384891
159.35935935935936,404.1643451402121,29.535415259642093,23.530358630458124,19.094560575633636,15.23958472657472
159.55955955955955,408.4262158979469,29.619665334445017,23.55788330706207,19.10481838098997,15.247287994352234
159.75975975975976,412.6194651666428,29.704883220011936,23.58618866389253,19.115341554606687,15.254986740030176
159.95995995995995,416.7414390954161,29.79103064918064,23.615266890302564,19.126138111074056,15.26268546310746
160.16016016016016,420.78952894258674,29.878063250660375,23.645122622578185,19.13720453676916,15.270392486799949
160.36036036036037,424.7611727267108,29.965943234301733,23.675738020306824,19.14855960559595,15.278108449163312
160.56056056056056,428.6538568480266,30.05462825894938,23.70712115671853,19.160187600287884,15.285845896787464
160.76076076076077,432.46511767927893,30.14407463583865,23.739248373802013,19.172122207273162,15.293599779536748
160.96096096096096,436.19254312491233,30.234242359766597,23.772130368987803,19.18433571796885,15.301387258145667
161.16116116116117,439.8337741476577,30.325087158744964,23.80575408294834,19.196843667288704,15.309209053163329
161.36136136136136,443.38650626153105,30.41656040780964,23.84007553984418,19.20971515136091,15.317046394699673
161.56156156156158,446.8484909903159,30.50863389136913,23.875230254657026,19.222693795914097,15.32500527700114
161.76176176176176,450.217537290589,30.601234856375243,23.910857894463163,19.236412522908267,15.332840782292749
161.96196196196198,453.4915129384068,30.69434947757219,23.94749783954859,19.24990357072312,15.340950633847626
162.16216216216216,456.6683458787568,30.7879198453021,23.984535444612334,19.264220194539234,15.348906450305662
162.36236236236238,459.74602553693757,30.881889573090007,24.022529248609487,19.27840144480001,15.357120554136145
162.56256256256256,462.72260409101904,30.97623855021618,24.060973109514975,19.293272486448018,15.365244553111154
162.76276276276278,465.59619770459886,31.070892216000004,24.100232873196887,19.308220578857743,15.37355114035762
162.96296296296296,468.36498771905167,31.165828296473478,24.140046211250194,19.32365205486559,15.381867702201873
163.16316316316318,471.0272218045377,31.26099348451794,24.18050930580182,19.339389920717508,15.390277278454505
163.36336336336336,473.5812150690252,31.356332606799583,24.221648182645254,19.355389316880405,15.398807901493626
163.56356356356358,476.02535112463886,31.451806110636767,24.26338428227217,19.3717447345133,15.407421605262527
163.76376376376376,478.3580831106474,31.547366968111987,24.30570694705824,19.388455534761874,15.4161235202223
163.96396396396398,480.5779346724531,31.64296957036987,24.348617873564308,19.405500753458682,15.424928329903992
164.16416416416416,482.6835008959547,31.73856177597247,24.392101420653375,19.42288422957256,15.433839143471971
164.36436436436438,484.6734491967004,31.834099101361915,24.43614289492706,19.440606869678618,15.442860422761044
164.56456456456456,486.54652016326054,31.9295358497223,24.480727439797647,19.458669337344702,15.451996589256566
164.76476476476478,488.30152835429436,32.02482555793284,24.52583972850067,19.477072028248244,15.461251877154723
164.96496496496496,489.9373630487978,32.11992618968469,24.571459743756463,19.495815092421083,15.470630447479436
165.16516516516518,491.45298894906557,32.214773882756674,24.617589043110115,19.514898517073675,15.480136337453587
165.36536536536536,492.84744683591543,32.309358684897006,24.66417490796482,19.534322186645454,15.48977355173895
165.56556556556558,494.1198541757666,32.40357489576729,24.711261251444967,19.554084805635057,15.49954592482311
165.76576576576576,495.2694056791821,32.497464734297296,24.75874018571261,19.574188528246225,15.509457296801486
165.96596596596598,496.2953738105267,32.5908594410991,24.806725027835796,19.59462509866171,15.519511299784824
166.16616616616616,497.1971092484133,32.68388099250683,24.855015055344666,19.615409309417203,15.529711471314613
166.36636636636638,497.9740412966505,32.77626082204739,24.90384598241434,19.636509447172443,15.540061645341837
166.56656656656656,498.62567824542816,32.868249999963155,24.952851113658426,19.65797802938215,15.550563925062875
166.76676676676678,499.1516076825141,32.95941630663623,25.00248663883559,19.67972340235667,15.561224751000509
166.96696696696696,499.5514967542638,33.05014286569991,25.052195962493045,19.70185973386566,15.57204198770728
167.16716716716718,499.8250923762796,33.13999460034631,25.102470853748798,19.72425803103988,15.583026338856598
167.36736736736736,499.97222139358394,33.22929074856074,25.152803177166447,19.74705270804617,15.594170565943216
167.56756756756758,499.99279069020696,33.31766416551551,25.203620949292315,19.770106777844376,15.605488991293328
167.76776776776777,499.88678724811837,33.40531018796929,25.254569800885747,19.793525182205144,15.616973859271809
167.96796796796798,499.6542781554664,33.49206587718368,25.305861803795665,19.81722728927764,15.62863587477841
168.16816816816817,499.2954105641186,33.57798107913379,25.35729864671947,19.841267104814392,15.640471793403208
168.36836836836838,498.810411596531,33.66290806975883,25.40894576203243,19.865606592814856,15.652488605762642
168.56856856856857,498.19958820200657,33.7468468490585,25.460803149734716,19.890245753279146,15.664686311856599
168.76876876876878,497.4633269624293,33.82976579533471,25.512845886672608,19.915187397945488,15.677065552782608
168.96896896896897,496.60209384760367,33.911598516184824,25.565019463473277,19.940426223245026,15.689630311885878
169.16916916916918,495.61643392034716,33.9923422143703,25.617323055051315,19.965961361966038,15.702380868652199
169.36936936936937,494.5069709915283,34.0719360732287,25.669730855218518,19.99178394373962,15.715320094589174
169.56956956956958,493.27440722526455,34.15035195047437,25.722227714029145,20.0178899520468,15.728449350761196
169.76976976976977,491.9195226945327,34.22755246626821,25.77479104424691,20.044274471723384,15.741770123878837
169.96996996996998,490.4431748874704,34.30350457450794,25.827400556628163,20.07093274160104,15.755283754339303
170.17017017017017,488.84629816468464,34.3781713511421,25.880032969155252,20.097858609520813,15.768991591273277
170.37037037037038,487.12990316790615,34.451521626107365,25.93267140051023,20.125047599967388,15.782894566354685
170.57057057057057,485.29507618036934,34.52351666993809,25.985291474400697,20.15249299056842,15.7969937790333
170.77077077077078,483.34297843931665,34.594133893732874,26.0378772701643,20.180190313035723,15.811289894834658
170.97097097097097,481.27484540106934,34.66333208533837,26.090402102128508,20.20813175729654,15.825783796924838
171.17117117117118,479.0919859591211,34.73108815609595,26.142850918843806,20.236312788414295,15.840475885562057
171.37137137137137,476.7957816157598,34.797370427802264,26.195201092244076,20.264726449741033,15.855366658432104
171.57157157157158,474.3876856077311,34.862147454032595,26.247429809937728,20.29336545328033,15.870456411084035
171.77177177177177,471.86922198650643,34.92539739156041,26.299520341921266,20.32222433287245,15.885745268808591
171.97197197197198,469.2419846537292,34.98708563645721,26.351450638998983,20.35129571598037,15.90123326972531
172.17217217217217,466.5076363524585,35.047188285240225,26.40320180258334,20.38057315502516,15.916920314119636
172.37237237237238,463.6679076148388,35.10568370302161,26.45475247297128,20.41004905805562,15.932806148960424
172.57257257257257,460.7245956668721,35.16254776584992,26.50608301628324,20.43971618224407,15.948890387702136
172.77277277277278,457.67956329097535,35.21775929254693,26.557172007464885,20.469567153680828,15.965172509273941
172.97297297297297,454.53473764705274,35.27130183374521,26.607994457020766,20.49959447116015,15.981651858444934
173.17317317317318,451.29210905282093,35.32312740666646,26.65855810895482,20.529790518233597,15.998327646433836
173.37337337337337,447.95372972416476,35.37327684018726,26.70878281370335,20.560147869051093,16.015198951173886
173.57357357357358,444.5217124763153,35.42163056433418,26.758751694538944,20.590657363447974,16.032264717854105
173.77377377377377,440.9982293866814,35.46832179690114,26.808290403264834,20.62131570437964,16.04952374865377
173.97397397397398,437.3855104201667,35.51312260029988,26.857603750362898,20.652102731735795,16.06697477087721
174.17417417417417,433.68584201785967,35.55630749745961,26.906356920331746,20.683036979425083,16.08461607687957
174.37437437437438,429.9015656499711,35.597471206742966,26.954973701366328,20.714058354549366,16.102446907847707
174.57457457457457,426.0350763339538,35.63704898384282,27.002915259214546,20.74523254670612,16.120463955406933
174.77477477477478,422.08882111872396,35.67465482229517,27.05060884562465,20.776478090727664,16.13866741660314
174.97497497497497,418.06529753596135,35.710500497174735,27.097766481054464,20.80783578992697,16.157053868800517
175.17517517517518,413.96705201945076,35.744492368244664,27.144469845903018,20.839282442322997,16.17562087361074
175.37537537537537,409.7966782934828,35.77659229950666,27.19075331999545,20.870784076712766,16.194369809388377
175.57557557557558,405.55681573131625,35.806908588458214,27.23642852488217,20.902395666065445,16.21329069758474
175.77577577577577,401.2501476847592,35.83527039723168,27.281724581132664,20.934015872019245,16.232392816310835
175.97597597597598,396.879399785907,35.861839111733275,27.326377922730217,20.965731476573467,16.25166061194966
176.17617617617617,392.4473382221312,35.88651074026404,27.370519796285237,20.997476605984104,16.271099426117246
176.37637637637638,387.95676798539216,35.909303345721014,27.414102493899463,21.029255420936238,16.290704733947734
176.57657657657657,383.4105310970024,35.930218696842644,27.457108057640085,21.061059567471204,16.310473428734497
176.77677677677679,378.8115048089447,35.949254921791976,27.49952409470677,21.09287934824397,16.330402535085625
176.97697697697697,374.16259978290293,35.966419796743764,27.541326782188776,21.124708583264805,16.350488671757546
177.17717717717719,369.46675824813894,35.98170278289257,27.582518927027877,21.156533583498003,16.370729076637303
177.37737737737737,364.72695213940005,35.99512841551723,27.62305881131431,21.18835310055016,16.39111943822934
177.57757757757759,359.9461812160166,36.006668304768766,27.662976510901103,21.220145921848314,16.41165799695102
177.77777777777777,355.12747116340006,36.01637399136291,27.70219738158778,21.25192174802396,16.43233833441832
177.977977977978,350.27387167812225,36.024199413106885,27.740781608569137,21.283647886449558,16.453160686868557
178.17817817817817,345.3884545378081,36.030196601521936,27.778653731655936,21.315338884174878,16.47411708560992
178.3783783783784,340.4743116570464,36.03437897456564,27.81579941003855,21.346983355007126,16.495204500103966
178.57857857857857,335.5345531305603,36.03661578586832,27.85240776482084,21.37850047234224,16.516431570720442
178.7787787787788,330.57230526486734,36.03719092689528,27.888073390724912,21.410030396324487,16.537767307342165
178.97897897897897,325.5907085996871,36.0358809421341,27.923130575593575,21.441431413603198,16.559231849025878
179.1791791791792,320.5929159203306,36.032783329877134,27.957451299479885,21.472735427951875,16.580814566580045
179.37937937937937,315.5820902623504,36.02796521734638,27.99093246179808,21.503988368877685,16.602497781441684
179.5795795795796,310.5614029096927,36.02130000311712,28.023805780944997,21.53505344039337,16.62430707760035
179.77977977977977,305.53403138763986,36.01299646581418,28.05573707034415,21.566097442723162,16.64619638768147
179.97997997998,300.5031574517921,36.002877049106644,28.087054493036533,21.596926200300572,16.668206324122366
180.18018018018017,295.471965074383,35.9911157636281,28.117482756826234,21.627681868278387,16.69029438970017
180.3803803803804,290.44363842918045,35.97765124467179,28.147155037324126,21.658276894600533,16.71247650331827
180.58058058058057,285.4213598762722,35.96252374410659,28.176032169530004,21.68872134203059,16.734743177309497
180.7807807807808,280.408307947987,35.94575425774252,28.20411080269531,21.719005177995598,16.75708993124715
180.98098098098097,275.40765533725016,35.927368608778295,28.231381069473514,21.749122600350063,16.77951134773963
181.1811811811812,270.4225668896235,35.90739264430988,28.25783533414358,21.77906691585872,16.802002197050513
181.38138138138137,265.45619760032287,35.885844424816696,28.283481962059682,21.808822590231443,16.824559427518352
181.5815815815816,260.5116906174583,35.86276716245089,28.30828609662234,21.838400573313265,16.847173102781085
181.78178178178177,255.59217525278433,35.83815432488649,28.332307156309696,21.867753165151896,16.869848973891635
181.981981981982,250.70076500119433,35.812099333934384,28.35541841435986,21.89695380604951,16.892559303546648
182.18218218218217,245.84055557023788,35.78451867336503,28.377834425324068,21.925848732814643,16.915340872333843
182.3823823823824,241.01462292088328,35.755630730379266,28.399184737176995,21.954685813194203,16.938113194376626
182.58258258258257,236.22602132078907,35.725179492891186,28.420036344161815,21.98305479907424,16.9609927869991
182.7827827827828,231.47778141129362,35.69352050763757,28.439741058323875,22.011415296847474,16.983830840447695
182.98298298298297,226.77290828936873,35.660388941308156,28.45890064522075,22.039315669963685,17.00676233504913
183.1831831831832,222.11437960572871,35.62613116773855,28.476874970938184,22.067231588540267,17.029626426089294
183.38338338338338,217.50514368032094,35.590414360511204,28.494420838692463,22.09457894579583,17.05260656527315
183.5835835835836,212.94811763636795,35.55367550370704,28.510706240579907,22.12199528272106,17.07548405130717
183.78378378378378,208.44618555416724,35.51556228033604,28.526542635859528,22.148840414043775,17.098466180692583
183.983983983984,204.00219664578688,35.476441186792044,28.54123959086445,22.175656677161555,17.121361257856904
184.18418418418418,199.61896345184516,35.43610347540334,28.555319073973692,22.202022594934704,17.144306431742166
184.3843843843844,195.29926006148605,35.39473061623994,28.568481156356313,22.228175243368582,17.1672128011665
184.58458458458458,191.04582035670043,35.35228928569137,28.580878158636438,22.253989313174145,17.19011623314975
184.7847847847848,186.86133628208438,35.30888086307323,28.59238552501671,22.279565149270127,17.212973633446666
184.98498498498498,182.7484561411483,35.26449631943018,28.603116101165313,22.304807439313663,17.235811961726995
185.1851851851852,178.70978292023693,35.21919135589724,28.61304013433545,22.329740134101428,17.25861619769688
185.38538538538538,174.7478726411388,35.17300723346057,28.62216259064104,22.354358604712957,17.281380343966873
185.5855855855856,170.86523274341013,35.125985065519046,28.630491065899832,22.37865678204554,17.304099496543927
185.78578578578578,167.06432049745453,35.07816745394081,28.6380306302774,22.402631772208395,17.326767831415395
185.985985985986,163.34754144934544,35.02959387336858,28.64479090830264,22.426280248016155,17.34937973602888
186.18618618618618,159.71724789839274,34.980324337868126,28.650766667428343,22.4495920657738,17.371931907606154
186.3863863863864,156.17573740839995,34.93035716685716,28.65600378225787,22.47257459259498,17.394415254832097
186.58658658658658,152.72525135357142,34.87982640754251,28.66043260392098,22.495205456947872,17.416831366843383
186.7867867867868,149.36797349997255,34.828620607429684,28.66420218464043,22.517508305287606,17.439163662589465
186.98698698698698,146.10602862345792,34.77702987661468,28.667094696853383,22.539443214079597,17.461425586765586
187.1871871871872,142.94148116492528,34.72472873208909,28.66947696915952,22.561049974299692,17.483582722740096
187.38738738738738,139.87633392376256,34.672295393064985,28.670826090531023,22.582281821924596,17.505674441646875
187.5875875875876,136.91252679029964,34.6191777567077,28.671768957069048,22.60316888768523,17.527644460113493
187.78778778778778,134.05193551808122,34.56592764862887,28.67177525931811,22.623699747271473,17.549532532262788
187.987987987988,131.29637053672457,34.512184124461726,28.671311451923486,22.64386091498369,17.571297162387623
188.18818818818818,128.6475758061261,34.45831012126774,28.67002763212139,22.66366730903877,17.592962002851095
188.3883883883884,126.10722771272975,34.40416847268477,28.668150107221436,22.68310324152651,17.614505916521864
188.58858858858858,123.67693400856743,34.34986956296524,28.665618698831906,22.702170195197937,17.635930416785527
188.7887887887888,121.35823279373136,34.29547977174013,28.662415273248712,22.720878268553236,17.65723113271747
188.98898898898898,119.15259154293537,34.24097904131793,28.658634746788323,22.739206502734135,17.67840051020073
189.1891891891892,117.06140617676522,34.18646487963781,28.65424030362317,22.75716620590032,17.69943570953052
189.38938938938938,115.08600017822326,34.131978998604154,28.649246518862867,22.77475592699534,17.72033323247615
189.5895895895896,113.22762375511113,34.07755906648828,28.643677887486433,22.791973252423645,17.741087933272922
189.78978978978978,111.48745304879236,34.02325307105065,28.63754747613541,22.808818174664054,17.761695892770945
189.98998998999,109.8665893898262,33.96911355468188,28.63087153525521,22.82529058900525,17.782152784700088
190.19019019019018,108.36605860095247,33.91518449451797,28.62366454376695,22.84139058453104,17.80245494268047
190.3903903903904,106.98681034786028,33.86151052075792,28.615943653571094,22.85711849547897,17.822598149021815
190.59059059059058,105.7297175381591,33.80813787725117,28.607725322758938,22.872474884202404,17.842578560599804
190.7907907907908,104.59557576892578,33.755109115831885,28.599029805349176,22.88746053854277,17.86239242908107
190.99099099099098,103.58510282318335,33.702480698665624,28.58986350683722,22.90207647487142,17.882036103624614
191.1911911911912,102.69893821562451,33.650277540898685,28.580264566572055,22.916323767417396,17.901506032527493
191.39139139139138,101.93764278787253,33.59857659169802,28.57021835299213,22.930204435261544,17.92079876665099
191.5915915915916,101.30169835353124,33.54737896628677,28.55978837942922,22.943718346821584,17.93991096516504
191.79179179179178,100.79150739325246,33.496784406502,28.548933623422613,22.95687142866035,17.958839371367162
191.991991991992,100.40739280001077,33.44676989749877,28.537747505532934,22.969657889166342,17.97758095141961
192.19219219219218,100.14959767474943,33.397457361705904,28.526157661312425,22.982093177290267,17.996132433968683
192.3923923923924,100.01828517252474,33.34880209938672,28.514290727083164,22.994159428014086,18.014491596251787
192.59259259259258,100.01353839924755,33.30093953176646,28.50204647518973,23.005887489180168,18.032654322373787
192.7927927927928,100.13536035908663,33.25385848297333,28.489519552383285,23.017256916902852,18.05061954669094
192.99299299299298,100.38367395256734,33.207617145685106,28.47669534280095,23.028290940362695,18.068382421255933
193.1931931931932,100.75832202536691,33.1621825519461,28.463707142041926,23.03894895354648,18.085945143550987
193.39339339339338,101.25906746777514,33.11777359130093,28.450319452005544,23.04932052613043,18.103296582707287
193.5935935935936,101.88559336475825,33.074187411553794,28.436902695842093,23.05928879994792,18.12044775077493
193.79379379379378,102.63750319652962,33.03170925733821,28.423110870133314,23.06898991198949,18.137380767807485
193.993993993994,103.51432108950249,32.99015719799593,28.409263029695865,23.078316337923013,18.154108022656487
194.19419419419418,104.51549211746328,32.94971242120408,28.395236068830684,23.087331978909504,18.170619447168633
194.3943943943944,105.64038265277728,32.91038130561594,28.381041133518124,23.09603458497429,18.186915164027994
194.59459459459458,106.8882807674027,32.87220441572697,28.366736829165234,23.10442172177261,18.202993998598856
194.7947947947948,108.25839668346114,32.83519664829362,28.35233491023814,23.11249668270966,18.218855003941655
194.99499499499498,109.74986327307596,32.79941449434034,28.337859697327644,23.120268962886144,18.234496024652458
195.1951951951952,111.36173660716756,32.76487550072386,28.32332302329047,23.127741534405402,18.24991640849754
195.39539539539538,113.09299655285136,32.731629282462166,28.308754130896034,23.134921953627156,18.265114714517722
195.5955955955956,114.94254741906829,32.69969840128141,28.294166450167893,23.141814006513073,18.28009035533904
195.79579579579578,116.90921865003071,32.66911865726888,28.27958382381155,23.148424496865914,18.29484237942563
195.995995995996,118.99176556605349,32.63992325164105,28.265029028890808,23.154760175889123,18.30937010930063
196.19619619619618,121.18887015129286,32.61213728438889,28.25051782021626,23.160825790995773,18.323673133854413
196.3963963963964,123.49914188790316,32.58579478960462,28.2360742657209,23.1666288162167,18.337750993263967
196.59659659659658,125.92111863607425,32.560922805333576,28.221718854995004,23.172175835659857,18.351603466207223
196.7967967967968,128.45326755940278,32.53754580953711,28.20746948420907,23.17747270507806,18.365230439656898
196.99699699699698,131.09398609500096,32.51569702280415,28.193349365434074,23.182527244364962,18.37863193819186
197.1971971971972,133.8416029677397,32.49540175896817,28.179375572143442,23.187345321213854,18.391808088542234
197.39739739739738,136.6943792479733,32.476680665348454,28.165570344907337,23.191934802759988,18.404759192192955
197.5975975975976,139.65050945208748,32.45955787592834,28.151953236325085,23.196302971305442,18.417485677523587
197.79779779779778,142.70812268516246,32.444055196299416,28.138544969172358,23.200457239659386,18.429988107207123
197.997997997998,145.86528382504054,32.4301862295257,28.125373300288288,23.204405146116983,18.44226717795118
198.19819819819818,149.11999474703512,32.41800502576916,28.112424315096916,23.208154365006692,18.45432371978302
198.3983983983984,152.47019558852065,32.407460949026074,28.099787968362705,23.211712274619117,18.466158695827176
198.59859859859858,155.91376605258813,32.398685332821344,28.08736900640696,23.215088349637256,18.477773201304444
198.7987987987988,159.4485267499561,32.39153217524279,28.0753550429622,23.218285347242443,18.489168476474447
198.99899899899899,163.07224057827298,32.38624120447639,28.063528408405432,23.22132444406708,18.500345826676096
199.1991991991992,166.7826141379529,32.382528870666135,28.05223402005197,23.22418595179863,18.511307015811724
199.39939939939939,170.57729918363316,32.380802990654445,28.041044669821417,23.22693080904736,18.522052815175414
199.5995995995996,174.45389411035194,32.38055995933075,28.030585396549952,23.229474575653626,18.53258739852936
199.79979979979979,178.4099454734851,32.38248637911454,28.020050821758275,23.23197984784781,18.542906934521625
200.0,182.4429495415058,32.38590644933663,28.01031383395201,23.234278881223133,18.55302086823434
