time,Q_in,T_1,T_2,T_3,T_4,T_5,T_6,T_7,T_8,T_9,T_10,T_11,T_12,T_13,T_14,T_15,T_16,T_17,T_18,T_19,T_20,T_zone_1,T_zone_2,T_zone_3,T_zone_4
0.0,0.0,300.0,300.0,300.0,300.0,300.0,300.0,300.0,300.0,300.0,300.0,300.0,300.0,300.0,300.0,300.0,300.0,300.0,300.0,300.0,300.0,300.0,300.0,300.0,300.0
0.2002002002002002,0.0,300.0,300.0,300.0,300.0,300.0,300.0,300.0,300.0,300.0,300.0,300.0,300.0,300.0,300.0,300.0,300.0,300.0,300.0,300.0,300.0,300.0,300.0,300.0,300.0
0.4004004004004004,0.0,300.0,300.0,300.0,300.0,300.0,300.0,300.0,300.0,300.0,300.0,300.0,300.0,300.0,300.0,300.0,300.0,300.0,300.0,300.0,300.0,300.0,300.0,300.0,300.0
0.6006006006006006,0.0,300.0,300.0,300.0,300.0,300.0,300.0,300.0,300.0,300.0,300.0,300.0,300.0,300.0,300.0,300.0,300.0,300.0,300.0,300.0,300.0,300.0,300.0,300.0,300.0
0.8008008008008008,0.0,300.0,300.0,300.0,300.0,300.0,300.0,300.0,300.0,300.0,300.0,300.0,300.0,300.0,300.0,300.0,300.0,300.0,300.0,300.0,300.0,300.0,300.0,300.0,300.0
1.001001001001001,0.0,300.0,300.0,300.0,300.0,300.0,300.0,300.0,300.0,300.0,300.0,300.0,300.0,300.0,300.0,300.0,300.0,300.0,300.0,300.0,300.0,300.0,300.0,300.0,300.0
1.2012012012012012,0.0,300.0,300.0,300.0,300.0,300.0,300.0,300.0,300.0,300.0,300.0,300.0,300.0,300.0,300.0,300.0,300.0,300.0,300.0,300.0,300.0,300.0,300.0,300.0,300.0
1.4014014014014013,0.0,300.0,300.0,300.0,300.0,300.0,300.0,300.0,300.0,300.0,300.0,300.0,300.0,300.0,300.0,300.0,300.0,300.0,300.0,300.0,300.0,300.0,300.0,300.0,300.0
1.6016016016016017,0.0,300.0,300.0,300.0,300.0,300.0,300.0,300.0,300.0,300.0,300.0,300.0,300.0,300.0,300.0,300.0,300.0,300.0,300.0,300.0,300.0,300.0,300.0,300.0,300.0
1.8018018018018018,0.0,300.0,300.0,300.0,300.0,300.0,300.0,300.0,300.0,300.0,300.0,300.0,300.0,300.0,300.0,300.0,300.0,300.0,300.0,300.0,300.0,300.0,300.0,300.0,300.0
2.002002002002002,0.0,300.0,300.0,300.0,300.0,300.0,300.0,300.0,300.0,300.0,300.0,300.0,300.0,300.0,300.0,300.0,300.0,300.0,300.0,300.0,300.0,300.0,300.0,300.0,300.0
2.2022022022022023,0.0,300.0,300.0,300.0,300.0,300.0,300.0,300.0,300.0,300.0,300.0,300.0,300.0,300.0,300.0,300.0,300.0,300.0,300.0,300.0,300.0,300.0,300.0,300.0,300.0
2.4024024024024024,0.0,300.0,300.0,300.0,300.0,300.0,300.0,300.0,300.0,300.0,300.0,300.0,300.0,300.0,300.0,300.0,300.0,300.0,300.0,300.0,300.0,300.0,300.0,300.0,300.0
2.6026026026026026,0.0,300.0,300.0,300.0,300.0,300.0,300.0,300.0,300.0,300.0,300.0,300.0,300.0,300.0,300.0,300.0,300.0,300.0,300.0,300.0,300.0,300.0,300.0,300.0,300.0
2.8028028028028027,0.0,300.0,300.0,300.0,300.0,300.0,300.0,300.0,300.0,300.0,300.0,300.0,300.0,300.0,300.0,300.0,300.0,300.0,300.0,300.0,300.0,300.0,300.0,300.0,300.0
3.003003003003003,0.0,300.0,300.0,300.0,300.0,300.0,300.0,300.0,300.0,300.0,300.0,300.0,300.0,300.0,300.0,300.0,300.0,300.0,300.0,300.0,300.0,300.0,300.0,300.0,300.0
3.2032032032032034,0.0,300.0,300.0,300.0,300.0,300.0,300.0,300.0,300.0,300.0,300.0,300.0,300.0,300.0,300.0,300.0,300.0,300.0,300.0,300.0,300.0,300.0,300.0,300.0,300.0
3.4034034034034035,0.0,300.0,300.0,300.0,300.0,300.0,300.0,300.0,300.0,300.0,300.0,300.0,300.0,300.0,300.0,300.0,300.0,300.0,300.0,300.0,300.0,300.0,300.0,300.0,300.0
3.6036036036036037,0.0,300.0,300.0,300.0,300.0,300.0,300.0,300.0,300.0,300.0,300.0,300.0,300.0,300.0,300.0,300.0,300.0,300.0,300.0,300.0,300.0,300.0,300.0,300.0,300.0
3.803803803803804,0.0,300.0,300.0,300.0,300.0,300.0,300.0,300.0,300.0,300.0,300.0,300.0,300.0,300.0,300.0,300.0,300.0,300.0,300.0,300.0,300.0,300.0,300.0,300.0,300.0
4.004004004004004,0.0,300.0,300.0,300.0,300.0,300.0,300.0,300.0,300.0,300.0,300.0,300.0,300.0,300.0,300.0,300.0,300.0,300.0,300.0,300.0,300.0,300.0,300.0,300.0,300.0
4.2042042042042045,0.0,300.0,300.0,300.0,300.0,300.0,300.0,300.0,300.0,300.0,300.0,300.0,300.0,300.0,300.0,300.0,300.0,300.0,300.0,300.0,300.0,300.0,300.0,300.0,300.0
4.404404404404405,0.0,300.0,300.0,300.0,300.0,300.0,300.0,300.0,300.0,300.0,300.0,300.0,300.0,300.0,300.0,300.0,300.0,300.0,300.0,300.0,300.0,300.0,300.0,300.0,300.0
4.604604604604605,0.0,300.0,300.0,300.0,300.0,300.0,300.0,300.0,300.0,300.0,300.0,300.0,300.0,300.0,300.0,300.0,300.0,300.0,300.0,300.0,300.0,300.0,300.0,300.0,300.0
4.804804804804805,0.0,300.0,300.0,300.0,300.0,300.0,300.0,300.0,300.0,300.0,300.0,300.0,300.0,300.0,300.0,300.0,300.0,300.0,300.0,300.0,300.0,300.0,300.0,300.0,300.0
5.005005005005005,300.125789487346,300.01799315773604,299.99993856277626,299.9999885535825,299.9999998597578,300.0,300.0,300.0,300.0,300.0,300.0,300.0,300.0,300.0,300.0,300.0,300.0,300.0,300.0,300.0,300.0,300.0035840267705,300.0,300.0,300.0
5.205205205205205,305.15679776490816,300.61014334070046,300.1188850471857,300.0171345328253,300.0019420321674,300.00017907052177,300.0000140821271,300.00000095791665,300.0000000554471,300.0000000026905,300.0000000001072,300.0000000000036,300.00000000000006,300.0,300.0,300.0,300.0,300.0,300.0,300.0,300.0,300.14965680468015,300.00000301965775,300.00000000000074,300.0
5.405405405405405,310.1845423747459,301.0550716905637,300.33273870586476,300.0836498102789,300.01724765199543,300.00299092354294,300.00044556501325,300.0000580529003,300.00000671196887,300.0000006960977,300.00000006524425,300.0000000055518,300.00000000043025,300.0000000000304,300.00000000000193,300.00000000000017,300.0,300.0,300.0,300.0,300.0,300.29833975644914,300.0001022182449,300.0000000012029,300.0
5.605605605605605,315.2058413251354,301.42602013505547,300.56534802547566,300.18781225717305,300.0529252555496,300.0128367309671,300.0027182404374,300.0005090914819,300.0000852861328,300.0000129017519,300.00000177596934,300.00000022378975,300.000000025933,300.00000000277345,300.0000000002745,300.0000000000251,300.00000000000216,300.0000000000001,300.0000000000001,300.0,300.0,300.44898848084415,300.0006654591547,300.00000005055915,300.00000000000045
5.8058058058058055,320.2175167037236,301.75363254658174,300.79704013416426,300.31415239222304,300.1078435906087,300.0324966978637,300.0086739313959,300.0020696643661,300.00044529145924,300.0000870670217,300.00001557823185,300.00000256558127,300.0000003908085,300.0000000552791,300.0000000072836,300.00000000089614,300.00000000010317,300.0000000000112,300.000000000001,300.00000000000017,300.0,300.60103307228826,300.002258306495,300.00000060396974,300.0000000000231
6.006006006006006,325.2163966887864,302.05290892984493,301.02285723314503,300.45288430026557,300.17826034194474,300.06260935245626,300.0197304908394,300.0056141116637,300.00145165340604,300.0003432267457,300.00007463384156,300.00001500276267,300.00000280053723,300.00000048731556,300.0000000793016,300.00000001210225,300.0000000017363,300.00000000023465,300.00000000003007,300.0000000000034,300.00000000000057,300.7539040315313,300.0054428232993,300.0000036764039,300.000000000401
6.206206206206206,330.1993175566314,302.3322007067186,301.24203920313977,300.59844506555254,300.26047418480636,300.10254847869066,300.03663410528105,300.0119244838241,300.0035530345137,300.00097371087514,300.00024658119986,300.00005795871317,300.0000126967419,300.0000026019108,300.0000005004277,300.0000000905889,300.0000000154726,300.0000000024989,300.0000000003823,300.00000000005576,300.0000000000085,300.90714152778156,300.01066638313876,300.0000147696765,300.0000000036836
6.406406406406407,335.1631256838763,302.5966726745159,301.4549858581274,300.7477053592182,300.3515363205113,300.1511891104829,300.05957357144354,300.0215633677687,300.00719341132185,300.00221958972855,300.0006358218671,300.00016970725204,300.00004235127494,300.00000991326664,300.00000218269327,300.0000004531895,300.0000000889213,300.00000001651756,300.00000000290913,300.0000000004878,300.0000000000881,301.06041786457115,300.01823715242597,300.0000449215353,300.0000000217848
6.606606606606607,340.1046795433342,302.8497195203653,301.6624197626818,300.89889779623235,300.4492402144511,300.20731339154264,300.0883823439223,300.03486286148996,300.012752314932,300.00433718614636,300.00137556459663,300.0004080430339,300.00011354182124,300.00002971964705,300.00000733631117,300.0000017118093,300.00000037831217,300.0000000793308,300.00000001581145,300.00000000301327,300.00000000062937,301.2135181370546,300.02834205421743,300.00011207052455,300.0000000954194
6.806806806806807,345.0208516922443,303.0937043780227,301.8650714703342,301.0510092327654,300.55198972898387,300.26979590146,300.12269761308283,300.05195946968547,300.02051893086934,300.00757074643076,300.0026156506935,300.00084822161455,300.00025881266845,300.00007448205974,300.00002026322784,300.0000052225648,300.00000127766305,300.0000002971977,300.0000000658421,300.00000001399184,300.0000000033017,301.36631414231323,300.0410724821524,300.0002414004271,300.00000033159927
7.007007007007007,349.9085307515878,303.3303703979858,302.06357705664925,301.2034511100762,300.65861242118706,300.337674167757,300.1620802906435,300.0728513096546,300.03068827146336,300.012132197524,300.00450864433105,300.00157810995745,300.00052127421975,300.00016283371895,300.0000481971093,300.0000135438043,300.0000036193743,300.00000092132194,300.00000022376673,300.000000052324,300.0000000137556,301.5187370307311,300.0564521427233,300.00046479176194,300.00000096610853
7.207207207207207,354.7646233752378,303.560982214918,302.25853080657714,301.35587579340347,300.76827882044387,300.41012942176565,300.2060715874086,300.09743838631454,300.0433754621701,300.01819471728436,300.00720064594117,300.0026925223718,300.00095283084977,300.00031965118336,300.000101832429,300.00003085784124,300.00000890836867,300.0000024536673,300.0000006459469,300.0000001642756,300.00000004745215,301.67075941142167,300.07445615982374,300.00081953893505,300.00000244394215
7.407407407407407,359.5860562076964,303.7865459893091,302.4503823473111,301.50812674695754,300.88033786709855,300.4865096601724,300.25422239559947,300.1255741513192,300.0586271593017,300.0258911546733,300.0108221418144,300.00428747572397,300.00161153240447,300.00057569328914,300.00019567892133,300.0000634041555,300.00001960549525,300.00000579610435,300.00000164090875,300.0000004508561,300.00000014210957,301.82238052216974,300.0950274005416,300.0013467568989,300.0000055270948
7.607607607607608,364.36977782917984,304.0078530013142,302.6395148501139,301.66011947510344,300.9943091970736,300.566278479118,300.3061248318337,300.1570803048107,300.07644060052013,300.03531457047563,300.01548523499287,300.0064556678327,300.00255925674674,300.0009667208824,300.00034808604363,300.00011972155994,300.00003935107827,300.0000123856642,300.00000373791966,300.00000109862395,300.0000003730073,301.9736150005446,300.1180891085266,300.0020898906131,300.0000113892587
7.807807807807808,369.11276068682093,304.2254061076764,302.8264987954968,301.81158054942983,301.1100505556172,300.6488507349642,300.3614949213727,300.19170933254475,300.09680295437437,300.04651406669933,300.02128967936255,300.00928157343424,300.0038597739698,300.0015315437908,300.00058080473605,300.000210620312,300.00007315830396,300.0000243578705,300.0000077960017,300.0000024389004,300.00000088826255,302.1244773486369,300.14356219087074,300.0030928632485,300.0000217278678
8.008008008008009,373.8120030107665,304.4399454793195,303.01104451372083,301.9631811528006,301.226658906858,300.73434869987193,300.41967177087173,300.22948486555856,300.11953017650995,300.05958789826593,300.0282749413986,300.0128579006776,300.00556752280806,300.00231474592204,300.0009174003678,300.00034988047264,300.0001274059708,300.00004475391023,300.00001506429464,300.00000500095905,300.0000019350957,302.27503575051423,300.171309930521,300.00440149004964,300.0000388320461
8.208208208208209,378.46453071395683,304.65157928126735,303.19414808167215,302.1139718650738,301.3448738082371,300.8216914503629,300.4809408896389,300.26983784032853,300.14477342562606,300.07441778360925,300.03656440257856,300.0172199324016,300.00775644261523,300.0033523110227,300.0013875459762,300.00055185641423,300.00021055951817,300.00007734048245,300.0000273667575,300.0000095515854,300.00000391587963,302.42525289732265,300.20130686835626,300.006053617686,300.0000657468446
8.408408408408409,383.0673992743856,304.86064330667557,303.3759855546551,302.2640308824839,301.4644657100141,300.9107016763305,300.5449880244489,300.3126373906241,300.17241147179567,300.0910184106998,300.0461859229359,300.0224327234924,300.01047773115425,300.0046882676445,300.0020189559235,300.00083414619735,300.0003320511411,300.000127085952,300.00004705413596,300.000017214006,300.0000074364332,302.57516542603184,300.2334482441009,300.0080903648824,300.0001061683337
8.608608608608609,387.61769559864763,305.0679507568604,303.5552870747954,302.41532180233844,301.58330092626466,301.0029391333895,300.6102142696012,300.35869098942374,300.20172210819914,300.1097492270407,300.05695255892215,300.02865715321366,300.0137247678146,300.0063905551872,300.0028290271383,300.00122079069547,300.00050076383786,300.0002007891252,300.0000768355428,300.00002960489087,300.00001333185776,302.7249599387297,300.26746583063743,300.0105644588098,300.0001642650509
8.80880880880881,392.1125398655968,305.2726802257275,303.7350478881841,302.56391873484637,301.7055464018283,301.0942983043704,300.6796440702342,300.4054584470811,300.2342358550613,300.12955522669034,300.0694831347796,300.0355989022014,300.01771602802023,300.00841309926767,300.00388742482505,300.0017140038855,300.00073646587515,300.00030235979835,300.00012160502297,300.00004825992244,300.0000228894537,302.8742983109913,300.30367534676935,300.01346589164,300.00024631601457
9.00900900900901,396.54908734894565,305.4762660888377,303.91194295418273,302.7147484014183,301.82568641644144,301.18979775753843,300.74874042049754,300.45614831978907,300.2674993263288,300.15194286337356,300.0828418496353,300.04382776398825,300.0221998528724,300.01094159081805,300.00515146247864,300.002367859082,300.00103780477974,300.00044592502996,300.0001833125426,300.0000765716905,300.000037428744,303.0236883236837,300.3414345559248,300.0168977058479,300.0003562085574
9.20920920920921,400.9245302176548,305.677816442081,304.0889879140707,302.8636443225491,301.94839657212225,301.28469540086775,300.82136842236037,300.5074538321866,300.30373951874253,300.17530019941853,300.09802208064895,300.0527737340519,300.02754416248496,300.01383258142874,300.00673984506074,300.00316020502675,300.0014389079896,300.0006315543167,300.00027077675736,300.00011612904217,300.0000592937435,303.17270813033815,300.3811768106714,300.0208101056106,300.00050333236993
9.40940940940941,405.2360993129707,305.8780898236133,304.2645006212255,303.0132148225263,302.0706406194588,301.3818556046347,300.8947416531646,300.56142052467015,300.34124170125574,300.20072217821416,300.11426989977537,300.062911651045,300.0335129023487,300.0172625118954,300.0086051399358,300.0041492010983,300.0019374588999,300.00087647426363,300.00038667210197,300.00017172853757,300.0000906097563,303.3216602982917,300.422479191416,300.02528828126464,300.0006925887118
9.60960960960961,409.48106590098917,306.0769128831441,304.4393647131205,303.1622917208501,302.19375497401006,301.4797881359262,300.97000749788083,300.6168924047303,300.38072225020744,300.2275943475372,300.13194866410936,300.07401803616693,300.0402680810027,300.02118416217195,300.01081347381813,300.00533661004766,300.0025580675835,300.0011870376675,300.0005392917862,300.000246915569,300.00013451514735,303.47042248541015,300.46543303289303,300.03032407264146,300.00093316555075
9.80980980980981,413.6567433996344,306.2744698020249,304.6133504978126,303.3113282909078,302.3171853291382,301.5789352386186,301.04657365817127,300.67417883402356,300.42177724973976,300.2561055278311,300.1508767805985,300.0862053851185,300.0477648471933,300.025661758174,300.01336929655724,300.00675491041306,300.00331133710534,300.0015771764238,300.0007348995634,300.00034711952003,300.0001944983843,303.6190538317004,300.50990241007287,300.0359512394912,300.00123300619936
10.01001001001001,417.7604890789601,306.4707641293623,304.7866391274599,303.4601274241173,302.44114958324104,301.6789679495615,301.1246048911433,300.7329770661458,300.46451749544667,300.28607598217394,300.1711339546436,300.09940890809236,300.05606090540095,300.0306898720765,300.01630906088945,300.0084141935483,300.0042161659241,300.0020550788707,300.0009817053864,300.0004767622609,300.0002743780761,303.7675296427484,300.5558618779107,300.0421765880015,300.0016008181036
10.21021021021021,421.789705733698,306.6658949416563,304.9591903809216,303.6087946896744,302.565515431962,301.7799196138419,301.20392304383137,300.7932826618374,300.50880678030944,300.31750824320875,300.1926625025574,300.1136514494917,300.06515403921156,300.03629814657967,300.0196491843829,300.0103371132763,300.0052868380245,300.0026333087929,300.00128765339053,300.000641874328,300.0003786473296,303.91586301161124,300.6032366463488,300.0490179865884,300.00204566437316
10.41041041041041,425.7418433269937,306.85985039033,305.1311588007536,303.7572422085341,302.6903038838917,301.88169949035506,301.2844775684897,300.85499546304555,300.55459519934766,300.350343663332,300.2154463453458,300.1289236637884,300.07505681750285,300.04250272899475,300.0234104316107,300.0125423035904,300.0065391918742,300.0033239847075,300.00166157472984,300.0008489309432,300.0005124196078,304.0640509547728,300.65197164791215,300.0564871890974,300.0025772203725
10.61061061061061,429.614400604291,307.0527390408144,305.3024075790831,303.90561415603776,302.8153977664842,301.9843159492425,301.3661515022711,300.9180841718459,300.60179104102923,300.3845597474971,300.23944612275164,300.14522808998146,300.085770577571,300.04932123795766,300.027609303245,300.0150478789301,300.00798815764534,300.00413914810173,300.0021125530993,300.00110473750857,300.00068124497625,304.2120948983324,300.702006517079,300.0645954175371,300.0032051682662
10.81081081081081,433.4049266763417,307.2445394719962,305.4730612805536,304.0537941681648,302.9408652878354,302.0876519508378,301.44893431040737,300.98244384864495,300.6503666202868,300.4200913418622,300.2646519462324,300.1625457816511,300.09730586167734,300.05676251019565,300.0322639457648,300.01786944142424,300.0096488806812,300.005090721765,300.0026499973873,300.0014165656447,300.0008911353693,304.35998243187754,300.7532976134867,300.0733495081426,300.0039394601695
11.01101101101101,437.11102257034065,307.43529522262276,305.64305416719446,304.2018848574305,303.0665745880987,302.19175396778337,301.5326980107104,301.0480676126826,300.70022718152126,300.45692673865994,300.29101654460044,300.18088134691374,300.1096549308952,300.06484309892426,300.03738534478,300.0210244849889,300.01153462938487,300.0061911956269,300.00328333413177,300.0017921394382,300.00114853159806,304.507712560626,300.80578721763493,300.0827578413004,300.00478996603596
11.21121121121121,440.73034274820316,307.6249741763439,305.812498942406,304.3497402660593,303.19264600283793,302.2964497858558,301.6174983696983,301.11481407596153,300.7513858325856,300.4949782377558,300.31854849222213,300.2001989968178,300.1228343568226,300.0735609699461,300.0429929881305,300.0245237679927,300.0136611630187,300.00745149057434,300.00402282356293,300.00223928011377,300.0014603445337,304.6552618347006,300.85944500164464,300.09282221594196,300.0057670203607
11.411411411411411,444.2605965910243,307.81361976922733,305.9812862671663,304.49750289084926,303.31889293325463,302.4018550933197,301.70315127588617,301.1827409288057,300.8037084129973,300.53427174583027,300.34717474778876,300.2205198019814,300.1368194929848,300.08293840093273,300.0490886007053,300.02838671868017,300.01603823541575,300.0088852277867,300.0048774512753,300.002766705483,300.0018336804839,304.8026313907634,300.91420942226165,300.1035506030569,300.0068802600889
11.611611611611611,447.699549848781,308.0012087216646,306.1494730878029,304.6450680966463,303.44540372836985,302.507818199116,301.7897172538612,301.2517071395522,300.8572237919802,300.5747122645789,300.3769130223828,300.2417988674737,300.1516298221354,300.09296535599634,300.05569252312506,300.032619316988,300.0186823834543,300.01050168289026,300.00585844210883,300.0033823726396,300.00227626265263,304.9497943667199,300.97005469447106,300.11494117714375,300.00814022874914
11.811811811811811,451.0450260543584,308.1877086645834,306.31710835542106,304.79236379443216,303.5722020501826,302.61427043712524,301.8771726054972,301.3216581075653,300.91188984040684,300.6162665399483,300.40773408030634,300.2640264376567,300.1672572843344,300.10364934288276,300.0628105932809,300.0372355034426,300.0216037410049,300.01231346989334,300.0069749587608,300.00409549657417,300.0027957616821,305.0967306603489,301.02694423474475,300.1269958323195,300.0095566855831
12.012012012012011,454.2949079010068,308.3732128785421,306.4839032515175,304.9397471162491,303.69886267242236,302.72156349340844,301.9651353741376,301.39283277075236,300.96744246748415,300.6590696353836,300.4394882354036,300.2872772731965,300.1836349826916,300.1150344353935,300.07042385305544,300.04226223071555,300.02480408156697,300.01433691380333,300.008234251562,300.00491622784506,300.0033998721131,305.24345788242795,301.0847936966323,300.1397265550105,300.0111382693781
12.212212212212211,457.4471385823562,308.5574544879567,306.65052595288057,305.08623964333447,303.82645211997504,302.82856476929123,302.05458442639167,301.4643087687818,301.0245661492773,300.70251894626404,300.4725834068723,300.31121862765576,300.20098374182817,300.1269654085657,300.078643765409,300.04764147562685,300.02833614980034,300.0165578450207,300.0096601099808,300.0058467229324,300.00409890990767,305.3898473946876,301.1437123395174,300.1530906038171,300.01289994752835
12.412412412412412,460.49972309414176,308.74081226659433,306.815858394229,305.2334115385474,303.9530992885556,302.93714334499816,302.1436864790794,301.5376334766542,301.0818953343352,300.747646253346,300.5061753081396,300.3364473518474,300.2188543508928,300.1397533534956,300.08726468125195,300.05352103794183,300.0321219089271,300.019040254897,300.0112316545028,300.00691158617394,300.004896486182,305.53606496658495,301.20340737031086,300.16716815508596,300.0148403781366
12.612612612612613,463.4507294968147,308.9228177050398,306.9811263587448,305.37941571892924,304.08093823243473,303.0450060952236,302.2345796480129,301.6108158589331,301.141057067366,300.7930682867882,300.5412987041189,300.3621481255166,300.23782571019075,300.1529812542672,300.09657859953325,300.0597169123247,300.0362948675113,300.02171736966795,300.0130034258219,300.0080968227639,300.0058082656308,305.6818608220744,301.2641639130438,300.18185012036656,300.0169841502792
12.812812812812814,466.29829013824076,309.10386066713903,307.1451373283441,305.5259726935127,304.2078490432436,303.15435180318116,302.32505079245703,301.6858110974351,301.2002942044624,300.8401791802022,300.5767998166735,300.38917261340794,300.2572463075004,300.1671116842391,300.1062650608309,300.0664562824885,300.0407196548531,300.0246899157852,300.01493082513997,300.00943981535664,300.00683392960553,305.82743430708416,301.325627018246,300.19725038969335,300.0193228281481
13.013013013013014,469.04060283571243,309.28354423305154,307.3089119939901,305.6714915620242,304.3357091026961,303.26309806643684,302.4170981320575,301.7607030013595,301.2612239322204,300.88756883857263,300.6137668485969,300.41664384964815,300.2777548354757,300.1816717147041,300.11666009438875,300.07351723537414,300.04555639535585,300.0278703265195,300.0170814844513,300.0109188258049,300.00799176940836,305.9725509916397,301.3880721505614,300.21324954591813,300.021883760308
13.213213213213214,471.67593201652573,309.46214717625827,307.4715480886875,305.8172692901589,304.46287393654666,303.37297385881664,302.50893101624774,301.8371027765763,301.3223582559109,300.93644027950404,300.65117917096325,300.4453276634073,300.29875161053485,300.19709246506,300.1274573319523,300.0811188738844,300.0506702972231,300.031359334945,300.0194089190055,300.01257237419924,300.00928100524936,306.11736247009355,301.4512022998404,300.22994958896777,300.02465838612443
13.413413413413414,474.20260981640064,309.6393479341531,307.6338916289798,305.96195482473894,304.5909578258008,303.48213959352125,302.6023578951445,301.913226539453,301.3852496261646,300.985401689548,300.690147385099,300.47430404537903,300.3209283232284,300.2128452466135,300.13904171194133,300.0889949498684,300.05625480220544,300.0350424584075,300.02199815613085,300.01436783687103,300.01072322884426,306.2616583614388,301.5152766270818,300.2472228554061,300.0276772964918
13.613613613613614,476.61903713505035,309.815457593184,307.794920341046,306.10704234338135,304.71802125858756,303.5926878611015,302.69515149794046,301.9911549362465,301.4479204919078,301.0361260830552,300.72921027285133,300.5047232238556,300.34335443347805,300.2296279788919,300.1508936515586,300.09752586722567,300.0620561371143,300.0391049659661,300.0247487667205,300.016376175744,300.0123089084592,306.4056258794601,301.57991265640027,300.26522503100193,300.03091899080084
13.813813813813814,478.92368464822994,309.9901660526532,307.95534658426925,306.25137523149647,304.8454693463523,303.70299940793353,302.7889406740508,302.06926092863864,301.51182863654185,301.087290037492,300.7694578180437,300.5356697863523,300.36673846358474,300.2468883427484,300.16342306935275,300.1064180622065,300.0682871223916,300.0434123921026,300.0277558395782,300.0185549943367,300.0140600755854,306.54907132454093,301.64535561895343,300.283827544849,300.03441408479887
14.014014014014014,481.11509377562504,310.16351761306805,308.1148945207625,306.39528636724367,304.97281123703755,303.8135587016599,302.88315746098164,302.1480336744719,301.5764608267169,301.1392936363158,300.81050440578446,300.5674258303006,300.39083287067166,300.264804547518,300.17649318961344,300.11577503263675,300.07488413195955,300.0480203920223,300.0309981581476,300.02093009717197,300.01598034888116,306.6920136879543,301.71149000085416,300.3030662941481,300.0381626256365
14.214214214214214,483.1918776039678,310.3354702159879,308.2735377313678,306.5387260483325,305.10003517456164,303.924310466143,302.97779479570545,302.2274167757119,301.64181141403316,301.1920889449986,300.85234761435305,300.5999589955279,300.41564043897375,300.2833608983958,300.190111668391,300.1255939093178,300.08185746832476,300.0529335227031,300.03448625402285,300.02350924837214,300.0180788636257,306.83441592727854,301.7782919089604,300.32293318212123,300.0421730714097
14.414414414414415,485.1527217647953,310.50596479249015,308.4312310328379,306.6816748355925,305.22711992852004,304.03522598461046,303.07283681677904,302.3073812759369,301.7078661127526,301.2456517578588,300.8949772926953,300.6332535819214,300.4411570356424,300.30255087753477,300.20427999728685,300.1358752381239,300.08921220879387,300.05815628955605,300.0382265689479,300.02629841251655,300.02036188814674,306.9762433148102,301.84574265120455,300.3434233461019,300.0464510735922
14.614614614614615,486.9963852662961,310.6751149969583,308.58771474511053,306.8242420974018,305.35398046282955,304.1462797054084,303.16824948405593,302.3878951711045,301.7745949903308,301.29995551254325,300.9383714472229,300.66729275004667,300.4673714827197,300.32236846389463,300.2189970042279,300.1466215244249,300.09695384832617,300.0636960062456,300.04222762107133,300.0293065246004,300.02283835388,307.1174664015417,301.91381332105146,300.36453024506284,300.0510044708247
14.814814814814815,488.7217012787167,310.84254380316423,308.7436187421475,306.9659366336517,305.4807459426915,304.2574150399042,303.2640031801346,302.4689340788045,301.8419688678259,301.3549806715965,300.9825080933455,300.7020645026878,300.49427152692516,300.3428099981503,300.234259650048,300.1578357370497,300.10508580887983,300.0695593905522,300.0464961117238,300.0325414546675,300.0255158159227,307.2580520323118,301.98247897834136,300.3862482829722,300.0558397163492
15.015015015015015,490.32757787283276,311.0083138741489,308.8986867273203,307.10690394243863,305.6073081902671,304.3686190613422,303.36006839107733,302.55046933207205,301.9099638679432,301.41070354804884,301.0273697387102,300.73755329534345,300.52184804323963,300.36386899539417,300.2500667164688,300.16951881659594,300.11361240117174,300.07575190641865,300.0510390553811,300.03601046866874,300.0284017242279,307.3979663591034,302.0517149755703,300.4085711734084,300.06096311117363
15.215215215215215,491.8129987110159,311.17285802175,309.0519153593446,307.24785566401255,305.73329489232725,304.47998130062075,303.45637618439497,302.63248367014825,301.97855703034116,301.4670969407002,301.072943418118,300.77373978928483,300.5500952295705,300.3855359504143,300.2664189888447,300.18166954563617,300.1225389647238,300.08227768977355,300.0558638629497,300.03972020365,300.03150345005156,307.537181047611,302.1214914487405,300.4314919007501,300.06638083422973
15.415415415415415,493.1770236904606,311.3355053787467,309.20466486997856,307.3874537407834,305.85948953455426,304.59106990906696,303.55306417798005,302.71489857213464,302.04772904521957,301.52414783177903,301.1191999431058,300.8106199672235,300.57899401149314,300.4078122744767,300.28330792344593,300.19429353894816,300.131865035911,300.08914454887054,300.0609749720857,300.0436786153817,300.0348276355297,307.675636686626,302.1918079140438,300.4550055431175,300.07209816155574
15.615615615615615,494.4187895381623,311.4966843801795,309.35572785112026,307.5270106573737,305.98476637530956,304.70254580768466,303.64975175006964,302.7978323670527,302.11741133340814,301.5818390169194,301.1661301821012,300.8481677678103,300.60854568674534,300.43068168577577,300.3007391871712,300.20738458336535,300.14159869427,300.09635348511375,300.0663809605354,300.04789084828224,300.0383815499726,307.81334701433354,302.2625929299102,300.47910378217364,300.0781211076348
15.815815815815816,495.5375103572712,311.655927124262,309.5061686842518,307.6651148919236,306.11035772669317,304.8134432309685,303.74698726836857,302.8809590353725,302.187708952505,301.64010819112156,301.21371909209813,300.88637986566437,300.6387262799003,300.4541507078152,300.31869888468657,300.22095175289274,300.1517356369046,300.1039141206792,300.07208402813717,300.0523653511998,300.0421710507853,307.95020233161983,302.33389650789314,300.5037814981918,300.0844540375412
16.016016016016017,496.5324781244758,311.8136333753762,309.65479002058913,307.80323110048664,306.23476225493624,304.92492884269154,303.84390764803777,302.96475438722194,302.2583393512289,301.6990448060903,301.2619156771973,300.92524157247846,300.66953833228894,300.47819746966667,300.3371981184339,300.2349829993033,300.1622876539299,300.11182357513536,300.07809450301875,300.0571054054451,300.04620340296367,308.08626911881595,302.40559237395524,300.52903169843427,300.0911029080986
16.216216216216218,497.4030631381014,311.9692974561211,309.80279453698773,307.93965833667903,306.3596651065485,305.03547905791595,303.941613120013,303.0484427195229,302.3297171246723,301.75840581958266,301.31079533026485,300.9647136182665,300.7009666144696,300.5028309646319,300.3562161525805,300.24949358598457,300.1732440768841,300.1200953993161,300.08441086151714,300.06212084054914,300.0504833612324,308.22137889885045,302.4777948228112,300.55484418718663,300.0980709078998
16.416416416416418,498.1487144166398,312.1233832554871,309.9487754705819,308.07624258753395,306.4830197504018,305.1469030649547,304.03859726072494,303.1330558063994,302.40114223779136,301.8185556620952,301.3601502188633,301.00485813317243,300.73298402463195,300.52803495778375,300.3757677730457,300.26446385752763,300.18462319542755,300.1287203263066,300.0910471095363,300.06741189662444,300.055018572946,308.3556648257919,302.55030023717484,300.58122174923227,300.10536422016816
16.616616616616618,498.7689600474579,312.2752885287226,310.09422910833393,308.21079292485933,306.60717010719605,305.25691489368563,304.13673136007486,303.21712949695643,302.4735764594784,301.8788643802654,301.4103002311832,301.04550011377205,300.76563982427695,300.55379474145025,300.39583477506056,300.27991418616995,300.19640596724975,300.13771859411986,300.0979956966195,300.0729912646026,300.0598121688154,308.4888791125595,302.6233203855917,300.60813672814595,300.1129847382814
16.816816816816818,499.263407485465,312.42560600899856,310.2373673076852,308.3457722370439,306.7292611837137,305.3682453208454,304.23357257684114,303.30255149913506,302.54561336641046,301.94022527323557,301.4606799317957,301.08691980988993,300.79878921695905,300.5801476016668,300.41641386002925,300.2958245808216,300.2086169122783,300.14707237793056,300.10527679506026,300.07885439630707,300.064872800347,308.62125041165734,302.69652852948354,300.63561901387334,300.1209386563846
17.017017017017018,499.63174380154913,312.57356947750634,310.3801698929553,308.4782208752778,306.85262889380994,305.4774833683106,304.3321410534321,303.38679012962655,302.61912241098236,302.00130197941456,301.51211359123005,301.12861382170195,300.83267504843826,300.6069776429493,300.43753026944756,300.31220258398986,300.22123412600473,300.1568088665939,300.1128748111044,300.08501865962006,300.0702012731547,308.752414501572,302.7702938329371,300.6635998733053,300.12922754729556
17.217217217217218,499.87373588062593,312.7199787112843,310.5202459554744,308.6115539366709,306.97319658499174,305.5887420924955,304.42857492450185,303.47307014090705,302.69153536905657,302.0639220575316,301.5633414922058,301.1713391202925,300.866852129218,300.6344934684394,300.4590941845985,300.3290629293979,300.23427354842926,300.16690594560316,300.1208163444277,300.09147345763324,300.075807842403,308.88274345618333,302.8440887968406,300.69216836638924,300.13785542769926
17.41741741741742,499.98923056917374,312.8638122146429,310.6603230164673,308.7416357264891,307.0958052901586,305.6969058581243,304.5276541602496,303.5571826821417,302.7662066763853,302.1255253274227,301.6161284029538,301.21391987240884,300.90200935490117,300.6623065909679,300.4812811391826,300.34634009492703,300.247740431761,300.1773853634366,300.1290814222694,300.09824053512756,300.08169079678163,309.01169642117645,302.91853944983063,300.7211714104775,300.14682770987525
17.61761761761762,499.97815477216244,313.0060515668736,310.7974749106216,308.8727461283946,307.21523950548396,305.8074181598599,304.6240967812183,303.64375532844787,302.83927886327996,302.1890457367099,301.66832801866394,301.2577770149701,300.937238021648,300.6909256699307,300.50382211136696,300.3641446923528,300.2616052800982,300.18824103042385,300.137693018026,300.10530759160537,300.08786081630535,309.1397860542467,302.992900945664,300.75078150205366,300.1561415472917
17.81781781781782,499.8405154993147,313.1458524880572,310.93395193605636,309.0014102508581,307.3356304584399,305.91580597760225,304.72218989959845,303.72888611548154,302.91397812310584,302.2519116100945,301.72180569574135,301.3015942553661,300.97337041720846,300.7198378293698,300.52698814962673,300.38234345812856,300.27591659439,300.19946795585065,300.14664521792724,300.11268881860053,300.09431783066356,309.26653022220273,303.06775428880434,300.78082682193997,300.1658072834864
18.01801801801802,499.57639986066897,313.2836592073005,311.06834307606005,309.1296717371992,307.4544062969288,306.02477646983465,304.81921189622403,303.8150066344209,302.98818601529007,302.31578328936814,301.77527632886796,301.3462597155398,301.0097936762282,300.7494110338508,300.55055857377346,300.4010456825724,300.29062546348786,300.2110828699845,300.15594080013,300.1203841291517,300.10106765032475,309.3921713574647,303.14269283283426,300.8114137363929,300.1758201826157
18.21821821821822,499.1859750114493,313.419261948081,311.20137336532315,309.2563731725044,307.5729261113379,306.1327950172486,304.91663953483373,303.90070972179467,303.0630829619634,302.37966648135966,301.82947819835397,301.3912150457468,301.04687367294616,300.7793976526117,300.5746737938062,300.42017016185804,300.30577021772575,300.22307169106875,300.16558613103183,300.12839663719484,300.10811305974636,309.516545922899,303.2179153796611,300.84246606539375,300.1861875473535
18.41841841841842,498.66948804627475,313.5527519675771,311.33253513555877,309.38216643269976,307.6902699100189,306.2407627294474,305.0134687911941,303.9868487135783,303.13784266249877,302.44418274102765,301.88386771669167,301.43682154228645,301.0843203024723,300.8099661924974,300.5992107493335,300.43977927981854,300.32131374506315,300.2354534511686,300.1755779827106,300.1367337529155,300.1154592457512,309.6396972350604,303.2932421249981,300.87401961328163,300.1969076355218
18.61861861861862,498.0272658427765,313.68388613092077,311.4620683019629,309.50660955916993,307.8069379335971,306.34808398656355,305.110263910388,304.0728551506146,303.2129398217003,302.5089063992049,301.9387622687008,301.4828206042674,301.1223054704635,300.8409889226401,300.6242445849076,300.4598235274327,300.33728212359887,300.2482151766177,300.1859239335192,300.14539510080084,300.1231089529183,309.76151718244284,303.3687455101217,300.90603662194223,300.207985057491
18.81881881881882,497.25971485472166,313.8126525752589,311.5899304917514,309.62973571533064,307.9228745188898,306.45480884203573,305.2069636172122,304.1587776654012,303.2883228185762,302.57387392092795,301.9941266841443,301.5292341591175,301.1608095044844,300.8724765565574,300.64976644110527,300.48030722601555,300.353672473503,300.26135848261237,300.19662371382134,300.1543814972849,300.13106271120074,309.88200042865327,303.4444129412524,300.938518777456,300.21941977568446
19.01901901901902,496.367320854774,313.9390524002383,311.71596255286323,309.7515771245633,308.03788521583294,306.5610259305966,305.30336803735804,304.2447077381846,303.36382503167613,302.63915205436587,302.0498459337677,301.5760989536192,301.199766242225,300.9044447220384,300.6757458872644,300.5012366160211,300.3704759364783,300.2748879853524,300.2076791359269,300.1636984435438,300.13932582364146,310.00110064481885,303.52017975907046,300.9714584842336,300.2312134649886
19.21921921921922,495.35064862705474,314.06310067443997,311.84015380258415,309.8721183161032,308.15195848239836,306.6667229654761,305.39946837644817,304.33063479816525,303.43943952328743,302.7047323584252,302.1059149279737,301.62340901261405,301.23917239298953,300.9368898949951,300.70218130910547,300.52261027834453,300.38769229604685,300.28880378023774,300.219090918489,300.1733468425899,300.1478993484602,310.1188108482003,303.59603799685993,301.00485257760977,300.24336663716474
19.41941941941942,494.21034160969907,314.1847425434718,311.962482718238,309.9912831900798,308.2650761590624,306.7718189802849,305.4952589555336,304.4164873603823,303.51516307965096,302.77055982879597,302.1623291041338,301.67112784935347,301.27902277369094,300.96979178362574,300.7290691641255,300.5444198830556,300.4053210958429,300.303105092896,300.2308614548575,300.18332960285045,300.15678689401597,310.2350807182274,303.6719596656993,301.0386862907702,300.2558808280926
19.61961961961962,492.9471214876318,314.3039356439488,312.08293065693306,310.1090447581159,308.37722109419894,306.87628677617715,305.59072679322384,304.5022422689186,303.59098542992774,302.83661656340405,302.21908034671526,301.7192432348631,301.31931161724987,301.0031433315618,300.75640625568263,300.566662491413,300.4233615297961,300.31779180435984,300.24299165144424,300.19364806758836,300.16599005261895,310.3498837858748,303.74793028043786,301.07295338615404,300.2687566211615
19.81981981981982,491.5617877358236,314.4206478318358,312.20145879908966,310.2253738074062,308.48835683425546,306.98010066503576,305.6858388397463,304.5878788407237,303.6668796801543,302.90288632122576,302.2761487350747,301.7677432781457,301.3600259560557,301.03693707016174,300.7841857327915,300.5893347533571,300.4418114581868,300.332863792319,300.2554823538279,300.2043039496933,300.175510825236,310.46318758752454,303.823926483385,301.10764535810233,300.2819944758526
20.02002002002002,490.0552171133136,314.53486844019267,312.3180344431454,310.34023975453056,308.59845031662104,307.0832330679837,305.7805656213126,304.6733742998672,303.74282194108844,302.96935125919816,302.3335164581046,301.81661511040267,301.40115403935897,301.07116502852966,300.81240129247425,300.6124330694598,300.4606688824557,300.3483207730192,300.26833434899197,300.21529881831304,300.18535108771346,310.5749652044947,303.8999259159142,301.14275370804506,300.29559478209865
20.22022022022022,488.42836310832047,314.64657032448235,312.43262826779875,310.4536072623694,308.7074674398597,307.1856496753677,305.87487686792514,304.75869939774566,303.8187876084649,303.0359884536074,302.39116495435906,301.8658423664261,301.44268332257553,301.10581709671277,300.8410459462495,300.6359526968502,300.4799313485782,300.3641619546739,300.2815482008156,300.2266340631341,300.19551261439614,310.6851845939756,303.97590345642044,301.1782682857628,300.3095576363196
20.42042042042042,486.68225533479267,314.7557164531712,312.5452177839747,310.5654530465328,308.81538516069185,307.28732780863135,305.96875192264883,304.8438347809901,303.894759835245,303.10278271595206,302.4490815189956,301.91541417271304,301.48460522328435,301.1408865224857,300.8701148974295,300.65989043420194,300.4995971335896,300.3803867618822,300.29512422588897,300.2383105646624,300.2059965422392,310.7938200506004,304.05184215476635,301.21418225002293,300.32388304565245
20.62062062062062,484.81799888077984,314.86227934184654,312.655766031984,310.6757411935841,308.92216771108946,307.388233059713,306.06215824770175,304.92875081561795,303.97071183130555,303.1697106500704,302.5072458914358,301.9653136672961,301.52690599274956,301.1763626890674,300.89960033154404,300.6842410633158,300.5196632133344,300.39699399078114,300.30906257477176,300.25032936412,300.2168043150632,310.90083746764344,304.1277154872263,301.2504847487945,300.3385706916141
20.82082082082082,482.8367736090371,314.966253189348,312.7642531046994,310.78444947048723,309.02779283400946,307.48834391354995,306.15507554765367,305.0134288806479,304.04662682158835,303.23675750905994,302.5656453522731,302.0155301977614,301.5695769672537,301.21223885588637,300.9294972795348,300.7090012199506,300.5401276024758,300.41398278694345,300.323363243122,300.26269101396264,300.22793674089996,311.0062185024188,304.20350682224455,301.28716890407736,300.3536202774808
21.02102102102102,480.7398334103061,315.0675928850466,312.87064829308804,310.89154383347994,309.13222576287694,307.5876264704792,306.2474717902318,305.0978394089203,304.1224781603545,303.3038997554672,302.6242596083278,302.0660466891924,301.6126042427814,301.24850412755404,300.95979765461846,300.73416533477456,300.5609869118288,300.4313515411001,300.33802596767123,300.2753961339572,300.2393948521332,311.10992744899414,304.27918974466036,301.3242236097842,300.36903108133816
21.22122122122122,478.5285054097445,315.16630315194845,312.9748364815882,310.99706042395877,309.23542463084243,307.6860634151429,306.3393267431155,305.18196404535684,304.19824923114237,303.37112268731005,302.68307595016546,302.1168524322074,301.65597906702635,301.2851516196671,300.99049630730354,300.75972981863544,300.5822389002226,300.44909911564196,300.35305044556463,300.28844497165704,300.2511791566681,311.2119376206961,304.35474773141806,301.3616418489679,300.38480251795085
21.42142142142142,476.20418912700643,315.262454904823,313.07670490075304,311.10102191386943,309.33734240797037,307.78362564614787,306.4306109626531,305.26577567103146,304.27391546107106,303.43840452255137,302.7420755131296,302.16793149947597,301.6996883902852,301.3221710292071,301.0215854855617,300.78568921344845,300.60388009182407,300.4672236585578,300.368436054918,300.30183771896105,300.2632902356093,311.31222995471273,304.4301564260873,301.39941312359565,300.40093355197405
21.62162162162162,473.7683555905048,315.3556307271507,313.17700226204266,311.202876078507,309.4381347867422,307.88025424949257,306.5213022108148,305.34925046646464,304.34945537782295,303.5057262286602,302.8012417561737,302.2192698924236,301.74372069644517,301.35955322014246,301.0530582569419,300.8120385734944,300.625907254711,300.48572334563164,300.3841820385902,300.315574328882,300.27572838645466,311.410779620787,304.5053952079873,301.4375281278895,300.41742307085394
21.82182182182182,471.222546406418,315.44608159151403,313.2751558937537,311.30301324165276,309.53761041267086,307.97595848547206,306.6113715840083,305.4323652775032,304.4248476732195,303.57306880684257,302.86055816139844,302.27085358532935,301.78806442022176,301.3972889720319,301.0849075849455,300.8387728226982,300.64831701073115,300.50459619022575,300.4002874692107,300.32965458013166,300.2884937353884,311.5075639250127,304.5804423005944,301.4759774770454,300.4342697971375
22.02202202202202,468.56837278302817,315.5342392062549,313.37022807348814,311.40212647801195,309.63539425688583,308.07085632960667,306.70073485136624,305.51511838345846,304.5000652949081,303.6404145256785,302.92000805461953,302.3226685457875,301.8327079457432,301.4353689821677,301.1171263285703,300.86588675608886,300.67110583577124,300.523840044553,300.41675125000614,300.34407807832065,300.3015862383315,311.6025688688495,304.65526822200616,301.51475171167147,300.4514722893965
22.22222222222222,465.8075145110083,315.61930196210824,313.46395186756376,311.4985364478241,309.7325236888959,308.16437672225146,306.78960786940064,305.5973996581623,304.57511156319566,303.7077395067842,302.9795756892112,302.3747006575596,301.87763959636084,301.4737838822509,301.1497072346674,300.89337504925436,300.6942700574917,300.54345260617254,300.43357211611175,300.3588442607616,300.31500568417727,311.6957381377287,304.72988685735083,301.55384128401863,300.469028944943
22.42242242242242,462.94171890030645,315.7019242477279,313.5546516931171,311.5941190448784,309.82743553721747,308.25747205292544,306.877459327768,305.6794076174129,304.64988258650493,303.7750526285975,303.0392361516296,302.42693823499644,301.9228470644389,301.5125243369936,301.1826429408231,300.92123224565614,300.7178058698073,300.56343141201404,300.4507486427317,300.3739523962595,300.3287516985318,311.7871205151732,304.80420766238257,301.5932369645816,300.4869380038689
22.62262262262262,459.9727996742963,315.78148203695787,313.64389404979494,311.6868722956377,309.9219236220176,308.34877355325875,306.9651001483518,305.76067465324934,304.72456503138335,303.84225029629107,303.0990034487309,302.4793577653069,301.9683210700635,301.5515802842534,301.2159260830402,300.9494527669227,300.74170931650025,300.5837738544322,300.46827923855466,300.3894015925782,300.3428237445622,311.87658911153335,304.87831871560127,301.6329275939173,300.5051975493255
22.822822822822822,456.902635821896,315.85858864487534,313.7300153673516,311.7789213979207,310.01385069437003,308.43998793858106,307.0512917065039,305.84192246154004,304.79873761080717,303.90950541871075,303.158779452867,302.53197657776786,302.0140388511749,301.59094561761395,301.24954809643754,300.97803118466794,300.76597625129943,300.60447717846665,300.48616215888694,300.4051907922926,300.35722112816524,311.96427280861974,304.95204733008575,301.67290806553245,300.52380550182215
23.023023023023022,453.7331704083819,315.9325805732587,313.8147611794148,311.8678614803164,310.10567329505074,308.5289234541376,307.1376631055616,305.92201572691033,304.87305032604206,303.97643658888757,303.2187252566647,302.58470208721064,302.06001999402474,301.6305993112143,301.2835050174967,301.00696062941813,300.7906027134819,300.62553842120917,300.50439550647656,300.421318783205,300.3719429971521,312.04995999643563,305.0255782008133,301.7131574078729,300.54275968430494
23.223223223223222,450.46640934564846,316.0041636947607,313.8961716159834,311.95637570126445,310.1944515321019,308.61824308988565,307.2220160811643,306.0025095974894,304.9464510255958,304.043639044153,303.27849179891655,302.6376853129336,302.10617750474165,301.67056304095524,301.3177770054294,301.0362394769934,300.81558293478156,300.64695495159333,300.5229771096739,300.437784222384,300.38698834228603,312.1338811267992,305.09862150946384,301.75368846821067,300.5620575121437
23.423423423423422,447.10442012269357,316.0725370680427,313.97642446666197,312.04133612266395,310.28362672345827,308.70461374133544,307.3071402400371,306.08122858011455,305.0204229571898,304.1101332372044,303.338628354116,302.69060543001063,302.1526531328221,301.7107558800494,301.35238664337663,301.0658496885868,300.8409167824703,300.6687221234346,300.54190519697,300.4545854696986,300.40235602972274,312.2157076244324,305.17151067373237,301.7944501549691,300.5816971204593
23.623623623623622,443.6493304971329,316.13859963951296,314.05299433459663,312.12635311678883,310.3690422747847,308.79209388374875,307.38941638807506,306.1610336285333,305.0928286025618,304.1773369107387,303.39821697543044,302.74397438500125,302.19914946090523,301.75131232248395,301.3872579295398,301.0958150843344,300.86658731699566,300.6908413297709,300.5611757173769,300.4717214052966,300.4180446274423,312.2958166498864,305.24376650106785,301.8355018364529,300.6016740793765
23.823823823823822,440.10332714857066,316.201305903515,314.1287914855878,312.20713400769694,310.4556529848613,308.87563208760207,307.47339662212084,306.2381053187984,305.1665587828641,304.2431629300935,303.458611924053,302.7969305319361,302.24614501403806,301.79195660928167,301.4225178799939,301.1260651277176,300.8926184632761,300.71329712585526,300.58079082604326,300.48918855637595,300.4340530840774,312.3737032938526,305.315967115586,301.8767230325935,300.6219896111256
24.024024024024023,436.4686542946798,316.26173086391975,314.2007731178602,312.28814748324834,310.53815475801053,308.9606446310597,307.5540155358165,306.31671529609105,305.2382139125649,304.31007196115553,303.5180988592643,302.85055004857713,302.2929711481268,301.8330502730889,301.4579608687034,301.1566921872646,300.9189589653926,300.7361063721235,300.6007394175239,300.5069881334041,300.4503789987535,312.4498901708197,305.38742311297847,301.91824490515216,300.64263437743955
24.224224224224223,432.74761227086674,316.3190313485165,314.271315897288,312.3658269326933,310.62076061144086,309.04270407185453,307.6354071264304,306.3932426448044,305.3106723961205,304.37586886167577,303.57819582894274,302.90380325827033,302.3402490412025,301.8742112090921,301.49378497283635,301.187581906525,300.9456570892036,300.75924053445124,300.6210295299977,300.52511372938375,300.4670217633091,312.52392777235866,305.4586773715948,301.95992607758524,300.6636125292691
24.424424424424423,428.94255607441977,316.37370053468373,314.33901610448476,312.44225503982665,310.7009313797403,309.12445406591286,307.7150014600086,306.4699198324804,305.3820634178447,304.4419619966049,303.6378551531137,302.9573796317093,302.38751422661846,301.91570415266597,301.52982427096345,301.21881315312584,300.972664030598,300.78271679116745,300.6416487323552,300.54356696540054,300.48397846410637,312.5960714249297,305.52936037201044,302.0018470870166,300.6849149967255
24.624624624624623,425.05589387406405,316.4255209019958,314.4044947643673,312.5164765463374,310.7797910035289,309.2046662188889,307.793944593873,306.5456919770255,305.45322465873573,304.507671355608,303.6975422896656,303.01093683026346,302.4349653666465,301.9573920649422,301.56614205729466,301.2503415609272,300.99999293988384,300.80652293747124,300.66259724301847,300.56234431237357,300.5012473482237,312.6661898870236,305.5996149749816,302.0439555760148,300.7065409561942
24.824824824824823,421.090085485863,316.47451920231265,314.4676859015781,312.58856742173975,310.85722951746743,309.28340712286433,307.87215758583284,306.6205686507788,305.52414034470013,304.5729516524599,303.75728634190534,303.0644088330277,302.48264214176106,301.99921886019115,301.60276732992077,301.2821320841067,301.0276584744673,300.83064161378724,300.683879939191,300.5814389639646,300.5188276135693,312.7342818331925,305.6694209151354,302.0862338498015,300.7284893209959
25.025025025025027,417.04764081643464,316.5207992828807,314.52834370629483,312.6588942163772,310.9327585417622,309.3611909080056,307.94907112589675,306.6950640390583,305.59430364071045,304.6382097512176,303.81671973483213,303.1180596845237,302.5303214241258,302.04132693113144,301.63958505860927,301.3142485327569,301.05560976766407,300.8550960067193,300.70547759565756,300.60085616020183,300.5367144518916,312.8003973310641,305.73867365834303,302.12870832622946,300.75075079642687
25.225225225225227,412.93111827446535,316.5642861377792,314.58665260079374,312.72716401166747,311.0067220217768,309.4376033735527,308.02507596873687,306.7687683263615,305.66405152133086,304.7031244876081,303.8760763758576,303.1716811086999,302.57813686076133,302.08360193696456,301.67665838151163,301.34663688898564,301.08387109430345,300.8798638196404,300.72739698537487,300.62058800194643,300.554907042294,312.864485629114,305.807419335979,302.1713430353846,300.77332538871184
25.425425425425427,408.74312315152736,316.6049931723626,314.6425828871382,312.793400483998,311.07907220851166,309.51266846928587,308.10011603543535,306.8417028763559,305.7333324899103,304.7677103832957,303.935316760698,303.22527996206,302.62606204277546,302.1260451551323,301.7139714800767,301.37929569211707,301.1124337462301,300.9049428803274,300.7496335110586,300.6406323455747,300.5734027944756,312.92654344425927,305.87563570913903,302.2141308664323,300.79620905553327
25.625625625625627,404.4863059732251,316.6429567169084,314.6961007142581,312.8576339836601,311.14975771447826,309.58641136100624,308.1741330647763,306.91388826489606,305.8020945522718,304.8319792220659,303.9944023510513,303.27885959146147,302.6740719961974,302.16865474711784,301.7515096477726,301.4122213051821,301.1412895599788,300.93032974080177,300.77218265690294,300.6609863980494,300.5921988718141,312.9865720980622,305.9432994910122,302.2570634575463,300.8193974455094
25.825825825825827,400.1633608217131,316.6781285879236,314.74733038322296,312.9197711603315,311.21880879346287,309.6587938552367,308.24713108142976,306.98528863261646,305.8703367228401,304.8959015325102,304.0533280111445,303.3323990312984,302.72215959073924,302.2114171372504,301.78926600082025,301.445405415268,301.17043314965866,300.9560193964005,300.7950406455955,300.68164692910466,300.611292466554,313.04456655603553,306.0103971961082,302.3001294350753,300.84288651746266
26.026026026026027,395.77702363064816,316.7106223155551,314.7960680518314,312.97997853109604,311.2861165809279,309.72986430120403,308.3190444939129,307.05593035860335,305.9380060520648,304.95949076256915,304.11205609425076,303.3859014066691,302.7703013662609,302.2543294964792,301.82722717988315,301.4788433711989,301.1998571672114,300.982007663184,300.81820325083675,300.70261072861786,300.6306806473125,313.1005299561229,306.0769055522802,302.34332056409824,300.86667189143253
26.226226226226228,391.3300704536532,316.74037439117427,314.84249884374634,313.03806936714943,311.3518101758953,309.7995126630613,308.3899302740075,307.125740303239,306.0051324905355,305.0226937055166,304.1706011810995,303.43933131642837,302.8185010321832,302.297370929394,301.8653911000605,301.51252378385817,301.22955781647175,301.00828841565556,300.8416669571321,300.72387414277733,300.6503604444523,313.1544530882053,306.14281959087964,302.38662363238484,300.89074955529776
26.426426426426428,386.8253157073908,316.7674607926394,314.8864750812746,313.09423460160804,311.4156989746211,309.8678749773449,308.4596606048579,307.1947893610197,306.07163227477145,305.0855484646942,304.22890661698386,303.4927074708723,302.8667231894842,302.34054757503856,301.90373786792503,301.5464462490793,301.2595247185557,301.03485899266326,300.86542631838756,300.74543421495673,300.670328540373,313.20634888549756,306.2081074644654,302.4300324704799,300.91511455698725
26.626626626626628,382.2656103903572,316.7918299021487,314.92818736921515,313.1482336287169,311.47801916663434,309.9347242079368,308.528397525332,307.26292443745365,306.13759655556333,305.1479567406062,304.28702234832525,303.5459673852419,302.91499261739983,302.38382279643287,301.94227664846517,301.58059141956033,301.28975903586536,301.0617098579819,300.88947945141297,300.76728610987567,300.69058202514367,313.2561988549304,306.2727795214561,302.47353017342004,300.9397632960559
26.826826826826828,377.65384027852303,316.81357536123704,314.96744611595886,313.2003362590831,311.5384750326963,310.0003222267021,308.5958923190092,307.33032275677385,306.20285826208703,305.2100217633324,304.3448426336413,303.59916782617427,302.9632451167157,302.42722439769403,301.9809716468806,301.61496991440595,301.3202426642243,301.0888430130023,300.9138177568345,300.7894281832657,300.7111168690168,313.30403099913553,306.33678754696876,302.5171157803741,300.96468969726874
27.027027027027028,372.9929240989649,316.8326638576474,315.0044148885248,313.25031950259074,311.5973182424702,310.06440267164885,308.66236569824235,307.3967711949137,306.26756404341546,305.27160123702254,304.4024521619744,303.65222023836213,303.0115257769754,302.4707000919453,302.0198439899347,301.64955321660574,301.3509831562519,301.1162441925385,300.93844204143994,300.8118537664134,300.73193045913854,313.34982383257636,306.4001508671137,302.56076866276464,300.98989072315646
27.227227227227228,368.28581168264316,316.8491241197657,315.03908031834675,313.2982376971812,311.65446682620484,310.12705014817703,308.7277064052614,307.46235100529225,306.3316150905223,305.3327508900969,304.4597808148147,303.7051554763486,303.0597893394187,302.51426490163465,302.0588657860284,301.6843474239175,301.38196427092447,301.143914565504,300.96334347925495,300.83456118140344,300.75301845486416,313.39359182193505,306.46284084119753,302.60448458546955,301.0153603903902
27.42742742742743,363.53548209749255,316.8630775019448,315.0711949989405,313.34444996689666,311.70952937486607,310.188629102764,308.7915753260073,307.52731954631724,306.3947820548614,305.39362381497926,304.5166862942468,303.7580584122995,303.10795112819227,302.5579617894716,302.09799032375304,301.71937045903576,301.41316272352765,301.17185894404645,300.9885113479398,300.85754938245555,300.77437621610443,313.4353761890824,306.5247974072824,302.6482664225505,301.04109172281477
27.62762762762763,358.74494176301096,316.8742524727109,315.1015978777646,313.3877662809291,311.7638879998686,310.247717577116,308.8552849572993,307.5905036075651,306.4580214290938,305.45342212548957,304.5737726058452,303.8104395417846,303.15636092689783,302.6015120457941,302.13740323601473,301.75447723078383,301.44466553552707,301.2000104549161,301.0139783759922,300.88079406895974,300.7960063237745,313.4750444416778,306.5862009450586,302.692038596255,301.0670909518339
27.82782782782783,353.917222547537,316.88315844704226,315.1289511911394,313.4301846556229,311.8151880592039,310.306758738772,308.91648926500517,307.6539764403039,306.519547950158,305.51358198356934,304.62987343858885,303.8631826780587,303.2043241064536,302.6454156377877,302.17672270653054,301.7899252233987,301.47628299063757,301.2284845451094,301.039664394643,300.9043316470302,300.81789185843365,313.51284821835605,306.64669381552505,302.73591407044586,301.0933310871707
28.02802802802803,349.05537984942146,316.8893600829682,315.1545823298527,313.46975976717596,311.8657635373712,310.36328384293734,308.9775594474658,307.71557156690307,306.58120214569925,305.57255708718924,304.6862050395128,303.91531355134197,303.252565881052,302.68910956619135,302.2163454442529,301.82541597052204,301.50821026054695,301.25714054669015,301.0656488795744,300.9281116640373,300.84004360192813,313.54854991206105,306.70661905735403,302.7797500826721,301.1198309905554
28.22822822822823,344.1624906633068,316.893189882026,315.17764971024803,313.5077912244754,311.9140528857439,310.4189545906085,309.03685692035083,307.77676878871114,306.64167646049503,305.6314134296059,304.74188447314174,303.967502894955,303.3005507303684,302.7329775069075,302.25597260795485,301.86114965824027,301.54029531620654,301.28606998471344,301.0918654050034,300.9521631774718,300.862446653128,313.58232765862033,306.7657200144609,302.82363067968515,301.14656810730463
28.42842842842843,339.2416516327387,316.89454389365056,315.1985568418917,313.5437111817932,311.9607524965567,310.47302953268496,309.09508767317334,307.8369122244986,306.7015098265976,305.6896881301961,304.79725366884713,304.0194671898132,303.34847016329303,302.7768609827629,302.29570117936476,301.89704431504265,301.57258137211016,301.3152343003424,301.11832868128664,300.9764709758393,300.8851001827642,313.61411878931546,306.82409030466255,302.8675087660553,301.17354310246856
28.62862862862863,334.2959770903426,316.8934350057771,315.2173860473457,313.5774221142475,312.0060192337985,310.52530643600255,309.1524798889306,307.89573098190084,306.76096149278095,305.7471021876932,304.8525496797036,304.07097099303405,303.3965055045385,302.8205896433325,302.33565125703984,301.9329908700107,301.60513800714847,301.344571972443,301.1450708471738,301.0010087735793,300.9080070656673,313.64391376743436,306.8817648462018,302.9113416535911,301.2007593332024
28.82882882882883,329.328597086804,316.89005927565915,315.2336877571752,313.60967584423923,312.04890483289154,310.5768758783138,309.2078640730365,307.95438030725734,306.8189090188889,305.8046595293225,304.90686487520907,304.12276609884464,303.44401349158846,302.8646626926784,302.37541392739985,301.9692870001913,301.6377314636117,301.37423829708314,301.17197933425615,301.0258329840593,300.9311427603591,313.67184071765575,306.9385355607429,302.9552286421405,301.2281849678739
29.02902902902903,324.3426554099018,316.88417030292567,315.2483048675773,313.6391981867587,312.09106255732854,310.6258465264821,309.2632386658729,308.01084689340473,306.87725024495694,305.86060425099055,304.96172446325954,304.1735288336152,303.4920710497681,302.90819181290755,302.4156711476379,302.00539510574805,301.67074834583946,301.40394632822466,301.19923546742814,301.05083203287984,300.95453798998113,313.6977164882145,306.9947329036969,302.99897158993537,301.25586003287066
29.22922922922923,319.3413075948478,316.87611958229974,315.26035513556786,313.66742681613465,312.13067124684534,310.67431318843893,309.31637108054053,308.06735287869077,306.93384504131916,305.9168752249874,305.01539263150596,304.2247228337667,303.5394401830726,302.952159899043,302.45563003901304,302.0419089068718,301.7037327932344,301.4340102032058,301.2266199845346,301.0761230126799,300.9781477664737,313.7217771938573,307.04996737140874,303.04277237235345,301.2837267520257
29.42942942942943,314.32771892719063,316.8657651479416,315.2703718369336,313.6935755169049,312.16876405477706,310.721096490218,309.3685107176587,308.12263356410097,306.98988483431134,305.9723607693228,305.0688324844499,304.2755028443713,303.58680526803323,302.9959945942812,302.4957265094739,302.078478885202,301.73693291079536,301.4642416026035,301.2542491098536,301.10163157258114,301.00199063773346,313.74391460935504,307.1044444739688,303.0865016202723,301.3118091667134
29.62962962962963,309.3050624395493,316.85316918869,315.27832173784583,313.71775421160913,312.205226589186,310.7663372085216,309.4195039386269,308.1768318772163,307.0452155526806,306.0271830138622,305.1219143766331,304.3259595013652,303.63407024910595,303.0397553640843,302.5358962509053,302.11513948382907,301.7703094656262,301.4946570191519,301.28210175800376,301.12736134535874,301.02605892554595,313.76416178717056,307.1581297518038,303.13016416985795,301.34009770273735
29.82982982982983,304.2765169034438,316.83838505649004,315.28419816607544,313.74003375180337,312.2399981164407,310.8101155767748,309.4692639439854,308.23002420856693,307.0997488078981,306.08140383163413,305.17456358627373,304.3761361579835,303.6811794985925,303.0834686752295,302.57610160394484,302.15190446061877,301.80383888810377,301.5252616001243,301.3101644277673,301.15331152560645,301.0503463542022,313.7825461335169,307.21100087567163,303.17375807927385,301.3685845591608
30.03003003003003,299.2452648174935,316.8214551716839,315.2880290792381,313.76043305572017,312.2730864908313,310.85243524026436,309.51778687107293,308.282205229776,307.15347538100684,306.1350134763424,305.2267694708009,304.426021861593,303.7281230227911,303.127124331258,302.616334074076,302.1887652708671,301.8375142992111,301.55604856119254,301.33843154232835,301.17947672096267,301.07484810811104,313.79908780754755,307.2630500857998,303.21727371211705,301.39726384636117
30.23023023023023,294.2144903932565,316.80242237434874,315.2898456809082,313.77896924532695,312.3045039156108,310.89329697014733,309.5650732334076,308.33336687797055,307.2063892970554,306.1880004252356,305.2785232009219,304.47560487052823,303.7748915201176,303.1707119803009,302.65658522351555,302.2257134718324,301.87132863134366,301.5870112347822,301.36689732238904,301.20585156016745,301.09955926722085,313.8138076372684,307.3142706069182,303.26070141325897,301.42612960318064
30.43043043043043,289.1873775399852,316.7813307066269,315.2896801193209,313.7956610476565,312.3342627599517,310.93270324151246,309.6111233976382,308.38350242644776,307.25848446494933,306.24035395563334,305.3298159674844,304.52487378577405,303.8214757938012,303.21422132697325,302.69684671940547,302.26274054348664,301.9052748707374,301.61814283865937,301.3955559805242,301.2324305720823,301.1244748529631,313.82672757501365,307.36465604243057,303.30403163388814,301.4551758229933
30.63063063063063,284.16710784957354,316.75822782009027,315.2875593674777,313.8105370669617,312.36236542728824,310.97066988156945,309.6559250004623,308.43261938993953,307.30974203766965,306.29207606080894,305.3806281588717,304.5738270873564,303.86785861466774,303.2576488993398,302.7371048753556,302.2998421805095,301.9393428048722,301.649438843952,301.4244001281919,301.259209109588,301.14958952544384,313.8378719126775,307.41419812955047,303.3472563314458,301.4843960824096
30.83083083083083,279.15685858296956,316.73315425437426,315.28353531902,313.8235892904073,312.38886451829217,311.0071559842515,309.6995287534809,308.4806618542411,307.3602065579505,306.3431096193928,305.43099487794336,304.6224152028237,303.91406453233236,303.3009563731949,302.7773746233348,302.33699138060587,301.9735396623806,301.6808818549341,301.4534310654215,301.2861773808872,301.17489957178674,313.8472598732691,307.46290033260175,303.39036042245834,301.513785907082
31.03103103103103,274.1598006593305,316.7061776432413,315.27758288679144,313.8349393072692,312.41364166657166,311.04232469107916,309.7417638762445,308.52780456468173,307.40969501423206,306.39361567524435,305.4807503175311,304.67076920355163,303.95996092840653,303.3442390931297,302.81756053779657,302.37424984984517,302.00780379025554,301.7125054768439,301.4826150108702,301.3133460029275,301.20039438836864,313.85493323899055,307.51072588958675,303.43335592254596,301.54333293385315
31.23123123123123,269.17909664919057,316.67730347398384,315.2698699855435,313.84439066691033,312.43700876304564,311.07582914946545,309.7830221092739,308.57363821846997,307.45860722668345,306.44319675962,305.5302481445402,304.7185522509884,304.00582593261595,303.38724187602287,302.85785876127085,302.411443847323,302.0422572866762,301.7442064895613,301.5120123653424,301.34067033759544,301.22608175401,313.86088040778975,307.5577424917175,303.4761845336442,301.57304564663707
31.43143143143143,264.2178987729129,316.6466721626507,315.2601604292274,313.8524194210661,312.4583742574154,311.10840431612354,309.82250004489975,308.6190056381947,307.50609000973105,306.4926657216093,305.5787117671749,304.76645353909925,304.0510323553328,303.4304879820224,302.897814187272,302.4489290539771,302.07660667757006,301.7761925823218,301.54146839760574,301.3682320629121,301.2519271062702,313.8652061172967,307.6037946363219,303.5189434235407,301.60288536533596
31.63163163163163,259.27934690569157,316.61418685724436,315.248935462574,313.8583231573938,312.4787333356193,311.1388848658573,309.8615078182253,308.6625283070216,307.5535270209782,306.5406664849636,305.62740239429445,304.8133039949396,304.09660269885876,303.4730750202435,302.93817142916606,302.48608090297415,302.1113317596255,301.8080903337935,301.57123169918583,301.39587523152835,301.2779754282101,313.86781273573774,307.6491264050966,303.56144680923643,301.63290089046865
31.83183183183183,254.36656659036697,316.58004650238775,315.2357962709884,313.8628422284497,312.49714735605664,311.16842944460495,309.89876609598116,308.7055621995157,307.5995402547207,306.5885334268947,305.6750446345344,304.8602586730918,304.1414881007115,303.51589914435004,302.97815534942964,302.5235219751382,302.1459247276747,301.8402709853076,301.6010324587909,301.42374975675705,301.3041690523829,313.8688523604975,307.69348932232936,303.60386464854423,301.66302939618265
32.032032032032035,249.48266705931232,316.5442152697058,315.2210444782825,313.8655820799596,312.51419830752485,311.19636981167423,309.93504176486647,308.7472944694985,307.6449559162486,306.6354428253462,305.72241127973956,304.90658536974587,304.18633309883836,303.55837723194134,303.01824903485357,302.56083618004,302.18070500234023,301.87247890161757,301.63103893732085,301.45174622353494,301.3305373554279,313.8682819894294,307.7370292511399,303.64607618308384,301.6933012840483
32.232232232232235,244.63073926664214,316.50679175263184,315.2045907668107,313.866778233514,312.52963108098146,311.2230490470053,309.9699635014253,308.7881321125215,307.6893488563505,306.6818118237252,305.76908432313473,304.9526636487248,304.23077275631175,303.6008195429848,303.0581666346408,302.59824979880324,302.2154749574965,301.9048539183181,301.66114087895096,301.47992086270085,301.35705386153853,313.8661681761887,307.77966812343146,303.6881344762931,301.72368889580105
32.432432432432435,239.81385393198883,316.46777577617564,315.1866388885556,313.866198986658,312.5438150901668,311.2480563040792,310.00401717001415,308.8275570304594,307.73325580916327,306.7270933290644,305.8155847400734,304.9979854633893,304.2752598951865,303.6428033786922,303.0982617563557,302.635448547023,302.2504769996855,301.93719606287743,301.69146910129314,301.5081856524875,301.38374076182623,313.862497009127,307.8215016157549,303.72995180812933,301.7542137156339
32.632632632632635,235.03505959708633,316.4273442070661,315.166872551733,313.86445653095967,312.55599262306663,311.27234581096945,310.0361453376361,308.86671464260263,307.77549346940975,306.77246075737577,305.86076598012056,305.04361548176456,304.3188040398535,303.68519681907276,303.13776538157833,302.6730652674121,302.2851842295827,301.969898471031,301.72173407782503,301.53670373358983,301.410535400272,313.85740234475895,307.86231603742897,303.77168939793626,301.7848111824601
32.832832832832835,230.29738069638847,316.3853774640651,315.14585822631886,313.86073201648617,312.56732565784057,311.29455279549296,310.0679123188833,308.90393460728905,307.8177850994501,306.81619111224256,305.9062824710068,305.08798586693223,304.36282497114684,303.72671902454454,303.17777329992083,302.71016349508756,302.3203419537418,302.00237516707966,301.7523391716999,301.5652244921411,301.43751469436717,313.85076923204076,307.9024211217744,303.8130933315264,301.8155590958059
33.033033033033036,225.60381564294565,316.3420926934756,315.12314815830274,313.85586096104595,312.5767620891846,311.31599415182535,310.0978549906217,308.9408017462865,307.85849629283376,306.85990950110096,305.9505514781582,305.1325726992014,304.4059549163084,303.7685753628891,303.217222667793,302.7476236712338,302.35522142308247,302.0351744592816,301.78288418566746,301.59397667457216,301.4645933530879,313.8427716107668,307.94152280180026,303.85438986348515,301.8463700191383
33.233233233233236,220.95733493074974,316.29746406819936,315.0990656404967,313.84941607947246,312.58493787274864,311.3359402942931,310.1268223624787,308.9764144794196,307.89856118552206,306.90267952940206,305.99447156557756,305.1765184917546,304.44896759406487,303.81006090045173,303.2567128332575,302.78492716066336,302.39023140572596,302.0679696976226,301.8135901616551,301.6228190398697,301.4918119160768,313.8333647910421,307.97978982448,303.8954373960384,301.87728444419
33.433433433433436,216.3608792547481,316.2515658233993,315.07360434836414,313.8415324631887,312.5917342133036,311.3545829463737,310.15462437923344,309.0109910848349,307.9377581680519,306.9447191046835,306.0378234037676,305.2200182221978,304.491670668758,303.8513330963305,303.2960923400819,302.8221875143182,302.42526623835505,302.1008298599503,301.84439688495127,301.65177763782054,301.51915380487003,313.8226039589259,308.0171832281143,303.9362603683373,301.9082848851894
33.633633633633636,211.81735764971788,316.2044675885896,315.0467827457724,313.83226505927206,312.59717232120977,311.3719371054386,310.1812748349759,309.04453215802914,307.976091798368,306.98602130290755,306.0806060275668,305.26306162653844,304.53406026706614,303.8923810814109,303.33535603843745,302.85939477273934,302.4603203740697,302.1337465182987,301.87529874925406,301.68084564335373,301.54661334044545,313.81052496405647,308.0537052243695,303.9768507572384,301.9393649250843
33.833833833833836,207.32964564917668,316.1562294986837,315.0186498592084,313.82164699969286,312.6012776132541,311.38802421635444,310.2067786289521,309.07704917171606,308.0135564307037,307.0265904140925,306.1228086196588,305.3056485981068,304.5761240309659,303.93320224782224,303.37449221708187,302.8965449959352,302.4953838054885,302.166715011811,301.90628775516075,301.71001787360905,301.57418444554804,313.7971656374387,308.08935665302465,304.0172024179824,301.9705177783235
34.034034034034036,202.90058346549685,316.10688783684554,314.98929884326986,313.8096921494692,312.60406938737356,311.4028856056166,310.23111690303864,309.1085818175465,308.0501178658356,307.06646027224895,306.16439258353654,305.34780574243365,304.61782566770387,303.9738156674186,303.41347063761077,302.9336499899418,302.530433877742,302.1997404514932,301.9373490019309,301.7392932482119,301.601859634786,313.7825667645149,308.12413388844124,304.05731354102176,302.00173524283275
34.234234234234236,198.5329741923727,316.0565389858983,314.958710107892,313.79647973707296,312.60557993215934,311.4164989918179,310.25436484825514,309.13906091192445,308.08585890233263,307.1055480038809,306.2054332018816,305.38945314027063,304.6592269714063,304.0141532481751,303.45233702131384,302.9706577641557,302.56549979749394,302.2327880650147,301.9684958424466,301.76865380110513,301.6296371018943,313.7667615509681,308.15805317365493,304.0971656290643,302.03301492159096
34.434434434434436,194.2295820307807,316.0052083252783,314.9270090006895,313.781994453489,312.60583390468685,311.4289445400616,310.27643031010484,309.1686264975434,308.1206343925192,307.1440045582131,306.2457779010925,305.4307272187747,304.70019107641616,304.0543253417136,303.4909817649684,303.0076478515147,302.6005038110308,302.26590576852715,301.99968295567845,301.79811666793495,301.65750316663565,313.74979804484104,308.1910947318946,304.1367746506775,302.0643424739614
34.63463463463464,189.9931305395541,315.95300610884874,314.8941466915225,313.7663425850711,312.60487334038544,311.44013889098517,310.2975088621552,309.19704635123264,308.1547207919655,307.1815425286785,306.2857087267412,305.47135057763273,304.7409645574699,304.09409751196335,303.5295973949806,303.0444435596896,302.63557759820196,302.29897927877767,302.0309804532964,301.8276298011608,301.6854675285673,313.73170152336263,308.22330545215465,304.17609072034725,302.0957269320008
34.83483483483484,185.82630091167886,315.89993590386547,314.86029476203544,313.7494910685021,312.6026777557381,311.4502974107205,310.31728423323426,309.22476638292085,308.1876133864791,307.2187038794083,306.3246773532195,305.51184526721573,304.7810501267284,304.13390858748767,303.56778491505906,303.0813722299866,302.6704399186423,302.33221518014915,302.0622296851288,301.85727847092977,301.7134934140163,313.71253938017236,308.25460904705244,304.2151922252955,302.12713133377326
35.03503503503504,181.7317302774031,315.84612398774425,314.82538195505026,313.7315295658219,312.59939998088447,311.45910486871344,310.3363197507854,309.25106857656635,308.22016747056034,307.2545704337335,306.3636159620331,305.55129756678554,304.82129637440846,304.1729745399702,303.6062246420101,303.11783915985853,302.7055673545964,302.3652300262381,302.09369353200367,301.8868946125297,301.74162982571966,313.69230807164286,308.28514843873575,304.25392645660656,302.1586030702175
35.23523523523524,177.7120100352331,315.7915835912282,314.78954161053764,313.71253347673326,312.59479531784297,311.4671637877821,310.3537369353553,309.2771305634983,308.2510148723725,307.2906366779787,306.4009882220139,305.59121031774924,304.8602720557277,304.2125954428077,303.64375004732153,303.1548337073766,302.74013100860714,302.3986595325806,302.12490547990893,301.9167491286974,301.76977702944777,313.67112355682485,308.31470145424373,304.2925323141966,302.19004443584834
35.43543543543544,173.7696842118717,315.73640104863176,314.75282862172713,313.6923649276484,312.5893908135436,311.4736009961701,310.37086809309056,309.3012649926992,308.28215279283654,307.32472533132506,306.43904614194264,305.6293510701303,304.9000947384456,304.2508104493767,303.68209793605104,303.19084663311196,302.7753675240883,302.4315233797696,302.156557741256,301.9464147792926,301.798071995954,313.6489172815442,308.3436114703788,304.3306401654231,302.2215870840721
35.63563563563564,169.9072478521383,315.68065235691387,314.7152121355625,313.6713344065604,312.5826508012572,311.47938122348313,310.3863928273425,309.32518321401625,308.3115956104059,307.359019998831,306.4755218479914,305.6679692722571,304.93860390941944,304.28960746846553,303.7194776184654,303.22741369805715,302.80999080569984,302.4648188080882,302.18792274945844,301.97632059646116,301.8263612540375,313.62584618475546,308.3715426997174,304.36861439333296,302.253082842749
35.83583583583584,166.1271454398891,315.6243594765104,314.6768932932128,313.6491812983278,312.5751236226915,311.48375713173095,310.4013699871353,309.3476003900217,308.34085424429963,307.3918725773935,306.5121376432516,305.70533720886806,304.9774577750773,304.3274321525782,303.7572776586066,303.26331636583865,302.84500394511326,302.49774446167197,302.21956664884004,302.0061144977522,301.85475646092567,313.60186296449467,308.3987669684203,304.40616423219376,302.2846372028606
36.03603603603604,162.4317693509355,315.567652602899,314.637717605314,313.62633178994435,312.5662445300839,311.4875970179152,310.41471643648634,309.36987193234046,308.3683861124348,307.42498251306733,306.54711628249214,305.743239066926,305.01491975716266,304.36590144527025,303.79402358321676,303.29982979213764,302.8793289469077,302.5311397527869,302.2508725975491,302.03615989838676,301.88312624474025,313.5771087092313,308.4250146553642,304.4435827289427,302.31612548807414
36.23623623623624,158.82345833894223,315.5105164242455,314.5980020028798,313.6023356224185,312.55681959797556,311.4898416675185,310.427857264771,309.3902995028379,308.3961631379966,307.45620446640737,306.58270559980747,305.7794112106313,305.05317990079647,304.40295254664983,303.8315746601467,303.3353174148418,302.9143242299464,302.56391956241174,302.2826135726022,302.0659788601578,301.9116251955697,313.55150306300754,308.45064599436404,304.48048714661326,302.3476922841376
36.43643643643644,155.30449605526158,315.4531089260139,314.5574996734079,313.5777960190202,312.54601981912964,311.4917128526891,310.4392758841899,309.4107486387472,308.4220723413633,307.48785634741125,306.61648415577184,305.81629034565515,305.0898638031886,304.44080825748875,303.86790133809075,303.3715455738662,302.9484968436524,302.5972541813253,302.31393238214406,302.0960810305576,301.94007217883933,313.52522745805214,308.4752874734967,304.5172818636579,302.3791673233037
36.63663663663664,151.87710960364137,315.39540894181886,314.5165448243949,313.5522444724943,312.5346595309418,311.4921714182473,310.45034574674554,309.42960845364325,308.44797297752365,307.51792439647784,306.6505638344336,305.85174628502716,305.12704038443354,304.47751225833537,303.90477454949956,303.40694923271025,302.9831502969038,302.63009912767933,302.3455744767805,302.1260045557338,301.9686164884656,313.49820583757946,308.49928308176476,304.55360454200115,302.4106889891126
36.83683683683684,148.5434681307208,315.3375442297577,314.4749919990177,313.5260907418337,312.5222245382725,311.4919876293501,310.4601498139691,309.44800910744885,308.47260498642993,307.54779308249135,306.6835017212649,305.8872345094905,305.1632856385998,304.5144002294394,303.94096648667744,303.44259713902153,303.017374039491,302.6631660020266,302.37701344082404,302.1560591995221,301.99714493817083,313.4705678276463,308.5224117423208,304.58969680064575,302.4421515240069
37.03703703703704,145.30568145320714,315.27952807040083,314.4330180622743,313.49915496967407,312.5090852542778,311.4907405196397,310.4692681020487,309.4653011782723,308.49672787701866,307.57665177730127,306.71615192921774,305.92189279973405,305.19943752828726,304.5506729937665,303.9771983601914,303.4778436032834,303.051701523402,302.69601981216437,302.4085544106969,302.1860500365978,302.0257161972104,313.44230537525334,308.5448201727718,304.6254090570525,302.47360839601436
37.23723723723724,142.1657987226008,315.2214637419635,314.390596524529,313.47163667735657,312.49505846661236,311.48875702976727,310.4773571595065,309.4819322318512,308.5198660568504,307.60503283883537,306.7479661197229,305.95627635580973,305.234949193572,304.5868410419437,304.0129927654651,303.5130989289562,303.08577417408355,302.72893411653223,302.43998697835946,302.216094367329,302.054281777096,313.41350248804576,308.56643088135326,304.6608316571493,302.50501428268007
37.43743743743744,139.12580712831544,315.16341390702377,314.3478312688579,313.4434810772899,312.4803111737444,311.4858805618104,310.48465683568344,309.49765447685917,308.54232028847264,307.63262443794827,306.779276729877,305.9900506074559,305.270145710587,304.6225908947847,304.048630178852,303.5481068766855,303.119799959343,302.76173415488444,302.4714295941699,302.2461121794,302.0828625471789,313.3841835977452,308.58730655376814,304.695904853673,302.5363876869952
37.63763763763764,136.18763064001217,315.10543755816815,314.3047678806669,313.41476840372724,312.4648414663457,311.4821983468618,310.49112197776003,309.51256534856975,308.56401128368816,307.6595309046959,306.80998429052994,306.0233186250707,305.3049235227252,304.65801440111744,304.0840174255117,303.5829393746397,303.1537067004472,302.7944659630779,302.502837548317,302.2761203595769,302.1114444444798,313.354402731154,308.60744276104873,304.73064266981294,302.5677150031798
37.83783783783784,133.3531287899455,315.04759236633,314.2615053939296,313.3855108429851,312.4486947980751,311.477734195055,310.49677440737435,309.52667758053417,308.5849507077691,307.68575596350667,306.84009354443526,306.05607834616995,305.3392829754188,304.69310632126843,304.11915224897893,303.6175899109016,303.1874906839453,302.8271230113748,302.53420633736596,302.3061131033677,302.14002255739285,313.324207519275,308.62685044072384,304.7650419605476,302.5989911386893
38.03803803803804,130.62409549609,314.9899460225001,314.2180581334612,313.3557920385794,312.43189868465294,311.4725222856293,310.50163798305744,309.54000841960146,308.60515045558174,307.7113066275515,306.86960803087,306.0883300799967,305.3732223969656,304.7278630435978,304.15403011401077,303.65205293370235,303.2211460933129,302.85969908509605,302.5655298347623,302.3360842896981,302.16859101417043,313.2936434329646,308.64554230333243,304.79909971365464,302.63021006340796
38.23823823823824,128.00225792679464,314.93267712268556,314.1742654893022,313.3257997237454,312.41444706258574,311.4665994307526,310.5057352217156,309.5525750485639,308.6246217926733,307.73619040417555,306.8985310039211,306.12007494352764,305.40674002566493,304.7622818625571,304.18864651449593,303.68632374408895,303.2546672371944,302.8921886775735,302.596802139659,302.3660283177575,302.19714428251945,313.26275776581423,308.66353069420984,304.8328134180669,302.6613661309408
38.43843843843844,125.48927540768022,314.8756182839283,314.13065397883474,313.295225983092,312.3965297951737,311.4599507177609,310.50910405910065,309.56438944833553,308.6433788611408,307.7604136726713,306.9268674345024,306.151313023297,305.4398356963265,304.7963590255726,304.22299831207215,303.72039673033805,303.28804944671475,302.9245856402291,302.62801795516765,302.3959393134457,302.22567698807944,313.23159575175794,308.6808306951501,304.86618055752126,302.69245386872734
38.63863863863864,123.08673837147529,314.81900751872786,314.0868923136776,313.2644809066673,312.37795983124283,311.4527168542047,310.5117221652868,309.575486721483,308.6614283464855,307.78398653874905,306.95462028920036,306.18204694647926,305.472507331671,304.83009309967935,304.2570806087322,303.75426817319044,303.3212866772088,302.9568851185503,302.6591711730305,302.42581199895096,302.2541836204342,313.20021148490406,308.69744881224096,304.89919923195043,302.72346771763495
38.83883883883884,120.79616735145243,314.76281271008753,314.04328819845995,313.2332992099267,312.359049288619,311.4447443710682,310.51371669194265,309.58583573200224,308.67880437139956,307.80690861825536,306.98179810882306,306.2122762441834,305.5047559490382,304.86348031092,304.29089105225273,303.7879323973166,303.35437481052264,302.98908089612684,302.69025682815715,302.4556405021025,302.28265894452403,313.1686387556323,308.7134127044846,304.9318671907422,302.7544023962866
39.03903903903904,118.61901201910342,314.70720463691254,313.9996185500696,313.2020836625259,312.3394978139683,311.4363313223992,310.5149354301404,309.59555634620955,308.6954694386075,307.82921145472966,307.00839620505775,306.24200742082445,305.53657853678,304.8965206185124,304.3244243628917,303.8213866512406,303.3873074794361,303.02116876726313,302.72126862661935,302.4854198742391,302.3110974850049,313.1369471971751,308.728713774949,304.9641835180498,302.7852524465125
39.23923923923924,116.55665026666156,314.65212874290535,313.9562491573673,313.170476747068,312.319750569697,311.4271655747065,310.51565768577643,309.6045024923663,308.71153240228074,307.85085453107234,307.0344440563311,306.2712312581442,305.5679810424225,304.929208385506,304.3576800707616,303.85462442928394,303.42008173585106,303.05314198153053,302.75220229459507,302.51514404390804,302.33949423000246,313.1051541583489,308.74339823356536,304.9961450372236,302.81601285717744
39.43943943943944,114.61038733505237,314.5977517842877,313.9129524846357,313.13891700125055,312.29942941457534,311.417658981313,310.5156053468453,309.6129101973431,308.726868256377,307.8719282239898,307.0599041717483,306.2999721465459,305.5989527827211,304.9615478765764,304.3906513092777,303.88764450881854,303.4526905896213,303.0849972011477,302.78305121975177,302.5448084894975,302.36784372058696,313.0733419332124,308.7574432392607,305.0277537247879,302.84667824412105
39.63963963963964,112.7814549878243,314.5440615835547,313.86999487149916,313.1071420554344,312.2789289944076,311.40749636331435,310.51510692756085,309.6205616584463,308.7416606663099,307.8923321620661,307.0848487507047,306.32819597679554,305.62951409146376,304.9935270434961,304.4233412139708,303.9204392118153,303.4851320833103,303.11672748146214,302.81381153448854,302.57440714595293,302.39614111082057,313.04152477364204,308.77090203301753,305.05900350750824,302.8772438712069
39.83983983983984,111.07101073158194,314.4911374803218,313.8273703751577,313.0753127776873,312.2581321431806,311.3968914808508,310.5140055651713,309.62764257784306,308.75578932646863,307.91217648250074,307.10921674790313,306.3559478114463,305.6596416570911,305.025157773031,304.45574015144626,303.9530086030746,303.51739951624535,303.1483293399615,302.84447717370887,302.6039353786376,302.42438116076306,313.0097688514396,308.78376613997744,305.0898991992178,302.9077045138632
40.04004004004004,109.48013708341594,314.43912463427154,313.7849185698914,313.0437483050845,312.2368149395316,311.3860923341573,310.5121818279425,309.6342516845153,308.7692423959946,307.93146806999243,307.1330316267568,306.3832128147059,305.6893511188627,305.0564295310634,304.4878509369808,303.9853466952398,303.5494893477451,303.1797979521878,302.8750428633489,302.6333883061042,302.452558794397,312.97813975658727,308.7960351210403,305.1204382193705,302.9380554527566
40.24024024024024,108.00984088579247,314.38782511083645,313.7433954012337,313.01152038365484,312.2160897878884,311.3741117096548,310.51052832002796,309.63974559890823,308.7825000960672,307.94991932324416,307.156477473246,306.40989697021837,305.7186952449918,305.0873146844036,304.51968626498234,304.01744059662053,303.5814042004908,303.21112348390267,302.9055073700239,302.66275863224,302.4806698707842,312.94658847865367,308.8078341622987,305.15060675224333,302.9682927114883
40.44044044044044,106.66105266933613,314.337869879893,313.70127260701065,312.98095684452295,312.193381919726,311.363597017014,310.50672022796863,309.6460809254829,308.7941061388311,307.96858367232835,307.1788707160439,306.43643639420475,305.7474183801984,305.1179609363367,304.551159343924,304.04933665318026,303.61310951635,303.24232104003033,302.9358531570322,302.69204868720965,302.5087071228608,312.9154156536333,308.818872336131,305.18046234156884,302.9984079046966
40.64064064064064,105.43462606390989,314.28854075239013,313.6607760130283,312.94893456170496,312.17242042711837,311.35083458163484,310.50421945727544,309.65039223521745,308.8063240051011,307.98584135183575,307.2013292798993,306.46212306026547,305.7759568900721,305.1481129722569,304.58241517327133,304.0809465458262,303.64465256240624,303.2733542079282,302.9660954678631,302.72124237526907,302.5366694844868,312.8843012671753,308.82962126586574,305.20991092833845,303.02840281959067
40.84084084084084,104.33133725836407,314.24043622267106,313.6204458248258,312.9177198957125,312.1506505448617,311.33850765040626,310.50061226259237,309.65476457434534,308.81755493767366,308.00288275564543,307.2230559208794,306.4874794987333,305.80399743538976,305.1779547729971,304.6133473531912,304.1123271138353,303.67599437897917,303.3042403119065,302.99621617949197,302.7503424900874,302.56454976540414,312.85355202769546,308.83977409022725,305.2390212348293,303.0582686251738
41.04104104104104,103.35188450929695,314.19350543981085,313.5806385027048,312.886920343772,312.1286120001295,311.32616363842067,310.49634470895717,309.6589002741462,308.828030628282,308.01959747836236,307.2441118150975,306.5125029321428,305.83152646322384,305.2075107615231,304.6439309755224,304.14349413709857,303.7071186111207,303.33498293781213,303.0262064753321,302.77934635310424,302.592342772042,312.82316798496754,308.84939698096906,305.26779305390215,303.08799942988225
41.24124124124124,102.49688769913757,314.1476526768073,313.5418433701415,312.855915081282,312.1071755107722,311.3129165296559,310.49238165700217,309.6619314057547,308.83856445815985,308.03532337643657,307.2650491818317,306.536780879355,305.8588536550425,305.2365649710699,304.6743113545923,304.1743493225236,303.7380822070241,303.3655411930808,303.0560832104265,302.8082384195778,302.620047383225,312.7931006337318,308.858650015837,305.2961720365166,303.11759848266684
41.44144144144144,101.76688794383054,314.1031668594215,313.5034493850633,312.8257580841304,312.0851357914866,311.3001701094255,310.4873685040054,309.6651822751069,308.84801981843606,308.0510425148795,307.2851021370333,306.5609104925441,305.885549169196,305.2654221858593,304.7042813758874,304.2050252661083,303.7687961486035,303.395963733591,303.08581129906685,302.83703014091657,302.6476541621812,312.7635360459055,308.8673430498922,305.32423769791905,303.1470510968718
41.64164164164164,101.16234725037108,314.0598934980005,313.4661042697308,312.7955916367974,312.0636506113961,311.28672596226465,310.48258399404733,309.6674910045224,308.8574724558683,308.0658712691473,307.3050042529194,306.584338005164,305.91203089237496,305.29378757933466,304.73404353911604,304.2353845044233,303.799344380955,303.42619253460714,303.1154184896936,302.8657004221528,302.6751639898881,312.73439319563784,308.8756845953009,305.3519169040826,303.1763639634593
41.84184184184184,100.68364822440697,314.01803267376977,313.4294468603079,312.76608422592824,312.0419892170648,311.27347239724213,310.47718490100954,309.6697122940743,308.8661912868026,308.08046359219526,307.3242425117239,306.60747747485806,305.93799656545025,305.3218826050983,304.7634439596512,304.26552799599017,303.8296569060379,303.456265877239,303.1448757329337,302.8942580310203,302.7025684851842,312.70580507486255,308.8835589171611,305.3792657202097,303.205525006483
42.04204204204204,100.3310938280926,313.9775681521692,313.3937242165821,312.7369850774022,312.020557904134,311.2600376838663,310.47161439287055,309.67147374269916,308.8745505840939,308.09452885028264,307.343074612585,306.63014213826386,305.96359413584804,305.3496049777148,304.7925538395214,304.29540606220377,303.85976167894006,303.48616105352437,303.1741902627883,302.92269293113696,302.7298652938875,312.6777746068308,308.89104843650625,305.40626023071036,303.23453424405545
42.24224224224224,100.10490718834839,313.9384009025398,313.35887583495355,312.7084194174778,311.9992631831701,311.2465788937256,310.46575521964775,309.67292074975956,308.88244592767205,308.1081750423694,307.3614269733218,306.65239781725745,305.98878048617337,305.37698751172337,304.8213511320606,304.3250314123071,303.8896479701413,303.51588081968475,303.203356408416,302.951003738902,302.7570511263699,312.6503076463734,308.89814478255414,305.4329096719043,303.2633880127029
42.44244244244244,100.00523145564668,313.9006688805424,313.3250658670775,312.6803599761654,311.9783190857759,311.2330153711014,310.4598259054095,309.673949717128,308.89006006226657,308.1213071880627,307.3794285972769,306.67417350997925,306.0136325732202,305.4039835718283,304.84987341289263,304.3543750353012,303.91932861043756,303.5454067164429,303.23237366217035,302.9791783039073,302.78411896001165,312.62348583613255,308.9049142940288,305.4592076206443,303.2920812505939
42.64264264264264,100.03212971341372,313.8646073723919,313.2922846198662,312.6529496632697,311.9576248143077,311.2195229345963,310.4536953816813,309.6747331540432,308.8972662295937,308.1340650284803,307.39697946467953,306.6955652482332,306.0380830029759,305.43064960714264,304.87808052191684,304.3834649498641,303.9487816246249,303.57474953445717,303.26123071836,303.0072179814252,302.81106414763184,312.5973978808864,308.9113478516956,305.4851686660266,303.32060880129984
42.84284284284284,100.1855849381052,313.8302163780882,313.2605320933197,312.6261884787907,311.93718036876544,311.2061015842104,310.4473636484633,309.6752710605053,308.9040644296535,308.14644856362224,307.4140795755297,306.71657303201937,306.06213177544043,305.45698561766636,304.9059724591332,304.4123011559959,303.9780070127034,303.6039092737275,303.2899275769851,303.0351227714557,302.8378866892304,312.5720437806349,308.9174454555548,305.51079280805106,303.3489706648204
43.04304304304304,100.4655000099799,313.797500977566,313.229866532151,312.60007686021197,311.9170309934896,311.1927337002186,310.44087692329674,309.6755408565336,308.9104941786841,308.15843649300734,307.4307575376304,306.73718037659796,306.08579653012816,305.48298042236047,304.93355825415745,304.4408765767142,304.0070081769817,303.6328814877722,303.3184644651235,303.06288988636254,302.8645851520102,312.54744181272747,308.92322119783046,305.53607843199165,303.37716583365005
43.24324324324324,100.8716977745658,313.76654736793216,313.20044197353695,312.57473252443697,311.89730663079865,311.17949231813304,310.43433663936156,309.675587259629,308.9166292231378,308.17005283901676,307.44706003233074,306.75739678619493,306.1091013808833,305.5086339277538,304.96084569546866,304.469185097252,304.03578262266944,303.6616567530968,303.34683349095485,303.09050889765655,302.89114983290114,312.5237041629676,308.92873319869517,305.5610325775105,303.40518631945577
43.44344344344344,101.40392115477852,313.73736249946074,313.1722648591328,312.5501657536662,311.87801318770806,311.16638599295885,310.4277460822638,309.67541694168244,308.9224712326459,308.1813023009471,307.46298767945626,306.77722509983147,306.13204629988815,305.5339474852661,304.9878343688748,304.49722704130903,304.0643297170029,303.69023478302705,303.3750339339742,303.11797922870886,302.91758005421514,312.5008384585853,308.93398484739913,305.58565605903397,303.43303154338565
43.64364364364364,102.06183331362206,313.7099999405708,313.14534656094526,312.52639007806755,311.85915633498786,311.1534262066861,310.4211073701118,309.6750391595181,308.9280205903493,308.1921916127882,307.4785400180697,306.79666951591037,306.15463048274466,305.55892321104915,305.014523353889,304.5250030747977,304.0926485068043,303.7186153786673,303.4030648672938,303.14530025578887,302.9438750130388,312.47886382425156,308.93897975016745,305.6099499276782,303.46070080431866
43.84384384384384,102.84501786736834,313.68452375328854,313.11977082706477,312.5035035775613,311.8408125224345,311.1406946910086,310.41447256913517,309.674514075989,308.93331018046,308.20276125458565,307.49373538063463,306.81575343954455,306.17686155625313,305.5835713127926,305.0409129145347,304.55251439917674,304.12073466056324,303.746794434469,303.43091964913026,303.1724654930045,302.9700277254895,312.45786107427153,308.9437586921609,305.6339227244604,303.4881883925313
44.04404404404404,103.75297914908086,313.66091124889937,313.09554894142576,312.4815209823008,311.82299611602815,311.12820344843976,310.40785226572484,309.67384992637426,308.9383471890663,308.2130164439911,307.5085781386333,306.8344796828128,306.1987416628562,305.60789282011814,305.0670035958951,304.57976085128064,304.1485877079627,303.774771095066,303.45859727724024,303.1994737993191,302.9960370445244,312.4378361474188,308.94832879275793,305.65757572259264,303.5154933848225
44.24424424424424,104.78514252231562,313.63922013773396,313.07272933186164,312.46049357757585,311.80576236155156,311.11599842235466,310.40129112050903,309.6730793144676,308.9431628849238,308.22297790862484,307.52308782606184,306.8528596155193,306.2202809131765,305.63189216096157,305.0927986463034,304.6067421418354,304.1762064668972,303.8025422769641,303.48609419727813,303.2263209111201,303.02189869937496,312.41884076621557,308.9527198109174,305.68091469555924,303.54261251032693
44.44444444444444,105.94085474480067,313.6195131469371,313.0513492138945,312.44045609859023,311.789146373813,311.1041109315501,310.39481762641157,309.6722251437947,308.9477771078579,308.2326605229231,307.5372767287861,306.8709016140161,306.2414856022066,305.6555728231334,305.1183000157945,304.6334584080502,304.2035900788692,303.83010611718805,303.51340804859075,303.25300409469156,303.04760989745466,312.40091515295705,308.9569514259546,305.70394369264017,303.56954364735884
44.64464464464464,107.21938438186467,313.6018247325028,313.0314378289877,312.4214328558586,311.7731703658254,311.09256207921584,310.38844991697533,309.6713034399579,308.95220254280247,308.2420749467482,307.5511526800066,306.88861184526104,306.26235974622045,305.6789375456694,305.1435089548131,304.65991001550077,304.23073799610756,303.8574615497719,303.5405373167798,303.2795216416776,303.0731688550997,312.38408557247806,308.96103670529817,305.726665621493,303.5962854718873
44.84484484484484,108.61992226935143,313.5861912009788,313.0130536749313,312.40347928707195,311.75788546465907,311.08139931887496,310.38222966290635,309.6703503992407,308.95646874982344,308.25124538658974,307.5647341440734,306.90600437490673,306.2829129770784,305.70199264575126,305.168428659192,304.6860979019691,304.2576492079713,303.88460625406464,303.5674787121204,303.3058697636539,303.09857162233055,312.3684017893032,308.9650056685267,305.7490873117795,303.62283511202816
45.04504504504504,110.1415820257296,313.57263708137896,312.99622050464484,312.3866207919731,311.74331578313286,311.0706445896676,310.37617653272935,309.66938289947774,308.960589960444,308.26018327692606,307.5780301652469,306.923085928129,306.30315013038086,305.7247412259613,305.19306087113836,304.7120226393679,304.28432341781007,303.91153925603095,303.5942308199859,303.3320467823095,303.12381644476795,312.35388775015946,308.96887256696476,305.77121215899547,303.64919134418085
45.24524524524524,111.78340061307125,313.5611999859762,312.98097866232695,312.37089923129014,311.72950148373997,311.060334695123,310.37032344654983,309.6684293548277,308.9645900958248,308.2689079889698,307.5910560251871,306.9398679757779,306.32307943391436,305.74718864889275,305.21740861874974,304.73768531019715,304.31076021704234,303.93825901455847,303.62079134044325,303.3580499536538,303.14890044250063,312.34058281169126,308.97266138227184,305.79304599750634,303.6753521936397
45.44544544544544,113.54433894654551,313.55191193756986,312.9673644202236,312.3563522176254,311.7164793892067,311.05050395654695,310.36470121646227,309.6675166263372,308.968491844643,308.2774381313819,307.60382645206545,306.9563617436035,306.34270899219416,305.7693403468142,305.24147507310136,304.76308725007476,304.3369594878514,303.964764330115,303.6471583257079,303.3838768966574,303.1738210891446,312.3285223842345,308.976394854178,305.8145946811576,303.70131602589527
45.645645645645644,115.42328255204171,313.54480986153857,312.9554051037605,312.3430063040088,311.7042753436211,311.04117652775614,310.35933159394864,309.666663707115,308.97231128914876,308.28578691655565,307.61635193389554,306.97257524242076,306.36204461343794,305.79120023137716,305.2652625450221,304.78822946421303,304.3629212035792,303.99105440458203,303.6733304444573,303.40952596920715,303.1985766370297,312.317734628137,308.98008908813273,305.83586241929424,303.7270817317711
45.845845845845844,117.41904227150457,313.5399286029747,312.94514366324444,312.3309034355583,311.69292968373986,311.0323901894973,310.35424882240966,309.66590066408435,308.97607404729166,308.29397551139306,307.62864939508034,306.98852149306254,306.38109583994293,305.8127748238295,305.28877500422095,304.8131138270838,304.38864558125016,304.0171282071729,303.6993058006401,303.4349947643221,303.22316449863223,312.3082591150029,308.98376968805184,305.8568561976279,303.75264777040354
46.046046046046044,119.53035501553666,313.5372813681285,312.9366052110701,312.32007095633605,311.68246910433095,311.0241700004844,310.3494756895775,309.6652475909835,308.9797973131072,308.30201818831296,307.64073030327853,307.00420937003133,306.3998692229885,305.83406865120156,305.31201526152256,304.83774173688295,304.41413289782247,304.04298516841095,303.72508323509976,303.4602817721519,303.24758303640647,312.30011932807,308.9874538170519,305.8775808485254,303.7780132219783
46.246246246246244,121.75588456279024,313.53690542066,312.9298218358751,312.3105426580627,311.6729269953204,311.01654745922605,310.3450409254716,309.6647299024127,308.9835029075472,308.30993312584644,307.65260932176375,307.01965027254613,306.4183732261771,305.8550876114303,305.3349870336159,304.8621151107597,304.4393836386852,304.06862469016454,303.75066139230967,303.4853851841065,303.27183027308706,312.29334887382885,308.9911632366083,305.89804265090584,303.80317703567056
46.446446446446444,124.0942224056441,313.5388295704436,312.92482735110224,312.3023537472458,311.66433843068614,311.00955596847956,310.340975194495,309.6643748751333,308.98721438297633,308.31774006214,307.66430247609156,307.03485675309014,306.4366172586691,305.8758383513087,305.3576946078889,304.8862362812996,304.46439857494425,304.09404635669557,303.7760390223666,303.51030324643784,303.29590426066306,312.2879810135915,308.99492139816726,305.9182486504513,303.82813829222147
46.646646646646644,126.54388864162888,313.5431042045059,312.92166039644235,312.295520386461,311.6567283631376,311.0032164031474,310.3372981935257,309.66420003784395,308.9909469192006,308.32545175685306,307.6758201592029,307.0498369825414,306.45460747379593,305.89632524624653,305.3801408375175,304.9101068377667,304.4891782841844,304.1192499749712,303.8012153891344,303.53503489342444,303.3198038042204,312.28404595073886,308.99874341332526,305.93820347557363,303.85289646918693
46.846846846846844,129.10333291003735,313.5495573568322,312.92065019100505,312.28987808264515,311.6502007179044,310.997550149156,310.33404183797967,309.66423285198715,308.9947244192895,308.3330883985062,307.6871788838422,307.06460400835874,306.4723537584053,305.91655538745283,305.40233041213725,304.93372946980344,304.51372385064906,304.144235402743,303.82618948279355,303.5595785854448,303.3435271519543,312.28156729950854,309.00265327832096,305.95791460723154,303.8774508947169
47.047047047047045,131.77093537312678,313.55860049570146,312.9210525584798,312.28599089769176,311.6445932366516,310.99262140001304,310.3312289756294,309.6644971935607,308.99856760028837,308.3406675115426,307.6983930733805,307.0791692972794,306.48986486927606,305.9365351223413,305.4242676005915,304.9571067085977,304.5380364056152,304.16900269774266,303.8509605981421,303.5839331477392,303.3670729361167,312.2805717177075,309.0066708708803,305.9773887196172,303.9018011570712
47.247247247247245,134.54500774129235,313.57023442163285,312.922949340234,312.28382107655057,311.6399722136228,310.9884468631414,310.3288869562788,309.66501642666844,309.00249701060903,308.3482065913962,307.7094771771412,307.0935443957941,306.50714967867765,305.95627093658675,305.44595682213827,304.98024124023334,304.5621172345415,304.19355206790317,303.8755281744036,303.60809754341125,303.3904399201114,312.28108478303636,309.01081683241875,305.99663261468606,303.9259469880742
47.447447447447445,137.42379434156322,313.58382332695,312.9277033607708,312.28235943587794,311.63683747398676,310.98489253331735,310.327096430958,309.6657951349284,309.0065382465397,308.3557220633478,307.72044586924073,307.10774094404263,306.52421719594037,305.9757694695099,305.4674026562542,305.0031359111389,304.5859677789434,304.2178838705007,303.8998917924386,303.6320708694671,303.41362699407796,312.2831232261806,309.015119549003,306.0156532353773,303.94988826108556
47.647647647647645,140.40547322874346,313.6000542727038,312.9338413081999,312.2830395933958,311.63433245252327,310.9824203708229,310.3256977247322,309.6669234018262,309.01069239146887,308.3632355586634,307.73131307851423,307.1217707592972,306.54107655964947,305.99503750746476,305.4886098389117,305.02579372524593,304.60958963465436,304.241998611245,303.9240511743876,303.65585235680345,303.4366331750392,312.28673759952915,309.01957243104096,306.0344576781138,303.97362499042595
47.847847847847845,143.48815733849747,313.6185857219239,312.94231289485367,312.284746844555,311.63346655507405,310.98040244088594,310.32506990130133,309.66826115094517,309.0150448597082,308.37074146100235,307.7421008011259,307.13564354509964,306.5577375822635,306.0140818607692,305.509583279662,305.04821783881397,304.63298455073885,304.26589694369835,303.9480061836549,303.6794413705367,303.45945760738135,312.29190289145856,309.02424363481657,306.0530528213217,303.99715733120206
48.048048048048045,146.6698956816471,313.6397285095159,312.952340606888,312.2885663564937,311.6332170826085,310.9796987117836,310.32468285834034,309.67014522111845,309.0194618334068,308.3783226233954,307.75279962741246,307.1493788465379,306.57420759445046,306.03291005886405,305.5303279326144,305.07041157582603,304.65615442663716,304.28957966863845,303.9717568246871,303.7028374100265,303.4820995630084,312.29871025345795,309.0290824327347,306.07144720165854,304.0204855785995
48.248248248248245,149.9486745789263,313.66316298975494,312.96483494037574,312.2933199037879,311.63484583424315,310.9792689205214,310.32534862043616,309.67209147251447,309.0242485106149,308.38585434675383,307.76348741519803,307.16296337464365,306.5905052824295,306.05152625449995,305.55084990590524,305.092378143818,304.6791013763571,304.3130477190973,303.99530324523107,303.72604010842696,303.50455844152856,312.30708651773665,309.03420607310346,306.08964459225933,304.04361017812823
48.448448448448445,153.32241893541186,313.68926562182867,312.9788137270763,312.30041810681627,311.6368881596071,310.98048446951935,310.3260266922652,309.67486691047566,309.02895868813346,308.39361572751915,307.7740464254469,307.17646962575606,306.6066154008447,306.0699469674737,305.57115148092765,305.1141220521436,304.7018273646506,304.33630224082253,304.01864572017365,303.74904923514003,303.52683376999533,312.31717401696955,309.0395028887681,306.10766110542914,304.0665316661565
48.648648648648646,156.7889935538228,313.71762691252127,312.9954460100921,312.3082518715223,311.64116638456164,310.98167165911207,310.3281539967647,309.67743792353366,309.03432427110425,308.4011871452259,307.78473575348517,307.1897847005161,306.62260630514334,306.08815435514157,305.5912481794125,305.1356433623635,304.72433599331896,304.3593440750121,304.0417847895901,303.77186466123686,303.54892520928655,312.32883256756185,309.0451678180228,306.12548738051544,304.0892509456889
48.848848848848846,160.34620448585758,313.7487380703802,313.01340128688275,312.3187772013879,311.64551135565256,310.98498869819537,310.32990191684127,309.6812773298513,309.0393268671227,308.4092664767927,307.79515929406955,307.20314934929536,306.6383704381728,306.10621160298655,305.6111212873493,305.15695576896906,304.74662612291235,304.3821758355513,304.0647206343625,303.79448652916557,303.5708325203357,312.3422833224998,309.05098637693555,306.1431616893546,304.1117683284655
49.049049049049046,163.99180042071518,313.7820351134205,313.03428837296934,312.3296850439993,311.65263307348926,310.9877676819632,310.3337045749577,309.68443814531076,309.04546109439434,308.4168492177777,307.80598755464507,307.2161845556256,306.65413495400804,306.12401393653994,305.63083084634195,305.1780388162678,304.7687107122637,304.4047949733336,304.08745545638135,303.81691450191056,303.5925557317022,312.35728185716835,309.05728811741716,306.16064062175667,304.13408627511825
49.249249249249246,167.72347410991867,313.81819997922946,313.0562091607293,312.34381437928295,311.65923694193435,310.99342185758746,310.33645996107725,309.6895744404435,309.05069578420415,308.425435279458,307.8162352447785,307.22953268856736,306.6695382375577,306.14177439113183,305.6502764923965,305.19894818913974,304.7905691427275,304.42721309093986,304.1099861579363,303.8391502991319,303.6140945323388,312.3741764637527,309.0636801419923,306.1780139997586,304.1562026446149
49.449449449449446,171.53886382754186,313.85653604515977,313.08115356987406,312.35823363507683,311.6688482060477,310.9983313736187,310.34160642315635,309.69376170193556,309.05740252945844,308.43328946855985,307.8271377058991,307.2424084817182,306.68507974569695,306.15921850414514,305.6696174543753,305.2196099246354,304.81224195500596,304.4494149716408,304.1323209316119,303.86119157163773,303.635449804115,312.39262056595544,309.07063956580186,306.1951868221142,304.1781238468023
49.649649649649646,175.43555486491383,313.8976471976838,313.10741519278304,312.3755376420414,311.67837929425275,311.00579572050896,310.34602618173494,309.6997899830552,309.0633249294778,308.4421778304234,307.8374456666306,307.25568449886913,306.7002170211373,306.1766896081438,305.68866740569956,305.24013291704665,304.8336785581425,304.4714285947782,304.1544490062994,303.88304379876837,303.65662050786887,312.412955009454,309.07775291826437,306.21227829017926,304.19984409317146
49.849849849849846,179.4110810588553,313.940986063439,313.13656250870844,312.39337786837666,311.6907247744002,311.0127548943477,310.3527393119306,309.70497695795126,309.0707537438326,308.45032277731565,307.84850882424536,307.26843443738954,306.71558466216356,306.1938022577364,305.70766767602987,305.26038852136185,304.85495371578565,304.4932196006649,304.1763890801922,303.90470013342656,303.67760916135353,312.4348812218544,309.0854603230551,306.2291755109362,304.2213743382846
50.050050050050054,183.46292635248045,313.98703232755696,313.16722556380773,312.41385504019695,311.70335031610347,311.0219759839937,310.35906873796165,309.7117940732112,309.07762212016866,308.4594088394113,307.85908138271094,307.2815723154424,306.73058087339734,306.21095922650306,305.72638269155556,305.2805225058086,304.8759924630547,304.51483147571554,304.19812202002413,303.92617058204513,303.69841368981514,312.45868784633177,309.0933950306927,306.2460035225414,304.24270604613093
50.250250250250254,187.58852638757423,314.03545705030444,313.20033719559467,312.4355723826809,311.71800083140556,311.03160327986626,310.3668889126815,309.71855605659385,309.0854151498255,308.46826179132097,307.8700920978329,307.29444414143956,306.7456775707328,306.2278642971006,305.7450102078383,305.30042508808623,304.8968636672644,304.53623103012507,304.21966752981723,303.9474477454373,303.71903718028153,312.48419414797036,309.10184280165095,306.2626842610395,304.2638494305851
50.450450450450454,191.7852701275417,314.08642622795804,313.2353898233139,312.45931803485956,311.7337325609504,311.04270251616606,310.37517078835026,309.72625563742497,309.0933005056007,308.47759825756305,307.88100817262455,307.3074685068784,306.76059779643634,306.244719498709,305.76343210960584,305.3201778084258,304.91752594637404,304.5574458787825,304.24101399985204,303.9685389593858,303.7394785812449,312.5115138326496,309.11066667231273,306.27927914401107,304.28480067312785
50.650650650650654,196.05050150989683,314.139839993497,313.2726612716128,312.48467868559584,311.75108374352726,311.05471566388616,310.38451473759636,309.73436562216574,309.1017798707466,308.4870306230619,307.892166410511,307.3204146208645,306.7755288704793,306.2614117138392,305.78173619184827,305.33973480330155,304.93801430481983,304.5784607700172,304.262173164642,303.9894407242967,303.75974030893525,312.5405958716238,309.1199714528163,306.29576524006654,304.3055658545422
50.850850850850854,200.38152112724867,314.1957506080107,313.31201948725766,312.51187178311255,311.7698051830227,311.0679464662367,310.39464249795935,309.74318131583004,309.11061903566025,308.4967847163059,307.903409122597,307.3334246337377,306.7903838803854,306.2780162731288,305.7998829648194,305.35913013397186,304.9583140269585,304.5992888983436,304.2831407836242,304.0101571986028,303.7798224099341,312.5714787055281,309.1297273376705,306.31216757720864,304.3261446634927
51.051051051051054,204.77558793572024,314.2541098757634,313.35353260981344,312.5408276179507,311.7899907942921,311.0823262419663,310.40565660169915,309.7526399184345,309.1199070585585,308.50681578209026,307.9147994807244,307.34647362791867,306.80520082889336,306.29452265806384,305.8178922738039,305.37836085892883,304.9784342377161,304.6199301539392,304.3039205864721,304.03068904164064,303.79972630234414,312.6041574279572,309.13996376830136,306.32849004952175,304.34654006442247
51.251251251251254,209.22992098971798,314.3149565342956,313.3970906752075,312.57163327315124,311.81161056559426,311.09789677604283,310.41755001487445,309.7627806963551,309.12964157361785,308.5171553998525,307.9263393632076,307.35958316951513,306.8199839272384,306.31094384893146,305.8357684943685,305.39743400945883,304.99837820315685,304.64038801159836,304.32451455782035,304.05103795397713,303.81945326104943,312.63863756485824,309.15069340958155,306.34474268990243,304.36675439752037
51.451451451451454,213.74170120195438,314.37821107662677,313.44282935374946,312.60417461066874,311.8347492717763,311.11462094394057,310.4303822217524,309.773581305967,309.1398722624187,308.5277912342648,307.93806420591693,307.3727493488227,306.8347549409429,306.327280861867,305.8535234477574,305.4163521435936,305.01815173934943,304.660664700235,304.344925401753,304.0712054628245,303.8390047328435,312.67491705135234,309.161938246064,306.36093214859676,304.38679040740107
51.651651651651655,218.308073127611,314.4438923670013,313.49066185046667,312.6385464937727,311.85934146141443,311.1325682070785,310.44412449520456,309.78509414877345,309.1505845163162,308.538763484561,307.9499676239249,307.38599961352986,306.84951311225984,306.34355012048906,305.8711590735021,305.4351240369621,305.03775721644024,304.6807645115936,304.3651549569552,304.09119366187485,303.8583821559886,312.71300207594675,309.173706853756,306.3770691913486,304.4066505005705
51.851851851851855,222.92614677151047,314.51196856175915,313.540628735898,312.674679947464,311.88547366449427,311.1516820186666,310.4588472530919,309.7972901826958,309.16182998119973,308.5500576191869,307.96208673206894,307.399327585216,306.8642827679252,306.3597502241026,305.8886895444451,305.4537506460686,305.05720201837636,304.7006889657393,304.3852067739151,304.1110039880292,303.87758731859986,312.7528865856564,309.18602235364864,306.3931601535515,304.42633781293193
52.052052052052055,227.5929994171555,314.58243940671116,313.59267102846957,312.7126527047631,311.91306649444437,311.1720582523573,310.4744907718703,309.81024532543825,309.1735749237388,308.5617273432657,307.97440376046177,307.4127697618164,306.8790554997524,306.37590385647405,305.9061121084939,305.4722445268244,305.0764861739013,304.72044429977825,304.4050818601932,304.1306393508052,303.8966217069761,312.7945775773491,309.19888842495493,306.40921715067225,304.4458546783308
52.252252252252255,232.30567747647692,314.6552796241971,313.64679914181994,312.75242958167695,311.9421743933528,311.1936545543661,310.4911201509576,309.82392835795446,309.18587236363055,308.5737561385072,307.9869565546609,307.42631862576457,306.893856810186,306.39200824717045,305.9234425808521,305.49060536899106,305.0956185164954,304.7400312818547,304.4247846905314,304.1501010152433,303.91548747483154,312.8380674590826,309.2123267131421,306.42524632659286,304.46520459579125
52.452452452452455,237.06119835911937,314.7304311042232,313.703094256847,312.79389856112033,311.97291081059024,311.2163865142718,310.5088253648647,309.8382921372415,309.1987853152479,308.58611930158366,307.999789040188,307.4399620331118,306.9087149974665,306.40805932988405,305.9406970433663,305.50883340128433,305.1146072284838,304.7594515628972,304.44431922073187,304.16939076765533,303.93418674743106,312.8833442494105,309.2263622318252,306.44125336102263,304.48439110543984
52.652652652652655,241.85655236008301,314.80798438138106,313.76124147382893,312.83747234994956,312.00482650050265,311.24070450883255,310.5272217540585,309.8536888503561,309.2120479686633,308.5990575056682,308.0127331406779,307.45385357863296,306.92353167535424,306.4241468911564,305.95782446526323,305.5269752273867,305.13342994721626,304.77872625334186,304.463678057281,304.18851646423826,303.9527199015463,312.9304458428989,309.2409498438848,306.4572663675587,304.50341412472477
52.852852852852855,246.6887045645243,314.88766537541613,313.8219143712007,312.8821669090692,312.03904961408847,311.2654746648737,310.5473894827144,309.869187829225,309.22647441773285,308.61192459645747,308.0263334830261,307.46758453633026,306.9386423734505,306.44003406281706,305.9750127988217,305.5449082958235,305.15217999049275,304.7978010056776,304.4829002204778,304.20746130353444,303.97109528971686,312.9792541869296,309.2562619618311,306.4732364134486,304.5222875619799
53.053053053053056,251.55459676851376,314.96991380120994,313.8837960096413,312.929889568544,312.0733283936645,311.29305631203454,310.56708230502664,309.8868398467441,309.2403179642094,308.62620356617083,308.03940691822623,307.48211778657844,306.95331637434924,306.4562938391119,305.9918505723197,305.56294108795555,305.17065123072877,304.81682109522035,304.5019003180655,304.22627621300575,303.9892997094422,313.02999681701885,309.2719701200755,306.48930393206297,304.5409897132925
53.253253253253256,256.45114941453136,315.0540564679096,313.9486929362488,312.97792431990024,312.1109093471257,311.32001887542697,310.58965828513027,309.9035913706376,309.2562704662087,308.6396486075441,308.0538171731508,307.4959829827642,306.968724024042,306.472046650324,306.0090093735501,305.58059663632565,305.1891891999654,304.83556043112856,304.52082736479707,304.24488388652867,304.0073613861366,313.08232038932226,309.2885971805343,306.50527193340116,304.55956445371123
53.453453453453456,261.3752635404769,315.14070379409696,314.0147710828587,313.02899990564305,312.14847329434366,311.34993555554433,310.61160013117006,309.92273035803674,309.2714425077762,308.6547478654479,308.06752759556986,307.51084446808244,306.9835719719239,306.4883063180197,306.02573982946774,305.5984365793611,305.20740388407484,304.85429308504354,304.5395121948328,304.26338276017924,304.02525185935013,313.1365767264973,309.3056096916001,306.521379833371,304.5779687566961
53.653653653653656,266.32382274096153,315.22930219259996,314.08350936233217,313.0808291615605,312.18882512438785,311.37974972588324,310.63599226614775,309.9413643598265,309.28845632246913,308.66925735321416,308.0824389228121,307.5251747398402,306.99909377182735,306.50413073861466,306.0427715889807,305.61593255063525,305.22568472961956,304.8727581384569,304.5581295626741,304.28168018079253,304.04300486409596,313.1924431133527,309.32350184489394,306.53742067797964,304.59625149512783
53.853853853853856,271.29369513963843,315.32021857307296,314.1537431162713,313.1351590813139,312.229781987909,311.4118715143117,310.6603980451764,309.96183804519194,309.30520176348375,308.6850420201329,308.0969977928646,307.5402698412411,307.0142704724862,306.5203335131063,306.059497192436,305.6335493117833,305.24370533121703,304.8911904993392,304.5765332028745,304.2998633233168,304.0605956524476,313.2501548545758,309.3418955333699,306.55358406621065,304.614377601839
54.054054054054056,276.28173537132557,315.4131570291038,314.22620709221496,313.1908178100784,312.2727912337889,311.44469563768985,310.6864697435918,309.98258024042445,309.3231361594217,308.7008435837085,308.11229369835326,307.5552519809281,307.029825903483,306.53636338166035,306.07635332776897,305.65097258919224,305.2617037773024,304.90943236440677,304.5948325865481,304.3178758435608,304.07804648874423,313.30953376057516,309.36106468509996,306.56975343660656,304.6323782121125
54.254254254254256,281.2847865726638,315.50820529048974,314.3005278527556,313.2483336158832,312.31717767000174,311.47896691553194,310.7134589240628,310.00432059215984,309.3416174507142,308.7172404237926,308.12786282468363,307.57051795100773,307.04546450165185,306.55246472250633,306.09317008715504,305.6683392075815,305.27959253689613,304.92755197966596,304.6129905958878,304.3357437409591,304.0953528960694,313.37064226893244,309.38090004308265,306.58599129398056,304.65024634989567
54.454454454454456,286.2996823800546,315.6053429674607,314.37663395432054,313.30777753076,312.3628169403725,311.51484202170013,310.7411851381391,310.02727830992217,309.36043079837367,308.73447286874125,308.14349298540645,307.58628700848067,307.06100797090363,306.56880995040734,306.10981706574813,305.6857682518653,305.29728860634646,304.9456201881872,304.63096530325834,304.3534972762128,304.1125088745815,313.4334826829228,309.4013720201166,306.602338049481,304.66797604971725
54.65465465465466,291.3232489336077,315.7044454862911,314.4547526410524,313.3687349721822,312.4102259723851,311.55171029229774,310.7703183605451,310.0507783970398,309.3802567779147,308.75191924399337,308.15977132422154,307.6020611275182,307.076902192809,306.5850439225179,306.1265977043487,305.70303268945264,305.31497632822203,304.96351106160154,304.64884948480324,304.37108848788864,304.1295346709877,313.4979738728417,309.42260882074294,306.61872752732927,304.68559200670063
54.85485485485486,296.35230688583476,315.8055057445265,314.5347709731062,313.4313310658809,312.45921568304516,311.5897856556836,310.80062983802685,310.07506840259026,309.40086852146896,308.7698131049464,308.17650430724416,307.61803091862856,307.0930013608344,306.60130504095673,306.14341368498833,305.72022285727144,305.33259698216193,304.98127640061017,304.66661512187045,304.3885394645682,304.14642725422794,313.5641218244485,309.44457683485535,306.6351947725359,304.70309104468777
55.05505505505506,301.38367341381525,315.908512620324,314.61658008771326,313.4956805122351,312.5096117631636,311.6292590539116,310.8319190583371,310.100360080975,309.42207862530046,308.788344607038,308.19354182765807,307.6343440937392,307.1091992354761,306.61769583794285,306.16019753788834,305.7374032080291,305.3501125467608,304.9989522667572,304.68424525590615,304.4058658046022,304.16318583457274,313.6319288074695,309.4672488398617,306.65176798261507,304.72047234171976
55.25525525525526,306.41416423356225,316.0134123756287,314.70018516897204,313.56171275611905,312.56147426556225,311.67004973240716,310.864273340311,310.1265751310622,309.4439772372564,308.8074483570362,308.21096120282823,307.65095267569615,307.12555411271734,306.63418497383896,306.1769889554405,305.7545556167047,305.3675475999815,305.0165300969404,304.7017532953923,304.42306603454256,304.1798155706592,313.70136685973785,309.4906470536988,306.6684472668795,304.7377425195032
55.45545545545546,311.4405956153124,316.1201568690065,314.78557337162505,313.6293844530275,312.6148260450497,311.7121179606786,310.8977345099731,310.15367956889025,309.4666105184081,308.8270984649475,308.2288034837855,307.66783932115897,307.14209784202967,306.65076235748234,306.19381026872003,305.77167526444936,305.38491652081007,305.0340086392622,304.71914770630804,304.44014154386844,304.1963206997005,313.7724117398775,309.5147853092009,306.68523701076805,304.7549070219898
55.65565565565566,316.4597863984664,316.22870421450614,314.8727094077607,313.69868391695417,312.66964733597297,311.7554709535897,310.932292761675,310.18168996179867,309.4899751511175,308.8473137488054,308.24706939346527,307.68502097690424,307.15883327605775,306.6674413702904,306.2106650744667,305.78877182921457,305.4022228637064,305.051394516142,304.7364317962377,304.45709680548407,304.21270454706456,313.84504316575675,309.53966820337234,306.70214650538674,304.77197010572695
55.85585585585586,321.4685600049018,316.3390106732589,314.96155834802323,313.7695970043528,312.7259183634053,311.8001144056085,310.967937990959,310.2106221941562,309.5140670232067,308.8681133327058,308.265758371092,307.7025156061352,307.17576179923856,306.68423667394023,306.2275556524902,305.8058561602276,305.4194692324344,305.0686951951728,304.7536083728773,304.4739367152852,304.22897039916427,313.9192397589298,309.56529978242395,306.71918517840635,304.7889359829868
56.05605605605606,326.4637464493868,316.45102751057925,315.0520966934739,313.84208588430494,312.7836501890217,311.8460150495468,311.0047010972701,310.24044842247787,309.5389241381977,308.88947543706865,308.2849068334102,307.7203076990133,307.1929135366576,306.70113843242905,306.244504360885,305.82292300910535,305.4366707343031,305.0859089772617,304.77068663000153,304.49066255611245,304.24512284809845,313.99497506538535,309.5916911856849,306.7363574076181,304.8058103491554
56.25625625625626,331.44218434582115,316.5647126531719,315.1442724916565,313.91616420464385,312.8427768019554,311.8932314801788,311.042509861378,310.27124669782364,309.56447820118467,308.91147905718,308.30445733431486,307.7384655284742,307.2102451141026,306.7181991218704,306.26148182742804,305.84000875726764,305.4538101006525,305.10305828900863,304.78765926670417,304.5072853732692,304.2611633235421,314.0722315263213,309.61883423037625,306.7536800698286,304.82259527063536
56.45645645645646,336.40072290803454,316.68000428408703,315.23809810256523,313.9917190761229,312.9034144218357,311.941595772103,311.0815434800281,310.30282973335085,309.59092560821244,308.9339472215549,308.32459037267625,307.75684155080626,307.22790282009373,306.7353083631511,306.2785945541972,305.85703949948703,305.47095653970206,305.1201009855243,304.8045637105658,304.5237900497518,304.2771021015056,314.1509663313428,309.64676728316454,306.77113735754705,304.8393026774099
56.65665665665666,341.33622394387703,316.7968822038747,315.3334414431988,314.0689024649914,312.96529428153565,311.99141456480595,311.121445061219,310.3355757010176,309.61789173683496,308.95725550447526,308.34496782123836,307.77575964211877,307.24561523515354,306.752715723302,306.2956467156089,305.8741878628663,305.4879851027359,305.13714070887244,304.82133636719874,304.54022103594906,304.29292959620693,314.2311869916813,309.675427164957,306.7887850358099,304.85592256219263
56.85685685685686,346.2455638413377,316.9152384725283,315.4304477342669,314.1473704024285,313.0288494577037,312.0421239366935,311.16284196101293,310.3688139575147,309.6460646624118,308.9807421779541,308.366229190728,307.7946481100279,307.2639082859913,306.76997882456345,306.3130267477269,305.8911471884258,305.5051503216945,305.15399502682504,304.83811286837266,304.556505296099,304.3086757151505,314.3128060007242,309.70493838992434,306.80654183134703,304.87248784562837
57.05705705705706,351.1256355454377,317.0351040554541,315.5288267476859,314.22752496198143,313.09346854583686,312.09444743907665,311.20489703362904,310.4034388413643,309.6745351778703,309.0053111000631,308.3875285272467,307.81430215584567,307.2820833831371,306.787723006401,306.33021647280657,305.90835808021154,305.5221123930096,305.1709314642542,304.85471469405553,304.5727557150651,304.3243080151671,314.395874350007,309.73514213603465,306.8245366196804,304.8889644563103
57.25725725725726,355.9733505246427,317.15638430209947,315.62866547992473,314.3091328921706,313.15941399993045,312.1480310173587,311.24799800981987,310.43902857868295,309.70374114347857,309.03053792719066,308.40928476376604,307.83434657782004,307.3004946191607,306.8056510230392,306.34748431200177,305.9256099258366,305.53905146513677,305.18782265413955,304.8712399220102,304.58892133493146,304.3398492077275,314.4803255382968,309.7661180845876,306.84271729157166,304.9053769167891
57.45745745745746,360.7856407255528,317.27897450103166,315.7300854402999,314.3918868132445,313.22705764825633,312.20238146329433,311.2926883457448,310.4749960148384,309.7342840602348,309.05584145310775,308.4320602522637,307.8542779973952,307.3196065000986,306.82337253291314,306.36517466301115,305.94263169991797,305.55619403143544,305.20450730852275,304.8878097454739,304.6049378745864,304.3553265070203,314.5660771732254,309.79797402523786,306.8610126786672,304.9217550934078
57.65765765765766,365.5594605146325,317.40294148276826,315.83267801849985,314.4763750809817,313.29553012884605,312.258531189434,311.3377738920462,310.5126173792434,309.7648563211247,309.0825193334933,308.4546277910357,307.87524606715994,307.33839727497315,306.84179780552194,306.38252375229627,305.9600687264507,305.573035587713,305.2213789459848,304.90415717051565,304.6209710832004,304.37068989443503,314.653211180106,309.8304789433887,306.87960672528044,304.9380465363698
57.85785785785786,370.29178860575075,317.52811759090383,315.9367411843353,314.5620038653086,313.36558166326114,312.31552266489956,311.3843241398065,310.55073375979674,309.7966490787935,309.1094007493892,308.47811656180926,307.89621623381265,307.35781357668213,306.8601092885256,306.40024336581973,305.9773430175351,305.5900495939726,305.2380874801075,304.9205364206258,304.63687769175465,304.3859933272553,314.7415933937417,309.863844857919,306.89834509647505,304.9543089027432
58.05805805805806,374.9796299723124,317.65447132422014,316.04215851531717,314.6488666043935,313.4370190087393,312.3735544023375,311.43209152703525,310.58959897877,309.8294057292388,309.1367383890886,308.5023019716269,307.9174012042438,307.3776839507949,306.87846434795034,306.41821766552,305.9945583094629,305.60716766137864,305.2546926880056,304.9369157526227,304.65268355515366,304.4012340517173,314.83121397100155,309.8980273191519,306.9172650955944,304.9705387417756
58.25825825825826,379.6200177427696,317.78202409302514,316.14865425519713,314.73731146244575,313.5093067474512,312.4332383783838,311.48035349899624,310.6299876128592,309.86231462333177,309.16535711978634,308.526384188571,307.93957501794137,307.3973029024808,306.8975137419583,306.43588780059736,306.0122027250532,305.6240011704951,305.2715065231574,304.9530817674854,304.66852440652286,304.4163720583093,314.9221069873006,309.9328794087089,306.9364964376062,304.98669718519403
58.45845845845846,384.21001507831573,317.9106051311064,316.25654268934795,314.8267164010012,313.58321670298335,312.49358763960345,311.5302099892016,310.67069207674797,309.89663222862845,309.193994327545,308.5516057602383,307.9615683070423,307.4177650463537,306.91628492471614,306.4541190337429,306.02955411794034,305.6411519270532,305.2880731492422,304.9693682235324,304.6842082417872,304.43147848883825,315.01413371280853,309.9686268764723,306.95585828595904,305.00285600609067
58.65865865865866,388.7467170315702,318.0402248813284,316.36554443631127,314.9174378068864,313.658201904479,312.55522753027964,311.5809215557119,310.7125021120647,309.93153076352456,309.2234866801302,308.57715602626115,307.98416101527164,307.4383604027369,306.93542923314214,306.47235278178846,306.04709811423913,305.65823373829465,305.30470145638975,304.98556391621787,304.6998690509822,304.44651376940305,315.1073273118569,310.0051194275385,306.9754803094357,305.0189763862575
58.85885885885886,393.2272523850809,318.1708113605665,316.4756532445382,315.00936444564627,313.7343500017794,312.61800378232255,311.63263707854105,310.75524133184877,309.96718905327043,309.25365573430327,308.6032158088915,308.0071908696934,307.4592502486741,306.9548133953316,306.49071775870215,306.06473698424156,305.6753372459446,305.3213310684333,305.00172062058516,304.71548342375695,304.461491725349,315.2016365669706,310.04238780137104,306.9953418513286,305.0350728168138
59.05905905905906,397.64878546847865,318.30230304162853,316.5868398420783,315.1024409727331,313.81165028257004,312.681883672616,311.68536226704526,310.79888669494875,310.00362446814677,309.2844848993092,308.62980729826984,308.0306462796356,307.48045663328236,306.9744299276951,306.50923292893174,306.0824667485161,305.69247702740154,305.33796113447903,305.01784828752204,304.73105351629715,304.47641793290273,315.2970235623252,310.080433125544,307.01544650361217,305.0511515797205
59.25925925925926,402.0085179531352,318.43461895486035,316.6990955215289,315.1966120184411,313.89007465035587,312.7468597536386,311.73907321699744,310.8434462997166,310.0408209961466,309.31599006158984,308.65692009187006,308.05454552912676,307.5019732871783,306.994295975791,306.5278951793605,306.1003015558429,305.7096524974301,305.35460216817154,305.0339485441551,304.74658625865345,304.49129621101616,315.39345217976495,310.1192501332641,307.03580230545987,305.06721713588524
59.45945945945946,406.30369062318687,318.5677530130079,316.81226804126425,315.2919037938617,313.9695955134912,312.81287890377996,311.7938078996154,310.88885635216616,310.0788375641364,309.3481105404018,308.68461758051916,308.0788364799322,307.52385824672643,307.0143707061315,306.54675165140935,306.1182129298738,305.7268976374012,305.3712379622429,305.05004196604125,304.76207727120715,304.50613422715946,315.4908798530811,310.1588459873678,307.0564060028147,305.0832778128104
59.65965965965966,410.5315851218061,318.7015839676618,316.92643222212297,315.38818910913926,314.0502031404115,312.87996223770864,311.8494776066866,310.9352061061191,310.11756611484236,309.38095454994914,308.7127972691842,308.10362364345576,307.54602455016766,307.034743151289,306.5657357909273,306.13626850267696,305.74416799810086,305.387912915713,305.06610607945134,304.77754797027836,304.5209309643514,315.58927413540886,310.19920032935624,307.0772791277033,305.099333185579
59.85985985985986,414.6895256716118,318.8361071683772,317.0414134982168,315.4855373355121,314.1318334334349,312.9480467858525,311.9061752015124,310.9823408552744,310.1571726416553,309.4143450155028,308.74163766150167,308.1287427628356,307.568633880231,307.0552776953487,306.58497780351263,306.15436848737534,305.76155596065126,305.40456526466426,305.0821939964112,304.79297446849284,304.53570075491314,315.6885876442787,310.24033427508937,307.0984001258606,305.11539808902654
60.06006006006006,418.7748807681335,318.9711944731477,317.15730975097136,315.58377911880046,314.2145038013936,313.01716991029747,311.96373382927095,311.03047687747295,310.19738545466646,309.4485694390817,308.77085102907114,308.1544774283104,307.59143007731547,307.0762168148637,306.6042747750522,306.17269705211316,305.7789208153502,305.42131445801044,305.0982295087827,304.8084105553759,304.5504316641645,315.78879141092216,310.28220332591263,307.119819229531,305.1314614003368
60.26026026026026,422.78506484525457,319.1068552592363,317.27390907446085,315.683018060109,314.29814221496764,313.08721846928614,312.0223644483356,311.07927007921677,310.2386111593052,309.48317607927925,308.80090108761914,308.18038034045446,307.6148422200475,307.09717883437554,306.62397518058236,306.1909662407199,305.7965102762663,305.4379770536143,305.1143529652174,304.82377979474273,304.5651558858076,315.889828615612,310.3248645707512,307.14146856323595,305.14755519512966
60.46046046046046,426.71753991158226,319.24296198303034,317.3913073494316,315.7830868404024,314.38273862984437,313.1583045707346,312.0817541132748,311.1291535572602,310.2802960046623,309.5187762609677,308.8311531585817,308.2070823486535,307.63827970711355,307.1187148580596,306.64359941277615,306.20959898080577,305.81398529319415,305.4548280609882,305.1303762968846,304.8392035086096,304.5798386025074,315.99167987468866,310.36822661894934,307.1634550614817,305.1636463524368
60.66066066066066,430.5698171567084,319.3794928234872,317.5093615718238,315.8840121069017,314.4682948894045,313.2302232192321,312.1422370344707,311.1796116185051,310.3230644146956,309.55465781203407,308.86235622146995,308.2338394828952,307.6624623238389,307.14016847281846,306.66374456013796,306.2280897901304,305.83177525733873,305.47154041315525,305.1465435161398,304.8545424986217,304.5945333667302,316.09427692216985,310.4123854202351,307.1856609259642,305.17978701039715
60.86086086086086,434.33945852634326,319.51638096569644,317.6280235673806,315.9857710214106,314.55470587438805,313.3031095148239,312.20353888752794,311.2309914460799,310.3664678218957,309.59132332909724,308.89397224029113,308.2612001764109,307.6868647919576,307.1620388556952,306.6839704088193,306.2468314715282,305.8495630322845,305.48837348545476,305.1626768055417,304.8699122660673,304.6092072896934,316.1975981887399,310.4572587449784,307.2081811408822,305.1959465758083
61.06106106106106,438.02407826532817,319.6535172585461,317.7473403328925,316.0882453627057,314.6419288247256,313.3770764297668,312.2653656314561,311.2836896526571,310.40999084419127,309.6293444892175,308.9253989390072,308.28976646407006,307.71091861211454,307.1848579556097,306.7038120330823,306.2662345952899,305.8670187953809,305.5055951925773,305.17859287737576,304.8854313165361,304.62382651476486,316.30162164172737,310.5027579113058,307.23111793203327,305.21209293932696
61.26126126126126,441.6213444275472,319.7909138816217,317.8671048062555,316.19146186796223,314.73010794139304,313.45156456903203,312.32864348761643,311.33635848829414,310.4552856925579,309.6668380391146,308.95862877987366,308.3175367434835,307.73655827612254,307.2068364035223,306.72488492977465,306.28490919131855,305.8853074941348,305.5222996851361,305.19495223978214,304.9007087960343,304.638530041462,316.4062306132529,310.54915089749136,307.2541451088443,305.22835965130986
61.46146146146146,445.12898035178443,319.92844932050116,317.9873730514577,316.2953626278741,314.8189810736106,313.5271332090455,312.3923616003218,311.39037660498735,310.5006223730409,309.7057567295523,308.9915822139197,308.346610535561,307.7617593318447,307.2298670084395,306.7454953672492,306.3043343356555,305.9032083077157,305.53945638957777,305.21106607848867,304.9161687588514,304.65318023989744,316.5114598564978,310.5961399043644,307.27761331575,305.2446159549062
61.66166166166166,448.5447661025921,320.0660906341557,318.1080266452467,316.3999354032797,314.90859254316445,313.6035111410344,312.45694477451144,311.44509353253824,310.546794731405,309.745180543685,309.0252345285169,308.3760053800295,307.7874730237941,307.25307457603145,306.7664352116488,306.32383548944074,305.921289440143,305.55662942559303,305.227256025255,304.93162522191295,304.6678465061242,316.6172312733762,310.6438496221313,307.3013647361889,305.2609293238056
61.86186186186186,451.8665398752581,320.20373593836524,318.22911943169333,316.5049720754532,314.9991154575176,313.68043384230646,312.52263699210664,311.50020970716514,310.5941063471046,309.7847675863506,309.05994582149197,308.4053443292475,307.81408658126475,307.27608514277665,306.7880667460044,306.3430931221009,305.9398362660324,305.5735970582278,305.24369396508285,304.946980832013,304.6825684409396,316.72347534906714,310.6923332908438,307.32533518427886,305.2773353124591
62.06206206206206,455.0921993639826,320.3413886524403,318.3503847848725,316.61080867742527,315.0899440123302,313.7586555283215,312.588418548108,311.55692684095294,310.6411392844113,309.8260791762113,309.09404267244724,308.4363474664052,307.83989693,307.3005360343064,306.80888487905173,306.363453903788,305.95771459121977,305.59127501421284,305.25972150772577,304.96264441691267,304.6972129841055,316.83023633107797,310.74132130442615,307.34982384271024,305.29371370283536
62.26226226226226,458.2197030923991,320.47887462545776,318.47211816953103,316.71676595578435,315.1820101951999,313.8368137322736,312.65599045112253,311.613132668722,310.690320684938,309.86640388550495,309.13041011546113,308.46605008645764,307.8678447521063,307.3236189923199,306.83149037861864,306.38261574613006,305.97688763445205,305.6081033059537,305.27648373088545,304.9779265247039,304.7120214178268,316.9373165356493,310.7912515611497,307.3743239911265,305.3102845227644
62.46246246246246,461.24707170559753,320.6162857516098,318.59377031037343,316.8236911051504,315.2739327692885,313.9167214924592,312.72297775660127,311.6716663664015,310.738341046982,309.90939295106153,309.1651502434754,308.498452603418,307.8939662997799,307.3491356919606,306.85237560989077,306.40370750644183,305.99470486164176,305.62621160944104,305.29243633700924,304.99377598018316,304.72667645800846,317.04488028577623,310.84150567290436,307.3995275422982,305.3267610492568
62.66266266266266,464.17238922283116,320.7533583903492,318.71591464095394,316.93041968992117,315.3673445223291,313.99609329753366,312.79221973507276,311.72907078913596,310.78915091093086,309.95066533431896,309.2029146065118,308.52877713668414,307.9230028757375,307.37254434642335,306.8757528307207,306.4229838363612,306.01436330158623,305.6430471699005,305.3094512205439,305.00905902368413,304.74157106226016,317.1526261082174,310.89280427519407,307.4246122051854,305.343498355595
62.86286286286286,466.99380425011475,320.8902567844984,318.83778233967723,317.0381683137666,315.460347620682,314.077392840806,312.86056439625474,311.7890720467782,310.83845568874676,309.99493283029557,309.2386893332302,308.5621651187478,307.94985297009083,307.398746362244,306.8970838026372,306.4445026216843,306.0324118347805,305.661387470331,305.32550711925893,305.0250168880229,304.75628783804996,317.2607895798861,310.94434285906107,307.4504701750808,305.3601222300887
63.06306306306306,469.7095311519472,321.0267384264134,318.9599768930357,317.14573763653857,315.55458798511773,314.1583479422274,312.9307849879368,311.84832655997985,310.8900382226542,310.0380192411068,309.27689276868443,308.5940799608304,307.9790206884703,307.42341897581645,306.9203873988441,306.46468125369745,306.05191724573206,305.67877867826917,305.3424076179835,305.04055647170065,304.7712065473246,317.3690777766666,310.9968123560724,307.4763176555318,305.376973312202
63.26326326326326,472.3178511814159,321.1628208205841,319.08207176697914,317.2537489942234,315.64906977008775,314.24020917655105,313.0012723275231,311.9087054246999,310.94174071787535,310.0822753084175,309.3150229033827,308.62708328208026,308.0079626403883,307.44900929225406,306.9433963211243,306.4855529265369,306.0711504357939,305.69661751826385,305.35913811962786,305.0563042098827,304.7861187484884,317.47758410568514,311.0498033363797,307.5026008924768,305.3938658064113
63.46346346346346,474.81711356796814,321.2984115697726,319.20409011701923,317.36199952467393,315.7439746564107,314.32265079281854,313.0723668339095,311.96975757454805,310.99404295148366,310.12715273807225,309.35364775219875,308.6605866737773,308.03726232588315,307.4749596649561,306.9666343085258,306.5066568719453,306.09051348052776,305.7145897292021,305.3759373493485,305.0721223832841,304.80107801842047,317.586225332139,311.1033935700424,307.5292199690175,305.41084819215655
63.66366366366366,477.2057365621623,321.43345212406757,319.3259846860501,317.47043235395984,315.83928325676715,314.4056208288032,313.14407495148276,312.0314318388465,311.0469726861495,310.17260037673145,309.3928092653458,308.69454105045867,308.0669672453213,307.5012267877644,306.9901462749307,306.52795937840386,306.1100424325105,305.7326741014038,305.3928284633253,305.0880039870999,304.8160925209043,317.69495464992957,311.1575778237112,307.5561681473758,305.4279283010488
63.86386386386386,479.48220843673533,321.56785690377376,319.44769994007464,317.57900849437306,315.93495640601765,314.48909843056066,313.21636783357377,312.093721576782,311.10050853250834,310.218622049241,309.4324914887234,308.72895674932306,308.09706564528693,307.52782382089725,307.01392415258687,306.54947342738063,306.1297328316213,305.750881303306,305.4098106834604,305.10395606929023,304.83116517622386,317.80372403495994,311.21234229616573,307.58344875909495,305.4451092127803
64.06406406406407,481.6450884433544,321.7017022430629,319.56894923868515,317.68782851255423,316.03090026448325,314.5730593550334,313.28921914796706,312.1566073814875,311.1546369574989,310.2652083391709,309.4726892991552,308.76383111533005,308.1275577599677,307.5547522118019,307.0379711710838,306.57120264685466,306.14958927109836,305.7692158901503,305.42688894749153,305.1199833605668,304.8463006683485,317.9124879227638,311.2676722250559,307.6110629810076,305.46239562753107
64.26426426426427,483.693007724447,321.83467400746747,319.6901934839215,317.796484918787,316.12720444707395,314.65744652668354,313.3626072676987,312.220068795113,311.20934589562677,310.31234835931264,309.51339892272983,308.79915972519876,308.1584450421962,307.5820116334383,307.06229158791325,306.5931491177214,306.16961708319917,305.787681268203,305.44406854206716,305.13608994415773,304.86150356617287,318.0212006767867,311.32355384809614,307.63901142129356,305.47979208076
64.46446446446447,485.62467017953304,321.9666666113545,319.81145057093335,317.9049011745041,316.2238293060239,314.7422314365281,313.4365067737749,312.28408681470046,311.26462170827267,310.3600326115912,309.5546147076235,308.8349395750241,308.18972701721145,307.6096030949648,307.0868879187722,306.6153160311547,306.1898202334289,305.8062815859253,305.4613538919783,305.1522801660584,304.8767781464011,318.1298158198688,311.3799725231926,307.6672947274254,305.4973028047584
64.66466466466467,487.4388532855087,322.0981413784678,319.93159852725796,318.0138537374792,316.32036496238237,314.82750706553156,313.5108483756098,312.3486595236128,311.3204424718106,310.4082564121707,309.5963259616081,308.8711720341282,308.22139832904287,307.63753182664914,307.11175834823564,306.63771015990767,306.21019935928405,305.8250234965334,305.478747437567,305.1685594869946,304.89212823431774,318.2382931342238,311.4369065489624,307.6959141395927,305.5149316029393
64.86486486486487,489.13440887036506,322.2285299428808,320.05171659219343,318.12223061889705,316.4174408613175,314.9129103716242,313.58574985775925,312.41371145339406,311.3768142447245,310.4569999581752,309.63853359902157,308.9078465750901,308.2534647821841,307.6657918468747,307.1369111259391,306.66032890204053,306.23076291246656,305.8439071365268,305.49625627130223,305.1849304062295,304.90755859509784,318.34656567738256,311.4943618226149,307.7248686464257,305.53268306432454
65.06506506506507,490.71026383985065,322.3580512097309,320.1710286605384,318.2308672011747,316.5142599428923,314.99891287934616,313.6609106724674,312.4793518942448,311.43366629158044,310.5062774268659,309.6812176214733,308.9449688550744,308.28591682694093,307.6943911605187,307.16234112804483,306.68318135305293,306.2515090275381,305.86294079392786,305.5138813333517,305.2013990854944,304.92307266249827,318.4546239787365,311.55228478132636,307.7541598647264,305.5505605805621
65.26526526526527,492.16542085661854,322.4864014214293,320.2901303100367,318.3388669348967,316.61161082628007,315.08482871657344,313.7367377897607,312.5453128287142,311.49110881945546,310.55601927487186,309.7243987466216,308.982519228094,308.31876408573555,307.7233203039737,307.1880587918455,306.7062623459257,306.2724478406325,305.88212284181293,305.5316307090269,305.2179671856021,304.93867532956085,318.56236764184325,311.6107154918847,307.78378495111485,305.56856878132703
65.46546546546547,493.4989589714273,322.6137947476093,320.4082407212227,318.44715146561236,316.70846919195475,315.1714658256872,313.8125850628486,312.6119734795161,311.5488966895047,310.606334812986,309.76800871191733,309.02052563501906,308.3519846348644,307.75259418370973,307.2140531314004,306.729585176753,306.2935734661941,305.90146438496214,305.54950295542756,305.23464209236823,304.9543694449805,318.66982439041726,311.66955975135454,307.81374855234935,305.5867104687865
65.66566566566567,494.71003420599766,322.73987197067385,320.5261226545498,318.5545553046285,316.8059826051833,315.2577243857793,313.8892661350963,312.6787231213485,311.60738740687003,310.6569959297263,309.8121579015915,309.05891989549565,308.3856126459543,307.7821887533913,307.2403434758373,306.7531373607372,306.3149014060127,305.920959138642,305.5675092416983,305.2514233316368,304.97016045888415,318.77685138416297,311.72890609892653,307.84404042628313,305.6049907153748
65.86586586586587,495.7978800871546,322.8649185628891,320.6427857230608,318.6623446037092,316.9026762263311,315.3449174683446,313.96563571432034,312.7463766767422,311.6659954454448,310.7083478610761,309.85662852176745,309.0978157902838,308.41957776886795,307.812145307421,307.26690221172345,306.77694289139737,306.3364173610069,305.94062415436997,305.58564353989794,305.26832081926784,304.9860501770202,318.88352851686693,311.78859684387015,307.8746767939387,305.62341121031255
66.06606606606607,496.76180813191843,322.9884818381375,320.7592708152526,318.7689163513152,317.0002582658659,315.43131757776746,314.04313277763214,312.8137615841433,311.7255330271189,310.7598257883412,309.9017575909241,309.1370021929402,308.45399788371697,307.842390789323,307.29377685302495,306.80097100041246,306.3581488077757,305.96044420128885,305.60392289190673,305.28533030704216,305.0020451429103,318.9896489696677,311.84880215363194,307.90562774388354,305.6419782701847
66.26626626626627,497.60120828323596,323.1109702391021,320.874234217529,318.87609352845317,317.0965466635968,315.51902594584436,314.11981970163123,312.8824166646957,311.7848068547846,310.81224265281594,309.94699253563397,309.17681451614703,308.4886628098542,307.8730500428007,307.320889247356,306.82527606808355,306.3800614179277,305.9804493435035,305.62233233091695,305.30246664505825,305.0181453168159,319.0953741189051,311.9092556819123,307.9369385368483,305.66069101084446
66.46646646646647,498.3155492960775,323.23177747291527,320.98916849382005,318.98156967868266,317.1941411463725,315.60531951982733,314.1981428734008,312.9502319796962,311.84543331713365,310.8643913999036,309.9931466348429,309.21670893363336,308.5239084641648,307.9039120361146,307.34837082747754,306.8497754389072,306.4022145479022,306.0006035981988,305.6409016720206,305.31971812137976,305.03435950444265,319.2003952623236,311.97026924099544,307.96853514005954,305.6795594887888
66.66666666666667,498.9043790736547,323.35151021123306,321.1021602458891,319.0880591891431,317.28973113460535,315.6935632397228,314.2748745805624,313.01996135820593,311.9051529613958,310.9179572915388,310.0389960041657,309.2575057595651,308.55919130751533,307.93531918932564,307.3760049658404,306.87460907308883,306.4245202592982,306.02097001456224,305.6595954709624,305.3371105095179,305.05068392012714,319.3050048041187,312.0313884391737,308.00052605906706,305.69857603489356
66.86686686686687,499.36732495354636,323.4693153309138,321.2154248094303,319.19212914023547,317.3873466401679,315.77942581032823,314.35411438653415,313.08791715839243,311.96698794315677,310.97055507296227,310.086282823655,309.29796668845364,308.595338953512,307.9667264025701,307.4041405762531,306.89955548126284,306.4471242350862,306.0414589005755,305.6784753538976,305.3546147905276,305.06713269701856,319.4087283462151,312.0931714769401,308.0327456204103,305.7177611954211
67.06706706706707,499.7040939435518,323.5859677356345,321.32655937433225,319.2972796216343,317.4826518747114,315.86746222361035,314.4313679176696,313.15810522701497,312.0275188065696,311.0248784089801,310.1329548123509,309.33955378737187,308.6313345840101,307.9988072216622,307.4323378544657,306.92489871640345,306.4698472737244,306.06218889587456,305.69747279596714,305.3722738290279,305.0836964346217,319.51198416598453,312.15496503451703,308.0653864327827,305.7370958458431
67.26726726726727,499.9144729071211,323.70073981744537,321.4374456264142,319.400538093558,317.5791908693066,315.9537677040919,314.51042769883014,313.2269992653878,312.0897418467043,311.0784626230231,310.18089471275323,309.38086465288393,308.6681614389387,308.03088493539,307.46104514757207,306.9503471357738,306.49288000067475,306.0830428538627,305.7166643039494,305.3900510886596,305.10039129377793,319.6143364221632,312.2173052293398,308.0982606621117,305.7566059081849
67.46746746746747,499.99832869824706,323.8141141611531,321.5465080713601,319.5041924515486,317.6740449740119,316.04145676551553,314.5881140519891,313.2975136621928,312.15106331546724,311.1334312445775,310.2284038514368,309.4231665363094,308.70489174615483,308.06360270009975,307.48982434240963,306.97619130990466,306.5160362651032,306.10414276713834,305.7359802346857,305.4079889182907,305.11720798614795,319.7160632847178,312.2797052251327,308.13153532697567,305.77627123427317
67.66766766766767,499.9556082457309,323.9257045101653,321.65491753127895,319.60637889077236,317.76944839531694,316.12801227799815,314.66691281101123,313.36727285209815,312.21355332982347,311.188024287867,310.27687086456376,309.4653858097928,308.7423060405692,308.09640306042104,307.51905682879305,307.0021762367103,306.53948499772366,306.12538379017565,305.75548815042896,305.4260548387201,305.1341603284411,319.81689232110637,312.3425268290727,308.16506559525726,305.7961144210979
67.86786786786787,499.7863385867705,324.03578649251983,321.76187799838226,319.7081906340127,317.86391406278574,316.2149603496694,314.7451773583161,313.4377564983253,312.27582626750063,311.24336779627413,310.3253480175921,309.5082310019401,308.77985890372923,308.1296681673038,307.54847134829714,307.0284856130158,306.563107382574,306.14684738126084,305.77514471312094,305.4442792243669,305.1512448845666,319.916945907474,312.4054951876016,308.19894300685723,305.8161247171779
68.06806806806807,499.4906268498491,324.1439654807769,321.86762635987554,319.8090851704064,317.95800577843,316.3015805812348,314.8235633022899,313.50827249649825,312.33845285012677,311.298931908408,310.37423749393554,309.5513648776991,308.8177894073172,308.1632151205885,307.5781922598178,307.0550335287575,306.5869625210598,306.1684992124514,305.7949759832642,305.4626535756419,305.16846934526467,320.0160526741447,312.4686916102517,308.23311903883604,305.8363121275364
68.26826826826827,499.06866018693495,324.2502414749365,321.97216261575886,319.90906249995356,318.0517235422497,316.3878729726943,314.9020706429327,313.5788208466171,312.4014330777018,311.35471662426863,310.4235392935941,309.59478743706984,308.8560975513332,308.1970439202752,307.608219563355,307.0818199839354,306.61105041318103,306.19033928374733,305.8149819608587,305.4811778925452,305.1858337105354,320.11421262111855,312.5321160970228,308.2675936911937,305.8566766521736
68.46846846846847,498.52070565503544,324.35459141210464,322.0753911640937,320.00816075764345,318.1449603786377,316.47391171557604,314.98058650220855,313.64947854815546,312.4646728220577,311.4107833098902,310.4731887425744,309.6385389839032,308.8947458918235,308.2311775553209,307.63853492632256,307.1088571441185,306.63536378964545,306.21237405868635,305.83516101206027,305.49985562538154,305.20333918585646,320.2114030856111,312.5957419849773,308.3023709002977,305.877218734326
68.66866866866867,497.8471100471801,324.4569851031234,322.1771680853183,320.10631600068325,318.2375721811505,316.5596803603536,315.0589844358625,313.7202485987813,312.5280749993864,311.4671405477731,310.52312255885334,309.6826277567161,308.93369997924344,308.2656231310277,307.6691239383566,307.13615194940365,306.65990010879864,306.2346108130337,305.85551663511455,305.51869387228396,305.22099167297824,320.30754434612584,312.65951422813134,308.3374453509495,305.8979426204418
68.86886886886887,497.0482996729404,324.5574209986986,322.27749377516574,320.20352234308547,318.3295605384771,316.6451728138952,315.13726735373376,313.79112551618704,312.5916424068142,311.5237842259636,310.5733428395128,309.7270511695019,308.9729611458937,308.3003792813122,307.6999873751378,307.1637038199173,306.68465982838933,306.2570493986721,305.8760491217063,305.53769269775364,305.2387913513341,320.40263409386444,312.7234324684423,308.3728165583526,305.9188484795711
69.06906906906907,496.12478008862365,324.6558294339384,322.3763384484809,320.2997110339062,318.4209044196864,316.7303223277224,315.2154298938557,313.86205456719614,312.6553761560123,311.58067522978035,310.6238523128285,309.77178541475524,309.0125321685358,308.3354341066133,307.7311280784315,307.19150862666726,306.70964611628716,306.27969005340367,305.89676185462497,305.55685439458307,305.25674128683005,320.49662113274684,312.7874776319346,308.4084776790006,305.9399387411458
69.26926926926927,495.07713577731386,324.7521736327508,322.47365641375086,320.3948211079832,318.51156034592674,316.8150738392463,315.2934424463005,313.9329939390682,312.71925732336996,311.6377850114648,310.6746398009111,309.81681366072735,309.05240762110924,308.37077969652984,307.7625447862765,307.2195643880651,306.73486048468504,306.3025342179581,305.9176578434864,305.5761819524087,305.2748448064088,320.58945706793156,312.8516237042229,308.4444220305416,305.9612158609894
69.46946946946947,493.90602977895946,324.8464326341275,322.56942910866053,320.48883876448315,318.60150932376484,316.8994162985506,315.3712889097098,314.00393644857076,312.78327411516347,311.69510920401814,310.7256976559703,309.86213353523226,309.0925833043168,308.40641513220623,307.79423578305625,307.24787121183914,306.76030277893545,306.32558263940143,305.9387377638798,305.5956763865789,305.29310288054813,320.6811252259173,312.9158612666864,308.48064779333015,305.9826804898687
69.66966966966967,492.6122032707452,324.9385503918408,322.6635941212748,320.5817082964774,318.6906899740409,316.9833021459654,315.4489185741678,314.07484793579107,312.84739016017426,311.7526255127579,310.777002610555,309.90773212536703,309.1330465716749,308.4423345676611,307.8261961032094,307.2764281682008,306.7859729480017,306.3488373841651,305.960004206608,305.61534109751994,305.31151896535397,320.7715689859198,312.98015695868924,308.51714750722266,306.00433492032977
69.86986986986987,491.19647509801035,325.02852472223896,322.756136146355,320.673411795333,318.77908583961715,317.0667151172149,315.52631813961943,314.14571593550266,312.91159609881817,311.810325476321,310.82854875296374,309.9536043686495,309.1737942300833,308.4785355485225,307.85842453519956,307.30523460467987,306.81187107946346,306.3722988870022,305.9814579688395,305.6351770210257,305.33009407102287,320.86077472415184,313.044500880645,308.55391865742695,306.02617980547075
70.07007007007007,489.6597412560129,325.11628515740614,322.84700151496565,320.763894977482,318.8666457823376,317.1496062091476,315.6034455299247,314.216502605422,312.97586175042284,311.8681832655554,310.8803167607045,309.99973471629727,309.2148156494324,308.51501043455596,307.8909168226651,307.33428838127577,306.83799711397154,306.39596835550975,306.00310130135375,305.6551869178589,305.3488311737152,320.94868672826783,313.1088619824059,308.59095320084526,306.0482169724818
70.27027027027027,488.0029743228663,325.2018080008261,322.93617027000727,320.85314006135553,318.9533528309503,317.23195978242467,315.6802865798213,314.28719578278174,313.04017675805113,311.9261905185448,310.9322999110162,310.0461180948574,309.25610706621586,308.55175669329134,307.9236713844884,307.36358874718235,306.8643509130505,306.41984613438063,306.02493486556733,305.6753716451646,305.36773119667527,321.03528618911275,313.173229910043,308.6282483972071,306.0704469509677
70.47047047047047,486.2272228440076,325.2850592437358,323.0235935881437,320.9410999147783,319.03916221906564,317.31373454734063,315.75680394543747,314.3577631587375,313.10451362717123,311.984324848987,310.9844802396462,310.0927408182979,309.29765833843635,308.5887674014459,307.9566838712573,307.39313354000217,306.89093197280994,306.443933001748,306.04696030102235,305.69573336686705,305.3867964893333,321.1205299026128,313.23757716399587,308.665796793888,306.0928710263561
70.67067067067067,484.33361066858726,325.36602181297826,323.1092448793856,321.02774458465035,319.12404474931304,317.39490328815833,315.83297308212434,314.42818319054714,313.16885405255806,312.04257110328854,311.0368456201138,310.1395934782977,309.33946249919813,308.62603767597653,307.98995117396544,307.42292108903206,306.91773976835077,306.46822928848053,306.06917853858783,305.7162733707945,305.40602847628486,321.2043918628971,313.3018854097264,308.70359318329395,306.1154898884997
70.87087087087087,482.3233362382008,325.4446516671863,323.19309311462507,321.1130422822585,319.20796922612834,317.47543679624374,315.9087675770021,314.4984326628288,313.2331782486354,312.1009128742401,311.0893828794115,310.1866658347144,309.3815119328092,308.66356215758384,308.0234698477587,307.4529495106286,306.9447736568854,306.49273528340086,306.0915905196627,305.73699298926704,305.4254286411217,321.28683861728837,313.36613484842354,308.741631856699,306.13830421806756
71.07107107107107,480.1976718284103,325.5209196242547,323.27510088894377,321.1969562045105,319.2908997535326,317.5553012332845,315.9841566065963,314.56848435157303,313.2974628492293,312.15933068172905,311.1420762536069,310.2339455556807,309.42379737178146,308.70133424802145,308.05723555338494,307.4832163265248,306.97203263762106,306.5174511054108,306.1141971488102,305.75789360416144,305.44499855596314,321.3678355409053,313.4303021485469,308.77990581107866,306.16131461039333
71.27127127127127,477.9579627435389,325.5948136047472,323.35524422394616,321.2794603258974,319.3728107179228,317.63447238762944,316.0591180440098,314.63831864734004,313.3616909703232,312.21781039983847,311.1949142710651,310.28142362910836,309.4663120105392,308.7393490678041,308.09124504695086,307.51371964240747,306.99951589087686,306.5423767508211,306.13699899703226,305.77897613731045,305.46473928501644,321.44736025202866,313.4943704665153,308.81840987936204,306.18452141221144
71.47147147147147,475.605626465246,325.6662991942297,323.43349190291406,321.36052079016076,319.45366827470417,317.7129180723302,316.1336223478957,314.70790926281495,313.4258398884009,312.27633293724296,311.247881359875,310.3290877604906,309.50904650958523,308.777599865749,308.1254937830439,307.5444567376626,307.02722215357403,306.56751206642207,306.15999669594004,305.80024170238454,305.4846521416353,321.52537964686775,313.5583171592459,308.8571369313063,306.2079249519912
71.67167167167167,473.1421517554219,325.73535244347164,323.50981399585663,321.4401058356404,319.53344036311927,317.79060747887814,316.20764103640244,314.7772307002144,313.4898874351316,312.33487956032144,311.3009621445589,310.3769257260113,309.5519915050081,308.8160797972313,308.1599770740923,307.57542471705864,307.0551499678786,306.59285669375936,306.1831906685987,305.8216912067308,305.5047382392964,321.6018640233932,313.6221201753258,308.8960797638803,306.23152535525276
71.87187187187187,470.56909771397045,325.8019223176216,323.58418179383597,321.5181941265576,319.61210403843137,317.8675191524639,316.28115411179687,314.8462650150086,313.55381796760224,312.39343701493067,311.3541457167126,310.42492882642597,309.5951403081756,308.8547839492707,308.19469153083395,307.60662145993103,307.0832982324195,306.6184103125841,306.20658115136285,305.8433252329417,305.52499830969674,321.6767842857821,313.6857639652102,308.9352332149275,306.25532264780094
72.07207207207207,467.88809279207624,325.86617639593527,323.6562675968504,321.59495308179584,319.68955700093926,317.94363355724687,316.35413098136326,314.9149857582903,313.6176082942505,312.45198555310384,311.40741575444196,310.47308398160396,309.6384828038926,308.8937048356992,308.22963193118306,307.6380436352596,307.111665140196,306.64417228747,306.23016834675855,305.86514450794067,305.5454333096537,321.7501175265535,313.74922526828993,308.9745894375277,306.2793167184037
72.27227227227228,465.10083376157934,325.92774805242703,323.7267416645251,321.66987198880526,319.76594457659667,318.01889060341483,316.4265490377528,314.98336941754263,313.681237866716,312.51050764323986,311.4607576831801,310.5213794459784,309.68200984747205,308.9328356299256,308.2647934534477,307.66968810230094,307.1402489101126,306.67014188635295,306.2539522763802,305.8871495282364,305.566043948126,321.82183937715376,313.81248432968624,309.01414129582497,306.3035073098416
72.47247247247248,462.2090846411114,325.9865821547686,323.79563716842154,321.7429091305709,319.84123211618027,318.0932685872645,316.49838231386,315.0513931068067,313.74468643346563,312.5689859068168,311.51415700287885,310.56980347716507,309.7257122451618,308.9721694190001,308.30017116474494,307.7015515939826,307.16904762674284,306.6963182400656,306.27793282553927,305.909340657389,305.5868308061804,321.89192583144114,313.8755209527656,309.05388158001085,306.3278940311834
72.67267267267268,459.2146755796723,326.04330458759836,323.8616196952918,321.81505109676397,319.91493840612685,318.16689137402176,316.5695567871313,315.1190505376251,313.80792933389324,312.62740391644724,311.56759901713394,310.61834424758683,309.7695806758128,309.0116991459999,308.33575998125434,307.7336306918989,307.1980592272012,306.7227003383725,306.30210974579995,305.9317181326194,305.6077943453496,321.96036103196053,313.9383079184462,309.0938029485106,306.35247635786857
72.87287287287288,456.1195016983532,326.0973293935582,323.92594580550514,321.8850715713983,319.98778829285544,318.2393685168901,316.6402009974438,315.1862638698692,313.8709625368472,312.68574085400286,311.62106966851223,310.66698977139,309.8136056987843,309.0514176157822,308.3715546717764,307.7659218288251,307.2272815028252,306.74928703076074,306.3264826553737,305.9542820648138,305.62893490752646,322.02710071604145,314.00084758533507,309.1338979173116,306.37725363226
73.07307307307308,452.92552189094016,326.14887108960545,323.98797761149774,321.9537516494655,320.0590299558068,318.311174212262,316.7100133533599,315.2531423994062,313.9337116638204,312.743999303413,311.6745478176543,310.7157299468677,309.8577772653119,309.09131760705276,308.4075498425996,307.79842129394217,307.2567121002627,306.77607702717506,306.3510510390933,305.9770324382426,305.65025271446194,322.09216090372746,314.06308290753077,309.17415919115484,306.40222506384714
73.27327327327328,449.63475758415655,326.1977528850884,324.04816119610086,322.0204076601101,320.12934050837015,318.38169027481376,316.77938538464923,315.31941917887565,313.9962805681331,312.80210839506225,311.72803874953235,310.7645463303886,309.9020874322652,309.13139127204755,308.44374005024423,307.83112521927734,307.2863485242647,306.8030688985024,306.37581424868677,305.9999691104638,305.6717478676062,322.1554705048967,314.1250464552505,309.2145780608446,306.4273897299048
73.47347347347348,446.24929145833005,326.2441603082521,324.1059437863862,322.0857679588852,320.19788730821944,318.45162524710724,316.8477265944003,315.3854517801711,314.0584287752013,312.8601642023561,311.78147602643566,310.81344803522904,309.94651851450897,309.1716337111184,308.4801188158922,307.8640298365086,307.3161880791291,306.83026109051826,306.4007715006373,306.0230918128038,305.6934203479114,322.21707692177006,314.1866494757129,309.2551497826515,306.4527465662
73.67367367367368,442.77126612929123,326.2878675300423,324.1619154916269,322.14894528695584,320.2656107143559,318.52005184703233,316.9157553609572,315.45068088476756,314.12048473777935,312.9179482485146,311.83494946718986,310.8623741523323,309.99108100897416,309.21202959644745,308.5166829050879,307.897130248851,307.3462281860307,306.85765185335924,306.42592189057274,306.046400148103,305.7152700160707,322.27687817400266,314.24796373984174,309.29585958233855,306.47829441882726
73.87387387387388,439.2028827923414,326.3291202168184,324.21535819169884,322.2109380144081,320.3313350590706,318.58806929638945,316.9824850039336,315.5158286286316,314.1819116458267,312.97577049607247,311.8882562707281,310.911411215293,310.03571745758796,309.25259208586556,308.5534178764732,307.930425380221,307.3764648202564,306.8852397017933,306.45126426850476,306.0698936224783,305.73729660659893,322.3349641556771,314.3088504090385,309.3367128030882,306.5040318039263
74.07407407407408,435.5463998291463,326.3676209140534,324.26708140902605,322.2705228066021,320.39643384261984,318.6542637117513,317.0491327932888,315.5798755795877,314.24342464802936,313.03311913576675,311.9416882632146,310.9603722119011,310.0805095263748,309.2932689317529,308.59033740155485,307.9639027638011,307.40689795174984,306.9130216229124,306.4767977828702,306.0935714963186,305.7594997576436,322.39118453681056,314.3694480839775,309.37767816707697,306.52995772229895
74.27427427427428,431.80413137843607,326.40371194992014,324.3160968750487,322.3291296848552,320.45918512907696,318.7203521871765,317.11408292234535,315.6441345461445,314.3039796909799,313.0907056147131,311.9947512036555,311.00953813780103,310.12528021472684,309.33414052655263,308.6273916432827,307.99757798949906,307.43751572880706,306.94099899320935,306.5025198183953,306.11743344437775,305.7818788621502,322.4456951652155,314.42953079556764,309.4187857023724,306.55606936938796
74.47447447447448,427.97844587141844,326.43698059844223,324.3635620177137,322.3849960445272,320.52165411716794,318.7841442727066,317.17935247561286,315.7068304116144,314.36495548809086,313.14747896076835,312.04814412800937,311.0584366154838,310.1702966365925,309.37504233518905,308.6646568747521,308.0314056239389,307.46833365413653,306.9691614543432,306.5284321957659,306.14147738167713,305.8044335926021,322.49826741011157,314.48935229281915,309.45996761719124,306.5823676557049
74.67467467467468,424.0717645328306,326.46780194161374,324.4083975857255,322.439722144878,320.58187322409293,318.8476791648817,317.2429511290203,315.76967718910026,314.42491717354045,313.2045019849855,312.1010825635793,311.10757018377404,310.21522520168975,309.4161569176502,308.70202087859417,308.0654360703093,307.49932120236525,306.99751911985095,306.55452795693543,306.16570439813995,305.8271626575563,322.5490948122384,314.5486260080452,309.5012818504035,306.6088470669696
74.87487487487488,420.0865598485787,326.4958976435923,324.4514011759003,322.4920628897742,320.64133973506307,318.90929945306675,317.30647083753195,315.83118865923257,314.4850913814364,313.26076764943224,312.15429322229005,311.15640375041653,310.26040338101046,309.4572574707195,308.7396068202641,308.0995917074269,307.5305133029897,307.02605024436934,306.5808144260471,306.19010953306037,305.85006624337075,322.5980001794793,314.6075623499847,309.5426526259675,306.63551074996747
75.07507507507508,416.0253540009347,326.52160916452584,324.4915948557632,322.54349349214345,320.69820125418994,318.9709833889541,317.3679118384015,315.8931654469479,314.54389686985076,313.31752166640194,312.2068009193812,311.20561587606636,310.3053506941152,309.49863845445753,308.77722328289707,308.1339743467105,307.5618477337236,307.0547825213769,306.6072750216884,306.21469798194016,305.8731415553259,322.6451764311153,314.6658593481967,309.5841605308493,306.662348962811
75.27527527527528,411.89071727228145,326.54453642160746,324.5301323520324,322.5922402875087,320.7546046239143,319.030373295026,317.4295635848721,315.9534776044891,314.603122919355,313.37329192413216,312.25969963735054,311.2543947740181,310.3506039242409,309.53993547458157,308.81508375261325,308.1684491950353,307.5933933126703,307.08367450460383,306.633927217496,306.2394595839419,305.8963900094617,322.69037739601777,314.72383113403976,309.6256934240978,306.6893689256347
75.47547547547548,407.6852664184156,326.5650019203883,324.5661069164463,322.6396677717473,320.8088448027234,319.0892885722626,317.4895849424024,316.01378644418213,314.6613010943909,313.42924448553237,312.3120631249661,311.30339601153463,310.39568723150524,309.5814488770773,308.8529859569243,308.20312897971166,307.6250781526397,307.11276055893956,306.6607496892395,306.2644017450778,305.9198077920027,322.73378199671356,314.78119601829474,309.66732941135064,306.7165595875798
75.67567567567568,403.4116630124381,326.58283119114583,324.6000580102595,322.68494282257154,320.8619263066754,319.1465982009793,317.5490745172418,316.0730340190631,314.71932401769413,313.4846117372141,312.3644662418497,311.35216833199433,310.4409017529495,309.62295903766164,308.89105949997077,308.23792398099016,307.6569480135777,307.1420096339056,306.68775514476647,306.2895157600504,305.9433956676156,322.7752713063263,314.8381021066126,309.7090025207133,306.7439248439831
75.87587587587588,399.07261176028027,326.59812990400815,324.6317033487439,322.7284909299824,320.9132993292171,319.2028757830126,317.607418280847,316.1317618170786,314.7766783439021,313.5397915826755,312.4165641924286,311.4009485086471,310.4860554769248,309.66458184545775,308.9292140473972,308.27288093971794,307.6889664815736,307.1714369287878,306.71493095983226,306.31480469043487,305.9671505982207,322.8148998589928,314.89444284338634,309.7507361636289,306.7714579317699
76.07607607607608,394.6708587889331,326.61085138041165,324.66116501147417,322.7701146003397,320.9631917569981,319.257844016503,317.66486990851246,316.18969965526486,314.8335771676462,313.5945770392494,312.4685000742677,311.44960590980344,310.53122689769503,309.70624770834513,308.96748488077424,308.30796801302677,307.72114631359887,307.2010297364008,306.7422804066079,306.3402641596544,305.99107200115066,322.85263335314534,314.9502447689881,309.7925066819289,306.79915852348256
76.27627627627628,390.20918990845877,326.6210461594869,324.68837911839194,322.80988006234753,321.01151919788043,319.31156330320283,317.7213375428788,316.24690166460164,314.8899402994329,313.64900591861533,312.52021666052974,311.4981608349354,310.5763812059288,309.74796444284175,309.00585341246045,308.34318662294055,307.75347855497495,307.2307872350987,306.7697994308915,306.3658928460068,306.01515795470306,322.8884775682619,315.0054804172117,309.8343093038214,306.827023204335
76.47647647647648,385.69042884889006,326.62867555810215,324.7134612708395,322.8477003609593,321.05831230969557,319.3639953333292,317.77682672428654,316.303331790469,314.94576844376513,313.7030489035362,312.57171068103804,311.54659295974193,310.62151315391543,309.7897194875698,309.0443144874029,308.37852962335506,307.7859592913076,307.2607055548785,306.7974854607179,306.39168854788255,306.03940665423045,322.9224289665852,315.06013730861895,309.876133942397,306.85504910180344
76.67667667667668,381.1174354731296,326.6338190778123,324.73628294886964,322.88368565932024,321.10349392828255,319.41517173824576,317.83128589865055,316.3590065357812,315.0010183650643,313.7567136573232,312.6229509244016,311.5949030867856,310.66660315699374,309.8315099832864,309.0828570468457,308.41399336455993,307.81858268208606,307.2907817285557,306.82533541825705,306.4176491562181,306.0638161681108,322.95449067050606,315.11419507624413,309.9179733276943,306.88323303064556
76.87687687687688,376.49310396698127,326.6364704748454,324.756910189146,322.9177649347191,321.14711362446536,319.46503876531017,317.88473198724057,316.4138856152855,315.05569535105707,313.8099686480061,312.6739372436279,311.6430689724364,310.711648051959,309.87332197156195,309.12147703328253,308.44956984364313,307.85134520417176,307.3210113967147,306.85334673655694,306.4437721788208,306.08838452767867,322.9846595976972,315.1676437690434,309.95981717457664,306.9115720087886
77.07707707707708,371.8203610074588,326.63664536454564,324.775348160938,322.9499606615924,321.1891280210284,319.51362043688107,317.9371231066537,316.46797594641413,315.10976760940434,313.8628126680964,312.7246457627901,311.69108686730686,310.75663100284766,309.9151512184272,309.160163683729,308.48525529390685,307.8842405616709,307.3513916596556,306.8815158772351,306.47005542771257,306.1131095302128,323.0129405289971,315.2204650186717,310.00165761324354,306.9400626112974
77.27727727727728,367.1021639105318,326.6343751233588,324.79158504223716,322.980285950178,321.22953276284983,319.56089537604095,317.98845974317567,316.5212515578621,315.1632291268525,313.91522535946194,312.775067941794,311.73894103311744,310.80154471053294,309.9569861672704,309.19891157211373,308.52104204948364,307.9172649438017,307.3819178555336,306.9098401826639,306.4964960857281,306.1379890267919,323.03933485093296,315.2726467458293,310.0434851065036,306.9687016189038
77.47747747747748,362.3414987594798,326.62964038768155,324.8057347966931,323.00861786093617,321.26843931726825,319.6067575134198,318.0388048282758,316.57364055955105,315.2161112612569,313.9671564445655,312.8252194727614,311.78659749609204,310.84639509150674,309.99880630859224,309.23772090210923,308.5569189975508,307.9504162945522,307.41258429812865,306.938317293822,306.52309107437424,306.1630207981527,323.06383797519976,315.32418651328214,310.0852877591702,306.99748595180597
77.67767767767768,357.541378515041,326.6225762735808,324.8175167438443,323.03534625401767,321.3054368591361,319.65157674044525,318.0878207003778,316.6253973599236,315.2681851669421,314.0187630931983,312.8749530210786,311.8341485998703,310.89109310295925,310.04066022511086,309.2765434465483,308.59290746557633,307.9836715570211,307.4433980057243,306.96693739529354,306.54984092454094,306.1882013782267,323.08649057420484,315.3750238683041,310.127070568013,307.02640985216135
77.87787787787788,352.7048411085497,326.61298226325897,324.8275558675082,323.059623782008,321.34146514049564,319.69442444737786,318.1363229047984,316.6758082335963,315.3200106929037,314.0695731349209,312.92461726550033,311.881302495308,310.93584134194623,310.0823811318118,309.31548498763016,308.6289224025968,308.01707809292475,307.47432125196946,306.995717074444,306.5767322570407,306.2135315115392,323.10721030012974,315.4252664463439,310.1687864718586,307.0554760375836
78.07807807807808,347.8349475192709,326.6012986499911,324.83472257447613,323.0831011730793,321.3746311269552,319.73720823783896,318.1825222088394,316.72641547231086,315.3702731711107,314.1206312412166,312.9733585566679,311.92870412239967,310.9801269750313,310.1243361624256,309.354263671959,308.6651513006284,308.0504982601866,307.50543626327755,307.0245997419259,306.60379046039077,306.23899953596134,323.12619235246814,315.4746401300291,310.2105164464888,307.0846648523484
78.27827827827828,342.93477983714723,326.586870258946,324.8409496433612,323.10296502284314,321.40825640193265,319.7764702430837,318.22969709676187,316.7742673451042,315.4214681720076,314.1698576216046,313.02282362375615,311.9750388610793,311.0249429828668,310.16576025949513,309.3934281042994,308.7011895587283,308.0842024857497,307.5365554385811,307.05369582420326,306.6309506030122,306.26462249353256,323.14310231403334,315.52362277184693,310.25207195329375,307.11400536901573
78.47847847847848,338.00743931218653,326.570582057751,324.8438361253737,323.1228254359815,321.43803194906803,319.8167513036129,318.2734395280265,316.82334445593085,315.47013324680324,314.2201129650519,313.0706755814028,312.02213272082105,311.0688573921734,310.2077216864527,309.4321729098003,308.73760600205287,308.117783139389,307.5679441679234,307.0828318475952,306.65830225974986,306.2903677034411,323.1584053743574,315.571541155443,310.29369814226004,307.14344582361974
78.67867867867868,333.0560443917218,326.5516781060011,324.8456409343974,323.1393140770943,321.46805481622016,319.8536571875483,318.31805956290935,316.8696519138583,315.51975432488905,314.26843169843136,313.1193198680865,312.06804599315916,311.11336434529375,310.2490632321734,309.4713473220141,308.7737703202076,308.1516753000831,307.59929887256686,307.1121941106096,306.68573725647076,306.3162661283964,323.17166902425225,315.61904347363486,310.3351182425696,307.17303433362537
78.87887887887888,328.0837287467893,326.5308271321924,324.8445608549158,323.1552201866247,321.49490533992173,319.8909126185006,318.3598158906723,316.9166867677503,315.5671878147184,314.31748763506823,313.1665171735275,312.11456468321046,311.1570387659497,310.2908654610641,309.5101233240717,308.8102785964359,308.18544319489484,307.6309100940016,307.1415889354291,306.7133577840782,306.34228042334905,323.1832852264311,315.66553905634737,310.3765741661464,307.20271608635056
79.07907907907908,323.0936392888686,326.5075695876063,324.8420353036871,323.1683787692682,321.5212877252502,319.9255409067873,318.40171342493466,316.96157681524795,315.61500921977665,314.36502676024014,313.2141346613604,312.16014899014505,311.2010839529617,310.33217871037476,309.5492061970773,308.84659663450986,308.2194604328161,307.662510936271,307.17118195553786,306.74106543746217,306.3684383924684,323.19296245851984,315.71149217631194,310.4178428970137,307.2325314309111
79.27927927927928,318.088934178246,326.4822632185973,324.83715819406655,323.18023111962094,321.5454214892741,319.95951842743773,318.44172596584,317.0062495545226,315.66144295611497,314.41258092351984,313.2608582856465,312.2058558520197,311.2446375951393,310.37365864861147,309.5880819180099,308.8830941099983,308.25344937635475,307.6942854849232,307.2008462308887,306.7689256196515,306.39471428053713,323.2009184897993,315.7565715371288,310.45906562475574,307.26244419847103
79.47947947947948,313.0727808252572,326.4547869793863,324.8304073431716,323.19009002653723,321.56818761376763,319.9918704318654,318.48084416991594,317.0497398988619,315.70735168975443,314.4593760821461,313.30732076862677,312.25114815149664,311.28810918220483,310.41497060891595,309.6269900445976,308.9195810444189,308.28753620420963,307.7261374644015,307.23063682078975,306.7969014539027,306.42111560873377,323.20706847894564,315.800926521861,310.5001598063268,307.29246551040745
79.67967967967968,308.0483538856761,326.42519426079025,324.8217649274213,323.1980303868777,321.58952482673647,320.0226586832576,318.5190156216492,317.0920674856735,315.75271972509654,314.5053883616388,313.35353956095287,312.2959777281492,311.33153123142444,310.45606334180223,309.6659624315456,308.9560158028936,308.32174410557036,307.75803924101604,307.2605656166148,306.82497949061104,306.4476422530634,323.2114346170166,315.8445461510022,310.541110107163,307.32259414137513
79.87987987987988,303.0188332515176,326.3935906665751,324.8110669476922,323.2043703394031,321.60904675813595,320.05234267049144,318.555739072711,317.1337335058315,315.7970411116656,314.5510730155407,313.3990825250587,312.34070354794386,311.37457955870553,310.49718826266053,309.7047812751555,308.99255599532165,308.35594218229113,307.79007641198774,307.2905668859759,306.85319121022263,306.4742789136569,323.21408347645956,315.8873338461615,310.58196172795743,307.35281112082686
80.08008008008008,297.98740203852765,326.3599763222785,324.79845605233425,323.20894395891384,321.62699760360636,320.0806498492221,318.5913059322093,317.1744318120724,315.84059738360776,314.5961498870874,313.4441823850079,312.3851039526285,311.41742372834375,310.5381891731786,309.743557148751,309.0291023708276,308.39019440347334,307.82219322734903,307.3206702833195,306.88151301659497,306.5010285219925,323.215004757271,315.92933347999696,310.62267527474586,307.38311989054586
80.28028028028028,292.95724457163135,326.3243830492933,324.7839826846667,323.2117306487918,321.64343287846447,320.10752854366075,318.6257703391937,317.2141003769397,315.88343391161646,314.6405617932816,313.4888719083899,312.42913394395043,311.4600842864991,310.5790343991384,309.7823011414871,309.06563447562223,308.42450549878197,307.85437747011866,307.3508764180517,306.90993837208026,306.5278885469468,323.2142115609754,315.9705476658843,310.6632376493395,307.41351726119586
80.48048048048048,287.93154436961726,326.28686381077796,324.76765234096615,323.21278864017296,321.6583123028528,320.1330395344473,318.65906893456423,317.2527949027089,315.92548400692806,314.6843530778135,313.53309354648695,312.47282438645453,311.5025176952299,310.6197427857743,309.82098341587704,309.1021621544633,308.45885667093756,307.8866328268027,307.38117453179206,306.9384665624885,306.554854013576,323.2117313258434,316.0109588937003,310.70364608755983,307.4439969211194
80.68068068068068,282.9134821303312,326.2474599467659,324.7495049058957,323.21212347659815,321.6716658607642,320.15716440593184,318.6912241736028,317.29048675635823,315.9667627914429,314.7274943681193,313.57685589916747,312.5161503242357,311.54472754050266,310.66029548191165,309.859604310171,309.13867228840763,308.49324644524455,307.91895068402783,307.4115621242665,306.96709215756533,306.58192149877215,323.2075837191912,316.05056479773816,310.74388998904567,307.4745545819752
80.88088088088088,277.9062337176553,326.20622616768316,324.72954483536915,323.209800456426,321.6834460666059,320.17997703558297,318.72216177660164,317.32724555170836,316.00719284755525,314.77004193074566,313.6200927053003,312.5591514223551,311.58666412718367,310.70071707261366,309.8981300899233,309.17517805408664,308.5276537942908,307.95133639748934,307.4420273447788,306.995815014824,306.6090857740949,323.20179891233346,316.08934696238225,310.7839681532325,307.5051836650956
81.08108108108108,272.9129681515468,326.1631954865924,324.7078459337291,323.2057738554761,321.6937559455308,320.2013770043723,318.75199595031677,317.3629523201687,316.0468787690253,314.8118852679737,313.66288651137125,312.60173970617467,311.6283848492158,310.74094511318503,309.9365962035826,309.2116391879618,308.56209769670255,307.98376652309304,307.47257751129393,307.0246238896628,306.63634518486236,323.1943896451401,316.12731976377114,310.82386101202394,307.5358821611229
81.28128128128128,267.9368456024077,326.1184347551732,324.68438324194636,323.2001658083924,321.70247517054327,320.22152919289584,318.7805555442695,317.39777968915695,316.0856437490554,314.8531763895358,313.7050849375406,312.6440319519263,311.669774428115,310.78105940302964,309.97492422209086,309.24810426461255,308.59652999551173,308.016266117702,307.50318721099586,307.05352629308834,306.6636917736612,323.18539763379016,316.1644480619117,310.8635788539549,307.5666402781918
81.48148148148148,262.98101539105687,326.07196357180686,324.6592818554072,323.1928481157274,321.7098246122834,320.24019531818846,318.8081106683829,317.431448895177,316.1237532875635,314.893653086641,313.7469114892949,312.6858154687053,311.7109989447686,310.82090636276,310.01322454365635,309.28447339333184,308.63101555398816,308.04877785772567,307.5338866958759,307.08249743981645,306.6911282137071,323.17482269468263,316.20077548541184,310.90308374264447,307.59746115222265
81.68168168168168,258.04861399556535,326.0238770813281,324.6324388131893,323.18407967622016,321.7155022034656,320.25776318272494,318.8342457470132,317.46439125992345,316.16077441912876,314.93371491696854,313.787985761598,312.7274127873205,311.75176432462166,310.8607179979973,310.0512932818442,309.32089590220306,308.6654280693465,308.08138451758464,307.56461082168295,307.111567841857,306.7186387050322,323.16273219138566,316.23622242092637,310.94241685879734,307.62832599110067
81.88188188188188,253.1427630662232,325.97415985478654,324.6040925824168,323.17355112107526,321.71997791621544,320.2736978468487,318.85956555912884,317.4959779636102,316.19732702933646,314.97275875312135,313.8288510940017,312.76832263100897,311.79249126559307,310.90012327238793,310.08942219076437,309.35712536293374,308.69994683328315,308.11394346121756,307.5954484620312,307.14067819027713,306.746237289607,323.1490958642686,316.2708960798397,310.9814969445376,307.6592508472832
82.08208208208208,248.26656744988856,325.9229562456251,324.5740028245416,323.16174879899535,321.7226496752994,320.28875302414906,318.88324687729107,317.52707609037765,316.2325380735477,315.0116157160363,313.86872113266566,312.809240124775,311.8325550548232,310.9396407686137,310.12716649945537,309.3935079859494,308.7342903650789,308.14665386998115,307.6262536012517,307.16990641903305,306.77389212720465,323.13402211372215,316.30463957798366,311.0204220867233,307.6901992765098
82.28228228228228,243.42311322497216,325.8702042932507,324.5425513667452,323.1481399245307,321.724288574194,320.30203403918426,318.9063039937368,317.5566207720359,316.26747704018885,315.04924027098156,313.90856338566454,312.8492719386814,311.8727302671517,310.97858997331787,310.16508184493597,309.42957952512575,308.76881141145424,308.1792416716394,307.6572067687478,307.19913884727,306.801635364721,323.117443639581,316.3376410925215,311.05905070984255,307.72120681276647
82.48248248248248,238.61546574829993,325.8160470252001,324.50951352380355,323.1331830363579,321.72433840167537,320.3142445559143,318.92796721244093,317.5854336035918,316.3013090188997,315.08643913506756,313.94760502973185,312.889112166115,311.9123846952867,311.0175043633899,310.20270481912365,309.4657065433558,308.8032089037253,308.2119230282147,307.68814874441796,307.2284615680213,306.8294321907212,323.09946530859025,316.3697507999464,311.0974825174542,307.7522348870201
82.68268268268268,233.8466677150899,325.76049544440536,324.47505710945205,323.116706279825,321.72308641344745,320.3250742409261,318.9486067070831,317.6131245740007,316.33443473926974,315.12280685231974,313.9862255542781,312.9283929796449,311.95183867465414,311.0560864449958,310.24027767984626,309.5016742807781,308.8376437905815,308.2445646695943,307.7191640548014,307.2578165285742,306.85729611303213,323.0800838976112,316.40103968539023,311.13565401198383,307.7832970313167
82.88288288288288,229.11973723327162,325.7036646190949,324.4390490939672,323.0990209399608,321.72017954339844,320.33498758365675,318.96771829747405,317.6402452304584,316.36628423258736,315.1589059908662,314.02387088950144,312.96762217271356,311.9906146867027,311.09474684361163,310.2774320382049,309.53777879024375,308.8718655597597,308.2773481464852,307.75011546778086,307.2872775496579,306.8851961599674,323.0593803560156,316.4314049281775,311.17363890629525,307.8143605767302
83.08308308308308,224.43766591336623,325.6454765945129,324.4019302975205,323.0795125561488,321.71650434181777,320.34295414238466,318.9864863043062,317.665537495136,316.3981510179365,315.19344910855057,314.0617680817728,313.0056431111868,312.0297493968023,311.1325559815288,310.31495371859927,309.57335233777656,308.9063992298273,308.30986212514875,307.7812829779687,307.3166702592797,306.9131848791321,323.037275586477,316.4610784015405,311.2112509091788,307.8454798942713
83.28328328328328,219.8034169751366,325.58620292332546,324.36310707944637,323.05925000171356,321.71069343967,320.35066726443176,319.00302573112276,317.6910320160668,316.42795086219195,315.22849877765555,314.0979266693159,313.0443025339658,312.0675525378198,311.17099550801083,310.35155490134156,309.6094573524173,308.9403788269344,308.3427580088733,307.812198925435,307.3462647477591,306.94116511302565,323.01398414171746,316.4896868112706,311.24877256671107,307.87655312440546
83.48348348348348,215.21992337220547,325.5256226241766,324.32345270237124,323.0369172722579,321.7045807514592,320.3559528600672,319.0198169665672,317.7140807153436,316.4584133309362,315.26133890819955,314.1349550742926,313.08114806982894,312.10624591708586,311.2080816197386,310.3889347221401,309.64465930767716,308.97494979703725,308.375147861502,307.8434800090259,307.37568572190105,306.96925706451424,322.9893052420664,316.5177209990678,311.2858139272941,307.9077040907961
83.68368368368368,210.69008593582876,325.46411803420744,324.2820487363329,323.01411919461424,321.6960798092975,320.361382015598,319.0339804524767,317.7377929118404,316.486334824841,315.2951593737742,314.16976446777403,313.1190700602899,312.1431756619565,311.24616396594524,310.4250458845969,309.68066538139726,309.0087197615839,308.40809078165523,307.87436856241106,307.4053769260308,306.99730477480256,322.9635495580101,316.54460640614127,311.3228241908372,307.9387721612967
83.88388388388388,206.21677153899824,325.40140728307955,324.23995576159103,322.9892348975927,321.68744229540823,320.36427227614325,319.04858275906804,317.7588818765953,316.51512003146735,315.3265572427637,314.20564566166166,313.15495894253155,312.18118224001915,311.2826932060622,310.4620911342178,309.71560754294313,309.04319312141473,308.44041769620924,307.9056830095317,307.43484138198295,307.0254696351322,322.936462502763,316.57095751431126,311.3593066131548,307.9699209688541
84.08408408408408,201.80281128203757,325.33783500791174,324.19634576476193,322.9637314465526,321.6767707582926,320.3669775820159,319.06098756436063,317.780208985684,316.54181204806855,315.3584922355849,314.23971859455423,313.1915249189522,312.2177620249806,311.3198987232183,310.4981153429783,309.75112465261117,309.07702507606376,308.4731553770553,307.93668515735567,307.4645117951901,307.0535987232283,322.90833211190693,316.59624388565044,311.3956851325481,308.00099522577864
84.28428428428428,197.45099870083519,325.27331424052824,324.15174630235515,322.93685266730057,321.6651515287148,320.36822514558946,319.0726681597838,317.800201095894,316.5680493162377,315.3893231423726,314.2735742862375,313.22725631634955,312.25429695092885,311.3565308812319,310.5341974620316,309.78629354505534,309.1109569148229,308.50572172381885,307.9677795036314,307.4941386224844,307.08177043516207,322.8790579768976,316.6207632001051,311.43171503111944,308.03207343998395
84.48448448448448,193.16408799885446,325.2079370794336,324.10611396218377,322.90880414261926,321.65237428058504,320.36832475430083,319.08330526672245,317.8192221346107,316.5934633054712,315.41942073409496,314.30684810311175,313.26249033295267,312.2904665020132,311.3928660545845,310.5700847224533,309.82131662632486,309.1448128126123,308.53824238924335,307.9988675448691,307.52377266394905,307.1099612328342,322.8487108438245,316.64445190880224,311.4674448476657,308.0631313287016
84.68468468468468,188.94479230403502,325.1417635026394,324.05948214208377,322.8796427401921,321.6384543838377,320.3673090553738,319.09289882971973,317.83729351234916,316.6180424365553,315.4487989410581,314.33952320052316,313.29723541517546,312.32625310519296,311.42890861523176,310.6057615298986,309.85619519568365,309.1785803791409,308.570716253709,308.02994036199374,307.5534106912736,307.1381654976357,322.81733036482535,316.6673113840411,311.50287077223646,308.0941626367506
84.88488488488488,184.79578195169097,325.0748981209815,324.0118206192532,322.84945158799604,321.6234180786793,320.36518321798246,319.1014817503076,317.85440188624597,316.6418117686863,315.47743617487646,314.37161790984993,313.3314679658718,312.3616692410302,311.46463702034475,310.6412353290572,309.89091183403934,309.21226280390226,308.6031306614146,308.0609974971793,307.5830447013114,307.16637941418594,322.78495432497857,316.6893498979932,311.5379842780687,308.12516301559873
85.08508508508508,180.71968279449138,325.0073099496396,323.96336260500937,322.81814865502196,321.6073167355839,320.3620023631504,319.1090112786756,317.8706224485438,316.6647040655987,315.5054042608035,314.403061100557,313.36524892503786,312.3966507635634,311.50009818630565,310.6764546931255,309.92549864963775,309.24582342110637,308.63550357641736,308.09201691835926,307.6126795399593,307.1945948229929,322.75162806168106,316.7105606308357,311.5727902435341,308.15612365576703
85.28528528528528,176.71907454059377,324.939150973882,323.9139691358966,322.7859277257248,321.5901220510471,320.3577654159593,319.1155741095838,317.88586592677314,316.6868330755877,315.53259247711156,314.43395961016495,313.3984724862184,312.43128660961025,311.5352030326003,310.7114863294068,309.95988867304,309.27930586789086,308.6677913237782,308.12302017603156,307.6422940543508,307.2228123178485,322.7173870605019,316.73096503984425,311.60726742617516,308.18704474797994
85.48548548548548,172.79648912098153,324.8704132555338,323.86385765554246,322.7526642423498,321.57195643246956,320.35249537421953,319.12110744268364,317.9002704148541,316.7080485560731,315.559166802644,314.46414849876777,313.4312912698747,312.4654283653669,311.570075392793,310.74621185675426,309.99417136359676,309.3126267896336,308.70004823018314,308.1539593898152,307.67190859126634,307.25101847092793,322.682277392023,316.75054834300454,311.64143564967713,308.2179122943652
85.68568568568568,168.95440908703907,324.80123300271765,323.81290634288666,322.7185799989311,321.55273839953924,320.34622625573405,319.12571568916553,317.913680395144,316.728569197322,315.58489355014376,314.4938657187982,313.4634720600318,312.49928570146096,311.60451725070226,310.78079465788886,310.02819757895094,309.34589759390497,308.7321780123303,308.1848937442773,307.70147939360885,307.27922151170316,322.6463367999618,316.7693449101147,311.675253449807,308.2487340511649
85.88588588588588,165.1952660393784,324.7316103596969,323.7613221893498,322.6835490544718,321.5326085271925,320.3389710226078,319.12931864231064,317.92629611808366,316.74814518619604,315.610067376639,314.5228060072178,313.49531103235245,312.53257366800267,311.6387789505714,310.8150044019234,310.0621534436718,309.3789553859068,308.76429733548366,308.2157307710533,307.73105367918447,307.3073988954188,322.6096122306638,316.78732666608937,311.70876429930433,308.2794872134094
86.08608608608608,161.52143908891202,324.66163928929495,323.70908040800254,322.6477038682593,321.51153770034483,320.33075404664305,319.13200854092753,317.9379804735694,316.7669896356541,315.6344460365823,314.5512315496409,313.5265429661359,312.5655392003722,311.6726256583845,310.84903990256106,310.09585846525727,309.411938628228,308.796288383873,308.24654548038603,307.7605780605919,307.3355621378449,322.5721430625089,316.80453124727484,311.7419212385422,308.3101825381847
86.28628628628628,157.93525335114566,324.5914170130733,323.65615787844854,322.61116362625853,321.48950793538825,320.32161709511877,319.13381744049866,317.9487086325014,316.7851560353299,315.6579852949974,314.5791849638399,313.55713009487954,312.59820777615164,311.7060296639193,310.88291427016526,310.1292930341537,309.44485252700315,308.82813791893636,308.27733784996,307.79004442229075,307.36370740499063,322.5339727096574,316.8209704734335,311.77471496785387,308.3408160246362
86.48648648648648,154.43897847464393,324.5208780962798,323.6029227857423,322.57363272076367,321.4667644143998,320.31160055744317,319.1344789486395,317.9590334814054,316.80190855969715,315.6815630950638,314.60573110653854,313.5880087532958,312.62967967847476,311.73981093592903,310.91589002185657,310.16308046049124,309.4771735566878,308.8602447671687,308.30781345868746,307.819621643087,307.39177093734895,322.49515971492576,316.83654303826887,311.8072939700095,308.37132487259595
86.68668668668668,151.03482720460107,324.4503493158347,323.54878682575406,322.5358419401631,321.4429575438389,320.3005452096593,319.134904770795,317.9673655891371,316.8194544640709,315.70256324085904,314.63371773368254,313.61628116339165,312.6627541082813,311.77136322194104,310.9502916931705,310.1952052147252,309.5105600561855,308.89130135557554,308.33890077745707,307.84874214193604,307.4199386178475,322.45569616705,316.8516011597089,311.83917908030196,308.4018885898003
86.88688688688688,147.7249539824233,324.37954927893367,323.4946496803379,322.4969464356156,321.41854964298415,320.28891490020766,319.13358235335136,317.97636957317695,316.8341823775172,315.7253153073189,314.65841869806343,313.6467866527021,312.69271737710346,311.805078976998,310.98216303809323,310.22908323968954,309.54216864318084,308.9235278749532,308.36899680738543,307.8783643587872,307.4478788542398,322.41572198761577,316.86557366188555,311.87116585691723,308.43218730770934
87.08708708708708,144.51145358221257,324.30882166528113,323.4398902528418,322.45766652431973,321.39335295162715,320.2761255057647,319.1322046503,317.98328190907364,316.8498549165576,315.74533659918893,314.68476222882094,313.67445021460117,312.72453502333843,311.83629283085327,311.0157086941494,310.26105199665744,309.57503709689433,308.954527791822,308.399815856375,307.9074454205577,307.4759390296074,322.3751713799669,316.87908806078826,311.9024077519199,308.4625530390513
87.28728728728728,141.39635978501218,324.2380781648292,323.3849221840935,322.41772941273143,321.3673813713866,320.2628266104168,319.12940136197636,317.99031960875504,316.86354235868333,315.76614274130947,314.70887985596806,313.70328244610323,312.75425191171763,311.8687327528983,311.0475374336486,310.2940620672575,309.6066932933445,308.9862394136056,308.4299528311872,307.9368263316,307.5038271261694,322.3341875486915,316.89165718533843,311.93357332232506,308.49270779918135
87.48748748748748,138.38164409165424,324.167461028452,323.329624858628,322.3773083862695,321.34076327112047,320.24857566296214,319.12614741064505,317.9960270030553,316.8771997739319,315.78541782661927,314.73333940109376,313.7306147706165,312.7845060871207,311.8998939680846,311.0799226754109,310.3261160583811,309.63879883318543,309.0173427224424,308.46035078845955,307.9659288154756,307.5317331028963,322.2927466414864,316.903626283069,311.96421071192276,308.52283085249184
87.68768768768768,135.46921447502325,324.09699202109164,323.2741529405628,322.3363603368458,321.3135301402277,320.23357320188967,319.1220737060888,318.0010447326824,316.88999494026837,315.80418178181174,314.7570190768401,313.7576173385471,312.8141402595055,311.93086478203793,311.11187050219314,310.3580717179715,309.6706304371226,309.0483973557755,308.4905986788669,307.9949929644087,307.559569093163,322.2509217281235,316.9148628475383,311.9945129200511,308.5528377058673
87.88788788788789,132.66091417252602,324.0267699024798,323.21846240274647,322.2950836729344,321.2855239981896,320.218073313923,319.11695398077256,318.0056565299315,316.90164941609896,315.8227529087267,314.77958715645354,313.78464460070575,312.8427875945095,311.9620076067437,311.1430251876404,310.39024902239663,309.70189914863573,309.0796310049232,308.5205189470632,308.02412021289604,307.5872939334546,322.2087826580547,316.9253199983967,312.0245428023992,308.5826926493945
88.08808808808809,129.9585205195314,323.9568085987908,323.16277137016846,322.25321815636556,321.257264817663,320.20141527072855,319.11172922162245,318.0087237439659,316.9135534836427,315.8395657093381,314.802763733149,313.80989730632115,312.8722629495875,311.99155509238,311.17503348372384,310.4211620084713,309.7338681399171,309.1100192212362,308.55085258937044,308.05285021282776,307.6150584167175,322.1662956427433,316.9352671783437,312.05398216809675,308.6125297160138
88.28828828828829,127.36374382451874,323.88725170550373,323.106871330084,322.21131444905336,321.22798094626893,320.1847979751484,319.10485336820335,318.01224359936,316.923348066479,315.8573310372013,314.8236021237392,313.8364672085282,312.89945063525215,312.0225279913916,311.20506687578126,310.4533406166389,309.76436518342246,309.14129955283346,308.5803201599393,308.08195637583736,307.6425922788577,322.1236432812117,316.9442756389966,312.0833706655184,308.642106710178
88.48848848848849,124.8782262866469,323.81804809897073,323.0511937107839,322.1687082757537,321.19883148054333,320.16665353085557,319.09847004229994,318.01357754957326,316.9342054400561,315.8724652905746,314.84601719841055,313.86026287217936,312.9284744869151,312.0509183007814,311.23686876324297,310.4834157199644,309.79626754307566,309.17114809854775,308.6106148882976,308.11039644236286,307.6702451418911,322.08068701938146,316.95294710418295,312.1119880286166,308.671734422835
88.68868868868869,122.50354095642831,323.74934878586816,322.9953854094036,322.12620106123836,321.1686829715407,320.1486670015752,319.09043069503224,318.0154469524129,316.9429373916677,315.88860324058317,314.8660714998335,313.88540908248063,312.9551787966483,312.0807618928397,311.2666554477641,310.51478199059443,309.8266567261257,309.2019071436747,308.6400117886172,308.13921693090884,307.69765308190256,322.0376570459252,316.96069795590586,312.1405574420654,308.70108913424576
88.88888888888889,120.24119074016667,323.6811874341327,322.9397390615114,322.08338818342634,321.1382644606502,320.1298965622007,319.082031446778,318.0162901023862,316.9514230003477,315.9036407956474,314.8860644877189,313.9095083995531,312.9819817080181,312.1097064329054,311.2966254147906,310.5454557833044,309.8572266836867,309.23220385491396,308.66950933448044,308.16780002163284,307.72502120367636,321.99449514038423,316.9678899665756,312.1686555477143,308.7303522196781
89.08908908908909,118.09260744878779,323.61364320262294,322.8842756043085,322.04039981425683,321.10749365933646,320.1105471819264,319.0730735222023,318.01640473137763,316.959348116195,315.91795836538756,314.9055990418851,313.93298431139505,313.00845917225433,312.13816264582414,311.32638942078074,310.5757807690345,309.8876747871822,309.26227379390855,308.69892637348175,308.19624857895,307.7523079144347,321.95127189249024,316.9744767554095,312.19635526385775,308.7594862895914
89.28928928928929,116.0591508916657,323.5467670251277,322.8290270089651,321.99730073987536,321.07636038957907,320.0907020644948,319.06350013560984,318.01590095575995,316.9666108270359,315.93169095136625,314.92454073878866,313.9559840857263,313.0344651247361,312.16627159202835,311.35581222592606,310.60587377510234,309.9178951537383,309.2921960342854,308.72819868054836,308.22459594954825,307.7794970005268,321.9080314456084,316.98044872171215,312.22368136070384,308.78847656372943
89.48948948948949,114.14210801601808,323.4806452198826,322.77406254081393,321.9541403385483,321.04492080914736,320.0703847513019,319.0533580744504,318.01477980060787,316.97325230790693,315.94482177292997,314.94292663890684,313.97847964443224,313.06003202177556,312.1940010072409,311.38491994662377,310.63570467833597,309.9479056062343,309.3219473084148,308.757334321089,308.25282866296897,307.8065860939997,321.8648307319388,316.9858277189604,312.2506274596817,308.8173203985414
89.68968968968969,112.34269209241404,323.4152940483799,322.71952906090803,321.9108953166373,321.0132299983715,320.0496175593217,319.0426683233856,318.0130573010815,316.9792840016128,315.9573591173102,314.96076155615634,314.00047387734816,313.0851603105262,312.2213503812401,311.41371047951037,310.66527105905936,309.97770279616464,309.35152429866633,308.7863295606041,308.2809431482236,307.8335716165027,321.8217131967237,316.9906260599093,312.2771932215368,308.84601428403226
89.88988988988989,110.66204194691196,323.3507123119068,322.6655367207025,321.867588440419,320.9813398706837,320.02843661788063,319.0314593785238,318.010755648025,316.9847219028161,315.9693145613653,314.9780524226921,314.021970959839,313.10985091336306,312.24831918638256,311.44218119925455,310.6945697239861,310.0072823309742,309.38092254699535,308.8151794199798,308.3089345887111,307.86044875700713,321.7787227923185,316.99486078268444,312.30337839656505,308.87455352873354
90.09009009009009,109.10122124031182,323.2873421456613,322.61139500991453,321.82477887244767,320.9491089160667,320.00691034021946,319.0197500338723,318.007900285714,316.9895751960941,315.9807050913512,314.99479922845796,314.04298183194004,313.1340980866189,312.27491390872746,311.4703236719872,310.7236036961471,310.03663548805673,309.4101421737414,308.84387657687785,308.33680055461366,307.8872126478888,321.73590705686195,316.9985459670979,312.32918423908416,308.9029334882357
90.29029029029029,107.66121779497851,323.22493259138093,322.5577922621052,321.7820338071178,320.91676998463953,319.9850273618035,319.0075753215702,318.00450664004643,316.9938647889475,315.9915354832487,315.01101570889097,314.06350382192227,313.1579103197927,312.3011276590582,311.4981424524431,310.75236457045435,310.06576368260113,309.439175281257,308.87241978210193,308.3645350088546,307.9138597423169,321.6933112014094,317.00169958854076,312.3546097647341,308.9311506994263
90.49049049049049,106.34294296966263,323.16318801908807,322.5055065618284,321.73883065185197,320.8846464956859,319.96269574583977,318.9950200596067,318.0005694344186,316.99761961179917,316.0018071622616,315.02671885693155,314.08353166899207,313.1812992371439,312.3269509808254,311.52564491359203,310.78084172119185,310.0946705166477,309.4680124056395,308.90080910562324,308.3921312276008,307.940386816048,321.6509734948588,317.00434702500354,312.37965370434904,308.95920201431187
90.69069069069069,105.14723108271343,323.1028738145143,322.4530150116447,321.69670483939876,320.8518183122402,319.940451050145,318.9818785911769,317.9962084514086,317.00081060529914,316.011561856214,315.04188848990793,314.1030984154646,313.20423864825517,312.3524116793673,311.5528037777571,310.80905623363356,310.1233324572524,309.49666632895764,308.9290283749849,308.41959259471827,307.96678727577813,321.6089726055886,317.00646959880135,312.4043217508956,308.9870814063383
90.89089089089089,104.07483888405042,323.04343365514114,322.40188725691826,321.6539721951773,320.81972429230564,319.9174339409393,318.96865286772555,317.9912213227371,317.00355966756285,316.0207510626632,315.0565789756188,314.1221667236915,313.2267719067902,312.3774707976501,311.57965488835356,310.8369723858284,310.15177534761074,309.5251099565899,308.9570910145601,308.44690444242354,307.9930608052742,321.5672902680964,317.0081527792615,312.42860734046275,309.01478831329166
91.09109109109109,103.12644507622625,322.9854772913696,322.3507489011321,321.612452339342,320.78678224576373,319.8948797233796,318.9546144105004,317.98605039874843,317.0056636865196,316.0295058999223,315.0707233070233,314.140801131096,313.24884822280063,312.40217939743036,311.6061502720925,310.86463061809513,310.1799594748547,309.5533696640735,308.9849711616762,308.47407638431565,308.01919887071193,321.5260681001974,317.0093115405428,312.45252192830293,309.0423151111264
91.29129129129129,102.30264988488511,322.92851250415254,322.3010932504335,321.57032164725,320.7548682625091,319.87131615155073,318.9408598623268,317.9800439987312,317.007529076917,316.03762016474843,315.084461086767,314.15891608018563,313.27054493270344,312.42647194407823,311.63234979819225,310.8919746527953,310.2079288810879,309.5814040461839,309.0126931633595,308.5010873152398,308.0452035618924,321.48522236317916,317.0101028378981,312.476051481591,309.0696633935527
91.49149149149149,101.60397467888814,322.87315321109566,322.2514739867359,321.5296430986325,320.72193043288314,319.8486108799033,318.9260069135125,317.9741961201051,317.0085584765651,316.04547621782024,315.097578014644,314.1766632901018,313.2917571007077,312.4504392545298,311.65817417379407,310.9190722217711,310.2356213264138,309.60925811768027,309.0402177822668,308.52795535628877,308.0710636375289,321.4449623218501,317.01036314852934,312.4992212081809,309.09682324403565
91.69169169169169,101.0308616403459,322.8188630972041,322.2035455653531,321.48824541207057,320.69039693215956,319.8245943728035,318.9118835315003,317.96720036609236,317.009672630128,316.05250833025957,315.1104461424943,314.1938149213493,313.3126518214072,312.47395609435006,311.68372851914035,310.9458313724593,310.26311063546507,309.6368672546445,309.0675867418795,308.5546490443731,308.09678494591003,321.4051290759182,317.0103422000949,312.5219965457412,309.12379972445444
91.89189189189189,100.58367348476742,322.76633299372736,322.15560885619755,321.4486435321984,320.6575632581123,319.80193093999736,318.8962667577279,317.9608316384676,317.009628638389,316.05958366628425,315.1225171237729,314.2107420329148,313.33298413475745,312.49720654896214,311.7088685099775,310.972369586036,310.29029609227877,309.66430678729375,309.09473923852187,308.5811999560727,308.1223518682788,321.3660159160466,317.00976556492833,312.54443416252957,309.1505787884892
92.09209209209209,100.26269323150251,322.7149152091482,322.10965286369736,321.4080964510472,320.6266394269782,319.7775196806944,318.8819686247675,317.95285108602866,317.01014993617326,316.06550515198796,315.1346252775175,314.2268990090602,313.3531338387121,312.5199245372527,311.733796767629,310.99852513482466,310.317304408042,309.6914728295825,309.1217452437181,308.60755988195325,308.1477761750022,321.3273647263131,317.009020015295,312.5664558574957,309.1771717076596
92.29229229229229,100.06812402462236,322.6654410399298,322.06355095879616,321.3698181147331,320.59398446121475,319.7551250005085,318.8656033398473,317.9461535744175,317.0090051328661,316.0719483908528,315.1456069264015,314.24310091013365,313.37254969973793,312.5425030576491,311.7582266279152,311.02451620427297,310.34396259019144,309.7184936484884,309.14850766396665,308.63378230830875,308.1730350728579,321.2895839150365,317.0076634728771,312.58817929994177,309.2035562567626
92.49249249249249,100.00008900435273,322.61708348817433,322.0198168831027,321.3302159981819,320.56393090897916,319.73033654415553,318.85136981944277,317.93715076478185,317.00913517857515,316.07669407506506,315.1571036088749,314.25820015078875,313.39204321964894,312.5643760054621,311.782568719121,311.0500367980991,310.3704997528726,309.74519354331625,309.17514540354955,308.6597907028727,308.1981500630872,321.25227676451874,317.00629068934796,312.609444978624,309.22975589313967
92.69269269269269,100.0586312291399,322.57089313662686,321.9756702935065,321.29354859852543,320.5314694692855,319.7085069062362,318.83419789306276,317.9303918741371,317.00679451491226,316.08271923447336,315.16689814985205,314.27382334514795,313.4104657019382,312.58636399788924,311.80623707488195,311.07551452144173,310.3965972893083,309.7718019907232,309.2014947473155,308.6856772450993,308.223085733364,321.21601768083605,317.0042003332875,312.63048092825983,309.25573140116205
92.89289289289289,100.24371364839973,322.5259414714059,321.9339294260412,321.2556996806701,320.5016653643995,319.6843151086463,318.8193167232449,317.92121446792544,317.005964903281,316.08686467677853,315.17743017116777,314.2881849446845,313.42911487656033,312.6075470713456,311.82989302786945,311.10047054646174,310.4226028183029,309.79806419774116,309.22772579277046,308.71133692565274,308.2478731773368,321.1803102102326,317.0021581884795,312.6510420933843,309.2815205823608
93.09309309309309,100.55521912596643,322.48290034692144,321.8928653165103,321.21938639803216,320.47130899584533,319.6612745256017,318.80335274910163,317.9127312390265,317.0040315247023,316.09127333523656,315.1870684331804,314.3025149664707,313.44710958567583,312.6285625485308,311.8530836668648,311.1252318137687,310.44827730145346,309.8241484059608,309.2537196215016,308.73683489180337,308.2724864841163,321.1455471165822,316.9996914562495,312.6713005162622,309.3070933409671
93.29329329329329,100.99295051422638,322.44163952839676,321.85302659598193,321.1838912593085,320.44135945862087,319.63843710369594,318.78728647310913,317.9041116149447,317.0017313776628,316.0953919149299,315.1962521097444,314.3165130117523,313.46467110160984,312.6492646238894,311.8759133258949,311.1497252712371,310.4736719556566,309.8500144688145,309.2794998738758,308.76215260529773,308.2969279802425,321.11167078920073,316.9969546980782,312.6912174668767,309.33245337677744
93.49349349349349,101.55663077889031,322.4020225153706,321.81459422204887,321.14900107621264,320.41216758762937,319.6154696537902,318.77153083752467,317.8949896409993,316.99945046139374,316.0988999387529,315.205282470858,314.32994315296474,313.48200112716603,312.6695022947175,311.89850019671064,311.17386431001313,310.4988478460004,309.8756174444428,309.3050922929553,308.78727169779296,308.3212002266402,321.0786510110103,316.9940306699057,312.71076221631444,309.35760590156633
93.69369369369369,102.24590317432447,322.36429513940885,321.7774898117884,321.11501217814896,320.3835003397984,319.59275886264777,318.75579098842206,317.88574174362697,316.99691319162,316.10209702568625,315.2139496759611,314.34300814492036,313.4989619442031,312.68939531153177,311.9207623078967,311.1977116363875,310.5237586987489,309.900985395032,309.3304725537099,308.81219922918103,308.34529481375336,321.04661126635847,316.99089852506324,312.7299678689879,309.38254213808506
93.89389389389389,103.06033146933021,322.32854051182596,321.7416618371045,321.082032744182,320.35523985584615,319.570450671148,318.7399300026686,317.87650998891405,316.9939991645267,316.1050942110462,315.2221667600476,314.35578141873833,313.5154992532105,312.7089864609043,311.94266889248576,311.22129000893375,310.5483880750679,309.92612929703245,309.35563273100763,308.8369389127568,308.3692097918948,321.01558512402136,316.98754002544064,312.7488452068545,309.4072597615519
94.09409409409409,103.99940022322875,322.2947919212783,321.70723009683906,321.0500145040305,320.3275317346193,319.5484504266414,318.72410193753535,317.8671938850501,316.99083856583655,316.1078093150557,315.2300257434786,314.3682066219176,313.5316692233634,312.72824113760726,311.96425019869343,311.2445790733103,310.57275019604657,309.95103727860794,309.3805776621719,308.8614845519686,308.3929440683742,320.98560373668175,316.98399388939123,312.76738925097845,309.4317587514338
94.29429429429429,105.06251511207662,322.2630329020838,321.6742904848018,321.0189744319551,320.30048349814393,319.5267412410458,318.7084093737205,317.8577661991273,316.9875140457364,316.1102170954874,315.2375831346151,314.3802651064725,313.54750504990585,312.747146590116,311.9855227699915,311.26756969939305,310.59685131467825,309.97570231333464,309.40530774368426,308.8858309606299,308.41649480853687,320.95670451160606,316.98029796973736,312.7856018431758,309.45603742817275
94.49449449449449,106.24900330480551,322.23327987242504,321.64284967451215,320.9889583170162,320.274099387953,319.5053707910944,318.69284661261173,317.8482683358247,316.9840172031845,316.1123484128231,315.2448314621686,314.39197664454076,313.56300113663895,312.7657136759496,312.0064824430365,311.2902667333738,310.62068809286257,310.0001256462741,309.4298202539884,308.90997738610304,308.43986012278884,320.9289116086002,316.97646240532254,312.8034881267079,309.4800943004034
94.69469469469469,107.55811388904738,322.20561228342143,321.61294610730636,320.960029456154,320.24841323428706,319.484400164219,318.67743399494094,317.8387496939709,316.98035956830427,316.11423857726305,315.2517766989079,314.4033631100183,313.5781596808694,312.78395371462307,312.0271286704719,311.3126743342527,310.64425810425433,310.02430714697056,309.4541118534702,308.9339215073308,308.4630368246982,320.90228024907753,316.97251170667744,312.8210559020471,309.5039270873448
94.89489489489489,108.98901834637752,322.1800508099358,321.58460719760086,320.9322091144817,320.2234504940167,319.46384708859944,318.6621929573169,317.829222767797,316.9765570096384,316.115895692065,315.25842930267856,314.41442913046507,313.59298658408113,312.80186871503525,312.047463996395,311.3347926839566,310.6675617071849,310.0482458898562,309.4781816838411,308.957661939469,308.4860235931733,320.8768329409269,316.9684595458992,312.8383082219866,309.5275349627049
95.09509509509509,110.54081107667213,322.15663272010545,321.55788112633354,320.9055407862427,320.1992566552584,319.44374876718626,318.64716111417886,317.8197150750802,316.9726369534272,316.11733823448276,315.26480715364534,314.42518565617064,313.60749182268364,312.81946383870655,312.0674925718613,311.3566228946674,310.6905992394712,310.0719405172752,309.5020279736429,308.98119622253097,308.50881792513223,320.85261201102526,316.96433170616285,312.8552513568179,309.55091637561054
95.29529529529529,112.21250997125068,322.13538230266136,321.5327996491731,320.8800594992168,320.17586471213565,319.4241367288614,318.6323655635947,317.8102511085486,316.9686190471311,316.11858318441455,315.27092301982367,314.4356430912351,313.62168253414364,312.8367443315636,312.0872173508695,311.37816657725836,310.71337087701374,310.095390399511,309.5256493587785,309.0045226671701,308.53141796888866,320.82964857840966,316.9601483847025,312.871890777014,309.57407025427244
95.49549549549549,114.00305703443911,322.1163437405565,321.5093936908553,320.8557962895561,320.1533043556072,319.4050389516254,318.6178308948851,317.8008526420266,316.964521244007,316.11964565440434,315.27678863139755,314.44581071162173,313.6355653264178,312.8537148877224,312.10664112417476,311.3994251889089,310.73587686949804,310.1185949935775,309.54904467394687,309.02763978504754,308.55382210000505,320.8079754056401,316.95592781334415,312.8882314477691,309.596995684415
95.69569569569569,115.91131905316112,322.09955003561055,321.48770457912576,320.8327913041839,320.1316143078067,319.3864914255252,318.6035896802435,317.791548024616,316.9603677423082,316.12054553235316,315.28242002875265,314.45570087099173,313.64914941995306,312.8703818983841,312.1257679825807,311.4204008695963,310.7581178626642,310.1415537870333,309.5722126231975,309.05054579828527,308.5760283648774,320.7876303304505,316.95169420165473,312.9042802083012,309.6196916872115
95.89589589589589,117.93608831413337,322.0850138042181,321.4677570094978,320.8110708303308,320.1108200917241,319.368517973948,318.58966348247645,317.7823561418292,316.9561746573021,316.12129615230975,315.2878279549813,314.4653219080171,313.66244103765894,312.88674972824515,312.1446007350876,311.44109513890174,310.7800943632225,310.16426651652773,309.5951524096231,309.0732395870231,308.59803552077057,320.7686359419437,316.9474636777798,312.9200417095821,309.64215767943335
96.09609609609609,120.0760833682109,322.07277538950757,321.4495869261137,320.7906734085445,320.09095979337496,319.35115444316364,318.57608486060917,317.77330570105545,316.95196656222464,316.12191798542517,315.29302894947665,314.4746867613535,313.6754498814318,312.90282527081536,312.16314388249543,311.4615105333772,310.8018073409365,310.18673296926426,309.6178629883654,309.09571960411006,308.61984182175496,320.75102999214084,316.94326081175825,312.93552326589463,309.6643929448863
96.29629629629629,122.32994984139913,322.0628552992764,321.43322295489963,320.771629059475,320.0720633573057,319.33442930155815,318.56287987173715,317.7644198074211,316.94776336133816,316.12242770050506,315.29803656888015,314.48380610103357,313.6881840251863,312.91861432671527,312.1814012888857,311.4816493147782,310.82325777883716,310.2089531555444,309.64034368369676,309.1179847544824,308.64144600231094,320.734839994503,316.93910546197634,312.9507310113198,309.6863970749743
96.49649649649649,124.69626129201873,322.0553099460183,321.4186948836903,320.75396521872125,320.0541578303625,319.3183683240188,318.5500721804262,317.7557195010447,316.943583224896,316.1228405513272,315.30286325029994,314.49268974354356,313.7006509226751,312.93412227668045,312.199376565887,311.5015136285357,310.84444665024193,310.2309271554402,309.66259394425146,309.140034099364,308.6628469642644,320.72009924056226,316.9350157415988,312.96567062746436,309.7081697627124
96.69669669669669,127.17352011348143,322.05001538841356,321.4062845704497,320.7375463486531,320.037334377484,319.3029906663815,318.53769048482405,317.74722940089094,316.9394475381442,316.1231745919854,315.3075237806845,314.5013494227025,313.71285954051183,312.9493556506108,312.2170741563816,311.5211061826334,310.8653752715808,310.2526552214037,309.6846132670576,309.16186666912574,308.68404354173254,320.7068342702764,316.9310131593058,312.980348990568,309.72971079418005
96.89689689689689,129.7601584821049,322.04715087711645,321.3956678788037,320.72265292472036,320.0215302150638,319.28834507380867,318.52576047610086,317.73897435066993,316.935377881902,316.1234480793323,315.31203319319764,314.5097971290376,313.72481909947544,312.9643212201073,312.23449872679674,311.54042988799694,310.88604514109613,310.2741377679916,309.7064012939632,309.18348162513155,308.70503468978717,320.6950693939026,316.92711879624056,312.9947732126828,309.751020103594
97.09709709709709,132.4545393493674,322.04705593760855,321.3862563116022,320.70972595065297,320.0066343825055,319.274483221518,318.51430593839825,317.7309778490563,316.9313947773603,316.1236784289069,315.31640589657746,314.518044415098,313.7365385395681,312.97902560512443,312.25165489543514,311.5594876882082,310.906457850229,310.29537534589514,309.7279578304265,309.20487830637444,308.72581954311755,320.68483116077743,316.92335257805985,313.0089502286868,309.7720977752085
97.29729729729729,135.2549574779736,322.0491956295815,321.3791972710999,320.6979564731173,319.9930071323358,319.2613577477917,318.5033632971666,317.7232614385665,316.92751893943284,316.1238830200133,315.3206563799614,314.52610294572617,313.74802693889524,312.99347557709194,312.26854743712255,311.5782826817978,310.92661514056965,310.3163686486073,309.7492828169755,309.22605617902684,308.7463973566406,320.6761428507852,316.91973661502817,313.02288711612675,309.79294402836393
97.49749749749749,138.15964052107583,322.0534760607188,321.3747336886674,320.68720088301205,319.98078035941785,319.2489226929923,318.49300021823643,317.7158315370296,316.9237751185197,316.1240784395951,315.32479929902,314.53398448790347,313.75929350949116,313.0076780566179,312.2851812809619,311.59681812117765,310.94651890290174,310.33711851214076,309.770376328914,309.2470148364962,308.7667675055351,320.66902273696167,316.91629692248017,313.03659109123043,309.8135592171975
97.69769769769769,141.16675014396932,322.06058133085617,321.3713962000219,320.67890148290525,319.9690585940356,319.23768598434395,318.4830299632082,317.70878459865196,316.9201650691703,316.12428498802495,315.32884918118964,314.541700797062,313.77034763300065,313.0216400965904,312.30156150768715,311.61509740965744,310.9661711753968,310.3576259144041,309.79123857612495,309.26775399979834,308.78692948572564,320.66352471843254,316.913022760049,313.0500694887995,309.83394383028997
97.89789789789789,144.27438318754898,322.06985952641196,321.3708500472514,320.671214673467,319.95936234358436,319.2267404065813,318.47395029518884,317.7019431732795,316.9167810370181,316.12449699491066,315.3328275153168,314.5492619413606,313.7811992345554,313.0353688026391,312.31769335988344,311.63312409773727,310.9855741434406,310.37789197428805,309.81186990354587,309.28827351759537,308.8068829143905,320.65960539945917,316.9099998031428,313.06332948723514,309.85409849065206
98.09809809809809,147.4805728727929,322.08194399579804,321.3715112550744,320.66615770490216,319.9499021306353,319.21743677265573,318.46497566999835,317.6957531509601,316.91345015243803,316.1248084611206,315.33672267333964,314.5566875851751,313.7918561127287,313.0488718075054,312.33358218880505,311.65090187716845,311.0047301409519,310.3979179507225,309.83227079041114,309.30857336662694,308.82662752998317,320.6573903718131,316.9071420215713,313.0763799142766,309.8740239557391
98.29829829829829,150.7832900455107,322.0962087243395,321.37507967512136,320.66156374372275,319.94285074589254,319.20805331266365,318.4573442639176,317.6895024765488,316.9105817190112,316.1250539483746,315.3406257280469,314.5639612024016,313.8023376933461,313.06215354286905,312.34923437609683,311.66843436272205,311.0236416970749,310.41770523137114,309.85244185257835,309.32865365093716,308.8461631926675,320.65675124034794,316.90462162717984,313.0892242354871,309.89372112492583
98.49849849849849,154.18044446056754,322.1133397135304,321.37975025106743,320.65992175060626,319.9356705711432,319.2008455531535,318.44939021902616,317.6843416846214,316.90752298892954,316.1256099852698,315.3443786020109,314.5711698797735,313.8126245585232,313.07523178308304,312.36465242936765,311.68572638131616,311.042311240082,310.4372553871705,309.8723838342143,309.348514602559,308.8654898843142,320.6579055679002,316.9022486959716,313.1018810064127,309.91319098966807
98.69869869869869,157.66988610477216,322.13259702451455,321.38758074977073,320.658410613929,319.9314526715667,319.19301920445054,318.44340983962724,317.6786539795768,316.90535797578815,316.1258663414622,315.34833275991974,314.57816081830634,313.8228006373137,313.0880837527573,312.3798536815725,311.70277801898317,311.06074283581114,310.45656970105927,309.8920977260213,309.36815655330616,308.88460771368926,320.6606120528463,316.9003241792748,313.11433538178665,309.9324349059774
98.89889889889889,161.24940655759121,322.1548383373585,321.3962342107486,320.6603937153203,319.92649171118944,319.18815909405697,318.43640701408253,317.6747656511325,316.9025042424705,316.1268590149875,315.3519073934037,314.58526687907533,313.83271677839576,313.1007901380617,312.394813289148,311.7196054867357,311.0789351222617,310.4756513721189,309.91158413287815,309.38758009817354,308.90351688533985,320.6652234137348,316.89848866321535,313.1266385142833,309.9514535221544
99.09909909909909,164.91674038882883,322.17920389678477,321.4081288028162,320.6624203620994,319.92475017775723,319.1824253863076,318.431775991796,317.67003037657145,316.90090937881126,316.1273233257541,315.3559028459222,314.5920554140856,313.8426161393886,313.1132459104885,312.4095879195037,311.73619220958585,311.0968991559794,310.4944995175383,309.9308451217181,309.4067855796073,308.9222178033678,320.671385725153,316.897188383771,313.13873951861046,309.9702494356422
99.29929929929929,168.66956659238681,322.2063323242025,321.4214996508123,320.66709204690505,319.923274912228,319.1787975934514,318.4269069323399,317.66659531631325,316.89901646596036,316.12835263195814,315.35965394510424,314.59893637049163,313.8522935251394,313.1255669968578,312.4241338562259,311.7525638898665,311.1146299235694,310.5131190541679,309.9498811175009,309.42577394881056,308.9407109016479,320.67939930551984,316.89610505833514,313.15069892771623,309.9888229891393
99.49949949949949,172.50551005519804,322.2359319315315,321.43717896196546,320.67322262145876,319.923476009428,319.17590370768005,318.4230675963551,317.66346766325626,316.89759702771346,316.12945063468834,315.36349589047575,314.60573945742954,313.86185310847554,313.13771886794035,312.4384736121329,311.7687208095276,311.132130742716,310.5315132374712,309.9686926068081,309.44454661367337,308.95899659563855,320.68914264641273,316.89541576249775,313.16250117110116,310.0071759592614
99.69969969969969,176.42214306040356,322.2680310991647,321.4550997293375,320.6809258106672,319.9252787373179,319.17382485589445,318.4202648958841,317.6606316766544,316.8967445277088,316.1305360708459,315.36754705972885,314.6123812411154,313.8713847761296,313.1496492720165,312.45265601562045,311.78464007853347,311.1494218910424,310.5496748327552,309.9872861901652,309.46310219845583,308.9770762870862,320.70063204647636,316.8951448461644,313.174142276683,310.02531227990096
99.89989989989989,180.41698682382207,322.30277697227103,321.4748420818495,320.6908706348996,319.9278843836816,319.17348213756605,318.41760566473334,317.65896758903347,316.89571564318027,316.1322614605259,315.3713191798965,314.61925139849865,313.88062987123243,313.1615489655996,312.4665697849573,311.8003990157098,311.1664645473219,310.56762989004613,310.00565120381015,309.4814475885844,308.9949491165216,320.71397124205356,316.89517390747386,313.18567980719956,310.04322846925686
100.10010010010011,184.48751306273806,322.33990800239513,321.4971506224108,320.70194308353905,319.9327021759394,319.17336743622906,318.4166428558428,317.65706097258675,316.895787471261,316.13359829463303,315.3756493496883,314.625746468737,313.8900381097599,313.1731273626942,312.48041581457187,311.81588204143384,311.1833339118264,310.58534060609526,310.02381096751014,309.4995737869595,309.012619066305,320.72901426410266,316.8957477888024,313.1970419594394,310.0609356677393
100.30030030030031,188.6311455960186,322.3797141096273,321.52118693141216,320.71544096352125,319.9381531245414,319.1752540897877,318.4156228105418,317.6565989387478,316.8955005535902,316.13580072046705,315.37956642747406,314.6326264589615,313.89907857324,313.1847676863611,312.49395255403834,311.8312517960323,311.19993812957523,310.6028652093918,310.0417370461168,309.5174969489041,309.03008275940283,320.745949843778,316.8966178901642,313.2083354137266,310.07842401867816
100.50050050050051,192.84526197454392,322.42191890042596,321.54767951501583,320.73026217702187,319.9456354678588,319.1776307298185,318.41611913461634,317.65612690766824,316.89619014535094,316.13777093722524,315.3839834209502,314.63921459147133,313.908268955395,313.1961228047283,312.5074270941784,311.84635893702114,311.2163772110023,310.62015006914896,310.05946317897457,309.5352030383252,309.04734619672894,320.7646253580282,316.8980381091622,313.21947847655883,310.09570793883603
100.70070070070071,197.12719514091947,322.46668220070893,321.5762283293451,320.747031074633,319.95439318652166,319.1813643389188,318.41727975086775,317.6564879009564,316.89713038922935,316.14015435624947,315.38840264228327,314.64591682341114,313.9173273089435,313.2074068503782,312.5207059279179,311.86129928432837,311.2325982248975,310.6372316468117,310.07697244303705,309.55270294693884,309.06440771246554,320.78513982602556,316.8998910079173,313.23053123899587,310.1127825948301
100.90090090090091,201.47423511742056,322.513947557717,321.606950440326,320.76560066513207,319.9646218616197,319.1862719766035,318.4193240236979,317.6575072111164,316.8985109387439,316.14281982437456,315.392957386255,314.65265341690395,313.9263323433679,313.218580194845,312.53382890269285,311.87605689689354,311.2486187325083,310.6541050458121,310.0942716324689,309.56999615354835,309.0812694077311,320.8074785002797,316.9022238768376,313.24149035094064,310.1296521944138
101.10110110110111,205.88363072110104,322.56371211215804,321.63980856457033,320.7860023825883,319.97632685197476,319.1923686703849,318.42227104980526,317.6592004677619,316.90035063689476,316.1457818551095,315.39766327103735,314.65943611112885,313.93529554990187,313.2296513078835,312.5468036318589,311.8906372484152,311.26444329042886,310.6707734679376,310.11136328575367,309.5870845205715,309.0979328664766,320.8316437163353,316.9050534561217,313.25236476983764,310.14631948623366
101.30130130130131,210.35259130497963,322.6159857052983,321.67475844782035,320.8082682322333,319.9895080557989,319.1996758249767,318.42613010384525,317.6615906907072,316.90266033306307,316.14906027437473,315.4025308052842,314.6662796806504,313.94422575873415,313.2406300768906,312.5596366089867,311.90504638119864,311.2800761050056,310.68724034393557,310.1282499039834,309.603970029827,309.1143997387752,320.85763925322556,316.9083944414549,313.26316370129206,310.16278722430536
101.50150150150151,214.87828852420273,322.67066665901154,321.7119769969879,320.8322520759413,320.0042669911975,319.20814453564674,318.4309687553402,317.66464908147543,316.9054941701565,316.1526391293329,315.40759799734616,314.6731785011164,313.95314599895886,313.2515170743089,312.57234021950063,311.9192870451528,311.29552332545745,310.70350830958625,310.14493451265395,309.6206546247283,309.1306718274859,320.88546145175695,316.9122698267302,313.27389376780746,310.1790585199824
101.70170170170171,219.45785812606584,322.7278440153913,321.75122120983207,320.8581958967119,320.0204300647108,319.2179220208779,318.4366974745048,317.6684761012757,316.9087979709088,316.15659039125495,315.41283353391316,314.68017864267415,313.9620425296837,313.2623376816487,312.5849111322044,311.93337156651336,311.3107858680744,310.7195829043348,310.1614189197416,309.63714092425874,309.1467508978343,320.9151226415048,316.9166790943715,313.2845683105449,310.1951359028488
101.90190190190191,224.08840176276038,322.78739371727966,321.79275017207584,320.88578419640623,320.0382967930226,319.2287818949325,318.4435179779936,317.67293884716565,316.91270634274525,316.16083256569283,315.41832712192024,314.6872339001036,313.97096873296096,313.273070693278,312.59737689653906,311.94729302503623,311.3258762259015,310.73546337546185,310.1777083661048,309.65343014073784,309.1626392643492,320.9466013547434,316.9216645711035,313.29518864958357,310.2110234745111
102.10210210210211,228.766988825699,322.8494315802993,321.83620709235595,320.915464220838,320.05742716734585,319.2411305726721,318.4511174035348,317.6783138756013,316.9170258147922,316.1655459556416,315.4239615070696,314.69445703145266,313.97985990718183,313.2837790811532,312.6097077478522,311.96108191132464,311.34078389059414,310.7511626129098,310.19380080115917,309.6695271806721,309.17833828368833,320.97993212670224,316.9271929113279,313.3057771357929,310.22672255380473
102.30230230230231,233.49065830025796,322.9137576195927,321.8820580975054,320.9465984646247,320.07850318380304,319.2543444550755,318.46005861768714,317.6841610378317,316.92213733701186,316.1704533000365,315.4299792382286,314.7016826514811,313.988860324411,313.2943740204546,312.62198008094583,311.97469768253023,311.3555440192021,310.7666658447072,310.2097101298402,309.68542909556584,309.19385185819175,321.0150523641203,316.9333579061592,313.31631895196455,310.2422401895014
102.50250250250251,238.25642063976397,322.98057442345896,321.92968099805984,320.98003983238016,320.1005811385365,319.26936134247023,318.46951850116756,317.69120458758977,316.92747278248225,316.1760352311913,315.4360256295258,314.7092076207935,313.9977641557975,313.3050243721379,312.63408689876445,311.9882256990165,311.37010902996855,310.78201040765725,310.2254197696582,309.7011488517053,309.20917908290147,321.05204754698116,316.94005134639133,313.326861749302,310.2575734283781
102.70270270270271,243.06125965753648,323.04958465527415,321.97982291981026,321.0146896739694,320.12492818383964,319.28490729148405,318.48070425452323,317.6984098544511,316.9339256527247,316.1815894722965,315.44268326655066,314.71659919921,314.00692175198765,313.3154851102575,312.64622054316555,312.00154195777026,311.38457262624945,310.79714272057436,310.24096824711205,309.7166704505595,309.2243283263886,321.09078654487547,316.9474625001092,313.3373537124782,310.2727364741768
102.90290290290291,247.90213443579344,323.1210679799296,322.0316112572308,321.051816038994,320.15003936811667,319.3025661188585,318.49211634914957,317.70714813194485,316.9403448265512,316.18809261960934,315.4491900253096,314.72447839283956,314.0158742676841,313.32611876709046,312.6581286699248,312.01483869286227,311.3988113627569,310.81215231603863,310.25630593749906,309.7320254835614,309.2392929322335,321.13142015262594,316.95537839051286,313.3478877580802,310.2877176064179
103.10310310310311,252.77598125020597,323.1947761030308,322.08566347012953,321.09045922631947,320.17707485218733,319.32110524571806,318.5049824121894,317.71631143377044,316.9477238476678,316.19473297121726,315.45623101693457,314.7323222279757,314.025047383185,313.33661854925356,312.67005358649834,312.02795239646224,311.4129497966968,310.82696307488754,310.27148717226675,309.74718906033837,309.2540845108764,321.17381577947697,316.96399633635593,313.358398828675,310.3025347230132
103.30330330330331,257.67971550888836,323.2707703988997,322.14169918046326,321.13103344306415,320.2054958475328,319.34114338826595,318.51867465225064,317.7265316691301,316.9555049021017,316.20202433396753,315.4633955022207,314.7404880514501,314.0341761621288,313.34720726959716,312.6818405392837,312.04101008453995,311.4269062767479,310.84163976285646,310.2864763722712,309.76218625632544,309.26869861475916,321.2180284516452,316.9732262119341,313.3689444214,310.31718145659204
103.50350350350351,262.6102337045947,323.3489121392986,322.200022358238,321.1730189847089,320.23596660362614,319.3619217750049,318.5340101090258,317.73702065086513,316.9644485280502,316.2093111042401,315.4712688618179,314.7485117583024,314.0436538755586,313.3575929536153,312.69372824656955,312.0538451631567,311.44081235624765,310.8560984952751,310.3013351686441,309.77698754110014,309.2831487945153,321.2639683721753,316.9832118507998,313.3794663994405,310.3316764711564
103.70370370370371,267.5644153788868,323.42941737264204,322.25989890079944,321.2175190397938,320.26708228609016,319.3850219424151,318.5493640924558,317.7493773069265,316.9730986580939,316.217905667608,315.478752498724,314.7573238787114,314.05275021444453,313.3683662376663,312.7052783039785,312.06679802635887,311.454430864846,310.87051339477114,310.31595658442257,309.79165866005167,309.29741753289727,321.31178790834804,316.99369964476165,313.3901033322319,310.3459954073977
103.90390390390391,272.53912509703,323.5118840948112,322.3223769159192,321.2628673091432,320.300930876463,319.4080999895967,318.56717749434836,317.76124074433733,316.98366436785125,316.22586649647513,315.48753366210417,314.7655420924599,314.06260258482826,313.3786465831914,312.71718353594576,312.07936074128844,311.46814272999063,310.88462600647745,310.3305169655501,309.8061055723688,309.3115397798107,321.36123183718666,317.00509655302324,313.40066710754274,310.3601862108395
104.10410410410411,277.5312144323679,323.59671596805555,322.3861683941498,321.31102366568655,320.33501308433597,319.43397740089466,318.5845178201981,317.77550466973946,316.9934633787551,316.2356180431367,315.49553779593094,314.77492560342364,314.071795734987,313.3895755882373,312.72857333159953,312.09220405994887,311.4814661219254,310.8987847158726,310.3447940047339,309.8204600856525,309.32547651203646,321.41257970262456,317.01692834155205,313.41141486363927,310.3741962880442
104.30430430430431,282.5375239589187,323.6834186656073,322.45258173710255,321.3598994235115,320.3719680388608,319.45965369961243,318.604544966566,317.7890588951562,317.0054441628774,316.24451616407174,315.50509241083876,314.78352686873126,314.08194944688586,313.3998724302978,312.7404632638328,312.1045672552612,311.4949738764233,310.9125920446176,310.3590581478436,309.83457412714034,309.33928084194775,321.4655043129389,317.029731319902,313.4220758530018,310.38809580759454
104.50450450450451,287.5548852509335,323.7723883129981,322.52033661935616,321.41144903203866,320.4092753950565,319.48800386626743,318.6242256561446,317.80493998697324,317.0167415671833,316.25519246501256,315.5139028575688,314.7933222612208,314.0914439542615,313.4108618153769,312.7518249338223,312.1172517919637,311.50808039367826,310.9264748781661,310.3730327154074,309.84861182109546,309.3529031315452,321.5202906451434,317.0430005065765,313.43294095132904,310.4018205879785
104.70470470470471,292.58012288815024,323.8632487586108,322.59038307647506,321.46412508060166,320.44889488946734,319.5167719233611,318.6459633496446,317.82075182742494,317.02966339396744,316.2655496435,315.5238480507663,314.8027194082876,314.10162733412716,313.4214656538638,312.7635279285785,312.1296002612705,311.5212888338215,310.9400820304296,310.386960313431,309.8624406396384,309.36639201809754,321.5766847457032,317.0571552530606,313.4437881172255,310.41543276708364
104.90490490490491,297.6100564654742,323.95613360074816,322.66220851440846,321.5186824005203,320.48983178158153,319.54709423942995,318.66855011630304,317.83771924679866,317.0430503190611,316.276672041191,315.53398227835794,314.81255034809004,314.1118197599641,313.43225321030786,312.7751334747773,312.1419637286396,311.53434599511354,310.9536038893616,310.4007205742435,309.87613542575224,309.3797270972117,321.6347901073376,317.07199480034234,313.45474410435577,310.4289065963365
105.10510510510511,302.6415026058138,324.05097455384146,322.73585769444384,321.5749881928162,320.53222723823194,319.57879759217866,318.69217267795807,317.85566509907807,317.05708803603824,316.2884073973741,315.54446072688944,314.8227010443318,314.122135398158,313.4431484788095,312.7867172775578,312.15429695373325,311.54729729632135,310.96701752658964,310.41433700710974,309.88968938864866,309.39291565653144,321.6945690543024,317.08755878746763,313.46579983051805,310.4422513750402
105.30530530530531,307.6712769747958,324.1477134941023,322.811348988089,321.6329521579838,320.57616531748056,319.61177292923514,318.71694769657705,317.87448071783024,317.07189502409625,316.3006636207655,315.55538380865704,314.83310334945634,314.1326490271863,313.45410669886803,312.79832956246685,312.16657388460817,311.5601733813569,310.98031035245396,310.42782600522116,309.90309968997735,309.40596359419675,321.75599057737816,317.10387417358527,313.47695250451716,310.4554746046412
105.50550550550551,312.6961962960895,324.24631501234416,322.88863085970155,321.69258941397555,320.62159309198745,319.6460667478615,318.74282408462665,317.8942252161368,317.0874274222584,316.313497705351,315.5667184452838,314.8438039897245,314.14333871365517,313.4651619861442,312.80995766363554,312.1788172219013,311.5729683189083,310.99349619519046,310.4411863683813,309.91637371694213,309.41887353212195,321.81903902517405,317.1209385747313,313.4882159150121,310.46857962630884
105.70570570570571,317.7130803660581,324.3467341134666,322.9676744478333,321.7538776513015,320.6685026026453,319.6816720902574,318.7698061951725,317.9149004809624,317.103695342154,316.32691599024565,315.5784760831081,314.8548108128786,314.15421483470044,313.47632190093725,312.8216099512444,312.19103337429453,311.58568844294354,311.0065801513829,310.45442284778443,309.9295155569783,309.4316492844626,321.88369218110086,317.13875881832854,313.499598174811,310.4815712567103
105.90590590590591,322.7187540664668,324.4489231685804,323.04845496766757,321.8167833272391,320.71689995137456,319.71856262691483,318.7979182830052,317.9364862188807,317.1207299891251,316.34090365775387,315.5906872298941,314.8661139774178,314.16530299420333,313.48758078733096,312.833305700707,312.2032199143025,311.5983470261014,311.0195622280513,310.46754380466365,309.94252729407236,309.44429543338885,321.94992480835526,317.15734507573177,313.51110467479236,310.49445515725546
106.10610610610611,327.7100493739724,324.5528385348984,323.1309296115244,321.8813025248332,320.76674684576955,319.7567639722431,318.82712548582475,317.95902231754246,317.13850165704974,316.35550330576314,315.6033286238789,314.87775144241476,314.17658673599095,313.4989685445281,312.8450346517377,312.21539814737406,311.61093891943324,311.03245617340775,310.48054825696454,309.9554165829039,309.456814797201,322.0177162978538,317.1766962780118,313.52274790440913,310.5072349459821
106.30630630630631,332.6838073651229,324.65843069201486,323.21506968030826,321.9474034705044,320.8180419517005,319.7962543479781,318.85744431214437,317.9824933439814,317.1570349829026,316.37070425828097,315.61642602933074,314.8897163020721,314.18808876507075,313.51048128798885,312.8568146219966,312.22756658124416,311.62347684892165,311.0452624556194,310.49344448500585,309.96818574579925,309.4692120691411,322.0870400285013,317.19682058532806,313.5345335116745,310.5199163208975
106.50650650650651,337.6368802155968,324.76564373125217,323.3008643793659,322.01501671965246,320.8708359008094,319.836946920056,318.88896164791896,318.006809000064,317.17642816171144,316.3864243917761,315.6300708348819,314.9019420632725,314.1998836258661,313.5220707023645,312.8687001991492,312.23969401204096,311.63599672341167,311.0579643579543,310.50625268754925,309.9808302245544,309.4814943293901,322.1578615302272,317.2177388072705,313.54645812053866,310.53250766457194
106.70670670670671,342.5661331924192,324.8744595121635,323.3881755590175,322.08429824339197,320.92485839219813,319.8791457542201,318.9213247945903,318.0323410918311,317.1963135218266,316.4030313543358,315.6439329626309,314.9147444210472,314.21170794674134,313.53397885917946,312.8805027068883,312.2519470285862,311.6483791070814,311.070661514721,310.51891262258306,309.9933928322744,309.49365288903624,322.2301874921982,317.2393887450429,313.55857619248843,310.5449997931392
106.90690690690691,347.46844663789193,324.98473320565,323.4772579738538,322.15472150797416,320.9807874846135,319.92199173275685,318.9554893897806,318.0580721842633,317.2177283421094,316.4195240714882,315.6589704471576,314.9272612753416,314.2243451186249,313.54554136847867,312.8927972284602,312.26386710583256,311.660998403269,311.08308201120326,310.53162232485874,310.0057642285701,309.50573014126724,322.30389838096966,317.26195688695987,313.5707624193476,310.55743942183364
107.10710710710711,352.3407179439824,325.0966105746512,323.5674706888862,322.2272729561094,321.03721411635144,319.9671762646644,318.9895287459942,318.0860540536468,317.23858750024175,316.4379555472496,315.67325047367194,314.94128535247177,314.2362059824714,313.5581578571816,312.90441075850384,312.2764329750969,311.6730886731876,311.0958152873778,310.54397948523155,310.0181898001974,309.51764952088246,322.3791489201325,317.28507526416087,313.58329858514514,310.56974455337536
107.30730730730731,357.179863515923,325.20976162922574,323.6596112714751,322.30053419780444,321.09601761561703,320.0123727038049,319.02605979380684,318.11348301198467,317.26175961417863,316.455512989349,315.68946184834255,314.95434715812434,314.2495243212481,313.56988852985444,312.9170089412723,312.288280776754,311.6857488438723,311.1080381240388,310.5565689048149,310.0303309170846,309.52953068837445,322.45565948358546,317.3092554515323,313.59580994545064,310.58204349563704
107.50750750750751,361.9828207237761,325.3244423602055,323.75271331994804,322.37599896835803,321.1551152201002,320.0600835705671,319.06222879987126,318.14341430736494,317.2841114960728,316.4753013997569,315.7046460175546,314.9692079453372,314.261819749158,313.58292982968766,312.92872526964123,312.30097388119304,311.69773831007643,311.12070572955,310.56872935487416,310.04258778715507,309.5412449676414,322.53367068783575,317.33394040412406,313.6087313350034,310.59420122985944
107.70770770770771,366.7465498407316,325.44028276364753,323.84767462763887,322.45210366312466,321.2165574261067,320.1077780638874,319.1008862209661,318.1727750680133,317.30880881037956,316.4941856669574,315.7218264560948,314.983059508823,314.2756557686981,313.59502990274456,312.9415100804658,312.31289759648683,311.7103672637958,311.13282712416384,310.58116738461825,310.0545480276536,309.5529372547559,322.612879308881,317.3596964444822,313.6216305714437,310.60636941099744
107.90790790790791,371.4680359669089,325.55751924611303,323.94358512869104,322.53023417460344,321.2784137798804,320.1577651986101,319.13939031809673,318.2044022941146,317.3329221060754,316.5150892718998,315.7381935052729,314.9985467168633,314.2886348315788,313.60833080794725,312.95352696390086,312.3256029155114,311.7223954584767,311.145363618473,310.59321398078407,310.0666181159137,309.56447662779686,322.6935035055796,317.38599949909184,313.6349284471603,310.6184135602889
108.10810810810811,376.1442909374454,325.67583775260357,324.0411689529304,322.60910761058227,321.34234913670787,320.2079806677831,319.1800626644679,318.2357805118453,317.3590540148296,316.5354175356219,315.75626805601024,315.0133107694165,314.3029290434557,313.6209104254165,312.9664555662213,312.3376901822057,311.73496795231785,311.15744519444775,310.6054936555008,310.0784333245831,309.57599227863284,322.77528882412145,317.413316556555,313.6482591973432,310.6304664810965
108.30830830830831,380.7723552136677,325.79539160518647,324.13976746457286,322.68969733382045,321.4069856476226,320.26005882941365,319.22102159707254,318.26893099222235,317.3851066281902,316.5572745502811,315.7740174205946,315.02927938781727,314.31678215294085,313.6343512343053,312.9789333428615,312.3503202141901,311.7471539361374,311.16979937655043,310.61750031867035,310.09030395424855,309.58738561338214,322.8583801761232,317.4412702376722,313.66193326642303,310.6424286397978
108.50850850850851,385.34929975614216,325.91599012261594,324.239725723013,322.771328058006,321.4731619769761,320.31293188485597,319.2634533407891,318.3025565509925,317.41242310400276,316.5793167282153,315.79275651740187,315.04522133809684,314.33134030747465,313.6476402957539,312.9918570094368,312.36274853887335,311.7595714936997,311.1819602687809,310.62957458202544,310.10203498780425,309.5987292538825,322.9426275530934,317.4701012482803,313.6757614979271,310.65437411723855
108.70870870870871,389.8722278784248,326.0376269405015,324.3408222500096,322.85426198068217,321.54046174260264,320.36706624736604,319.3068023657122,318.33724563497674,317.4403874206212,316.60216487640497,315.8118870076367,315.0617123328325,314.34608343495927,313.661255838147,313.00482031060704,312.375330026736,311.7719416537646,311.19415292691735,310.6415649891617,310.1137243630908,309.60999575934113,323.02804783223235,317.49969746107035,313.68984038865636,310.66627593845516
108.90890890890891,394.3382770803352,326.1602446044426,324.4430282593854,322.938409003173,321.6089489848566,320.4223314751108,319.3511887765722,318.372852512855,317.46914536062644,316.6256741098039,315.8315564658455,315.0786223940619,314.36114292259185,313.675092398923,313.0179278815781,312.38798828973734,311.7843381007751,311.2063309124445,310.6535139751616,310.1253548966,309.62119732809225,323.1145924653937,317.5300834451406,313.70415477737845,310.6781470426147
109.10910910910911,398.74462085959425,326.2837541032794,324.5463577762653,323.02369566471015,321.67860035697385,320.4787222548043,319.3965845137675,318.40939028652656,317.49867632046556,316.6498655414633,315.8517501938464,315.09597458852306,314.37650891327445,313.6891710585386,313.0311739428856,312.4007404021956,311.7967585479348,311.21850665536965,310.6654223812464,310.1369344880119,309.6323378498819,323.20222603120664,317.56125337121387,313.71871378108347,310.6899919844889
109.30930930930931,403.08847050067914,326.40811662679425,324.6507199708538,323.1101145716769,321.74938694724483,320.536206375632,319.442998582053,318.44682997627547,317.5290025746336,316.6747163180106,315.8724951732318,315.1137518329667,314.3922075662425,313.7034800654526,313.04458063651214,312.41357945242044,311.80921976318757,311.23067761043944,310.67730140180356,310.1484646679977,309.64342322961846,323.2909088984403,317.59320852484086,313.7335199107189,310.70181733460936
109.50950950950951,407.36707683976374,326.53328857847174,324.7560356131707,323.19764407903824,321.8212834678609,320.5947568713331,319.4904286776453,318.4851539586282,317.5601334686858,316.7002156069129,315.8938059254209,315.1319481714548,314.4082543441279,313.7180168664474,313.05816185710955,312.42650531475255,311.82173291506234,311.2428455075979,310.6891592052432,310.1599487997694,309.6544587853923,323.3806017219749,317.6259475274586,313.74857731077844,310.71362904261304
109.70970970970971,411.5777320046278,326.6591671793758,324.8623397332147,323.286185838565,321.8942762458221,320.65437535717507,319.53881968566833,318.5244088937788,317.5920074490566,316.7264233654554,315.9156273450563,315.1506227543333,314.42460437468367,313.7328325484821,313.0718845326376,312.43955734112103,311.83427698351903,311.2550368603581,310.7009863847507,310.1714007722476,309.6654463083266,323.4712688708305,317.6594573478031,313.7639003102516,310.7254294618404
109.90990990990991,415.717771128432,326.7857431618014,324.9694667463052,323.37580269438854,321.96829706033924,320.7150138693313,319.5882394537054,318.56447101896964,317.6247553732971,316.7531989400762,315.93810131368014,315.16964659062864,314.44138622298146,313.74782180629995,313.08585212191423,312.45265894256755,311.8469254536696,311.2672049829315,310.7128255597265,310.18280332693666,309.6763981405804,323.5628647064332,317.6937532199457,313.7794731368784,310.73723149276896
110.11011011011011,419.78457403627664,326.91287543551437,325.07754436666244,323.46629205187634,322.0433881391202,320.77669679742576,319.6385204394782,318.60556716179656,317.65808822938254,316.78084963233647,315.9609197511992,315.18932237081924,314.45832649311467,313.7632422004455,313.0998490979628,312.46600483243185,311.85952953474265,311.2794756911414,310.724596407154,310.19421297572814,309.68730168718656,323.6553593581198,317.7287890428386,313.7953489989548,310.74902325919055
110.31031031031031,423.7755669034751,327.04061573081657,325.1862602152196,323.55785881420064,322.1194181206312,320.83930511622725,319.68994714694975,318.64722155788263,317.6925834567939,316.8087314190198,315.984744440627,315.2090095339307,314.47603523338637,313.7785481152591,313.1143681785794,312.47918450336977,311.8724375054924,311.29158779395783,310.73649496026326,310.20552017929754,309.6982005865735,323.7486915994191,317.7646456042546,313.8114291129051,310.7608482051169
110.51051051051051,427.6882238844928,327.1687559617004,325.29589798036363,323.6501494819782,322.19646632526553,320.9030101547715,319.7419828728265,318.69023661314225,317.7272099395805,316.8379961225473,316.0083764738128,315.2298951317059,314.4933960716372,313.79477082556883,313.1285051185901,312.49298445767806,311.88501152584104,311.30404938479836,310.7481668769359,310.2169465063035,309.7090263167147,323.8428559808159,317.8011604043819,313.82791032103603,310.77264012211873
110.71071071071071,431.5200687115195,327.2973932075647,325.4060380393399,323.7434470969447,322.2744614550717,320.9673901965565,319.7955070997477,318.73324388694994,317.76368484345153,316.86668423061235,316.0338810119661,315.2499223987544,314.5123821845279,313.8100998964226,313.14388491197,312.50601495911087,311.8984117806809,311.31596221516145,310.7602657786345,310.2281063384966,309.7199161987627,323.93774599909545,317.83860021454547,313.84446087015715,310.7845324623472
110.91091091091091,435.2686762616679,327.4263113459035,325.51696739671826,323.8374585818325,322.3532512836022,321.0331203486705,319.8491322730925,318.7782543697952,317.79944545211697,316.89771789628475,316.0581475724642,315.27222630313184,314.5299799232363,313.8273405483982,313.1580028967343,312.5204528324588,311.9108424617225,311.3287452900746,310.77178145190237,310.2396174879064,309.7306671897128,324.0334217913454,317.8765395127507,313.8616005007919,310.79633077626374
111.11111111111111,438.93167409179966,327.5555427077146,325.6284344333391,323.93222696221153,322.4330742722982,321.09936114469235,319.90429745030815,318.82316750273986,317.8371118246697,316.92808419520657,316.08439632036857,315.2935467451765,314.54935519325954,313.8435477098891,313.1735199861278,312.533998595788,311.9242268400535,311.34089631536625,310.78380412311947,310.250829798013,309.741506549155,324.1297279040512,317.9154114586585,313.87879364604817,310.8082527251415
111.31131131131131,442.5067439400132,327.6850107785262,325.7403813646811,324.027841958647,322.5135012086087,321.166866178446,319.9597566362969,318.8696555351858,317.8745918416975,316.9601682768283,316.110057639624,315.3165115537518,314.5679432065691,313.8611422392691,313.1882499953664,312.5485711993341,311.9369708716702,311.3536829620238,310.7954284557442,310.26229925064223,309.752251951477,324.2267202977818,317.9548459859265,313.8964836388582,310.82012669831147
111.51151151151151,445.9916231928403,327.8146190422985,325.8528809884189,324.123962118424,322.59507238415557,321.2346659890743,320.0168666845525,318.91589012184363,317.91409312031016,316.99143894454045,316.1378578728907,315.33831996238933,314.5885071464765,313.8775141924161,313.20458355775725,312.5620817109137,311.9508382308828,311.3657185363525,310.80766647427043,310.2734208544171,309.76311565108443,324.32424010447426,317.9952293488275,313.9142013139906,310.83215194940146
111.71171171171171,449.3841063172234,327.94435550417046,325.9656784235909,324.22100383564106,322.6769047762172,321.3040883828707,320.0736784221893,318.96437541488,317.9525616266551,317.0253550976105,316.1640653995991,315.3628095244961,314.60726607798097,313.8962600946777,313.21923933316117,312.57742698617443,311.96340155410167,311.3789378128481,310.8191262445046,310.285046987458,309.773814249346,324.4224061844981,318.03600719218684,313.93260040329807,310.8440653696517
111.91191191191191,452.6820462563682,328.0740693932838,326.079030802369,324.3182613639166,322.7601226801229,321.37332476248434,320.1326567981551,319.0119034470037,317.99382660697194,317.0575651603725,316.19335896842244,315.38516470308525,314.62898308385525,313.91285370885083,313.236376604281,312.59094753941605,311.9777556893632,311.39089145637416,310.8315927910503,310.2961023150258,309.7847202089364,324.5209618004353,318.07786219618515,313.95086512789766,310.85621249215
112.11211211211211,455.8833557885865,328.2038176179914,326.1924684349604,324.4165224280842,322.84330501342845,321.4444065482948,320.1909785705784,319.0620145427276,318.03364462761425,317.09284302153503,316.2205977639291,315.41067998810837,314.64841874202483,313.93229988395404,313.2514010705678,312.6067153636769,311.9904690253242,311.4043205337146,310.84308460192364,310.3077989684863,309.79542732784364,324.6201040085519,318.1200157052769,313.9699030096664,310.8682200914585
112.31231231231232,458.98600884827096,328.3333891807375,326.30642252511655,324.5148113635063,322.9279085509089,321.51515623827345,320.251489900895,319.11111126195107,318.0762400492456,317.126426544258,316.2508886290285,315.4340905229646,314.6707984778645,313.94960677467805,313.268923119073,312.6206511051515,312.00500640462343,311.4164705465428,310.8556139574397,310.3189210445413,309.80635629451734,324.71953757170854,318.1632312770756,313.98881399994633,310.880473649533
112.51251251251252,461.9880418081642,328.46286962062436,326.4203508853903,324.6139933624593,323.01247714246773,321.5875474429157,320.3115455695484,319.16242235504563,318.11779818796674,317.1625690776776,316.27966196343783,315.46010466555083,314.6914477525581,313.96925898393744,313.2848058142231,312.63643974607805,312.0182488944958,311.4298428809022,310.8673678506094,310.3305804192646,309.8171345961293,324.8194476907714,318.20679943073526,314.0084113924695,310.89263492828024
112.71271271271272,464.8875547221127,328.59206608940656,326.5346119610967,324.71326557547263,323.09813513998205,321.6599427398871,320.37320701132296,319.21338254089306,318.16128210857,317.19794845510677,316.3104658861682,315.4850621544466,314.7140071864651,313.98776736267064,313.30228634064815,312.6512071266643,312.0326494738816,311.44248337886916,310.879780015787,310.34191142084535,309.8280638188737,324.919604301169,318.2512572004122,314.02806603417895,310.90497762165137
112.91291291291292,467.68271252751657,328.7210364287634,326.64881566359855,324.8131935724708,323.1839276966458,321.7335673099192,320.43485178564345,319.26591755122996,318.20443350807375,317.2350553322574,316.34062914674223,315.51171186585816,314.7357428640876,314.00776386154973,313.3189298812043,312.6671334271519,312.04635903872617,311.45588319132696,310.8917700291161,310.3535808371635,309.83892274655756,325.02010813427955,318.29617746478937,314.0482563799703,310.91730316857803
113.11311311311312,470.3717462067161,328.8496157235528,326.76319555193135,324.9132053300743,323.2705839860615,321.80734656160155,320.4977677361208,319.3184290141563,318.24905684430513,317.27187082922933,316.3722918487214,315.5378448953576,314.7588539101854,314.02713671854593,313.33670563537834,312.6824674342985,312.0608823072232,311.46884422235576,310.904223942113,310.3650569407791,309.8499002978031,325.1207894306443,318.34188325450657,314.06860171875314,310.92978154205485
113.31331331331332,472.95295390657867,328.97779273789376,326.8775144305853,325.01360647883115,323.35757427664726,321.8819292710839,320.56109360404315,319.37191423910895,318.2939842575244,317.30966920762063,316.4040877010031,315.56486380567856,314.78194379975577,314.04723311646705,313.35436542386844,312.69833141796664,312.0752668024701,311.48213846099753,310.91658336758366,310.3766867479113,309.8608828186226,325.22168343900825,318.3881498018601,314.0893475127473,310.942311639517
113.51351351351352,475.42470201557967,329.1054808638275,326.9917713677335,325.11423791869214,323.445019036478,321.95706951110975,320.6250735995167,319.4260340676639,318.3395710488701,317.3480365314148,316.4364444802182,315.5923224386673,314.805456076544,314.0676291246604,313.3723094050192,312.7143748721955,312.0898206788578,311.49552717382437,310.92903190909914,310.3883663317476,309.8719124540753,325.3227157395682,318.4350319455367,314.1104183834173,310.95493170952085
113.71371371371372,477.78542619769246,329.23261376168773,327.1059020525111,325.21505476196944,323.53286728884325,322.0327463372198,320.68966728749535,319.48078687349914,318.3857840823628,317.3869855373317,316.46933448418645,315.6202422645411,314.82936789750926,314.08834939850493,313.390520037367,312.730620922827,312.1045325678298,311.5090284980421,310.9415651642231,310.40010668941613,309.8829921726619,325.4238368404463,318.4825116529751,314.1318201041498,310.9676450184346
113.91391391391392,480.03363238243537,329.3591242353938,327.2198213611441,325.3160436936372,323.62107869603904,322.10893936848163,320.7548530552593,319.53616198229923,318.4326097024634,317.42651377299813,316.5027496198692,315.64862618609817,314.85367499136464,314.10939966311463,313.40899570193216,312.7470761530225,312.11940279967456,311.5226485254869,310.9541850141157,310.4119126011844,309.8941251558547,325.5250014709392,318.53057762657784,314.15355453910644,310.98045481926323
114.11411411411412,482.16789771044955,329.48508076958285,327.33329002409755,325.4172683006961,323.70956979656194,322.18561944124156,320.82060290068955,319.59213875913406,318.4800332155845,317.4666113284383,316.5366841662518,315.67747155647214,314.8783773950603,314.13078168866105,313.42773970333803,312.7637446745155,312.13443621976614,311.53639234034785,310.96689675704874,310.4237892892881,309.90531650428585,325.626165666436,318.57921407401966,314.17562300360936,310.9933662221473
114.31431431431432,484.18687143400643,329.61006765917045,327.4469445108351,325.518204452265,323.79847044717053,322.2627231254274,320.8868966949499,319.6486962510889,318.52804346367793,317.5072665486401,316.5711352649209,315.70677303690303,314.9034774532174,314.1524942435044,313.44675710526917,312.78062780965894,312.14963880151635,311.55026283471017,310.9797060802923,310.43574062275843,309.9165708919806,325.72728203897367,318.62840764465557,314.1980259297106,311.0063838462516
114.51451451451452,486.08927577187876,329.7341908693097,327.56038208473245,325.6190762406676,323.88762906572566,322.3402442446978,320.9537055474897,319.70581673304787,318.5766251867328,317.5484714227144,316.60609550230686,315.73652929050206,314.92897297251443,314.1745399946512,313.46604893319,312.79773020147377,312.16501341058085,311.5642652268114,310.99261681577656,310.44777150468576,309.92789256773443,325.82830450102665,318.6781428784583,314.2207642784663,311.01951190511784
114.71471471471472,487.8739067180302,329.8578255276483,327.67265487339387,325.72053574006907,323.97667192394186,322.4182821512925,321.0209499882067,319.76350254258574,318.625755023499,317.5902215203102,316.64155391852063,315.7667418113454,314.9548584009311,314.19692436831025,313.48561323896826,312.8150588529409,312.1805606300738,311.5784063910805,311.0056314311602,310.45988756901994,309.9392854572489,325.92919404326915,318.7283965986245,314.24383933449917,311.03275429571664
114.91491491491492,489.53963480361506,329.9802415039839,327.78520229017425,325.8211254428156,324.0664636739522,322.4963391598397,321.0888129306027,319.8216520062974,318.6754485455771,317.6324919868199,316.67751543908133,315.79739598692765,314.98114353345636,314.2196375206607,313.50546194357895,312.832607950531,312.1962918235865,311.5926842737945,311.0187588193842,310.4720903943522,309.95075479670055,326.02987441415314,318.7791841816757,314.2672493870309,311.04611602156353
115.11511511511512,491.08540581180387,330.1019279762685,327.8966068179326,325.92236600833866,324.1556881549587,322.5752005835057,321.1568356787025,319.8804421440818,318.72560747507873,317.675310034415,316.7139509653492,315.82850535096406,315.0078112668053,314.24269466155056,313.52558325113506,312.85039270355486,312.21219999470236,311.6071114880222,311.0319969151239,310.48438816864524,309.96230347874337,326.13035790820084,318.8304292595255,314.29099744680195,311.0596000090474
115.31531531531532,492.51024144498274,330.2223190696968,328.00812454762706,326.0225751804269,324.24581112032706,322.65371147796947,321.2256983256615,319.939465357964,318.7764077032879,317.718574509277,316.75089865595925,315.86003777743264,315.0348818689525,314.26607648897203,313.5459967526809,312.868399802852,312.2283024291129,311.62168077461587,311.0453581320523,310.49678007176146,309.9739373948726,326.2305082792094,318.88220891042994,314.315078538178,311.07321176048305
115.51551551551552,493.8132399439047,330.3418776604058,328.11832849850794,326.1234928471406,324.3350323275975,322.73328656942033,321.294347275047,319.9993412088245,318.827475479038,317.762459655817,316.788256170732,315.89204183869816,315.0623179449236,314.2898111864757,313.56667957283105,312.8866532287078,312.2445841953943,311.63641072118975,311.0588356867604,310.5092769413748,309.98565835780266,326.3304035806144,318.93437595789175,314.33950075432733,311.0869531805044
115.71571571571572,494.9935766584015,330.45999325593755,328.2286477225092,326.22307346516675,324.4253879688041,322.8120711054574,321.3641537950019,320.0590929948136,318.87938549957994,317.80661693081976,316.82619908374113,315.92441180638144,315.0901783643678,314.31385573350946,313.58766711669733,312.9051266295827,312.2610727224476,311.6512855660966,311.07244789510946,310.52187408450635,309.99747340441945,326.429834703575,318.98708966079124,314.36424793010775,311.10083073451585
115.91591591591592,496.05050456929257,330.57721492761897,328.33738183863363,326.3235506609575,324.51438036510353,322.8922983005858,321.43324370193415,320.1200528026085,318.9312176745267,317.85159218190745,316.86439436095503,315.95732776724105,315.1183517291924,314.3382800747048,313.60890939387485,312.923862678251,312.27773825406564,311.66633488693884,311.0861797009039,310.53458711763227,310.0093825288537,326.5289652185799,319.0401001443864,314.3893463286528,311.11484449767886
116.11611611611612,496.9833547611644,330.6928058493736,328.44634686957363,326.42223910137227,324.6049020293148,322.97112666611827,321.5039857979837,320.18034640002185,318.9842690442288,317.89650887057616,316.9033688336627,315.99046534770207,315.1470250226259,314.36296572503574,313.63048687371645,312.94280490702164,312.2946290637816,311.6815272372462,311.1000601134653,310.54740463834065,310.02139485613236,326.62748410315055,319.09369578929466,314.4147495752203,311.12900318179317
116.31631631631632,497.7915368457177,330.8074873160945,328.55333724024865,326.52218860908084,324.6933910204871,323.0520002125577,321.5732738108067,320.2424373641425,319.0366718003188,317.9426382222921,316.94227526313097,316.024342743768,315.17587498306483,314.38811000573713,313.65227168863095,312.96204445857416,312.3116826189684,311.69691442938563,311.1140587029515,310.5603510428113,310.0335072244178,326.72568087969375,319.14745929213825,314.440528775955,311.14330280370694
116.51651651651652,498.4745393354159,330.9203031075287,328.66081831436003,326.6196853609171,324.7840652348093,323.13057627568827,321.64501129571664,320.30301619699645,319.0909560683313,317.98812198723476,316.9823655503882,316.05813231465794,315.20541759964016,314.4133864796827,313.67447221247966,312.98144459660364,312.3289981367859,311.7124311159173,311.12822607455854,310.5734022909538,310.04573275181934,326.8230896586607,319.20189421973345,314.4665706406128,311.15775807400695
116.71671671671672,499.03192996719906,331.0321518845592,328.76606305937867,326.7186269835803,324.87224405650693,323.2116013890079,321.7147167675978,320.3658768881444,319.14406404408174,318.03521691817474,317.0220299747863,316.09290325737186,315.23495229366523,314.4392375125394,313.6968053810235,313.00119243422455,312.34645260943756,311.7281668731772,311.14250801209874,310.5865956870742,310.05806384724536,326.9201374746066,319.256380918557,314.4930181757649,311.17235740580657
116.91691691691692,499.4633559760573,331.1421613710116,328.8713327097025,326.81553415823987,324.9619784850484,323.2907670107043,321.7864156649979,320.42745055717285,319.1988707366629,318.08169216188656,317.06286732720207,316.12753680710694,315.26521617144556,314.46518014517034,313.7195817226651,313.0210874111781,312.3641823964587,311.74403492078983,311.15696640204294,310.59990138762214,310.0705151775295,327.0163547469413,319.3114592895845,314.51972045151325,311.18712005688866
117.11711711711712,499.7685443182909,331.2508762238287,328.97488534180064,326.91289879441587,325.050172207522,323.3712822469641,321.8569492645594,320.4905111916246,319.25302151253135,318.1293729625601,317.1034958993172,316.16300260916694,315.2955373213592,314.49165634401544,313.7425113295571,313.0413194713946,312.3820661986647,311.76011914516477,311.171553050766,310.61335179622375,310.08308075364613,327.1120229629063,319.3666701661185,314.5468054150987,311.20203418889304
117.31731731731732,499.9473018443158,331.3578506578225,329.07779144648015,327.00899288968446,325.13883003908717,323.4509236911764,321.92842837872644,320.55309829789144,319.3081417137532,318.1769300361499,317.14490428470504,316.19857015817195,315.32641506550806,314.5183247939721,313.7658176824785,313.06174373286973,312.40020113829905,311.7763607459179,311.1863097656645,310.62692890964104,310.09577096858396,327.20687774485015,319.42230054224524,314.57417428660005,311.2171143056213
117.51751751751752,499.99951542090605,331.4632311023202,329.17944473767017,327.1046118511182,325.22689352510963,323.5307515037514,321.9997543161487,320.61615915412057,319.36338901000056,318.2250082161131,317.1865826388166,316.2345926581775,315.35759593896563,314.54534934351324,313.7893923630548,313.0824304063308,312.41854479898115,311.79279070156076,311.20122204142706,310.6406457491735,310.10858598723064,327.30098654399393,319.4781786670399,314.60187214200835,311.2323578556746
117.71771771771772,499.9251520027933,331.5670640149198,329.2800399987699,327.199427275573,325.31469987797465,323.610352024194,322.07128711386866,320.67933574850076,319.4190378874466,318.27337132263756,317.2286920806755,316.27094707188417,315.3891557823311,314.57267828152703,313.813266091285,313.1033614586523,312.43710993556857,311.80940390275146,311.2162963227255,310.6545022870405,310.12152890992786,327.3943166382863,319.53434483062586,314.62988173713586,311.24776827160275
117.91791791791792,499.7242586535816,331.66926406030143,329.3792842171877,327.29367779232757,325.40178364645357,323.69008575145966,322.14253482699786,320.74298581221035,319.47468711904224,318.3222920145697,317.27096530633474,316.3078042204061,315.42094516037594,314.6004046050538,313.837367892992,313.1245843254477,312.4558686938968,311.82622507799147,311.23152599443995,310.66851152123917,310.1346039514462,327.486819093546,319.590693015831,314.65822124085514,311.2633470478027
118.11811811811812,499.39696251596104,331.7695644954675,329.4773285890659,327.3870157682634,325.48850824510464,323.76949318558775,322.21391823313195,320.8066681087615,319.53070224925915,318.371432532103,317.3136597898292,316.3449488841504,315.45311742047943,314.6284110607383,313.86177803760256,313.14604330681266,312.47485966709286,311.84323147218504,311.2469282575313,310.6826675459295,310.1478160851701,327.5783820566979,319.64727618261696,314.6868597419567,311.2791006055818
118.31831831831832,498.9434707312407,331.8679653204179,329.57417311440446,327.47944120338036,325.57487367392775,323.84857432657844,322.2854373322709,320.8703826381543,319.58708327809734,318.4207928752374,317.356775531159,316.38238106311695,315.4856725626415,314.6566976485804,313.8864965251167,313.1677384027472,312.49408285515676,311.8604230853322,311.2625031119994,310.6969703611114,310.16116531109964,327.66900552774183,319.7040943309838,314.7157972404405,311.2950289449399
118.51851851851852,498.3640703082523,331.9644432048273,329.6697019500747,327.5710013182276,325.66074960706635,323.9274207553929,322.3569543634497,320.93422455114995,319.643714772889,318.4704492282988,317.40023273379995,316.4201511679265,315.5185640005525,314.68529341913506,313.91150025007715,313.1896851708327,312.5135288768005,311.87780824319384,311.27824828589127,310.71142436626536,310.17465305193247,327.7586633671177,319.76111512991747,314.74503880170477,311.31113256481666
118.71871871871872,497.65912794170566,332.0589661711789,329.7637763663101,327.66161722075725,325.7459988020999,324.0059985382009,322.42835307293325,320.9981811191391,319.70050882174036,318.52039845588905,317.44397456953453,316.4582601928506,315.5517611259845,314.71420177665766,313.9367768933145,313.21188909012244,312.53319637183984,311.8953939512921,311.2941680486996,310.7260369347096,310.1882857373768,327.8472714197094,319.81828320784723,314.77457781578596,311.3274162087836
118.91891891891892,496.82908978011267,332.1515340510938,329.8563960981933,327.75128516071044,325.83062149742847,324.08430379356173,322.4996345336539,321.0622489511234,319.7574665942874,318.57063804393914,317.48800195925253,316.4967065617709,315.5852645497435,314.74342189351796,313.9623268392881,313.23434982153657,312.5530856001106,311.913180144201,311.31026259435737,310.74080813645907,310.202063505311,327.9348281201975,319.8755980164513,314.8044139331714,311.3438799960878
119.11911911911912,495.87448114342607,332.24206999462797,329.9475422721186,327.8399495962969,325.9146098108642,324.16228090285273,322.570803524754,321.12638118755325,319.8145963945552,318.62113390380375,317.5323222408151,316.5354692203043,315.61907957029354,314.77294298246096,313.9881539273442,313.257063280419,312.5731997329686,311.9311665036481,311.32653475608555,310.75573947747114,310.2159886675883,328.02129051535206,319.93304745029627,314.83454179616444,311.36052582755235
119.31931931931932,494.79590619057143,332.3305431146489,330.0371578144924,327.92753063797346,325.9979086190596,324.23985714492306,322.64182310957835,321.1905223371894,319.8718749958621,318.6718479693492,317.57692185982944,316.57452561337607,315.65319974623856,314.80275436564284,314.0142568836058,313.28002670771195,312.5935409645106,311.94935485654776,311.3429885978847,310.7708348813249,310.23006564274607,328.1065994662195,319.9905980543616,314.864952663315,311.3773569886028
119.51951951951952,493.5940475370831,332.41693810322084,330.1252318390733,328.0140209113664,326.0805059582306,324.317026862357,322.71268292290756,321.254669047951,319.92929469745576,318.72277836928487,317.62179576924615,316.61387480998593,315.6876222749569,314.83285577485304,314.04063452725325,313.3032403148074,312.61410913023707,311.96774572091067,311.3596244974354,310.78609498489044,310.24429501295157,328.1907447348496,320.0482441613691,314.8956455403713,311.394373869285
119.71971971971972,492.26966582308614,332.5011951456792,330.2117006232721,328.09936461854323,326.1623366701147,324.3937422376009,322.78332839284127,321.31878739967345,319.9868160936806,318.7739031984455,317.6669186306845,316.65350422491383,315.7223333082312,314.86324162966605,314.06728134551827,313.326703428584,312.634904053825,311.9863414349733,311.376445155096,310.8015234538963,310.25868044759204,328.273667859042,320.105950743065,314.9266127873827,311.4115789090765
119.91991991991992,490.82359923189733,332.5833124302769,330.2965497368089,328.18354546719854,326.2433852703995,324.46998839780196,322.8537469046573,321.3828660872348,320.04443030759194,318.8252148290576,317.71228483993747,316.69340931551733,315.7573298290194,314.89390975364245,314.0941962067124,313.35041551283393,312.65592583625914,312.0051424552188,311.3934513432709,310.81712120060325,310.2732229213282,328.35535626049716,320.1637085936958,314.95785212354514,311.42897275133606
120.12012012012012,489.25676295955043,332.6632233858785,330.37972538593107,328.2665081296581,326.3235998126072,324.5457147050239,322.9238954507025,321.4468657761043,320.1021064924519,318.8766863631903,317.75787466691673,316.7335738699476,315.79260099961414,314.92485217631315,314.12137480972564,313.37437434276313,312.6771744964974,312.0241500613366,311.41064546397246,310.832891135211,310.2879255779379,328.43575428381973,320.22148574987307,314.9893552396727,311.4465573469911
120.32032032032032,487.5701486355807,332.7409025049673,330.4612093682447,328.3482362796665,326.4029646621857,324.6209065876117,322.9937609075202,321.51077510325223,320.1598350705089,318.9283100005526,317.80368191194873,316.77399316709443,315.8281433643045,314.95606655573937,314.14881572402277,313.3985792455899,312.6986499447849,312.04336460693406,311.428028170975,310.84883409073956,310.30278931230623,328.5148438805352,320.2792725987565,315.0211196113502,311.4643332251479
120.52052052052052,485.7648236954362,332.8163109667333,330.54095016279405,328.42868072391565,326.4814329348558,324.6955207057098,323.0633038763069,321.57455998056093,320.2175869303736,318.98006208018955,317.84968752970485,316.81465273335505,315.86394616574717,314.9875455755439,314.17651434515676,313.4230279576077,312.72035167273583,312.06278695774046,311.44560124429665,310.8649524096768,310.31781666286076,328.5925790988017,320.3370400794272,315.05313735548214,311.48230178946216
120.72072072072072,483.8419307049122,332.8894407018246,330.6189261078378,328.5078168562747,326.558980750827,324.76953479744856,323.13250423990644,321.6382027426047,320.2753470544316,319.03193018328716,317.89588158707323,316.8555448765213,315.9000037170278,315.01928526605326,314.20446816212586,313.4477191535796,312.74227929831665,312.0824174372925,311.4633655011946,310.88124720267604,310.3330088512511,328.6689398428426,320.39477316146065,315.0854042350615,311.50046365814626
120.92092092092092,481.8026866370367,332.96024137370335,330.6951008102896,328.5856068085979,326.6355708961778,324.84291395654265,323.2013303736711,321.701675531643,320.3330916776682,319.0838945808605,317.9422482447558,316.89665727866355,315.9363068644539,315.0512791895581,314.232673049699,313.47265059217676,312.76443208197685,312.1022564325905,311.4813221194183,310.8977201202363,310.34836771039835,328.7438867690622,320.45244808171975,315.11791339491026,311.51881969292407
121.12112112112112,479.6483821018643,333.0286867083796,330.76944115747875,328.66201808098816,326.7111715925263,324.91562816773524,323.2697548843941,321.76495411213574,320.3907999692428,319.13593789101134,317.98877342871145,316.9379789287328,315.97284733478557,315.0835214612987,314.2611251460704,313.49782008040444,312.78680915659794,312.12230408238344,311.49947194365853,310.914372435845,310.3638946839572,328.8173891414216,320.5100440570991,315.15065859025833,311.53737046048843
121.32132132132132,477.38038052966766,333.0947626902831,330.8419214789286,328.7370234284549,326.7857560735639,324.9876521066636,323.33775460451744,321.82801793472066,320.44845422479284,319.1880452997345,318.03544511158657,316.9795003857756,316.0096180082476,315.116006989339,314.28982108169106,313.52322567095314,312.80940970759,312.14256043249986,311.5178156254105,310.9312051701771,310.3795909411899,328.8894231555788,320.56754343507043,315.1836344272013,311.55611637537345
121.52152152152152,475.0001173080392,333.1584357538222,330.9125099627391,328.8105880099451,326.85928946092525,325.05895255304057,323.4052989940703,321.8908397812028,320.5060308852828,319.240196994124,318.08224712291775,317.0212088795022,316.0466091857718,315.1487287682416,314.3187561493209,313.5488645597257,312.8322324523792,312.1630253597554,311.5363538616267,310.948219523682,310.3954578902968,328.9599551480945,320.62492275551955,315.2168335085124,311.575057817548
121.72172172172172,472.50909887345495,333.21968555939543,330.9811792594968,328.88268257446276,326.9317421630927,325.12950103900425,323.4723617051614,321.9533960379619,320.563509401141,319.2923755968226,318.1291651956297,317.0630930680185,316.0838121839502,315.18168045914723,314.34792601940836,313.57473408804674,312.8552760731409,312.18369857229146,311.5550870897853,310.9654163853402,310.4114966114426,329.02895811909036,320.68216158734333,315.2502491637142,311.5941949464001
121.92192192192192,469.9089017578706,333.2784605828935,331.04790230633665,328.95328247467523,327.00308964964415,325.1992739151999,323.5389207796029,322.0156669723953,320.6208725571284,319.3445665133252,318.1761873152454,317.1051433715135,316.12121964206483,315.2148566632638,314.37732697817233,313.60083194601174,312.87853938857984,312.20457975399063,311.5740156102011,310.98279643848826,310.42770795200147,329.0964017857499,320.73924282753944,315.28387572020523,311.61352782865225
122.12212212212212,467.20117159095594,333.3349053317953,331.11237916476915,329.02253811936714,327.0732371636274,325.2682522878206,323.6049470853159,322.0776273385107,320.6780981937742,319.3967508605778,318.2232978669672,317.1473472747337,316.1588218847037,315.24825022675975,314.40695404571943,313.6271549710979,312.9020207018467,312.22566833523393,311.5931396595564,311.0003604239855,310.4440928729017,329.1622624134759,320.7961442690292,315.3177056806029,311.63305639870487
122.32232232232232,464.38762205859814,333.3887424207848,331.17511885615835,329.0900483519069,327.14229180102024,325.3363822422927,323.6704169750308,322.1392532647635,320.73516540818036,319.4489107856159,318.27048200704274,317.1896928164543,316.1966096050019,315.28185421119787,314.43680233388153,313.6536999953694,312.9257182370847,312.2469636145209,311.61245930803113,311.018108897721,310.46065214617533,329.2265167344326,320.85284568812665,315.351731792381,311.6527804407066
122.52252252252252,461.4700338183328,333.43979988334127,331.23638709550914,329.15560602610975,327.2102802301582,325.4036302054238,323.7353057343853,322.2005218136109,320.79205393577666,319.5010288990841,318.31772521781267,317.2321682395946,316.2345736011508,315.3156617046826,314.466866920806,313.68046377252745,312.94963010835403,312.2684647592623,311.6319744825659,311.03604226760757,310.4773863974965,329.28914068810843,320.909327120134,315.3859468477523,311.6726996030573
122.72272272272272,458.45025337238985,333.4886759434578,331.29491148230017,329.2201370222098,327.2767676630178,325.4700897340453,323.79955518307474,322.2614206604487,320.84874082480985,319.55308840731516,318.3650128421209,317.2747616998896,316.27270454592974,315.34966565237283,314.4971427339631,313.7074429046438,312.9737542816169,312.29017079484885,311.6516849752434,311.05416081399727,310.4942961317661,329.35011636900623,320.9655635835539,315.4203435073598,311.69281339949447
122.92292292292292,455.33019189906753,333.53502610143744,331.35141352191147,329.2829197389647,327.34215079118525,325.5355454607065,323.86321416134695,322.3219014138455,320.9052137360347,319.60507022794076,318.4123305507298,317.3174612251079,316.3109929928294,315.38385886099456,314.5276245531841,313.73463384438514,312.99808857614966,312.3120806054191,311.6715904436487,311.07246468975177,310.51138173308124,329.4094111228411,321.0215460179796,315.4549142953002,311.7131212096101
123.12312312312312,452.11182404317304,333.57873725872963,331.40603730746636,329.3438940251784,327.40631924103286,325.6000818183992,323.9261777176778,322.38199055788175,320.9614278799456,319.6569676186125,318.4596599239704,317.36025595134987,316.34942907862427,315.41823407102555,314.5583070032287,313.7620328995391,313.0226306660961,312.3341929346849,311.69169041103123,311.090953920022,310.52864346431767,329.4670139301613,321.0772447396176,315.48965180075345,311.73362227923036
123.32332332332332,448.7971866662968,333.61996042338325,331.4583974171621,329.40337836761347,327.4690740056346,325.6636955958374,323.98847574912554,322.4416044406147,321.01740548938864,319.7087420530676,318.50699484463536,317.40313095072383,316.38800392424133,315.4527836446122,314.58918461503004,313.78963622651855,313.0473780824616,312.35650638649247,311.7119842664812,311.1096284021745,310.54608146693283,329.52290116192614,321.1326445153664,315.5245478722252,311.7543157209085
123.52352352352352,445.38837755771,333.6585438341276,331.50882586639716,329.4609672682368,327.53066938097095,325.72623877004554,324.0500946732799,322.5007620404375,321.073081594454,319.76040870371054,318.5543022183588,317.4460829701391,316.4267039992657,315.4875014053561,314.6202512864409,313.8174399794695,313.07232817912677,312.37901943359174,311.73247126389293,311.1284879061179,310.56369576086917,329.57704902395557,321.1877298460481,315.5595959281343,311.7752005087197
123.72372372372372,441.88755410670177,333.6946305842413,331.5569273078437,329.51709067386724,327.5907035367162,325.787929910784,324.110905154638,322.55945728623055,321.1284627476315,319.8119174971674,318.6015921929674,317.4890853307335,316.4655264143394,315.5223767892303,314.6515022634611,313.8454397229481,313.0974782892798,312.4017303830186,311.75315052940874,311.14753207324486,310.581486244647,329.62945640269044,321.242466975727,315.59478610414243,311.79627550391984
123.92392392392392,438.2969319371981,333.7280493037363,331.6031180724257,329.57118364995864,327.64966734618685,325.848362936836,324.1711131756649,322.61756978563255,321.18354854940765,319.8632685866762,318.64882509936075,317.5321459964786,316.5044484147555,315.55740887147874,314.68292838670914,313.8736325775672,313.1228249974365,312.42463760589,311.7740209960525,311.16676043401145,310.5994526920926,329.68007626182873,321.2968650393484,315.63011284939785,311.81753934509663
124.12412412412412,434.61878350552115,333.75898942212103,331.6468694939013,329.6239120998826,327.70685186478113,325.9080885781582,324.2302962736372,322.6753116523474,321.23821365500737,319.9144749297397,318.6959917542241,317.5752371013517,316.54347394076376,315.59258053697494,314.7145286401995,313.9020117913965,313.14836625656886,312.4477387943412,311.7950816408826,311.18617234100526,310.61759476609245,329.7289422917689,321.3508576529912,315.66556640213724,311.8389907597781
124.32432432432432,430.855436662184,333.78718034607823,331.68889884077925,329.6742494757782,327.76332378755274,325.966094116574,324.2892231015315,322.7321063879558,321.2927859079829,319.96532925777,318.74316788981133,317.61831103584467,316.5826024807816,315.6278837234854,314.74629464464573,313.9305748003,313.174097704477,312.4710324784912,311.8163309192057,311.20576715982907,310.63591197452564,329.7759493133525,321.4045225090103,315.7011333370115,311.86062804730574
124.52452452452452,427.0092731786246,333.8129160550923,331.72838480553617,329.7233245442274,327.8178026536694,326.023546171933,324.3468903185915,322.78865714396744,321.34677172665806,320.0160913318159,318.7901988040303,317.66141435423884,316.62180619873436,315.6633109193362,314.7782243185098,313.95931288740377,313.20001873911696,312.49451497943875,311.8377681177384,311.22554374393997,310.65440380501417,329.82119484609166,321.4577218650126,315.7368137356446,311.8824498770497
124.72472472472472,423.08272723981514,333.83606588306066,331.7656742645815,329.77063440076796,327.8707858842187,326.07997257303987,324.40361017743277,322.84474661296855,321.40023305239686,320.06674568312457,318.8370251194915,317.7045932173194,316.66102092987273,315.69889531452424,314.8102833184644,313.98823830072655,313.2261164665437,312.5181888005908,311.85938941557595,311.24550206468007,310.6730692885999,329.86462660113375,321.5104721290828,315.7726062161815,311.9044532071981
124.92492492492492,419.0782839036991,333.85650970332796,331.8011134679301,329.8156162985891,327.92294956455385,326.1345793865027,324.460153249251,322.8996086830102,321.45380947667206,320.11673321700385,318.88405249727896,317.74752931912553,316.7004460319956,315.7344932624328,314.8425474973789,314.01729891707384,313.2524128642652,312.5420384684523,311.8811993428333,311.26563835203825,310.69190833245125,329.90615368418077,321.56287142464316,315.8084630056013,311.92663947200805
125.12512512512512,414.99847752843186,333.87455475380324,331.8338291599253,329.8595747099035,327.9726655870757,326.189088153966,324.5147874755339,322.9547859712858,321.50615182029077,320.16710448584,318.93045971513465,317.79078724350273,316.739680322477,315.77034739993513,314.8748573012567,314.04657817758505,313.2788557033344,312.5660866353142,311.903183747637,311.28595681463986,310.71091845287043,329.9459424729347,321.61465789361705,315.84445008895136,311.94900027075914
125.32532532532532,410.84589016841903,333.8898144714269,331.8649357101453,329.90079966864295,328.0220016999707,326.2412253406012,324.56972353205276,323.0082155354972,321.5589977889917,320.21642332859756,318.97731866624446,317.83356662756313,316.77925645587095,315.80609324038505,314.9074282972273,314.0759387418251,313.3055161160016,312.59029015879537,311.92536126268016,311.30644670182454,310.73010129523067,329.9837553781574,321.66613577027675,315.88045667257427,311.9715431069065
125.52552552552552,406.6231499401697,333.9027050463736,331.89326008178364,329.94106217297525,328.0687492921539,326.2933663546077,324.62255682550006,323.06209164555435,321.61040485682884,320.2662549862661,319.0233840307749,317.8767658922508,316.8185223511286,315.84215329784377,314.9399773101173,314.1055446126155,313.332291195147,312.6147013589279,311.9477008357826,311.32712017831017,310.74945165926493,330.0198285895788,321.71693846898484,315.91659269279114,311.9942530454865
125.72572572572572,402.3329293589967,333.91286851317795,331.91985487553757,329.97874490244413,328.1148865631272,326.3433073883663,324.67547183772695,323.1143322040844,321.6621756213895,320.31506682108613,319.0698425795113,317.9194675890127,316.85811872385204,315.8780715924841,314.9727916914238,314.1352053716683,313.3592884341127,312.6392531667093,311.9702351086809,311.3479588272229,310.7689732946828,330.05393244853065,321.7673778127596,315.95273099368814,312.0171417662817
125.92592592592592,397.9779436476174,333.92059489940823,331.94394775571936,330.01502530939837,328.15892649923046,326.392659786993,324.72679798561484,323.1664816913773,321.7128983922312,320.36401811803654,319.11573441736584,317.9623815802069,316.8975049074607,315.91420927695293,315.00561525573914,314.1650748631326,313.38640485047716,312.66400011386946,311.992929442889,311.3689765886865,310.7886598482688,330.0862308501499,321.81718612092516,315.9889571766984,312.0401941688382
126.12612612612612,393.5609490177266,333.92573616037146,331.96592816191384,330.0492996611801,328.20160532852316,326.44058314108105,324.7773641437182,323.21772297205126,321.76327811783034,320.4124839458995,319.1615419146959,318.00511542275666,316.936953448213,315.950359738871,315.03857657898993,314.1950607818813,313.41369111332165,312.6889070603584,312.015799832015,311.39016285501566,310.808512712558,330.11663049061394,321.866478218839,316.02521319414234,312.06341471465373
126.32632632632632,389.08474092562676,333.92835583029796,331.9856810675582,330.08171677303625,328.24273219346435,326.4872577453193,324.82695608471886,323.26822725916816,321.8131292588712,320.4605922425119,319.20713455692214,318.0477464213773,316.9763871868196,315.9865609967689,315.07163647340855,314.22517808701355,313.4411297975802,312.71397831439083,312.03883936366935,311.41151778142273,310.8285295530152,330.14514872193524,321.91520788043846,316.0615018330776,312.0867989620157
126.52652652652652,384.5521523030211,333.92844695166525,332.0032691939378,330.11222900194815,328.28231707585996,326.53265937292144,324.87556662456734,323.3179702308255,321.86244233965874,320.50832194941734,319.25250263949135,318.09025888231355,317.0157976144852,316.0228025745395,315.10478846231047,314.2554203828043,313.4687165775883,312.73921022229416,312.06204538484127,311.4330392230611,310.8487085745388,330.1717843192665,321.9633607567921,316.0978135832906,312.1103439964647
126.72672672672672,379.96605176409116,333.9260197856314,332.0187061894694,330.1408328184498,328.32034843560257,326.5767768871525,324.9231804078087,323.3669366778399,321.91120136051524,320.5556585621361,319.29763225180255,318.1326408941163,317.05517407311737,316.05907573442795,315.1380251921938,314.28578187052597,313.49644682720515,312.76459923431236,312.08541512453894,311.4547249835528,310.86904790166255,330.19653682326117,322.0109218520205,316.1341395528763,312.13404681425436
126.92692692692692,375.329341789987,333.921167247537,332.0318425994612,330.1676588955865,328.3567339863989,326.619659101466,324.96973199058016,323.41515573106744,321.95935360173536,320.60261799495504,319.34248617071023,318.1748979016828,317.0944938460376,316.0953796657746,315.1713342987547,314.3162595405903,313.5243142650512,312.7901424561909,312.1089453591512,311.47657287953746,310.8895455162679,330.2194123660899,322.05786909780966,316.1704730505679,312.1579040952397
127.12712712712712,370.6449568918879,333.91380420586324,332.04292513901896,330.1924622323463,328.39165979960933,326.66114825973744,325.0153241812579,323.4625173503274,322.0069631866467,320.64912125925446,319.3871019871134,318.21697962579293,317.1337738170402,316.1316869240353,315.2047202577128,314.346840198243,313.5523181526067,312.81583397102855,312.132634121733,311.4985800535011,310.91019943810267,330.2403999273151,322.10420559292,316.20680016456487,312.1819131473944
127.32732732732732,365.9158617537891,333.90406631019715,332.0516755514159,330.215591218245,328.4247953139948,326.7015049186158,325.0597268890222,323.5091819457397,322.0538735410883,320.69526934453177,319.4313752841044,318.2589439303913,317.17295240175065,316.16802437365317,315.2381517374966,314.37753286748267,313.58044452825027,312.8416750029965,312.15647563095274,311.52074520884594,310.93100710247387,330.25952666249367,322.14988540089723,316.24312106215484,312.20606949470385
127.52752752752752,361.1450493561935,333.8918267089638,332.0584936724299,330.2365433100155,328.4566482874799,326.7402593027384,325.10331438693305,323.5548211366144,322.10032425028476,320.74084491045517,319.4754539076859,318.3006549487218,317.21211165197815,316.2043168443427,315.27166660984597,314.40830169587997,313.6087068655304,312.8676506892102,312.1804726498591,311.5430627984576,310.95196706369006,330.2767542563255,322.1949517183947,316.2794103501537,312.23037201334944
127.72772772772772,356.3355390818947,333.87731394347736,332.06284494430355,330.2560638134081,328.4864160878322,326.7781620007797,325.14540788530167,323.59998051874175,322.1458457478148,320.7862003008101,319.5190355076348,318.3423253958979,317.25107189205795,316.2406788825346,315.3051705633718,314.4391989159923,313.6370623817779,312.8937800576424,312.20460858657293,311.5655367759284,310.97307484488186,330.2921601579602,322.23929399206065,316.3156891299709,312.2548125293607
127.92792792792793,351.4903748050501,333.8602855393171,332.0654762169358,330.27312212577675,328.51525751715025,326.814055986951,325.18704261024317,323.6437475916549,322.1911703753185,320.8307190641247,319.5625859108559,318.3835714198469,317.2901056474853,316.2768925942405,315.3388053068025,314.47011538272665,313.66557389265375,312.9200160567911,312.2289053317388,311.58815116416025,310.994332009044,330.3056394772262,322.2830531104394,316.35189807022033,312.27939569087755
128.12812812812814,346.6126229647543,333.84111296860874,332.0654426118323,330.2891187046821,328.5415495282699,326.84959484154365,325.2266466218983,323.68749215397656,322.235114339421,320.87534924332596,319.60532263620786,318.4249852259434,317.32873979437267,316.3132950226241,315.3723118715251,314.5012214365435,313.6941163991626,312.94643200392375,312.2533122272952,311.6109280147013,311.0157280229374,330.3173637309873,322.3259849989659,316.38811067020174,312.3041033336041
128.32832832832833,341.705370624332,333.8194104111252,332.0639301229114,330.30232167007694,328.5673629759875,326.88259429422413,325.26631226239107,323.72929843413647,322.2793099460016,320.9187075654744,319.64834320316396,318.4656782333288,317.36764178959993,316.34936595347796,315.40605832690795,314.5322425211116,313.7228694688539,312.9729013578874,312.2779012821977,311.6338234614059,311.0372731783692,330.32712389486505,322.3683942822335,316.42419736488523,312.32895374974277
128.52852852852854,336.7717235175742,333.79556126838804,332.0599490454329,330.31425798116703,328.59085465037487,326.91502438114975,325.3040874195646,323.77094861860377,322.3221699494826,320.9621121608488,319.69054603343903,318.5065081682539,317.4061246624164,316.3856113383929,315.4396548626355,314.56344799090704,313.7516348899908,312.99954891618006,312.3025875751888,311.6568786637894,311.0589504046916,330.33512946530254,322.40997283638774,316.46026940452117,312.35392008996814
128.72872872872873,331.8148040831662,333.76937837292,332.05414964639925,330.3239614706579,328.61324176233023,326.94553742311524,325.34132804572215,323.8111330779702,322.3648575038299,321.00453215292663,319.7327720819038,318.5467709136776,317.44472693076824,316.4215983028278,315.4734135967449,314.59459612828925,313.780574968535,313.02625513907765,312.3274410591945,311.68004937738664,311.08077007794094,330.3412537350845,322.45092457247057,316.49622117446154,312.379018124427
128.92892892892894,326.8377494885326,333.74112508778074,332.0458826861472,330.3324852057982,328.63320715664725,326.9756113750975,325.3764951176082,323.85132710595633,322.40599373036315,321.0471613335553,319.77398510367215,318.5872993152917,317.4827624863227,316.4578462318459,315.5069238525876,314.6259799791575,313.8094678299645,313.053165425169,312.3523604683345,311.70338680369827,311.1027113783107,330.34566230229416,322.4909924782311,316.53216237304105,312.40421838109535
129.12912912912913,321.8437096443716,333.7104881402506,332.03617385669315,330.3382836067551,328.65271348367514,327.00304997874815,325.4118456607975,323.88932598026673,322.4475920595387,321.08819802657064,319.81570139529424,318.6268184083931,317.52123912892307,316.49354733879494,315.5407897646264,314.65713617724316,313.83863874432984,313.0800447992662,312.37749164629446,311.72680330035814,311.1247986927541,330.34814181322446,322.53053262449356,316.56790616359615,312.42955543660054
129.32932932932934,316.835845211115,333.677926044313,332.0238226270789,330.3432671816968,328.66936875605404,327.03054428069294,325.44458056049234,323.92784499293566,322.48711383791397,321.1298818394456,319.8559758482111,318.6669285274373,317.55884163243275,316.5297237581995,315.57420930925787,314.6886542995337,313.86764765406383,313.10719234325836,312.4026317946536,311.7504073656375,311.1469921389328,330.34898577796713,322.56907941579976,316.60367150537223,312.4549742593092
129.52952952952953,311.81732559859216,333.6430571531306,332.0100652174751,330.3455615971658,328.68557161025996,327.05538789425503,325.47751910474864,323.9641004590631,322.5271448605443,321.1698723723728,319.8968151541415,318.7059252920537,317.59694309734977,316.5652665658278,315.6080282265613,314.7198825277882,313.8969619085741,313.1342701479799,312.42799570365827,311.77407137132553,311.1693291019443,330.34792869445727,322.60709039017405,316.6392091419161,312.48052564669644
129.72972972972974,306.79132696014926,333.60627238484835,331.9939035279711,330.3467794592977,328.6992919995315,327.0798962203009,325.5082215170403,324.0004964714428,322.5654003493324,321.2102190571903,319.936408648938,318.74532270616544,317.6342788615657,316.6011735286632,315.6414517644005,314.75141344129867,313.92613303899486,313.1615869672368,312.45337166876016,311.7979095648602,311.1917674013478,330.34522871838993,322.6441492087887,316.6747280604187,312.50615372823995
129.92992992992993,301.7610301825098,333.5673403292582,331.97615045813325,330.34570316009984,328.7121153628654,327.1022642059195,325.5385960782983,324.0351172026808,322.60368685035513,321.2492537610204,319.97620748683875,318.78386220747916,317.67187603396275,316.63659778016677,315.6751328610808,314.78273336834843,313.95553241388257,313.1888687599378,312.4789343198679,311.8218159732783,311.2143372800644,330.34071470325523,322.6805722758387,316.71004045020754,312.5318977494062
130.13013013013014,296.72961887262886,333.5264906602602,331.95629284274577,330.34320319743335,328.72295495903313,327.12375274123,325.5672984720469,324.06930256773165,322.64070517987744,321.2881525529243,320.0151472520451,318.8224397576066,317.70896625952196,316.6721475803038,315.70857322952554,314.8142135188079,313.98487041709046,313.2163132973491,312.50454315568646,311.8458642233371,311.23700924066907,330.3345388801405,322.7161212049251,316.74526806915316,312.55772006682645
130.33033033033033,291.7002773428366,333.483669115861,331.93462656093556,330.3388708247507,328.7323661077215,327.1437335084257,325.5949999983948,324.10236823155674,322.67710062549133,321.326304250242,320.0537562123385,318.86058239861507,317.74593068148704,316.707496737661,315.7420194133465,314.8456512508117,314.01428917792043,313.2438098139562,312.5302651517168,311.8700099275044,311.2597934671311,330.32665322353887,322.75090586360466,316.7803360963843,312.58363350764574
130.53053053053054,286.6761885955247,333.4389410590068,331.91111907998027,330.33282427141086,328.7402301132198,327.1623583340576,325.62153991622137,324.1344688563909,322.7127114176839,321.36384189244137,320.09189787224176,318.89838998490853,317.7826680232671,316.74271188280534,315.7754037386304,314.87708613732013,314.04374779368345,313.2713781672895,312.5560789098732,311.8942586584636,311.28268303899904,330.31709457153505,322.78489199099585,316.8152519533863,312.60962931366174
130.73073073073073,281.6605323086723,333.3923492376425,331.88581034452955,330.32506855954074,328.7465803526276,327.1796048164727,325.64694548625755,324.16557103424867,322.7475573433838,321.40073164503076,320.1295847109972,318.9358339875516,317.8191847028395,316.77777164720936,315.8087283765638,314.9085034852824,314.07324583212943,313.2990088875052,312.58198240743974,311.9186046405089,311.3056745931362,330.3058826621626,322.8180780439836,316.85000443988935,312.63570327214387
130.93093093093094,276.65648282346535,333.3439449756643,331.8587145008403,330.31565611409223,328.75138510882283,327.19552975133206,325.6711606020771,324.195726648062,322.78157796621997,321.4370145517235,320.1667639390321,318.97294275805734,317.85544045805017,316.81269309929365,315.8419655683901,314.93991194004684,314.10276569601785,313.32670491557366,312.6079654491518,311.94304681667467,311.32876323211457,330.29304609015037,322.85044874142295,316.88459076476767,312.66184922190655
131.13113113113113,271.66720713530447,333.2937699480465,331.82988068510537,330.3045816294153,328.75469483791545,327.2100939207449,325.69423462320094,324.22488215064016,322.8148154359393,321.4726377344456,320.20346710293904,319.0096723095914,317.8914560070015,316.8474437351533,315.875127064628,314.9712896142927,314.1323126375784,313.3544527179933,312.63402875710597,311.9675777650527,311.3519460659921,330.2786042042454,322.882007409433,316.9189977461334,312.6880635887445
131.33133133133134,266.69586288945067,333.24187660490867,331.7993292142798,330.29189159655454,328.7564914323021,327.2233425137333,325.7161257885777,324.253079093486,322.84722000491485,321.5076353384741,320.23964768707646,319.04604753123033,317.9271937792378,316.88203953737604,315.9081856311698,315.00264522520484,314.1618686588035,313.38225557955815,312.6601616126426,311.9921965660489,311.3752179582935,330.26258627235563,322.9127415825058,316.95322234084375,312.71434007506934
131.53153153153153,261.74559638259984,333.1883104170593,331.76710563907085,330.2775937293231,328.7568116575573,327.2352561851432,325.7368660299532,324.2802831638411,322.878818628904,321.54196909331137,320.2753265673987,319.0820336807941,317.9626682101609,316.9164528887808,315.9411499038648,315.03395896208133,314.191437713112,313.41010058335075,312.6863642591631,312.01689582799213,311.398575838446,330.2450155256308,322.94265269668165,316.98725272913634,312.7406748444128
131.73173173173174,256.8195405716282,333.13311863113876,331.7332562155727,330.261694204523,328.7556981653049,327.2458109440833,325.75649273567797,324.3064573167363,322.90964035641696,321.5756013064872,320.3105232141587,319.11759913619625,317.99789023229687,316.9506603047758,315.9740245143809,315.0652148193258,314.2210204182741,313.4379774698818,312.712634905614,312.0416693084581,311.4220161588754,330.22591563212455,322.97174298589545,317.0210778013951,312.7670636522207
131.93193193193193,251.92081309079293,333.0763738896946,331.6977500446749,330.2443375300753,328.7530040251101,327.2552130856599,325.7747908475522,324.33182750900266,322.9394560760313,321.60873922585,320.3450344063935,319.15290949925685,318.0327019156026,316.98477952223226,316.00669946009583,315.0964874172905,314.25054812468994,313.4659265438421,312.7389373868131,312.0665305911027,311.4455287061013,330.2053357150429,322.99996961296597,317.05471556289564,312.7934942705098
132.13213213213214,247.0525142786161,333.01806554385917,331.66081825251496,330.2252252054051,328.74919150068223,327.26293548738965,325.79236203730665,324.3557666051663,322.9688878514019,321.64077691983186,320.3794081976373,319.1874590681399,318.0675288654252,317.01843532373385,316.0394703834546,315.12752723350286,314.28020262329164,313.49380332518854,312.76536180421976,312.0914196111645,311.46912772436866,330.1832471979702,323.0274403222688,317.08808417485125,312.8199830176466
132.33233233233233,242.217725215729,332.95839119579915,331.62206165187735,330.2051150233203,328.7432887523288,327.2701845944293,325.807875129097,324.3796826829076,322.9965167112406,321.67307664328916,320.4123616314269,319.22239407725783,318.10134957708493,317.0524864683248,316.0716093928536,315.1589095714591,314.3095236147563,313.52194013837027,312.7916704192102,312.1164679777196,311.4927633995281,330.159808243551,323.05390255959225,317.12134981739604,312.84647310991693
132.53253253253254,237.41950577489206,332.897121999165,331.5823703106719,330.1826352135854,328.73720662008213,327.27468823740736,325.8238926170035,324.4008708591121,323.0250734663092,321.70297786720045,320.4463803803083,319.2554395995552,318.13616115434775,317.0852009709174,316.10455238021035,315.1894551303187,314.33942480570096,313.5496435920915,312.81833354141276,312.1413918440298,311.5165247548665,330.13480447618235,323.07983903798674,317.1541618470699,312.87306370762036
132.73273273273273,232.66089268444802,332.8347065968572,331.54060682056536,330.15974899829433,328.7283607684592,327.27960279786333,325.8368951402797,324.4230710711962,323.05076733958634,321.73416906834524,320.47797888058335,319.2897669380487,318.1691344713055,317.1190086109639,316.1362442381408,315.2208277900122,314.3685847166925,313.57789461710644,312.8446622985335,312.1665886958298,311.5402727057978,330.1086051964079,323.10457629999814,317.1869964096942,312.899600606792
132.93293293293294,227.94489760641218,332.77081496901536,331.49796295349637,330.13460919428377,328.7192964533664,327.2818942267557,325.85031094433,324.4426480683791,323.0772941667869,321.76302787835135,320.5105744205789,319.322227866392,318.20306425766483,317.1514701988046,316.1687311283768,315.2513383549183,314.39832754723346,313.60568596800704,312.87134775350114,312.1916432926279,311.5641403876398,330.08091555938347,323.12877109568524,317.21936636123127,312.92622898980187
133.13313313313313,223.27450523043757,332.70580998250506,331.4535704307599,330.1087313762569,328.7080443385051,327.28398018649085,325.86144404078505,324.46248618640135,323.1017123053173,321.7924404653625,320.54141373103505,319.3553506229828,318.2356700242995,317.18456265111166,316.20032171081624,315.28236775499244,314.4275446937391,313.6338455148335,312.897803266042,312.2168944313343,311.5880079684391,330.05202726290355,323.1518993457802,317.25165455284053,312.9528191748776
133.33333333333334,218.65267138483964,332.6395346895145,331.4081097832039,330.0811116145026,328.6960172254484,327.2841967680061,325.87219228255447,324.48057061124234,323.126084974653,321.8203692140317,320.5724319094508,319.38733271680917,318.268561615657,317.21686279188117,316.23221564161753,315.31291205818906,314.45702497992477,313.66176484861757,312.92444496712613,312.2420878393685,311.6119546886209,330.0217940161351,323.17432979838645,317.2835769648308,312.9794554647316
133.53353353353353,214.0823211658979,332.5721567065507,331.3612990934954,330.05231541482436,328.68252468800983,327.2834210669608,325.88159463799866,324.4979407337268,323.14935269578035,321.84785540071374,320.602627995254,319.41909021925267,318.3009023823604,317.2490906206254,316.2637869456355,315.34347642771985,314.4863545761672,313.68974729509466,312.9510516225771,312.2673464346542,311.63593303815645,329.9903433939682,323.1958742926948,317.3152693191188,313.00608659332994
133.73373373373374,209.56634708659658,332.50372317986216,331.31321792717705,330.02232180383123,328.6676636447439,327.2815835427539,325.88975432423814,324.51450455984025,323.17160959619986,321.8748097523624,320.6320739458507,319.4505531060847,318.33273722817074,317.2812003809539,316.29505689135607,315.3740356065598,314.51553907893094,313.7177805295406,312.9776212943057,312.29266386114455,311.65993878349815,329.95770201967366,323.21655043569825,317.34671664262504,313.032708709484
133.93393393393393,205.10760724599737,332.43422342677906,331.26412136618376,329.9908234773055,328.651921761458,327.2781374024508,325.8973235019165,324.5295711520051,323.19358166647726,321.9004995768111,320.6614800596267,319.4810362580665,318.364689448925,317.3126175115078,316.32651720796173,315.40415944064085,314.5449191050151,313.7455899371787,313.0043401755815,312.3179203385597,311.68400610831475,329.92384548683543,323.23649119136735,317.3778039734204,313.05935513292997
134.13413413413414,200.7089235203821,332.3638151250149,331.21373803669417,329.9583787905629,328.6346209079255,327.2739587252205,325.90333772371883,324.5442020839483,323.2141724446066,321.9260268023776,320.6897660851077,319.51155523765425,318.3958098460992,317.34418357149167,316.35741912105993,315.43447070817086,314.5739747933986,313.7735672342557,313.03092012963964,312.34328002915487,311.7080729597428,329.88890231708353,323.25550102795177,317.40868769689524,313.0859630292383
134.33433433433433,196.37307977733013,332.2925060232492,331.1623099282451,329.92470179325903,328.6162203968757,327.2685381712602,325.9084080782516,324.557754575962,323.2340583580675,321.9507124764377,320.7175894653722,319.54147865480775,318.4266711733157,317.3753722685976,316.3882112342376,315.464577632364,314.60301485817524,313.80146336905227,313.05752896608993,312.3686343879794,311.73216973295405,329.85285526257786,323.27370459081817,317.4392621926645,313.11256226285025
134.53453453453454,192.10282011384152,332.2203657045987,331.10986753307407,329.8898649978553,328.5966928681389,327.26195983353745,325.912470684808,324.57031672909125,323.25315663905553,321.974641452571,320.74486366916415,319.5708814690379,318.4571946570366,317.40624392666456,316.4188296158243,315.4945235340264,314.63199338481417,313.82930412565736,313.0841394212204,312.3939919410867,311.7562874292965,329.81575018744087,323.29108983493796,317.46953464051796,313.139143260415
134.73473473473473,187.90084711963942,332.14743814924225,331.05647593621177,329.85391319411497,328.57604075231467,327.25428186104784,325.91549466758084,324.58194341425536,323.2714210647081,321.9978626111658,320.771538043526,319.59980436597584,318.487333259385,317.4368295958053,316.44923562040975,315.52432942743525,314.6608821298063,313.85710081189063,313.11073391918643,312.41935478074095,311.7804187435485,329.7776299785863,323.3076519602472,317.4995064538022,313.16569807703456
134.93493493493494,183.76982016673333,332.07385365556274,331.0020519407194,329.8169674870195,328.55427887317364,327.2455092761038,325.91751661640984,324.5926175366954,323.2888809557138,322.0203503212309,320.79763500000456,319.62821997671864,318.5171029527922,317.46710461480154,316.47943936809037,315.5539756076806,314.68968608093735,313.88483934340184,313.1373129603054,312.4447142884843,311.8045600316439,329.73853224651583,323.32340008601085,317.5291685040167,313.1922225409545
135.13513513513513,179.71235372634257,331.99958428786493,330.9468261687209,329.77894075322297,328.53147096297596,327.2356807850441,325.9185142601633,324.60239119516444,323.30549370100323,322.0421519743699,320.8231071717933,319.6561671366931,318.5464598890495,317.49709798404297,316.5094050194063,315.58348119495037,314.7183791387418,313.9125296367311,313.1638602475774,312.4700719359503,311.82870430590606,329.6985005915658,323.3383316604988,317.55852224482845,313.21870905298135
135.33533533533534,175.73101571422853,331.9247351157509,330.89075399376424,329.7399608120032,328.50760201827154,327.22482172373446,325.91852413656244,324.6112390994634,323.32130337899207,322.0632276665721,320.84799284466857,319.6836047062193,318.5754339306469,317.5267734148854,316.5391535890652,315.6128177399452,314.7469738074489,313.94015202315705,313.1903804063386,312.49541671590924,311.8528487717214,329.6575747327048,323.3524574252517,317.5875566761524,313.245154344915
135.53553553553553,171.8283258654997,331.8493718292092,330.8338920062486,329.7000431607325,328.4827336771363,327.21293617699024,325.917562052987,324.61918442310724,323.3362927574412,322.0836052053985,320.87226321354757,319.71055634808295,318.6039955494998,317.55614835016434,316.5686594865213,315.64199641647093,314.7754504624442,313.96771172001866,313.2168604327793,312.52074816891275,311.8769870619146,329.61579537006344,323.3657815304963,317.61627123014785,313.2715515692139
135.73573573573574,168.00675413990044,331.7735338586011,330.7763432688175,329.6591869839576,328.4569130256875,327.20005221304007,325.91562955574057,324.6262524510976,323.3504552086803,322.1032953085067,320.8959107356808,319.73702447068104,318.6321361839257,317.585221315552,316.5979142860004,315.6710138102282,314.803801697425,313.99520444605207,313.24329417882285,312.5460617081054,311.90111420316583,329.5732058700208,323.3783086519412,317.64466201327747,313.29789524671423
135.93593593593593,164.26871915861332,331.6973615868227,330.71797774784886,329.61762763862737,328.43003508986027,327.1862475483461,325.9127679739757,324.6323705636091,323.36391475233455,322.1221666852624,320.9190711964328,319.7628751787678,318.65997368832586,317.6138777840301,316.62700851046645,315.6997830273327,314.83208821566836,314.02257339622935,313.26971281199354,312.571330437187,311.9252327558589,329.529849922301,323.3900582343229,317.67270363778454,313.3241875233874
136.13613613613614,160.61658667353885,331.62074474419535,330.6592776071649,329.57491771091236,328.40251607116716,327.1713593845051,325.9089611393687,324.6377756099752,323.3763154383949,322.14066278643696,320.9412732700405,319.78857384044517,318.68706236451453,317.6425156912915,316.65558184646414,315.72860146066967,314.860056086791,314.0500061305606,313.2959734193648,312.59663191295516,311.9493099481468,329.48576310358897,323.40099764884326,317.700467040677,313.35039549956366
136.33633633633633,157.05266807004938,331.5440534595643,330.5995228309119,329.53201998751956,328.37362634884687,327.1558172301172,325.9042623418821,324.64202742261205,323.3884392679449,322.1578060255182,320.96359486154,319.8130288093185,318.71444113591895,317.6701736616631,316.6844773683893,315.7567375563799,314.88829700543675,314.0770321152369,313.3224030137,312.6217614046357,311.97340857561557,329.44100797139197,323.4112259838995,317.72777170633395,313.37658042292503
136.53653653653654,153.57921890413985,331.46687341629786,330.539998286287,329.48746651952797,328.344695796461,327.13893330407444,325.89863049695236,324.645977480152,323.3988045722524,322.17554115726097,320.9838489005067,319.83849590644564,318.73991344441083,317.6988839283067,316.7118701011711,315.78575350428304,314.91551089309394,314.10465764448605,313.34827196222955,312.64714991317436,311.99737607537384,329.39559346452967,323.4205605214249,317.75498337692346,313.4025932976716
136.73673673673673,150.19843747492087,331.3899365794555,330.47901804653526,329.4434793540595,328.31385044586324,327.1217937724266,325.89221188090835,324.64825236068316,323.4099111973181,322.190561779497,321.0058356207028,319.8609912774699,318.7673946686808,317.7249693074191,316.7410608310615,315.81278294213666,314.9440641912988,314.1310192470497,313.3749080838015,312.6719890733799,312.0214800349631,329.349615639668,323.42935456782186,317.7814398053536,313.42869212609855
136.93693693693695,146.91246343334095,331.3126029299583,330.4184866345259,329.3977584307851,328.2831937148694,327.1032930874376,325.88480060957727,324.6505747600502,323.41870945645564,322.206969837263,321.0248018796943,319.88555085635585,318.79188019645596,317.7531503261855,316.7677680317825,315.8415392906319,314.970859008648,314.1585404238593,313.4005608979385,312.69732684773345,312.04535845270163,329.3030669595152,323.4371713086081,317.80797774028235,313.4545291261762
137.13713713713713,143.72337642803404,331.23549388659933,330.3569870882555,329.3522228090795,328.25111468492906,327.0843000365943,325.8767735704934,324.6512488334134,323.428193301801,322.2207571462802,321.04545376475954,319.9071303041022,318.81843384478816,317.7785896465951,316.79639950894375,315.8681562217858,314.99911764804585,314.1846721014014,313.42705793615306,312.7220508252007,312.0693825463534,329.2560237010915,323.4444853233495,317.833741905243,313.48045621143086
137.33733733733735,140.6331947891343,331.1582325159834,330.2957414348839,329.3054333704288,328.2189213401876,327.0642861264989,325.8676190975294,324.65208293080735,323.43534772051794,322.2359860745455,321.06300298110506,319.93091731733836,318.84178686292836,317.8063575127361,316.8222807850572,315.8967437833931,315.0253774593976,314.21214514499565,313.4524175192384,312.7473525844279,312.09314096930655,329.20852295759653,323.45080776090106,317.8596172522906,313.5060867354732
137.53753753753753,137.64387425090592,331.0812834307175,330.2337535948818,329.2587475832015,328.18557511084157,327.0436293672378,325.8581041763862,324.65106086044165,323.4434880256222,322.2482621498418,321.08265430505946,319.9512491090031,318.86772268172683,317.830839976474,316.85060416764435,315.92269398000457,315.0535185488805,314.2378696056944,313.4788687430799,312.7718725903683,312.11708966524964,329.160597817376,323.45671390347024,317.88462198297054,313.53184383065457
137.73773773773775,134.7573067139815,331.00436634806897,330.1719739841559,329.2111208665484,328.1519389576297,327.02224595099534,325.84729364670244,324.65041550350213,323.44913881685676,322.2621874821336,321.09897866375815,319.97405963191613,318.8901452247799,317.85797862727975,316.87582902809527,315.95093145840804,315.07935833866594,314.26516870066473,313.5039902995333,312.79707336150824,312.1407244927553,329.1123292214796,323.46160282259063,317.9097887940958,313.5572630386255
137.93793793793793,131.97531904800738,330.92781493881546,330.10976740641604,329.1634063825382,328.1175122920397,327.0000455767464,325.83629661096217,324.6479299167039,323.45570749799015,322.27333655617014,321.1172077148471,319.9936252629688,318.9149562666225,317.8819846568181,316.90336672092116,315.9766088948258,315.10701259447217,314.29074433164556,313.5301737628437,312.82149233986553,312.16453729511915,329.06370931931116,323.4660956593347,317.93410836043125,313.5827920647892
138.13813813813815,129.29967193543902,330.8515136051737,330.0476405567261,329.11514806958127,328.08260186850373,326.97730339814825,325.82414189867956,324.64549853861575,323.46042188570857,322.2853138454389,321.1331106514488,320.0145879008014,318.937354660554,317.90757719142175,316.9287776558565,316.003703347164,315.13307839505836,314.3173144967283,313.55542883042654,312.8463339186008,312.1881112680082,329.01484149962664,323.4696973639783,317.95840015115954,313.6080533817644
138.33833833833833,126.73205875723198,330.7755947062265,329.9854223673671,329.0666239074852,328.04715757114553,326.95383399974963,325.8114985921035,324.64198071351655,323.4649750267495,322.2959693150462,321.1492245695148,320.03417085422785,318.96021768579135,317.93191556992014,316.9547320196344,316.0298048155289,315.15960946693076,314.3432220403842,313.58095738120664,312.8708577239634,312.21169272888073,328.9657265103948,323.47272964338606,317.9821681890205,313.63326786827315
138.53853853853855,124.27410452112113,330.7001097378794,329.9232445550776,329.0178214276758,328.01121559131303,326.92981747144927,325.798058523647,324.63795659795505,323.46859010337283,322.3063143507964,321.16438309115017,320.0536596801083,318.9822122267724,317.9563151487159,316.9799801560475,316.0560336928627,315.18563476390153,314.36923902079,313.60618467536733,312.89540571199973,312.2351576949001,328.91644175667903,323.4750605333843,318.00564018090137,313.6583243733918
138.73873873873873,121.92736483317779,330.6251492365898,329.861131572452,328.9687869761678,327.97483000902804,326.90518431092516,325.7840215542566,324.63315180814004,323.47167273871213,322.31585844792255,321.17916756855254,320.07242274739457,319.0039960828444,317.98012183883117,317.00513868537416,316.081826300105,315.21163384992644,314.39497224025604,313.6313930156983,312.9197996217301,312.2585624692624,328.86701642103253,323.47677442351676,318.0287011309098,313.6832722393747
138.93893893893895,119.6933249132851,330.5507555201845,329.7991559324194,328.91956730828247,327.9380323858135,326.880002241929,325.76934440513264,324.6276945750901,323.47408651420926,322.3247987136603,321.19336452094876,320.09070170529293,319.02532028199437,318.0035804036685,317.02997051742074,316.10739045820026,315.23741967926924,314.4205640298658,313.6564693704937,312.9441004866717,312.2818796421202,328.81750267772577,323.4778577458082,318.0513926733153,313.70808664168413
139.13913913913913,117.57339865516494,330.47701158492714,329.73737328711314,328.8702102857534,327.9008649297577,326.85429903121684,325.75405884175063,324.62159397109804,323.47585781928984,322.3331285259266,321.2069974302329,320.1084792746712,319.0462055402715,318.02666879912016,317.05449234379813,316.13270466011284,315.26300339517934,314.44599729274773,313.6814182281345,312.968297953747,312.30510656947564,328.7679518237536,323.4783273176596,318.0737101235947,313.73276468785684
139.33933933933935,115.56892773154118,330.4039113144052,329.6759588310157,328.8206808795821,327.86339110002933,326.8280991771674,325.73818846522454,324.614866668434,323.47700001372243,322.34085533706804,321.22007267166344,320.1257566023823,319.0666536206309,318.04938442795327,317.07870308088934,316.1577645123464,315.28838227575943,314.4712671523487,313.70623600546867,312.99238746696625,312.3282393014973,328.71840826043996,323.4781966312225,318.0956524488405,313.75730244040807
139.53953953953953,113.68118074501547,330.3316122431573,329.61474566368906,328.77118548549817,327.8255966310628,326.8014469907748,325.72175905992714,324.6075329699806,323.4775279161174,322.3479892211548,321.23259658169053,320.14253677139544,319.0866653024575,318.07172603881105,317.1026002476464,316.18256641460425,315.31355220356073,314.4963690020283,313.73091800301177,313.01636425733136,312.35127321611986,328.6689174028364,323.4774811497741,318.11721895498295,313.7816953364104
139.73973973973975,111.91135242518351,330.26028584930395,329.5535820581722,328.7218991993483,327.7874836598458,326.77437918465574,325.7047959623415,324.5996124307758,323.47745589385096,322.35454009873837,321.24457546039775,320.1588230592425,319.10624156438064,318.09369274239134,317.1261816700564,316.2071071770541,315.3385094013503,314.5212986299753,313.7554598583855,313.0402239090366,312.37420401294116,328.61952599026523,323.47619596922084,318.138409242625,313.8059391623378
139.93993993993993,110.2605628725091,330.1896151102567,329.4932899222955,328.6722853606829,327.74934529488905,326.7468488603227,325.68735021133745,324.5911165970003,323.47680091536535,322.3605178904263,321.25601586905424,320.17461919530894,319.1253834737378,318.11528405767615,317.1494451794101,316.2313839371574,315.36325006081057,314.546052051385,313.77985719158266,313.06396213028046,312.3970274270759,328.57027690968937,323.47436029663675,318.15922316865806,313.8300297722269
140.14014014014015,108.72985684942535,330.11997978939036,329.43321111211293,328.6230566490247,327.71080721753367,326.71908964082684,325.6693636355368,324.582096118122,323.4755694676631,322.3659349652,321.26692462577125,320.18992892550193,319.14409270237655,318.13649936869894,317.17238915489366,316.25539364782924,315.3877708030731,314.570625129546,313.8041058927011,313.0875745787456,312.41973929230886,328.52122888177774,323.4719777624586,318.17966075986004,313.8539631392749
140.34034034034033,107.32020311912086,330.0512678590359,329.37384680506847,328.5737072121929,327.67238792973535,326.69081400319254,325.65103742113763,324.5724904317841,323.47380987836596,322.3707905849815,321.2773126764493,320.2047555175307,319.1623710554252,318.1573386597877,317.1950117417543,316.2791338304545,315.4120680091607,314.5950141383211,313.82820170567726,313.1110571251847,312.44233545474,328.47240476184504,323.4690881985437,318.1997221609905,313.87773528661677
140.54054054054055,106.03249383242058,329.98370682702694,329.3148053496813,328.524860550339,327.63356874916514,326.6624941395906,325.6321079931877,324.56248452403236,323.4714577599664,322.3751300138946,321.287175304587,320.2191071507225,319.18021975939894,318.17780190714336,317.2173117532721,316.30260167122304,315.4361386384165,314.61921508354226,313.8521407418478,313.1344055380468,312.4648118844343,328.4238871231606,323.4656711191336,318.219408448352,313.9013423772575
140.74074074074073,104.86754396315723,329.9171630902587,329.256647628569,328.475892994597,327.5950659497561,326.63358818456527,325.6130248215579,324.5518286151638,323.4686820579488,322.3788885325387,321.29655445659597,320.2329750750164,319.1976457757385,318.19788808140436,317.23928805167026,316.32579503580155,315.4599792209584,314.64322457023167,313.87591882832805,313.15761589398045,312.487164537757,328.3756715695492,323.461795696761,318.2387184039262,313.9247806102511
140.94094094094095,103.82609079238387,329.8518955183314,329.19888094758477,328.4275976810681,327.5561274258823,326.6048418730148,325.59325301087347,324.5409381649745,323.4652521986614,322.3822171944547,321.3053879605772,320.24639629735145,319.2146387681751,318.2176020964077,317.2609384615023,316.348711700907,315.48358704572536,314.667038695133,313.89953236948617,313.1806840417804,312.50938954550963,328.3278686891763,323.4574097059082,318.2576574648687,313.9480463395269
141.14114114114113,102.90879344176048,329.78774530262376,329.1421485024099,328.3791894604276,327.51770702443315,326.57542563785853,325.5735419708962,324.52929209268194,323.46155452392327,322.3848993572801,321.31381369474644,320.2593094269155,319.2312329043605,318.2369313143584,317.28226711536524,316.3713481356777,315.5069593867787,314.69065424559676,313.92297730712085,313.203606283739,312.53148297861065,328.28044318555055,323.4526203279056,318.27621777933547,313.97113604036923
141.34134134134135,102.11623245640271,329.724998317581,329.0858629651956,328.3316327495653,327.47880325406567,326.54639262584067,325.55302738360683,324.5176194868568,323.4570941271924,322.3872877205486,321.3216327035492,320.2718368828727,319.24737090879864,318.2559051347945,317.303261238497,316.3937069273027,315.53009223200905,314.71406797211483,313.9462501949388,313.22637858841495,312.5534411364171,328.2335379824496,323.4473322843508,318.2944162184531,313.9940460247789
141.54154154154153,101.44890943746435,329.6634643204127,329.03076439048897,328.2839626748809,327.44063072646725,326.51658880059233,325.5328163267744,324.50504731989406,323.4525717912582,322.3889126906679,321.3291700069926,320.2837924446553,319.2631646380527,318.2744677807078,317.3239479595219,316.4157741251655,315.5529877933373,314.7372750847392,313.96934777580464,313.24899726483665,312.575260266786,328.1870821825684,323.4417036271174,318.31222938962065,314.01677363710075
141.74174174174175,100.90724672467962,329.6034538356458,328.97617643386496,328.2373082042447,327.40194090418987,326.4873846165948,325.51168320777094,324.4926768713594,323.44714608608814,322.3904234971385,321.3359958864314,320.2954653697243,319.2784471783795,318.29271641412834,317.3442769203479,316.437572406143,315.5756328912753,314.76027669726136,313.9922651796778,313.27145901083617,312.59693669620276,328.14125279890806,323.43558510975765,318.32969565774465,314.03931409505066
141.94194194194193,100.49158712907092,329.5448360013883,328.92267822197124,328.1909086916805,327.3637535214636,326.45776906440113,325.49066647749044,324.4796302575994,323.44158077464624,322.391256915236,321.3425374010715,320.30657889072626,319.29340261851627,318.3105449524184,317.36430833221084,316.45906882529755,315.598040573972,314.7830629248963,314.01500184894445,313.2937592685771,312.6184671158854,328.095989100181,323.4291343652087,318.34678072383383,314.061666346455
142.14214214214215,100.20219371598768,329.4877663612873,328.87001426425394,328.1452928778089,327.3254896137421,326.42847041271494,325.4690828219022,324.466605582702,323.4352964545663,322.39192189405645,321.3484192044121,320.3174215647203,319.3078410075067,318.32808088056214,317.38396572780255,316.4803060489892,315.6201850661801,314.805642775667,314.0375489856517,313.3158968769419,312.6398474412951,328.0514067059614,323.4222651915278,318.36352304591617,314.0838242291472
142.34234234234233,100.0392496386163,329.4321005876561,328.81879932179334,328.09962942128146,327.2882822741099,326.3983154427509,325.44817733678394,324.4524875411523,323.4293083397469,322.39161160102316,321.3542889237769,320.3275327899886,319.3220909437947,318.3451134444112,317.4033815028282,316.5012055317457,315.64210726428763,314.8279911330853,314.05991432245975,313.3378637266591,312.66107561643133,328.0074254095183,323.41517474849667,318.37986484255373,314.10579041258467
142.54254254254255,100.00285802206469,329.3782485294935,328.76805537922587,328.0555201519284,327.25025752672605,326.36941511050134,325.42591712582885,324.4391991681536,323.4219939345048,322.3916767693303,321.35912717070704,320.3376725241397,319.33563431722655,318.36198991547195,317.42233956872775,316.5218956886725,315.66373198775585,314.85014473901265,314.0820750025114,313.3596654688946,312.68214580250435,327.96429933957506,323.4075828337049,318.39590640284763,314.12755260013574
142.74274274274273,100.09304189809598,329.32582727809563,328.71906209806457,328.01113880414283,327.2137520351178,326.3393006190024,325.4048253696143,324.42445124028126,323.41538482510924,322.3904775964567,321.36423365195776,320.34689371925145,319.3491488487146,318.3782605986612,317.4411303449446,316.54219883249016,315.68516049604136,314.87204417812114,314.1040576719131,313.38128519442546,312.7030588012333,327.92181616688464,323.3998745366838,318.41152646881244,314.14912126834685
142.94294294294295,100.30974419055184,329.275258649552,328.6707022061792,327.9682804718838,327.176635288563,326.3103759561846,325.38254392917855,324.41049672477584,323.4075346676227,322.38966203243024,321.36832628084943,320.3561758346535,319.3619408289663,318.39440667429653,317.459440814954,316.56231102518336,315.70627361649355,314.89375437290346,314.1258236982756,313.4027372993932,312.7238066267815,327.8802505144725,323.3917127269714,318.42685503561074,314.17047912276945
143.14314314314313,100.65282775147537,329.22614707262886,328.6238536472714,327.9256863807566,327.1405654314169,326.28090489996805,325.36090707847615,324.3956657624477,323.39997860295523,322.387974945747,321.3724398025993,320.3647485451225,319.37458654057633,318.4100338032169,317.4775385776279,316.5820614308468,315.72717408613886,314.91521159258116,314.14740337522596,313.42400173567177,312.74439054340337,327.8394314864084,323.3833932384451,318.4417937794781,314.19163626660423
143.34334334334335,101.12207544791016,329.178938563072,328.57821249961444,327.8840191837068,327.1048519785203,326.2517639091705,325.33911983067486,324.3807931499489,323.3920336331649,322.3860459397345,321.37610361756833,320.3730017405889,319.386817410664,318.42534274673045,317.49529389676775,316.6015353607933,315.7478072439222,314.9364439578014,314.16877544533605,313.4450826974796,312.7648035084938,327.79955722681683,323.3748192342183,318.4563982311089,314.21258257060657
143.54354354354354,101.71719029932063,329.13363312088137,328.5337787632083,327.8432788807346,327.06949492987303,326.2229529837921,325.31718218577464,324.36587888727945,323.3836997582518,322.38387501439286,321.37931772575666,320.38093542105275,319.3986334392292,318.4403335048371,317.5127067723736,316.62073281502273,315.76817308984334,314.957451468564,314.1899399086059,313.4659801848167,312.78504552205277,327.7606277356979,323.3659907142911,318.470668390503,314.2333180347765
143.74374374374375,102.43779566554736,329.0902687487571,328.4906696028903,327.80342042538445,327.0346281995092,326.19438383684263,325.29523402846434,324.3508315484267,323.3750924726345,322.381390324506,321.3821601994186,320.3885037630667,319.41007840263916,318.45498129774813,317.5297972245547,316.63964168821826,315.78827834355593,314.9782280854025,314.2108973128616,313.4866907343011,312.8051146972434,327.72267416267675,323.35694171469004,318.4846004752454,314.2538418346729
143.94394394394394,103.28343548517708,329.048842868588,328.44900213339776,327.76449183167585,327.00037332125635,326.166065429649,325.27338339028825,324.33564535445197,323.36629493913483,322.3785831606115,321.38468495690086,320.3956998468785,319.42118119943046,318.469281056709,317.54657687695834,316.658257328617,315.8081246054787,314.9987687039749,314.2316444205396,313.5072089756171,312.8250061790879,327.68575511691336,323.3477183602775,318.4981992617187,314.27415057693963
144.14414414414415,104.25357456417845,329.0093651007509,328.40877505371594,327.7265057913315,326.96672713438824,326.13801140967166,325.25162436206637,324.32033244351453,323.3573015109754,322.375462507302,321.3868878858988,320.40252920467884,319.43193934798524,318.4832355847203,317.56304438363964,316.67658081375055,315.8277111200886,315.01907349766515,314.2521807263098,313.52753469176304,312.8447195980728,327.6498768979717,323.3383217419514,318.51146586695495,314.29424392677987
144.34434434434434,105.34759891461826,328.9719133125172,328.3700330336413,327.68955384742617,326.93372797480004,326.11031033861155,325.2299751961191,324.30496435280884,323.348120103767,322.3720788724436,321.38877225608394,320.40902214475796,319.4423536538837,318.49685955024063,317.5791985769441,316.69461661468017,315.847034957434,315.0391412783249,314.2725021229737,313.54766422022453,312.86425068314077,327.61510770139927,323.32878215624453,318.5244101081013,314.3141186524196
144.54454454454455,106.56481614324716,328.93650381403,328.3327921616934,327.6536542102292,326.9013916835573,326.0829785050773,325.2084476429865,324.2895531160752,323.33875876282525,322.36844033981134,321.3903430909896,320.41518337056374,319.45242675220084,318.51015509688386,317.59504034562633,316.7123651570691,315.8660958562546,315.05897146885604,314.29260772083484,313.5675965420872,312.88359836147856,327.58146407491745,323.31910859053755,318.53703414446875,314.3337739899022
144.74474474474474,107.90445588970479,328.9031878710329,328.2971096043078,327.61885501770564,326.8697743150248,326.05605669527216,325.1870885464095,324.27412774415836,323.32925148930246,322.36456585700057,321.391622319176,320.42102391893474,319.4621706207921,318.523127270517,317.61057444586856,316.7298272579746,315.8848939686189,315.0785622536888,314.312495218087,313.58732863593025,312.9027595419133,327.5489967006687,323.30933119120937,318.5493447028174,314.35320792364763
144.94494494494495,109.36567031407188,328.8719797696898,328.26300834248366,327.58517857977733,326.83889870525735,326.02956438231655,325.1659166534895,324.2587026686392,323.3196116926358,322.36046507821874,321.39261851944997,320.42654950966386,319.4715899259326,318.5357787765184,317.6258026932564,316.74700351802204,315.90342926590597,315.0979129463699,314.3321635891898,313.60685922532895,312.9217328862933,327.5177259559049,323.29946292248667,318.56134488467865,314.37241958261757
145.14514514514514,110.94753463345504,328.84293144420747,328.23053727169,327.55267600002855,326.80881279631143,326.00354768656433,325.14497140287955,324.24331360443,323.30986776082966,322.3561625121838,321.39334997523235,320.43177497811087,319.4806947935864,318.54811694755494,317.64072919074357,316.76389602722827,315.92170186175804,315.1170224367575,314.3516107375691,313.62618571308894,312.9405155943949,327.48770103976034,323.2895330511111,318.57304238744484,314.39140726871375
145.34534534534535,112.64904770727122,328.8160735176728,328.1997176860335,327.5213674144404,326.7795357918095,325.9780246266193,325.1242687449106,324.22797454110406,323.30003129208825,322.35166778238545,321.3938242064632,320.43670616931786,319.48948942351024,318.560144694345,317.65535568043106,316.7805056364029,315.93971186913126,315.1358903104549,314.3708358719879,313.6453070935479,312.95910658209834,327.4589438073151,323.2795533133903,318.58444032080143,314.41017034544404
145.54554554554554,114.46913267085418,328.7914449256788,328.17059875873,327.49130019432164,326.7511129759455,325.9530370863623,325.1038465946581,324.21271834552994,323.2901302998143,322.34700376826777,321.3940596133292,320.4413571534058,319.49798426704973,318.57186918715263,317.669686687016,316.7968346294392,315.9574598582403,315.1545158189109,314.3898373492047,313.66422118170084,312.97750346896925,327.4314987882077,323.2695517243199,318.5955463848127,314.4287075354052
145.74574574574575,116.40663761698946,328.7690548707012,328.143202680518,327.46249879113424,326.72356804510144,325.92860712881645,325.08372488001413,324.19756247030364,323.28017963395456,322.34218273834887,321.3940660354755,320.4457355497662,319.50618497714805,318.58329437439795,317.6837247228865,316.8128843410359,315.9749462332515,315.17289866554137,314.40861438476384,313.6829269011951,312.99570506823585,327.40538630325426,323.25954315161937,318.60636479304696,314.4470182505975
145.94594594594594,118.46033632493902,328.7489512471674,328.1175667423213,327.4350023419935,326.69693947777614,325.90477083754683,325.0639362803102,324.18253567298393,323.27020383895774,322.3372250784878,321.393859873387,320.44985413334433,319.5141010772528,318.5944269741243,317.6974741212263,316.8286571537772,315.9921718244674,315.19103851225975,314.42716582146204,313.70142260275264,313.0137095395864,327.380646129361,323.2495521488253,318.616902691945,314.4651016601057
146.14614614614615,120.62892903650186,328.7311599723541,328.09372252437925,327.4088420731236,326.67125787996065,325.8815571300239,325.04450717638264,324.16766128536466,323.260222965648,322.33214753014823,321.3934546966719,320.4537235395769,319.52174057541066,318.6052727008051,317.7109386500137,316.8441552290974,316.0091375150138,315.20893527206806,314.4454908903557,313.7197071025625,313.03151553324483,327.35730791596836,323.23959873084306,318.6271661389807,314.48295726264894
146.34634634634634,122.91104327861154,328.71569657235614,328.07169655930255,327.38404606650363,326.6465508865455,325.8589921671089,325.0254614965939,324.1529605254204,323.2502552930757,322.32696539577466,321.392862941719,320.4573535461495,319.52911086085913,318.61583685502376,317.7241218331866,316.85938062253774,316.02584418964034,315.22658893972203,314.463588958922,313.7377793850368,313.04912187831206,327.33539645036336,323.22970113051673,318.63716074355136,314.50058467032665
146.54654654654655,125.30523473195689,328.70259333337236,328.05152025069816,327.3606487557678,326.6228530130216,325.8371088493249,325.00682949244765,324.1384603528047,323.2403241586302,322.32169831064647,321.3921006492314,320.4607568392823,319.5362215886774,318.6261264305898,317.7370283914777,316.8743361702764,316.04229317640625,315.24399969291386,314.48145939016655,313.7556383119726,313.0665272283362,327.31494484043697,323.21988259275207,318.64689388406066,314.5179835599591
146.74674674674674,127.80998814507177,328.6918708270884,328.03322091743644,327.33867945112894,326.600193944854,325.8159357524836,324.98863761822287,324.12418447749627,323.2304501975756,322.316363730617,321.39118216121886,320.4639448340352,319.54308151347215,318.63614783433775,317.7496627178371,316.88902458896655,316.05848584549415,315.26116787058993,314.49910178912705,313.7732830332143,313.0837305392319,327.29598017859826,323.21016363702614,318.6563722977297,314.5351538155315
146.94694694694695,130.42371829331856,328.6835799589737,328.0168255686713,327.3181627385595,326.57859816407256,325.79549649476644,324.9709078115094,324.1101526172033,323.22065061558465,322.31097624812145,321.39011949964316,320.46692712776337,319.54969802236496,318.6459064981271,317.76202856336994,316.9034482280311,316.07442341838396,315.27809382870566,314.516515894345,313.7907129029146,313.10073099950097,327.2785325850087,323.20056135841236,318.6656016879313,314.55209540877
147.14714714714714,133.14477098215286,328.67757706838,328.0026295561575,327.2989515009799,326.5581591179696,325.7758105110497,324.95366933924754,324.0963901867437,323.21094772671904,322.30555488413125,321.38892840467196,320.4697163499673,319.5560808947569,318.6554096695384,317.77413099130445,316.9176103230506,316.0901076553422,315.29477819178675,314.53370151699914,313.80792722270445,313.1175276870538,327.26262555090733,323.1910981083027,318.6745896457236,314.56880845477724
147.34734734734735,135.97142409404407,328.67415393004956,327.99009885716094,327.2814626742028,326.53876473436134,325.7569322036709,324.9369457274227,324.08292099331084,323.20136237843013,322.30011745390175,321.38762369861587,320.47232445718197,319.56223944809483,318.66466431036474,317.78597492296166,316.93151408195985,316.1055403765395,315.3112217079236,314.5506586342356,313.8249254835342,313.134119875266,327.2482824798891,323.18179405033624,318.68334344411267,314.58529321549975
147.54754754754754,138.9018886783771,328.6734375216145,327.97905608033165,327.26584085417056,326.5204110849947,325.7388907902264,324.9207621392143,324.06976797911585,323.1919148619058,322.29468138295323,321.38621993777184,320.47476324923196,319.5681829305445,318.67367738151546,317.7975653304922,316.94516280126857,316.1207235169591,315.32742525687536,314.5673873640741,313.84170732016133,313.15050697894503,327.2355272662676,323.1726692601922,318.69187033861056,314.601550087403
147.74774774774775,141.93431008365826,328.67483918593933,327.97075536424944,327.2511684717774,326.503537606739,325.72158415996137,324.9051823575792,324.0569412317535,323.1826288058292,322.2892633650217,321.3847318385358,320.4770446113762,319.5739207156626,318.6824559864664,317.80890733619793,316.9585599286621,316.13565915934964,315.343389860262,314.58388795932245,313.8582724949384,313.16668853371954,327.22437695773334,323.1637495197439,318.700177715673,314.6175796015184
147.94794794794794,145.066769131296,328.6787985883444,327.96426407213204,327.23836558538,326.48761734339513,325.70529847327515,324.8901247229889,324.0445013350695,323.1735131538212,322.2838832306136,321.3831736628585,320.4791805682592,319.57946229518444,318.6910073662572,317.8200062093626,316.97170906065605,316.1503495327812,315.35911668071697,314.6001608072311,313.8746208976965,313.18266419608256,327.2148688125054,323.15503922107035,318.70827309994394,314.63338242290166
148.14814814814815,148.29728333022643,328.68527137224225,327.9598091939533,327.2270997077351,326.4730538358995,325.68977411307526,324.8757812013661,324.032385857834,323.1646252149472,322.2785439492144,321.38156495005893,320.4811817326051,319.584817650883,318.6993388118917,317.83086737669606,316.9846139378656,316.1647970111897,315.37460702114254,314.6162064293042,313.8907525459969,313.1984337437889,327.20700164458106,323.1465802346841,318.7161639019883,314.64895935028443
148.34834834834834,151.62380813160172,328.6942678384997,327.9573680283085,327.21753868671607,326.4596269079576,325.67530311263675,324.8619554154231,324.0207610226135,323.1559067796666,322.273298095452,321.37990697603595,320.4830645718387,319.58999531149044,318.7074580953406,317.8414963398401,316.99727845438974,316.1790041110782,315.38986232409525,314.63202548110286,313.90666758515124,313.21399707601734,327.20082091482374,323.1383656578382,318.7238585545799,314.664311315489
148.54854854854855,155.04423822276098,328.70577341904334,327.9570428699721,327.2095336333859,326.44760900922586,325.6616230604635,324.84893345619923,324.0094502956828,323.14750325714465,322.26809403347585,321.37824766744393,320.4848269955694,319.5950106259173,318.7153709041047,317.85189939837096,317.0097064649901,316.19297353534216,315.4048841609643,314.64761875365815,313.92236628782496,313.22935421346943,327.19631639841816,323.1304457419893,318.7313628777905,314.6794393902518
148.74874874874874,158.55640885965067,328.71982723703314,327.9587420554032,327.2033026410103,326.43674502414956,325.6490719235071,324.8364365425465,323.9987232717781,323.13925659087573,322.2630601234734,321.376540376834,320.48651122155223,319.59986053771854,318.7230899569282,317.8620806801476,317.0219026462422,316.2067079483606,315.41967428179714,314.6629871630896,313.9378490555509,313.24450529819336,327.19353777622064,323.12280338110156,318.7386890085178,314.69434474939834
148.94894894894895,162.15809723686564,328.7363929545498,327.9626126360314,327.1986353789221,326.4273671580511,325.63731600767494,324.8248409210962,323.9882921393562,323.13142482288015,322.2580488684599,321.3749016031191,320.48807274912235,319.6045838098509,318.7306098247435,317.8720517526773,317.03386912023024,316.22021106640244,315.4342342865878,314.6781318411038,313.95311639519383,313.25945059791866,327.19246482704585,323.1155016709823,318.74583745132486,314.7090288374413
149.14914914914914,165.8470238944288,328.7555245495926,327.9685134898932,327.19580958745894,326.41914657049165,325.6267797956154,324.8137588220067,323.97854986056404,323.1237230255943,322.2533016279072,321.3731958687567,320.4896153261327,319.60913983632383,318.73796410538205,317.88180686096916,317.04561530536137,316.233484051147,315.4485668348879,314.6930537622591,313.96816902191546,313.27419048524604,327.1931547986104,323.1085058409658,318.75282828683385,314.72349283109105
149.34934934934935,169.62085416043448,328.7771666297154,327.9766337201136,327.1945448003847,326.4125007201775,325.6170222259351,324.80369208165774,323.96906529819785,323.1165560350255,322.24853404281106,321.37165337789537,320.4910095318367,319.6136247758567,318.7451126558866,317.89137722947834,317.057133711875,316.2465355105525,315.4626718020283,314.70775511575147,313.98300741041174,313.2887255401562,327.19557361926525,323.10190016711755,318.75965158098666,314.73773907578004
149.54954954954954,173.47719962862686,328.8013855514283,327.98678436520305,327.1951875752245,326.4070040980605,325.60858561738956,324.79410937679756,323.96039145705635,323.1094709784366,322.2441469642754,321.36999997928666,320.49246865487515,319.61791934400384,318.7521411066264,317.90072614217854,317.0684512407358,316.25935813940487,315.47655618630785,314.72223539633166,313.9976331943869,313.3030562076087,327.1997894414612,323.0956237511705,318.76634129768394,314.751767824808
149.74974974974975,177.41361966999415,328.8281947888851,327.99894813137075,327.1977563884915,326.4027205281769,325.60137974127167,324.78520320874117,323.9523327060194,323.1027168548243,322.23993900971294,321.36843585896224,320.49386124204295,319.62213617995144,318.7589905067312,317.90990091981905,317.0795495823993,316.27196759852546,315.49021638470106,314.73649892150195,314.0120462803437,313.3171835374906,327.2057999156392,323.089725527652,318.77288768618877,314.76558254451254
149.94994994994994,181.4276229774054,328.8575160022126,328.0133347019206,327.20199623910577,326.39993447472835,325.59521273556925,324.77711483965805,323.94488286886946,323.0962585067768,322.23602973775854,321.3668534320991,320.4953168266575,319.62618784395517,318.7657425100517,317.9188579431427,317.09046528410255,316.2843490402398,315.503664916953,314.75054238461576,314.0262500589172,313.33110776548943,327.2135988307073,323.0842278770324,318.7793140815819,314.779182833243
150.15015015015015,185.5166691423297,328.88925184866633,328.0302271169007,327.20747212053936,326.39925018554237,325.5894166210419,324.77059749963684,323.9373331250454,323.09078772731414,322.2318511878731,321.36574287453215,320.49648371457994,319.6303470757743,318.77222744425626,317.9277178468454,317.10113457373683,316.2965454095995,315.51688336641564,314.7643782047016,314.04024105237187,313.344831236261,327.2231235785381,323.0792624828803,318.7855821310385,314.7925758538699
150.35035035035034,189.67817026262196,328.9236963924846,328.04877124565604,327.2155066188579,326.39906338977033,325.58577605506093,324.7639094914302,323.9313306181018,323.08491069279575,322.22857254964464,321.36422782135145,320.4980268403082,319.63417032988997,318.77875413542216,317.9362983072866,317.1116759459369,316.30849589315704,315.52990958033115,314.77799042346635,314.0540288793035,313.3583526788489,327.23456274036596,323.0745902346648,318.7917851117688,314.8057554910214
150.55055055055055,193.90949258037568,328.9605158448936,328.0699051966055,327.2246839127741,326.4011463278175,325.58239135641537,324.7589797797347,323.9251236252213,323.08018311834905,322.22494803921694,321.36330341279523,320.49923422797525,319.6381773502621,318.78498985644876,317.94482438417054,317.1219614998928,316.3202820512016,315.54270340101846,314.7914036538752,314.06760451559484,313.3716764121786,327.2477285277012,323.0705075950634,318.7978374637499,314.81873400677375
150.75075075075074,198.20795814878826,328.999944390469,328.0929214692863,327.2360942063247,326.40417396972623,325.5807465490882,324.75435207889296,323.92010699919877,323.07541314204667,322.221996348045,321.362194240448,320.5007095319854,319.6419562568223,318.7912310686516,317.95311537507814,317.1321134604345,316.3318383008379,315.5553074130773,314.80459885560674,314.0809797604317,313.38480074075244,327.2627761169789,323.0668125617263,318.8038251385944,314.8315050141412
150.95095095095095,202.57084652700217,329.041826616519,328.1182293506831,327.2491161708961,326.408939668157,325.57999873172304,324.7509139074433,323.9154806670806,323.0713450119489,322.21912500563263,321.3614017996616,320.5020963260137,319.64578702700504,318.7973005450013,317.96130305930393,317.14205861831164,316.34321755121965,315.56769682034735,314.8175940822481,314.0941489423926,313.3977295436155,327.2796221075956,323.0636532783534,318.80970911512713,314.84407738796466
151.15115115115114,206.9953965018304,329.0862302298321,328.1456547875743,327.26402494469585,326.41511770616535,325.5805329361943,324.7483010692802,323.9116194246561,323.06767127808575,322.2166208198012,321.36071803894197,320.50357514837214,319.649554089477,318.80329394541496,317.9693343609124,317.1518403016542,316.35439982520694,315.5798885894487,314.8303836436022,314.10711762395357,313.41046303117196,327.2983121208924,323.06098612615307,318.81551956916616,314.85645054267667
151.35135135135135,211.47880783529584,329.1331014338471,328.1752704885456,327.2807399631985,326.4228099485631,325.5822688079585,324.74662538822446,323.9084498892558,323.064489266314,322.2144313073513,321.36021204415374,320.50511652051176,319.6532990700098,318.8091986491007,317.97723117219783,317.16145496668787,316.3653954390734,315.59188275535445,314.84297206143384,314.11988691225093,313.4230032050842,327.3188381284226,323.05884157905984,318.8212600757016,314.86862807463933
151.55155155155154,216.01824303685925,329.18247170154086,328.20697184142176,327.29933987277013,326.4319892919659,325.58524214571094,324.7458833165485,323.90600612097796,323.06179991503984,322.21258443455304,321.359888147642,320.50674004784054,319.6570277729562,318.8150269249834,317.9849988911489,317.17090967953584,316.37620839937586,315.60368318458785,314.8553619421177,314.1324590224003,313.43535188718533,327.34120297068193,323.05723238695225,318.82694066329293,314.88061288713345
151.75175175175175,220.61082915923438,329.23427883129654,328.2408505835451,327.3197436060714,326.44271551751507,325.58943227135717,324.7461171522748,323.90427933661476,323.05963978556906,322.2110779031349,321.35977333720837,320.50844805743355,319.66075759647566,318.820783121887,317.9926476701396,317.1802086653796,316.38684425778104,315.6152930235197,314.86755630260035,314.14483610963475,313.4475110129338,327.36540416195703,323.0561775029604,318.8325690222631,314.8924081412939
151.95195195195194,225.2536596166299,329.2885010315444,328.2769010883785,327.3419636221426,326.4549811236651,325.59486208684217,324.74733379269986,323.9032901347432,323.05801972055843,322.2099299837163,321.3598781683828,320.51025494847727,319.66449733706895,318.826477388942,318.0001840614758,317.18935843493483,316.39730743078826,315.62671617781075,314.8795579619248,314.1570205759455,313.45948259317674,327.39144179051453,323.0556903600201,318.8381544341797,314.9040169479292
152.15215215215215,229.94379602429728,329.3451542702451,328.3150405710817,327.36606423482556,326.46875329412745,325.60156781395835,324.7495275689538,323.90306917182016,323.0569409387929,322.20916653099397,321.3602069518851,320.5121793994525,319.66825291133415,318.8321216234837,318.0076137448493,317.19836601797664,316.40760227826337,315.63795667991474,314.8913698820324,314.16901490296755,313.4712687619467,327.4193160368476,323.0557822324892,318.8437067394193,314.915442501025
152.35235235235234,234.67827005818714,329.4041682395774,328.3553787440878,327.3919089119699,326.4841560488299,325.60946701648277,324.7527822731157,323.90357476837136,323.0564634359189,322.20876460323944,321.36080238818016,320.51421080432584,319.6720512440823,318.8377133529997,318.0149517975777,317.2072327848221,316.4177365783027,315.64901686740905,314.90299603727,314.1808212843049,313.48287187389917,327.4490157921895,323.0564774937651,318.8492319967615,314.92668852823715
152.55255255255256,239.4540853335673,329.46561049698107,328.39767305560355,327.4197896614875,326.5009014731034,325.6188272162801,324.756897005681,323.904991510318,323.05646501564013,322.2088468473382,321.3615916042925,320.51642738434947,319.67585310301945,318.8432973423058,318.02218106530825,317.2159812621783,316.4277050847152,315.6599069216239,314.91443623711467,314.19244410901877,313.4942937645633,327.48056038069114,323.0577583966539,318.8547480314322,314.9377572234072
152.75275275275274,244.26821930138908,329.5292859039413,328.4423646791506,327.4490943889275,326.5196423618025,325.6290453388483,324.76241594458213,323.9068906588812,323.05731694097153,322.2091415310432,321.3628125759364,320.51866628971914,319.67980104236307,318.8487856010929,318.02937785242335,317.2245709037158,316.4375435305028,315.6706118960164,314.92570498964056,314.20388044412994,313.5055386659378,327.51388653453404,323.0597155302829,318.8602403378628,314.9486559052455
152.95295295295296,249.11762516122297,329.59545627050056,328.4886579194618,327.48091295067223,326.5391635984197,325.64132384503216,324.76827227025757,323.91020314955176,323.05827811864674,322.2102680166812,321.36399922877854,320.52131109718516,319.6836223784545,318.85439702741553,318.0363988630299,317.2331128719445,316.44718712482376,315.6811806762327,314.9367790542824,314.21514718105465,313.5166047501085,327.5491029168173,323.0622041567832,318.86576844760594,314.9593797573004
153.15315315315314,253.99923378953233,329.66363068194505,328.53782344703467,327.51338531597924,326.56160401063363,325.6534999822709,324.77649762486095,323.91316916467,323.0608497262624,322.21102640962766,321.3661309799377,320.52361720135025,319.6879069904493,318.8597065058338,318.0435683195535,317.241389767936,316.4567938946267,315.691517795294,314.94772312313427,314.2262146386116,313.5275050579941,327.5859886875727,323.06553478107173,318.8712377570246,314.9699509019322
153.35335335335336,258.9099556820855,329.7344787671141,328.5878831425806,327.54939751760793,326.5835472938481,325.66913855352163,324.7837018070856,323.9188491764025,323.06243517326436,322.2135860509783,321.3674844478728,320.52696246647565,319.69161138865405,318.8655180957872,318.0503085287837,317.24982717194456,316.46607889214414,315.70182050632417,314.9584208097855,314.2371509902957,313.53822153174553,327.6248890549345,323.06921133112075,318.87684553032904,314.980338546059
153.55355355355354,263.84668290925606,329.8071633641084,328.64110501244227,327.58552759644283,326.60908889337554,325.6839096599205,324.7941029928491,323.9234204528513,323.0663725896589,322.21517977307576,321.3703279868561,320.5295701193977,319.69613246800265,318.87078833170136,318.0574075165779,317.25786824447965,316.4754416999924,315.71182867871715,314.9690423928451,314.24786839643014,313.54878631960213,327.6653589052579,323.0738807590582,318.88235333603177,314.9905934975174
153.75375375375376,268.80629108299496,329.88236884294605,328.69542771207585,327.6248563918197,326.6344635836566,325.7018706811646,324.8037014935732,323.93061103570864,323.06939284498685,322.2186036935354,321.3723846288469,320.53328431035516,319.700045998562,318.8766240219255,318.06405174982484,317.266118616528,316.4844638343914,315.7218352132419,314.9794080703262,314.2584716098749,313.55916955904075,327.7077974423326,323.0789387393302,318.8880249394391,315.00066965737506
153.95395395395394,273.7856413342078,329.9594408811796,328.7526151918083,327.6646442085181,326.6630437212285,325.7193300523216,324.81622453508373,323.9369175868506,323.07466205973185,322.22115045071826,321.37593215126583,320.5362802201068,319.70481289785283,318.8819134417514,318.07109508924844,317.2739616407563,316.4935968335331,315.7315380980112,314.9897193016093,314.2688539697862,313.5694100963239,327.75181481101123,323.08497735673006,318.89361265794315,315.01062365985274
154.15415415415416,278.78158229930887,330.0388946954723,328.81106424674084,327.70731229001177,326.6917966267014,325.7396382934556,324.82827332905185,323.94560180826664,323.07923789078137,322.22540478627377,321.3788157250775,320.54033973332764,319.7090318928135,318.8877638206154,318.07771006784435,317.28202376983165,316.5023995814693,315.74125166823035,314.9997793600473,314.2791314772902,313.57947437988867,327.79774123047633,323.0914667078902,318.89937385688654,315.02040729338523
154.35435435435434,283.79095211467046,330.1202705989505,328.8719750201987,327.7509598997894,326.7230853146938,325.7601594516898,324.84256284619096,323.9540586268042,323.085529840418,322.2292654338293,321.38284274386524,320.54399140394224,319.71390388853564,318.8932499012812,318.08462005875606,317.28977693820354,316.5112660318728,315.7507098779356,315.0097691626372,314.28920815974686,313.58939821910417,327.8452900570644,323.0988518982216,318.9051084381437,315.0300702902593
154.55455455455456,288.8105804177296,330.20380921918024,328.9345212294381,327.79681733149584,326.755337132649,325.78265266859614,324.85727921043826,323.9640657660944,323.09191081535346,322.23419610082976,321.3867796594689,320.5482795750145,319.7186028529719,318.89903968324376,318.09132529826707,317.2976090803364,316.51992389152605,315.76011255602106,315.0195651870615,314.29915986101213,313.599161294591,327.8946275162719,323.10684631043694,318.91097129796674,315.0395845580423
154.75475475475474,293.83729035346204,330.2893410396737,328.9990564837179,327.84428318746876,326.7892852720374,325.8062889713297,324.8732843056936,323.97479809909566,323.09915957141686,322.2395263282394,321.3912185792198,320.552733512204,319.7235256500163,318.9048381552409,318.09806622470785,317.30535322349164,316.52850504065225,315.7693767871538,315.02922907894947,314.3089580520547,313.60877758776024,327.9456509908455,323.11559737673304,318.91690335313217,315.0489693093141
154.95495495495496,298.86790058497667,330.37685805441555,329.06546125948717,327.8934839102748,326.8247455453319,325.83126253631735,324.8903849520667,323.986449088575,323.10711894079446,322.2454079532263,321.39605453481494,320.55745429923076,319.7286129872754,318.9107049494404,318.10481440236083,317.3130414190236,316.5369985534096,315.77851854688186,315.03875869512837,314.3186101076914,313.61824954425924,327.9983622611654,323.1250830938955,318.9229256114662,315.05822708947414
155.15515515515514,303.8992273069348,330.46629925964675,329.13376464711905,327.9443133688166,326.8618219618704,325.8574449189234,324.90871623470684,323.99889645953067,323.11591758995127,322.2517441869078,321.4013896195386,320.56237590010426,319.733936189139,318.9166004037499,318.1116150633009,317.3206527472235,316.54543079244587,315.787528906174,315.0481678623112,314.3281148357463,313.62758255018736,328.05272883127526,323.13533281812704,318.9290360607035,315.06736498937295
155.35535535535536,308.92808626054364,330.5576521629833,329.2038603406214,327.99687986384595,326.9003458531713,325.88501770966707,324.92808491598487,324.01234182509324,323.125375664221,322.2587158163593,321.40708062250417,320.5676382916518,319.7393947435864,318.9226212813661,318.11840508786156,317.32824783465674,316.5537667099288,315.79644180732015,315.05744132451434,314.3374871248912,313.63677632879205,328.1087511860578,323.1463197688325,318.93526144782453,315.07638265908935
155.55555555555554,313.95129474882475,330.650861367845,329.2757495711018,328.0511136694478,326.9403720390403,325.91390272645566,324.94857254393804,324.0267107242677,323.13557758686267,322.2662618093819,321.4131997785116,320.57319771135934,319.7450429070933,318.9287398470431,318.12522133640243,317.33581132358347,316.5620292169071,315.8052505723583,315.06659183257455,314.34672653470443,313.64583623207795,328.16639987477816,323.15806448859234,318.9416026250963,315.08528687772446
155.75575575575576,318.9656736509058,330.74588502092143,329.34939130072377,328.1070114040347,326.98186577092366,325.9441236658723,324.9701505143555,324.04203763007195,323.14650243668706,322.27441671867024,321.4197338324041,320.57908308142794,319.7508738016417,318.934977655019,318.13206138442376,317.3433579932645,316.57021861002795,315.81396471464444,315.0756213428478,314.3558388560964,313.654765603968,328.2256554324952,323.17056822643775,318.94807078315534,315.0940818255169
155.95595595595594,323.9680494340376,330.84266904513015,329.42477915226397,328.16450759607847,327.0248760182957,325.975603499093,324.9928963161486,324.05824920547036,323.15823100585084,322.2831208901549,321.42675195724956,320.58525207411344,319.7569393193404,318.9413082609146,318.1389604446245,317.3508735088533,316.5783568002165,315.82257825523294,315.0845421431451,314.3648239998431,313.66356976641083,328.2864870621722,323.18384987497484,318.9546667215692,315.10277419296966
156.15615615615616,328.95525616208585,330.94117847933484,329.50184269588635,328.2236438337474,327.06930254651724,326.0084400915502,325.0166973438835,324.0754628115806,323.1706597340107,322.29248380972575,321.4341722208818,320.5917921305681,319.7631823513551,318.9477939034074,318.14588315966085,317.35839809472475,316.58642482166414,315.83111465633226,315.09334691434793,314.37369323274396,313.6722503828277,328.34888152940727,323.1978951840165,318.96140992794324,315.1113660015832
156.35635635635634,333.9241374992036,331.0413483098935,329.58060073409416,328.2843058105604,327.11525634672466,326.04247744135535,325.0417157996202,324.09351384766643,323.18395780603345,322.30236003571224,321.4421411670086,320.59859125581187,319.7697142039503,318.9543578885984,318.1529055337572,317.3658849971391,316.5944695027494,315.83954980883135,315.1020604617032,314.3824394066444,313.68081530734787,328.41279772852556,323.2127377312082,318.96829077585136,315.11986689745527
156.55655655655656,338.8715487074395,331.143154463645,329.66094019015065,328.3466018816273,327.1625410126352,326.0779260250958,325.0677099547863,324.1126526553015,323.19788648810567,322.3129869132736,321.4504573115039,320.6058429371736,319.7763849034311,318.9611405227043,318.15992776026764,317.37342585052346,316.6024322130396,315.8479365421028,315.11065557214386,314.39108557375624,313.6892624562011,328.4782327146308,323.22833866459416,318.97534439482,315.12827447144866
156.75675675675674,343.79435863699416,331.24651105964506,329.74293448628976,328.410321424026,327.21139390834577,326.1144728560863,325.09501454192167,324.13252970590264,323.21279889525493,322.32403948811145,321.45943323051296,320.61328422073086,319.7834374433336,318.9679523241112,318.1671191713373,317.38089860089934,316.6104184110126,315.85620732660453,315.1191870576039,314.3996072279959,313.6976056487607,328.54512674687857,323.2447631723407,318.98253835208243,315.13660513439555
156.95695695695696,348.68945170788913,331.35141206706265,329.82640967594887,328.4756651333006,327.26149067894505,326.1524796109432,325.1232138350159,324.153578323886,323.22826753274524,322.3359382158543,321.4686928876464,320.6212674501903,319.7905798365284,318.9750559000648,318.1742768798584,317.38847883365975,316.6183034120827,315.8644645962572,315.12759350809847,314.4080477068375,313.7058361758912,328.61349143324003,323.2619381590295,318.9899317800603,315.1448490798334
157.15715715715714,353.55372988176686,331.45775802070654,329.91146866659045,328.5423743969801,327.3131255114395,326.19156040479845,325.1527239934817,324.1753556733836,323.2447426939911,322.3482565543196,321.4786480117879,320.62943365556504,319.79814334418126,318.9821819026068,318.1816394970066,317.3959859996147,316.6262400213314,315.87260456218974,315.1359554641257,314.41636735277757,313.71397311993564,328.68325740010306,323.2799453853928,318.9974768797949,315.15302810407195
157.35735735735736,358.3841146226072,331.5655215193465,329.9979977968025,328.6105386537661,327.36612415502293,326.2318924099796,325.18332855447454,324.19808789519556,323.2619961794242,322.36122792416245,321.48908837742295,320.6379910034351,319.8059557929655,318.9894951889445,318.18908091345907,317.40353675657855,316.63414718241836,315.8806987817234,315.1442320609555,314.4245979855749,313.72201170717,328.75441490698347,323.2987457861359,319.00521193107653,315.16113754356843
157.55755755755754,363.17754884508304,331.6747098562902,330.0857703554507,328.68043962191194,327.4200460703083,326.27397154066887,325.21445639100375,324.2223693913191,323.27943348693896,322.3754331790845,321.4994844410225,320.6474306184251,319.813600722527,318.99736512108456,318.19630805283975,317.4113800001234,316.64184247440505,315.8888930661828,315.1523320329588,314.4328007331651,313.7299374922933,328.82698748892597,323.31823537787375,319.01321690299994,315.16916115980104
157.75775775775776,367.9309988493544,331.7851139310011,330.1752088290331,328.75128328778,327.4759013929122,326.3165437130672,325.24748960000505,324.2467321685562,323.29853659349084,322.3894413149928,321.511188163317,320.65653662141403,319.8221656765361,319.0048710420212,318.20410407718913,317.4188924187196,316.64982603048867,315.8968239663104,315.16051561560715,314.44083062655056,313.7378049967488,328.9008102307587,323.3386775680724,319.02131396717607,315.1771602471411
157.95795795795794,372.64145624105095,331.896816020648,330.2658580007652,328.82371637865026,327.5327573016366,326.3606943159679,325.2811926933433,324.27247339557675,323.3179951736873,322.4045307335397,321.52300978945266,320.66640355405747,319.83069646794445,319.01284717263667,318.21178418352883,317.4266427907306,316.65766313800214,315.90482679143145,315.16856018806294,314.44882624949463,313.7455739592784,328.9759684035336,323.35984035712,319.0296748337796,315.1850900652539
158.15815815815816,377.3059398352492,332.0097260971782,330.35777525982047,328.89754255020415,327.5908129548732,326.4061444148107,325.3158519318918,324.2992841563529,323.33811403967326,322.42041720597854,321.53521758044985,320.67680674908837,319.83939715406973,319.02113812239253,318.21948551958366,317.4345368012516,316.6654355751411,315.91285315322716,315.17650698571316,314.45677190680857,313.7532556788198,329.05240025537734,323.38177698286927,319.0382728692772,315.192964659942
158.35835835835834,381.9214975432194,332.1237134101294,330.45113515489385,328.9723735714414,327.6505236041424,326.4522999220554,325.352115718699,324.32645323095505,323.35962740054316,322.4363697689429,321.548529574036,320.6870799507155,319.848892251617,319.0291988220599,318.2276949651487,317.44217657646504,316.67347764998067,315.9206561064994,315.1845401183382,314.464565696831,313.7608907641907,329.1300091325325,323.4046191386352,319.0470085132012,315.20082606716795
158.55855855855856,386.48520824076746,332.2388771285969,330.5454254719869,329.0489380021714,327.710841611451,326.5003859502334,325.38857155261405,324.35548656890757,323.3809765812949,322.4539455625343,321.561448433446,320.6986402263623,319.8578985560503,319.0381842605023,318.23542538928064,317.45040311441335,316.6811207608248,315.92875945769384,315.1922989557644,314.47243071106857,313.7684102616726,329.20889363288796,323.42808573975935,319.05611030932175,315.20860402940485
158.75875875875874,390.99418361697,332.3549439540949,330.6412402042967,329.12615754198094,327.7731476265127,326.5486830583637,325.42713842404754,324.3843036260541,323.40430707731633,322.4710049452272,321.57605196170294,320.70954292928144,319.8682085172419,319.0465088311596,318.2440645402863,317.4580614813581,316.6893116897899,315.9364456396912,315.20030026426895,314.48006671289113,313.7759217703024,329.28883447704976,323.4525612068696,319.0652772598654,315.2164092153887
158.95895895895896,395.44557000215275,332.4720914592183,330.73782634027685,329.2051528998875,327.8358595080613,326.5990639031843,325.465663886689,324.41520905109536,323.4272265513973,322.4899421630356,321.5900236370952,320.7219822516509,319.87781887042206,319.0559758455086,318.25205645102045,317.466475768723,316.6969866644638,315.9445448246869,315.207965358511,314.48782760705853,313.78331218830107,329.36999882212564,323.4776130578625,319.074861837465,315.22412732860425
159.15915915915915,399.836550173934,332.5900638545457,330.8357523758829,329.28487825110204,327.90031002508897,326.64985743155626,325.5060116626918,324.4461723244108,323.451833092938,322.50865474750606,321.6054129099336,320.7340302339036,319.8885154169314,319.0649972804068,318.26079840441315,317.47447748092236,316.7051083799204,315.952324745228,315.21582368453545,314.49540540709415,313.79069230514654,329.4521723876352,323.503616947496,319.0845637633155,315.2318709043849
159.35935935935936,404.1643451402121,332.7088984240706,330.934630407127,329.365862568387,327.9657167763237,326.7019681223024,325.54712481229035,324.47831799687265,323.4769518993789,322.52832027146076,321.62107817228775,320.7467745584677,319.8993055884905,319.07447430010666,318.26951482284136,317.48273360826227,316.7131438409083,315.96020678344513,315.2235847424154,314.50298150948083,313.79800675662403,329.5354152596421,323.5303586304581,319.09456057563364,315.2395847265747
159.55955955955955,408.4262158979469,332.8285168074111,331.0344693131899,329.4479516440852,328.03222284790166,326.755166059637,325.58923182179626,324.51137949061405,323.50285042093236,322.5486688014782,321.63728600048915,320.7599704543109,319.9104248298957,319.08420667769917,318.2783920857805,317.4910978572637,316.72122322204257,315.9681005671323,315.2313220307394,314.51052010648107,313.8052740453659,329.619665334445,323.55788330706207,319.10481838098997,315.24728799435223
159.75975975975976,412.6194651666428,332.9488565858359,331.1352394082137,329.5310872511272,328.0998110409956,326.8094218138872,325.63232850988715,324.5453396258689,323.52953559393586,322.5696907450561,321.6540488447146,320.7736133874735,319.9218870040161,319.09419320089285,318.28744297238137,317.49957120826963,316.72935702738295,315.97600862198726,315.2390434543962,314.51802501386476,313.81249958251993,329.70488322001194,323.58618866389253,319.1153415546067,315.2549867400302
159.95995995995995,416.7414390954161,333.0698064410108,331.2369836301515,329.615176354173,328.1684598814277,326.86472693914027,325.67638483481164,324.58020837788536,323.5569855164093,322.5914043022713,321.6713514201351,320.7877239315884,319.93368225062636,319.1044529815557,318.29666206460854,317.5081693269915,316.73754345093374,315.9839425207968,315.2467502263718,314.5255037808833,313.8196873365516,329.79103064918064,323.61526689030256,319.12613811107406,315.26268546310746
160.16016016016016,420.78952894258674,333.19141374457604,331.33943341119414,329.7003317606668,328.2380984218423,326.92103891502234,325.72143260496534,324.6159207073002,323.5852571215617,322.61374749607535,321.6892551829883,320.80225003982673,319.9458664605184,319.11494635019926,318.30609443658847,317.5168653967129,316.7458148395143,315.99188760471117,315.2544620320945,314.53295296139925,313.8268449962803,329.8780632506604,323.6451226225782,319.13720453676916,315.27039248679995
160.36036036036037,424.7611727267108,333.31351216932,331.4427620868702,329.78632114562737,328.3087867984658,326.97833397122525,325.7674051682012,324.6525475228173,323.61425393976646,322.6368139943156,321.70766947643347,320.8172821402298,319.9583646537507,319.12574981897575,318.3156842324323,317.5257171825912,316.754135000019,315.99988178828676,315.26216139559335,314.5403912698191,313.8339727920983,329.96594323430173,323.6757380203068,319.14855960559595,315.2781084491633
160.56056056056056,428.6538568480266,333.4361183913639,331.5467262657642,329.87330757420574,328.3803593432649,327.03662972014797,325.8143286040169,324.6899837613226,323.64409508024306,322.66046714187064,321.7267311961396,320.8326936991163,319.9713011728327,319.1367610140857,318.3255310331858,317.53465108221866,316.76257432857557,316.00788074419546,315.2698890824976,314.54780261530794,313.84108271336066,330.0546282589494,323.70712115671853,319.1601876002879,315.28584589678746
160.76076076076077,432.46511767927893,333.5590912078586,331.65146586345605,329.9610340149489,328.45294640892496,327.0958356840048,325.86215665925084,324.7283270894712,323.67461779604696,322.6848864523347,321.74625387190633,320.84866939715937,319.984510874792,319.14813782777054,318.3355064908993,317.5437864457445,316.77104572175455,316.0159618983786,315.27759931578674,314.5552227130654,313.8481692486983,330.14407463583865,323.739248373802,319.17212220727316,315.29359977953675
160.96096096096096,436.19254312491233,333.6824233088925,331.75678468434444,330.049630980756,328.5263761587726,327.1559966660673,325.9108894953111,324.76747204920406,323.7059686727528,322.7098827112616,321.7664389164094,320.86501177440357,319.998187106896,319.1597124765852,318.3457683608545,317.552998871105,316.77966147365544,316.0240478601278,315.2853565523698,314.56262114956587,313.85524925500926,330.2342423597666,323.7721303689878,319.18433571796885,315.30138725814567
161.16116116116117,439.8337741476577,333.80605636978015,331.86262335023986,330.13905063478535,328.600632254661,327.21707318425837,325.9605135363403,324.8074223223046,323.7381058995227,322.7355055988817,321.7872230576924,320.881791138299,320.01226609325727,319.17155302060456,318.3562649040374,317.5623431802454,316.7883862779162,316.0321761504622,315.29314308876985,314.57001687919643,313.86232286947217,330.32508715874496,323.80575408294834,319.1968436672887,315.30920905316333
161.36136136136136,443.38650626153105,333.9298038422465,331.96923254001206,330.2288997077186,328.67596057583506,327.27890537323583,326.01097610805886,324.8483564141021,323.7707163670874,322.7621277827897,321.80820102718286,320.89941349347947,320.02636846896803,319.1840130242465,318.36669332305735,317.57208744705304,316.79701022710026,316.04051961593416,315.30084480483305,314.5774866491899,313.86937067644095,330.41656040780964,323.8400755398442,319.2097151513609,315.3170463946997
161.56156156156158,446.8484909903159,334.0539145615081,332.0757592849316,330.3201019378495,328.75152069201977,327.3418729805367,326.06237886340193,324.8896149035933,323.80487705190114,322.78835883997743,321.8309216144114,320.91628877437466,320.04204013951477,319.19566651340847,318.3783355476865,317.58113800458585,316.80644592229083,316.04837511171326,315.30897411566224,314.58473032201516,313.8765009133239,330.50863389136913,323.875230254657,319.2226937959141,315.32500527700114
161.76176176176176,450.217537290589,334.17774299515867,332.18365473092484,330.41075520553454,328.8288578776837,327.4051634725744,326.11439512033604,324.93264639031383,323.838108911912,322.8174097862266,321.85172926352726,320.9362299038506,320.0555446633323,319.2100167675038,318.3880510059506,317.5922202739042,316.81444523048924,316.0575125869675,315.31627079891484,314.5925153748389,313.8834599202532,330.60123485637524,323.91085789446316,319.23641252290827,315.33284078229275
161.96196196196198,453.4915129384068,334.30198084637846,332.29089359407584,330.50327193550186,328.90584477236695,327.4697562395378,326.16753962452,324.97523789022677,323.8741030681504,322.84443291552,321.8761756993258,320.9533965415083,320.07265895635595,319.22163071359626,318.4007555614941,317.60107608066096,316.8245550186385,316.06515837439434,315.32473577065593,314.5996432788353,313.8906607267141,330.6943494775722,323.9474978395486,319.2499035707231,315.3409506338476
162.16216216216216,456.6683458787568,334.42589733449535,332.3991648823213,330.59543099456465,328.9842793177988,327.53482669733046,326.2210944353202,325.01972926070556,323.9089627247749,322.87452347725986,321.89836732500135,320.9740434534487,320.08714855402593,319.23643078181817,318.41107251048186,317.61240567292157,316.83286465867513,316.0743991514921,315.3321567411336,314.60745801353664,313.8976536866909,330.7879198453021,323.98453544461233,319.26422019453923,315.34890645030566
162.36236236236238,459.74602553693757,334.5498991730535,332.507180739728,330.6887202148991,329.06287596126674,327.60077177650254,326.2758262319261,325.06394409302226,323.94615469134686,322.9031210767508,321.92360015000133,320.9924948426,320.1047306470612,319.24894938463456,318.42401761861686,317.6218147310874,316.84306534285844,316.0823292475048,315.3406386679522,314.61469458399733,313.90487492836786,330.88188957309,324.0225292486095,319.2784014448,315.35712055413615
162.56256256256256,462.72260409101904,334.6735959066001,332.6157347451172,330.7820585209878,329.14239911834125,327.6674044600342,326.3309300238643,325.10973678333096,323.9827420375389,322.9340379510057,321.94741875183513,321.01354863948046,320.1205447917967,319.26387472722206,318.4352787905388,317.63311548320223,316.8519591625144,316.09149064381717,315.3483526160099,314.6224686565445,313.91195168666997,330.9762385502162,324.060973109515,319.293272486448,315.36524455311115
162.76276276276278,465.59619770459886,334.7971288476676,332.7242424156307,330.87603216069016,329.2223597163005,327.73469793971117,326.38704203997264,325.15567006928427,324.0208912530463,322.96444427570015,321.9731167279813,321.03364008624726,320.1382220257815,319.27769609258206,318.4481118256395,317.6434328640385,316.86198109632124,316.0999589344211,315.35670093481417,314.6299379267279,313.91917680950354,331.070892216,324.1002328731969,319.30822057885774,315.3735511403576
162.96296296296296,468.36498771905167,334.92031796744624,332.8329439644221,330.9702536994171,329.3029437881248,327.80268206295716,326.4436721044919,325.2026739756447,324.059169136398,322.99617043722805,321.99854540248816,321.0550950511486,320.1553864997625,319.2927265710884,318.46037503946246,317.6546771128661,316.8715236959922,316.1090216821137,315.3647584362647,314.6376717476737,313.9263629489648,331.1658282964735,324.1400462112502,319.3236520548656,315.3818677022019
163.16316316316318,471.0272218045377,335.0431593619034,332.94162987122786,331.06486257121213,329.38397735548557,327.8713382627606,326.5009747654528,325.2503343767198,324.09818376992376,323.02839783949514,322.0246557774177,321.0768752369408,320.1730991284924,319.3079411031791,318.473023444513,317.6660106904624,316.88130112102317,316.11812143126684,315.37293665507065,314.6454287285822,313.9335984563297,331.26099348451794,324.1805093058018,319.3393899207175,315.3902772784545
163.36336336336336,473.5812150690252,335.1655987772556,333.05030891099403,331.1597178544205,329.4655429772895,327.9404945140385,326.5590845031284,325.2984610369382,324.1381129235083,323.0609106402653,322.0516718093861,321.0987335988611,320.1916195877943,319.3230784964558,318.48631899210676,317.67719590918404,316.89153278851154,316.127085407531,315.38137345168377,314.6531314760269,313.9409163837148,331.3563326067996,324.22164818264525,319.3553893168804,315.3988079014936
163.56356356356358,476.02535112463886,335.287534912648,333.1589184416799,331.25480279738,329.5475352670806,328.0102391343953,326.6177892054342,325.3473003789603,324.1786010289151,323.09411588550057,322.0791149125508,321.1211827963856,320.21041610824597,319.33866867887065,318.4997641007461,317.68869198831817,316.90183066435725,316.1362363943899,315.38984030420073,314.66092799254835,313.9482726708162,331.45180611063677,324.26338428227217,319.3717447345133,315.4074216052625
163.76376376376376,478.3580831106474,335.4088979469472,333.26740097123377,331.3500729799044,329.62992203576573,328.08054090670885,326.67707224061587,325.39682983998665,324.21964461711013,323.127996876709,322.10699116086965,321.14421013805213,320.229500322732,319.3547022035328,318.5133722995518,317.7004927099409,316.9122072485183,316.1455717114441,315.39834666277096,314.66881941934594,313.95567255903205,331.547366968112,324.30570694705824,319.3884555347619,315.4161235202223
163.96396396396398,480.5779346724531,335.52964748299195,333.3756985254726,331.4454804706295,329.71267424479356,328.1513471279618,326.7369500483943,325.44697128515486,324.2613121044894,323.16244542367764,322.1354105061056,321.1676889400071,320.2490010706886,319.37105382139333,318.5272664927789,317.7124934424255,316.92275988270654,316.15502087484504,315.40695211468363,314.6767767923279,313.9631319849566,331.64296957036987,324.3486178735643,319.4055007534587,315.424928329904
164.16416416416416,482.6835008959547,335.64969122927283,333.4837552809216,331.5409797532698,329.79575158577694,328.22263103062124,326.79739307757325,325.4977147649555,324.30358028397205,323.1974653066683,322.1643536700982,321.1916322044347,320.26890236619363,319.3877407767171,318.54143447768286,317.7247113228342,316.93348094265457,316.1645977880947,315.4156542056066,314.684808905917,313.97065387508707,331.73856177597247,324.3921014206534,319.42288422957256,315.43383914347197
164.36436436436438,484.6734491967004,335.7690717652009,333.5913492374898,331.6366304667255,329.87907765634606,328.2943663810474,326.8583757106303,325.54904131325804,324.34643531084885,323.2330472883995,322.19381485149864,321.21603735400157,320.2892036553628,319.4047645645183,318.5558787670395,317.7371500074708,316.9443744698761,316.17430699787343,315.4244575104785,314.6929204139447,313.9782427216326,331.8340991013619,324.43614289492706,319.4406068696786,315.44286042276104
164.56456456456456,486.54652016326054,335.88752505893837,333.69884068291753,331.7320987975732,329.9627119665575,328.3665027426249,326.9198736123385,325.60093124422514,324.3898628304539,323.269181607522,322.22378790444884,321.2409013896429,320.3099041721112,319.42212638810526,318.57060175384663,317.74981298301753,316.95544444642917,316.1841529714977,315.43336658055426,314.7011159423098,313.98590300549193,331.9295358497223,324.48072743979765,319.4586693373447,315.45199658925657
164.76476476476478,488.30152835429436,336.0050185255858,333.8061067038915,331.82740421866697,330.04658172842556,328.4390166130945,326.98186026140195,325.6533650312279,324.43384848760957,323.3058583038417,322.2542665584222,321.26622099067265,320.3310029826046,319.439827094891,318.5856056662377,317.7627034068352,316.96669470230455,316.19413990444264,315.442385819485,314.7093999097295,313.99363904981215,332.02482555793284,324.52583972850067,319.47707202824824,315.4612518771547
164.96496496496496,489.9373630487978,336.1218364641882,333.91239261800337,331.92303532008236,330.13040612573434,328.5119604204152,327.0442786635168,325.7063336301818,324.4783746202546,323.3430675848783,322.2852442199508,321.29199243628676,320.3524990083203,319.45786718376,318.60089266649635,317.77582416724215,316.97812904602034,316.20427180926174,315.45151961539426,314.71777663158326,314.0014551351373,332.1199261896847,324.57145974375646,319.4958150924211,315.47063044747944
165.16516516516518,491.45298894906557,336.23748348730413,334.01860828680327,332.01805027303766,330.2147049550715,328.58502241156674,327.10722325303664,325.75977316923763,324.5234382604611,323.38079642910833,322.31671410370694,321.31821203022537,320.374390514712,319.4762473399774,318.616464320263,317.78917838019066,316.98975081916325,316.21455287929587,315.4607720643732,314.72625048607574,314.00935543835965,332.2147738827567,324.6175890431101,319.5148985170737,315.4801363374536
165.36536536536536,492.84744683591543,336.35224320192526,334.1238507183222,332.11337567847687,330.2986478256419,328.658676000119,327.1704007556795,325.81378200913525,324.56897810185,323.4190494340669,322.34866423909267,321.3448766844943,320.3966757565988,319.4949674605805,318.6323226232824,317.8027684082712,317.0015637658937,316.22498676355485,315.4701475074527,314.7348255770855,314.017344144708,332.309358684897,324.6641749079648,319.53432218664545,315.48977355173895
165.56556556556558,494.1198541757666,336.46571508258046,334.2289447738588,332.20787781700056,330.38319114639575,328.7321456590008,327.23425168526916,325.86808623239125,324.6150977770092,323.4577659935882,322.381104568967,321.3719767616758,320.4193537334718,319.514027687266,318.64846858498294,317.81659726077874,317.01357077441816,316.23557760753016,315.47964974750596,314.7435062157003,314.02542527896105,332.4035748957673,324.71126125144497,319.55408480563506,315.4995459248231
165.76576576576576,495.2694056791821,336.5782225052242,334.3328408140275,332.30279358847235,330.4670400431221,328.8064267206404,327.2980213987861,325.92311492103363,324.66153535369415,323.49705364060986,322.4139756144393,321.3995273430939,320.44241554606214,319.53342944616776,318.66490344507224,317.830666860835,317.0257755571411,316.2463286228432,315.48928312239343,314.752296248883,314.03360293274653,332.4974647342973,324.7587401857126,319.5741885282462,315.5094572968015
165.96596596596598,496.2953738105267,336.68928080903146,334.436626197896,332.39655207940757,330.55172799244247,328.880110126718,327.362735614358,325.9781316172668,324.7087088474179,323.5366629185266,322.44738614160946,321.4274715506257,320.46587904838617,319.5531654475173,318.68162985320515,317.8449795935742,317.0381805380105,316.25724401482114,315.4990510196413,314.76119998355,314.04188094290134,332.5908594410991,324.8067250278358,319.5946250986617,315.5195112997848
166.16616616616616,497.1971092484133,336.7993266571925,334.5389139440587,332.49094482991944,330.6352424379884,328.954977093375,327.426891362045,326.0341908165587,324.7558911661694,323.5770081219522,322.481093809998,321.45592110705144,320.4896880482566,319.57325694898435,318.6986408362661,317.8595396065276,317.05078860677946,316.26832667490817,315.50895781940363,314.7702209304985,314.0502633249835,332.68388099250683,324.85501505534467,319.6154093094172,315.5297114713146
166.36636636636638,497.9740412966505,336.9077259363593,334.6412379691835,332.58369301973687,330.7200178538032,329.0286293311539,327.4924747230769,326.08971999047765,324.8041545031928,323.6173747231109,322.5155059722134,321.4846431329216,320.5139536355547,319.5936506195677,318.715958697109,317.87434115070914,317.06360444181496,316.27958005653846,315.51900662292525,314.7793634110065,314.0587536944243,332.7762608220474,324.90384598241434,319.63650944717244,315.54006164534184
166.56656656656656,498.62567824542816,337.01511317160816,334.7416372535407,332.67749417460857,330.8028966259247,329.10410877413364,327.5567383470868,326.14688632878426,324.8518620473878,323.6588566361141,322.54991220891935,321.5140444701191,320.5384468022757,319.6144598142564,318.7335303304147,317.88940872984494,317.07662222308915,316.2910097923331,315.5292008035115,314.78863087599836,314.0673559303826,332.86824999996315,324.9528511136584,319.65797802938215,315.5505639250629
166.76676676676678,499.1516076825141,337.12060530157794,334.84237851058975,332.76892271231304,330.88776307524796,329.17741193345256,327.62327257945606,326.2026490769399,324.90132177900756,323.6997761889638,322.58541356981044,321.54342705799655,320.5635668894663,319.6354640982091,318.75146687406453,317.90469209204696,317.0898664123614,316.3026108627611,315.5395462226759,314.7980265951732,314.0760736620309,332.95941630663623,325.0024866388356,319.6797234023567,315.5612247510005
166.96696696696696,499.5514967542638,337.22501040183636,334.94098918723705,332.8615083345824,330.97036852086086,329.2528378839829,327.68801843519526,326.26042953503736,324.9497883845662,323.7421333065275,322.6206101511388,321.57368420317704,320.58876377374617,319.65697306749837,318.76960240225293,317.92027522265386,317.10330136113225,316.3144021287321,315.55004044175,314.8075559039208,314.08491010300116,333.0501428656999,325.05219596249304,319.70185973386566,315.5720419877073
167.16716716716718,499.8250923762796,337.3275330355391,335.03952418049516,332.95206744172066,331.05442408200906,329.3264242619676,327.7546800880913,326.31693582092305,324.9999080294134,323.7838818386754,322.6569484916409,321.603826360484,320.6146587598224,319.6786095793754,318.78814917079615,317.93604628472116,317.11698565953054,316.326360298839,315.5606978695234,314.81721809399085,314.09386977239916,333.1399946003463,325.1024708537488,319.7242580310399,315.5830263388566
167.36736736736736,499.97222139358394,337.42877572408423,335.1360752750984,333.0433559632959,331.13650178239,329.40174499793517,327.8197352225271,326.3752742748008,325.0490457064397,323.82706203281145,322.69289864925315,321.63490846509404,320.6405457646812,319.70081055763615,318.80684705382043,317.9521516989988,317.13084465152434,316.3385261155217,315.5715041737547,314.8270237614413,314.10295412747405,333.22929074856074,325.15280317716645,319.74705270804617,315.5941705659432
167.56756756756758,499.99279069020696,337.52811571558505,335.23222349564566,333.1328720126123,331.2195540179315,329.475555585803,327.8862973828634,326.432572508971,325.0995996747779,323.86973044108976,322.7299047387596,321.66588472786765,320.66712358474564,319.7231215914738,318.8259715678264,317.96843241730835,317.1449680667813,316.35085662185384,315.5824845508748,314.8369665559245,314.11216916103245,333.3176641655155,325.2036209492923,319.7701067778444,315.6054889912933
167.76776776776777,499.88678724811837,337.62591549249686,335.3267502650919,333.2223433244382,331.30137606263463,329.5501657951849,327.95202128031576,326.49093377445826,325.1497211003847,323.9133575853305,322.7668152639394,321.6975793613727,320.6938110164273,319.7459204214236,318.8452832525438,317.9850318592583,317.15927655468954,316.36339799765494,315.5936198574516,314.8470596659122,314.1215152206509,333.4053101879693,325.25456980088575,319.79352518220514,315.6169738592718
167.96796796796798,499.6542781554664,337.7219801111405,335.4203927544879,333.3105963075472,331.3833447322269,329.62401548051577,328.01842041758135,326.54891255021045,325.20064422354073,323.9569018378023,322.8044299898436,321.7293849277859,320.7210319831527,319.76891569902415,318.8649688401568,318.0018349962688,317.17383950864536,316.3761139607776,315.6049324123659,314.8572960035545,314.1309974885486,333.4920658771837,325.30586180379566,319.81722728927764,315.6286358747784
168.16816816816817,499.2954105641186,337.81644044945045,335.512575952488,333.3983518480324,331.46442300111096,329.69811414458746,328.0843628298201,326.6074830122141,325.2514311864227,324.0010936164799,322.8421225886606,321.7617473895882,320.7484414201578,319.7923347822065,318.88487091851346,318.0189410136058,317.1885990891711,316.3890433522539,315.6164078317887,314.86769016223303,314.1406185315694,333.5779810791338,325.35729864671947,319.8412671048144,315.6404717934032
168.36836836836838,498.810411596531,337.90894749585,335.6034975620312,333.48515226726244,331.54508331606166,329.7718597075889,328.15039222795974,326.6660725509325,325.3025483662215,324.045501938374,322.8802137266747,321.79440051627023,320.77622188088,319.81604100384277,318.9050774702895,318.0362920927918,317.203592349794,316.40216729514725,315.6280606115959,314.87823949582696,314.15038327644896,333.6629080697588,325.40894576203243,319.86560659281486,315.65248860576264
168.56856856856857,498.19958820200657,337.99950125033916,335.6931575831174,333.57099756523723,331.625325677079,329.84525216951994,328.2165086120001,326.7246811663656,325.35399576293725,324.0901268034846,322.9187034038859,321.82734430783194,320.8043733653192,319.840034363933,318.92558849548476,318.05388823382697,317.21881929051415,316.4154857894577,315.6398907517876,314.88894400433634,314.16029172318747,333.7468468490585,325.4608031497347,319.89024575327915,315.6646863118566
168.76876876876878,497.4633269624293,338.0880412337961,335.7814601410945,333.65591921081193,331.70505197493236,329.9183564160386,328.28260948242774,326.78337591617816,325.40568871439984,324.13502090691117,322.95753441344607,321.86061238981495,320.83286382321927,319.8643330651097,318.94638936211925,318.0717383494643,317.23427502646325,316.4290033003337,315.6518978874753,314.8998062616125,314.17034528802816,333.8297657953347,325.5128458866726,319.9151873979455,315.6770655527826
168.96896896896897,496.60209384760367,338.174589596673,335.86826111826116,333.73986062330226,331.7841157967799,329.9911654459078,328.3485647476581,326.8421672630931,325.4575266535022,324.1801973397601,322.996641313353,321.8942147626485,320.86165804404897,319.8889441099376,318.9674657855647,318.08984841402525,317.24995742098673,316.4427260444459,315.66408574791086,314.9108326608825,314.1805496852032,333.9115985161848,325.5650194634733,319.940426223245,315.6896303118859
169.16916916916918,495.61643392034716,338.2591494982691,335.95356244916707,333.82281120497504,331.86251947351406,330.06366844592617,328.41437915311275,326.9010455989583,325.5095141198391,324.22564897442356,323.036027428923,321.9281470333371,320.8907580524178,319.9138652732445,318.9888188752145,318.10821757561627,317.26586710086974,316.45665389043427,315.6764547510268,314.92202338237814,314.19090521855196,333.9923422143703,325.6173230550513,319.96596136196604,315.7023808686522
169.36936936936937,494.5069709915283,338.3416428197505,336.03733376042896,333.90468810545974,331.94023277275585,330.1357829077484,328.4800412551741,326.95994395151115,325.56164816757524,324.27132829471714,323.07569260711495,321.96238059363696,320.92016467237386,319.93908262686404,319.0104503823371,318.12684144348606,317.2820069282187,316.4707877069666,315.6890085967126,314.9333815911768,314.20141564987114,334.0719360732287,325.6697308552185,319.9917839437396,315.7153200945892
169.56956956956958,493.27440722526455,338.4220433471316,336.1195514366071,333.9854573199628,332.01723110003053,330.20747654864005,328.5455341843189,327.0188377342278,325.6139179322036,324.31721844912283,323.11563027027256,321.9969054918311,320.94987455483437,319.96459150080614,319.03235935610815,318.1457188566543,317.29837760310824,316.4851283437191,315.70174892038216,314.9449090219793,314.212082864617,334.1503519504744,325.72222771402915,320.0178899520468,315.7284493507612
169.76976976976977,491.9195226945327,338.5003121297513,336.200172647144,334.0650851756821,332.0934720984858,330.2787202802779,328.610821793352,327.0777066056595,325.666297094511,324.3633063299299,323.15582339778246,322.0317141307916,320.97987837319954,319.99038845794564,319.0545420519795,318.16484934470043,317.31497892524686,316.4996772005848,315.7146774031809,314.9566079345968,314.2229091557849,334.2275524662682,325.7747910442469,320.0442744717234,315.74177012387884
169.96996996996998,490.4431748874704,338.5764192287373,336.27916048526276,334.1435384894637,332.1689198253969,330.3494848436791,328.6758739405936,327.13652907155364,325.7187639990283,324.40957767988124,323.19625809208407,322.0667980852406,321.01016853859545,320.0164695312727,319.0769954774116,318.18423207548466,317.3318108647153,316.5144353794975,315.7277956111339,314.9684803203022,314.23389659604754,334.30350457450794,325.82740055662816,320.07093274160104,315.7552837543393
170.17017017017017,488.84629816468464,338.65033216933307,336.3564774747908,334.2207769307188,332.24353668263603,330.41973349823184,328.74065943578955,327.1952764755992,325.77129619389444,324.45601282967107,323.2369199108223,322.10214544159595,321.0407370477681,320.04282881947694,319.09971638757236,318.2038653511903,317.34887333672737,316.52940374940283,315.74110521432806,314.98052824192916,314.24504741397885,334.3781713511421,325.88003296915525,320.0978586095208,315.7689915912733
170.37037037037038,487.12990316790615,338.72200662894244,336.43209418800757,334.2967717493539,332.31729536396824,330.489440200265,328.80515546517574,327.2539284824902,325.82387711381676,324.5025977997176,323.27779814135073,322.1377477156127,321.07157792762575,320.0694621001608,319.1227023169003,318.22374793953725,317.36616620468254,316.5445829129288,315.7546073703435,314.99275315910063,314.256363184718,334.45152162610736,325.93267140051023,320.1250475999674,315.7828945663547
170.57057057057057,485.29507618036934,338.7914078215163,336.5059678075432,334.3714821719065,332.39015680549704,330.5585687432273,328.86932910308275,327.31245652113887,325.87648234222445,324.5493126710454,323.31887673451195,322.1735926502112,321.10268205126687,320.0963631151896,319.14594930101816,318.24387783515607,317.3836889532536,316.5599735083218,315.76830349725594,315.0051569644437,314.2678459718915,334.5235166699381,325.9852914744007,320.1524929905684,315.7969937790333
170.77077077077078,483.34297843931665,338.85852339803813,336.5780730415451,334.4448818261301,332.4620956537783,330.6270955491726,328.9331589755019,327.3708419094723,325.9290959536333,324.5961443421268,323.3601451700872,322.2096721383395,321.1340433989946,320.12352768677044,319.16945468763305,318.26425365344096,317.4014411873731,316.5755758924006,315.78219447045325,315.0177408451966,314.27949707874956,334.5941338937329,326.0378772701643,320.1801903130357,315.81128989483466
170.97097097097097,481.27484540106934,338.92330940153096,336.6483705454049,334.516928497131,332.53307037660704,330.69498160601796,328.9966096722358,327.429053410473,325.98169124728946,324.6430706071197,323.40158557352476,322.24597224377453,321.16565157422036,320.15094846906663,319.19321372883405,318.28487277058696,317.41942197640736,316.59139040911856,315.79628152884806,315.03050657828896,314.29131849196125,334.66333208533837,326.0904021021285,320.20813175729654,315.82578379692484
171.17117117117118,479.0919859591211,338.98574220458494,336.71683661063844,334.58759880622193,332.6030579795608,330.7622051794734,329.0596613599234,327.48707347220574,326.0342531392317,324.690078874574,323.4431877482841,322.28248498222524,321.197500574237,320.1786211861854,319.2172236145103,318.30573358491336,317.4376306804185,316.6074171477777,315.81056527425386,315.04345507680483,314.3033112485555,334.73108815609595,326.1428509188438,320.2363127884143,315.84047588556206
171.37137137137137,476.7957816157598,339.0457987313399,336.7834373440245,334.65685793176664,332.6720242632614,330.82873386861877,329.12228437460027,327.5448757670196,326.08675893228224,324.73715013849295,323.48493624882536,322.3191982147158,321.22958122985443,320.2065392659499,319.2414799806279,318.3268335575569,317.4560662155687,316.6236561307439,315.8250465085406,315.0565876184907,314.31547681881665,334.79737042780226,326.1952010922441,320.26472644974103,315.8553666584321
171.57157157157158,474.3876856077311,339.10345122824066,336.8481425767624,334.72467235169705,332.7399355746913,330.89453553877127,329.1844491122141,327.6024338628942,326.13918570705886,324.78426508746617,323.5268152800555,322.3560994357996,321.2618840128948,320.2346957967174,319.26597815208237,318.3481698689076,317.4747272481702,316.6401071586241,315.8397258363303,315.06990530321804,314.32781650907737,334.8621474540326,326.2474298099377,320.29336545328033,315.87045641108404
171.77177177177177,471.86922198650643,339.1586840191963,336.9109302871579,334.7910181237966,332.8067676583512,330.95958686930004,329.2461339945808,327.6597284233921,326.1915166377877,324.83140949366253,323.56881316018297,322.39317935719833,321.29440181001195,320.263085583295,319.2907145779866,318.3697403358706,317.4936126931636,316.65676998679646,315.8546036106387,315.0834088541104,314.3403311993336,334.9253973915604,326.29952034192127,320.32222433287245,315.8857452688086
171.97197197197198,469.2419846537292,339.21144792449047,336.9717694928735,334.85586419760847,332.87248909511567,331.0238574721977,329.3073107690087,327.71673402993645,326.2437295241451,324.8785645145461,323.6109143573586,322.4304255751526,321.3271250719655,320.29170160317585,319.3156844085583,318.3915419210497,317.51272097189207,316.67364415619613,315.8696801712025,315.097099108289,314.35302194104685,334.9870856364572,326.351450638999,320.35129571598037,315.9012332697253
172.17217217217217,466.5076363524585,339.2618239291275,337.0304529710734,334.91930408410843,332.9370310874211,331.0873293544708,329.36795484952717,327.77342916460935,326.2958054598992,324.925714022478,323.653105516403,322.4678273682383,321.3600454934625,320.32053769914154,319.3408833408191,318.41357187346415,317.5320505865609,316.69072913402675,315.8849556764851,315.1109766573972,314.3658895161281,335.0471882852402,326.40320180258334,320.38057315502516,315.91692031411964
172.37237237237238,463.6679076148388,339.3097145175659,337.08715996464804,334.98116248964885,333.0004195220319,331.1499620212135,329.42804010959145,327.8297890463782,326.3477226738069,324.972839391328,323.6953711437518,322.50537224101373,321.3931533418893,320.3495866050299,319.3663062450876,318.43582685725755,317.55159965396734,316.7080241590382,315.90043017176276,315.12504205498294,314.3789347050509,335.1056837030216,326.4547524729713,320.4100490580556,315.9328061489604
172.57257257257257,460.7245956668721,339.35479590735457,337.14245942852074,335.041015061071,333.0627625239499,331.2117059083534,329.4875435466246,327.88579068580526,326.39946090863737,325.0199232344621,323.7376967058869,322.54304841056364,321.4264393823964,320.37884137163553,319.3919481601383,318.45830358648635,317.57136624945684,316.7255283616473,315.91610354899433,315.13929567602145,314.3921581023908,335.1625477658499,326.50608301628324,320.43971618224407,315.94889038770214
172.77277277277278,457.67956329097535,339.397511912897,337.1953996506186,335.0995286534521,333.1237600175992,331.2725962281678,329.546431543674,327.9414129132306,326.45099973372686,325.0669482333925,323.78006761330045,322.58084400212454,321.4598942573438,320.40829490881725,319.41780397554516,318.48099862457343,317.59134830092955,316.74324073051247,315.93197556534557,315.15373776780865,314.4055601817736,335.21775929254693,326.5571720074649,320.4695671536808,315.96517250927394
172.97297297297297,454.53473764705274,339.4379616508389,337.24573610284114,335.1568536287504,333.18328354957134,331.3326742367243,329.6046422478652,327.9966478312132,326.5023152813032,325.11389777747956,323.8224691472427,322.6187470583822,321.4935084895827,320.4379399881654,319.4438684338228,318.5039083858479,317.6115435897625,316.76116011311404,315.948045843428,315.16836845004656,314.4191412958736,335.2713018337452,326.60799445702077,320.49959447116015,315.98165185844493
173.17317317317318,451.29210905282093,339.47555429902866,337.2947439057693,335.21173212464697,333.24211790788115,331.39148879600606,329.6623402996477,328.0514070681898,326.5534046202647,325.16075171550716,323.86488684116455,322.6567455978254,321.52727246394596,320.46776925636306,319.47013613397905,318.52702913905426,317.6319497527834,316.77928521683026,315.9643138716378,315.18318771478084,314.4329016761369,335.32312740666646,326.6585581089548,320.5297905182336,315.99832764643384
173.37337337337337,447.95372972416476,339.51087711205804,337.34092817583047,335.2658254601181,333.2988843879839,331.44986906494603,329.71906360458996,328.10585743229313,326.60417824334775,325.2075157961572,323.9072989921288,322.69482949490504,321.5611759898389,320.49777533020375,319.4966015193854,318.5503570109221,317.6525642833973,316.7976146093561,315.98077900436766,315.198195426217,314.44684143253164,335.37327684018726,326.70878281370335,320.5601478690511,316.0151989511739
173.57357357357358,444.5217124763153,339.5433322015082,337.3857943763764,335.3172180863953,333.3552910041452,331.50651715324597,329.77557566834895,328.15956033270015,326.65480929848553,325.2540948556853,323.9497183174748,322.73297834103033,321.5952113290334,320.5279501936804,319.5232589716527,318.5738879818429,317.6733845322319,316.81614672034084,315.9974404622246,315.21339132096574,314.46096055350733,335.4216305643342,326.75875169453894,320.590657363448,316.0322647178541
173.77377377377377,440.9982293866814,339.5735479395809,337.42764792975765,335.3680820796856,333.40915560663683,331.5631754288448,329.8306169722492,328.21324922758976,326.7048730439305,325.30066490675125,323.99204786580344,322.77121148511475,321.6293575649589,320.55828965163033,319.5501016430947,318.5976181770995,317.69440764278374,316.83487985594337,316.0142973301609,315.2287750084266,314.47525890595443,335.46832179690114,326.80829040326483,320.62131570437964,316.04952374865377
173.97397397397398,437.3855104201667,339.60080793290985,337.4683909592955,335.4157989840107,333.4631637848941,331.6174513403895,329.88597061497046,328.2656872472495,326.7550815125068,325.34681366425406,324.0344657128336,322.8094316808407,321.66363855503977,320.5887737347783,319.5771274894518,318.6215421985686,317.71563096385114,316.85381211256987,316.03134857349215,315.2443459690179,314.48973623545487,335.5131226002999,326.8576037503629,320.6521027317358,316.0669747708772
174.17417417417417,433.68584201785967,339.62593327270037,337.50575528181514,335.4634966886149,333.51388745849437,331.6724647856734,329.93906677718917,328.318701669208,326.80420556571124,325.39324408555035,324.07656650399986,322.84782064266165,321.697955821808,320.6194315689842,319.60431610869307,318.64566075497856,317.7370497287967,316.87294203476665,316.0485928655598,315.2601035965977,314.5043921586771,335.5563074974596,326.90635692033175,320.6830369794251,316.08461607687957
174.37437437437438,429.9015656499711,339.64794055807937,337.5424421333451,335.50729350476365,333.56562532845214,331.7240545090746,329.9934061806912,328.3695698189376,326.85411464163684,325.4387304258517,324.1190474397142,322.88597960049975,321.73249290115245,320.65016544482035,319.6316996532811,318.66995417299324,317.7586662289186,316.89226567978585,316.06602945451806,315.2760469671826,314.5192262088335,335.59747120674297,326.9549737013663,320.71405835454937,316.1024469078477
174.57457457457457,426.0350763339538,339.66786631540396,337.5755519844198,335.5513502514146,333.6136012848646,331.77687508311107,330.0448706294799,328.4215270913768,326.9024234930123,325.48483917693,324.16091590527367,322.92445527986354,321.76694344386857,320.6811126736613,319.6592055567653,318.6944457793718,317.7804661496971,316.91178479927106,316.0836555514613,315.2921755999325,314.53423767667243,335.6370489838428,327.00291525921455,320.7452325467061,316.12046395540693
174.77477477477478,422.08882111872396,339.68489334266786,337.6073673459549,335.59230924622375,333.6616591956859,331.8270449809437,330.0968972928269,328.4717367687787,326.95122226776755,325.5300956002733,324.2030922984768,322.9626782489642,321.8016059655027,320.7121057117975,319.6869038867675,318.7190966406062,317.8024601558192,316.9314916124358,316.1014714853726,315.30848787357684,314.5494259558114,335.67465482229517,327.05060884562465,320.77647809072766,316.13866741660314
174.97497497497497,418.06529753596135,339.699486477405,337.63657989536324,335.6320740325577,333.70754078170427,331.8768212988434,330.1473905532329,328.52190741652197,326.9991682766909,325.575423131973,324.2449430268533,323.0010150541806,321.83625468989504,320.74324983986685,319.7147327774996,318.7439265881927,317.8246345966436,316.95138725584326,316.1194744260486,315.32498292136097,314.56479014410627,335.71050049717473,327.09776648105446,320.80783578992697,316.1570538688005
175.17517517517518,413.96705201945076,339.71147277095065,337.6636815029473,335.6699013497184,333.75208322866024,331.92532298894656,330.19711121294756,328.57138017787906,327.0467228276988,325.6204777366049,324.2866572743849,323.039339891038,321.87093419212783,320.77451529495636,319.7426903030001,318.7689325304926,317.8469822161437,316.97147215964924,316.1376604950389,315.3416605821516,314.5803289150704,335.74449236824466,327.144469845903,320.839282442323,316.17562087361074
175.37537537537537,409.7966782934828,339.72082251020356,337.6887728752309,335.7056098502928,333.79550064902537,331.9722556127808,330.2463484768549,328.6198176623052,327.094177128814,325.6649624533989,324.32846087860423,323.077446694042,321.90578151957465,320.8057874734533,319.77084202442467,318.7940626720691,317.86952767834833,316.9917270904077,316.1560366486146,315.35851518634433,314.59604244322713,335.77659229950666,327.19075331999545,320.87078407671277,316.1943698093884
175.57557557557558,405.55681573131625,339.7277290369507,337.71131715584147,335.74000896508284,333.83675940176147,332.0187283826546,330.2939428675907,328.6682797373586,327.140556195449,325.70966579201695,324.36969803199554,323.11580984616904,321.9404342560653,320.8373006749532,319.7990211309817,318.8194124221579,317.8922065216054,317.012183796762,316.1745821414909,315.3755541862516,314.6119268418137,335.8069085884582,327.2364285248822,320.90239566606544,316.21329069758474
175.77577577577577,401.2501476847592,339.7319348211296,337.73207633457804,335.77192152684836,333.87729946119254,332.06311984240995,330.3415040317846,328.7152104304912,327.1872116320442,325.7534188187516,324.4112779925918,323.1537121493564,321.9753957145644,320.8686881448524,319.82745969032914,318.8448236609937,317.9151081510032,317.032784633739,316.19332487624325,315.3927611913631,314.6279852292058,335.8352703972317,327.28172458113266,320.93401587201924,316.23239281631083
175.97597597597598,396.879399785907,339.7337256610035,337.7503018109793,335.80249106939664,333.9156736604784,332.10700335680843,330.38739569717256,328.7621298887483,327.2327481095136,325.79737468522745,324.45224123298925,323.1918688515643,322.01011833910263,320.9003192579373,319.85589451230635,318.87045642195665,317.9381251865418,317.0535874011782,316.2122282532176,315.4101512915082,314.6442109273024,335.8618391117333,327.3263779227302,320.96573147657347,316.25166061194966
176.17617617617617,392.4473382221312,339.73293783684363,337.7664346505004,335.83103721188934,333.9527143564583,332.1494296456286,330.4325571671963,328.8081127054059,327.2779672196045,325.84082320263246,324.49313868658703,323.22983212356195,322.0449151452037,320.9319571362784,319.88447428000677,318.89620434486955,317.96131672169696,317.07455141127224,316.23131113109235,315.4277121884189,314.6606056781057,335.88651074026404,327.37051979628524,320.9974766059841,316.27109942611725
176.37637637637638,387.95676798539216,339.72962676516346,337.78036259467973,335.8577129268651,333.988221400485,332.19059304141206,330.4767610406019,328.8533446199708,327.3226715467888,325.8839041356766,324.5338311264594,323.26768730610934,322.07970363062446,320.96364444285825,319.91315703464466,318.92208469044436,317.9846641125824,317.09568194354915,316.2505661609475,315.44544435126267,314.6771671013969,335.909303345721,327.41410249389946,321.02925542093624,316.29070473394773
176.57657657657657,383.4105310970024,339.72381303657386,337.7920968922574,335.8825143525513,334.0221748782367,332.2304943245942,330.5199762909481,328.89782351132567,327.3668319614158,325.92661260948427,324.5742959150268,323.30542820896903,322.11446834101463,320.9953752468391,319.9419332192554,318.94809282127784,318.0081618957069,317.11697587190844,316.26999033284187,315.4633457258557,314.6938933173595,335.93021869684264,327.4571080576401,321.0610595674712,316.3104734287345
176.77677677677679,378.8115048089447,339.7154716101045,337.8017250867984,335.9053803363777,334.05459512926296,332.26910244641664,330.5622051386352,328.9415183689856,327.4104462613997,325.9689229921778,324.61452771233536,323.3430367409707,322.1492028130266,321.02713810305147,319.97079705678067,318.9742220273904,318.03180585235367,317.13842942339187,316.28958091012225,315.4814140681498,314.7107824214105,335.949254921792,327.49952409470677,321.09287934824397,316.3304025350856
176.97697697697697,374.16259978290293,339.70471998424813,337.80904633989513,335.9264867145605,334.0853633356184,332.3064826093966,330.60336955368143,328.98446957811007,327.4534523641652,326.0108588363687,324.6544835786185,323.38052246285434,322.1838815867129,321.05893390023493,319.999735184659,319.00046978186265,318.05558945108584,317.1600397483744,316.3093346326038,315.4996471537348,314.7278323729887,335.96641979674376,327.5413267821888,321.1247085832648,316.35048867175755
177.17717717717719,369.46675824813894,339.6914740107941,337.8143083557912,335.945585663954,334.1146679301862,332.3424779537374,330.6435702501409,329.0265698091643,327.4959119073991,326.05234358338953,324.69419908504574,323.41783679670414,322.21852022229757,321.09073618694043,320.02875133153947,319.02682338000835,318.07951158091805,317.18180112559554,316.32924936815056,315.5180421680425,314.7450411404798,335.98170278289257,327.5825189270279,321.156533583498,316.3707290766373
177.37737737737737,364.72695213940005,339.67585091578616,337.81727624228387,335.9629806858646,334.14221675178504,332.3773174818664,330.68260432689306,329.06795625548125,327.53768854500487,326.0934612849685,324.73358364422387,323.4550269203334,322.2530650798472,321.12256618568074,320.0578179743007,319.0532893425887,318.1035597931415,317.2037138444804,316.3493198089192,315.53659753923887,314.76240620536674,335.99512841551723,327.6230588113143,321.18835310055016,316.39111943822934
177.57757757757759,359.9461812160166,339.6577634610953,337.81825148687597,335.9782909448084,334.16839947682286,332.4106361542414,330.7207577796036,329.10837440324883,327.5789606991011,326.13404500657447,324.7727446659775,323.49198851776737,322.28757455310614,321.15436576884576,320.0869612012216,319.07983956830066,318.1277426369605,317.22576595102197,316.3695470414035,315.55530850920996,314.7799258461594,336.00666830476877,327.6629765109011,321.2201459218483,316.411657996951
177.77777777777777,355.12747116340006,339.6373599606458,337.81691150770087,335.9919818597814,334.19270884895167,332.4429077797346,330.7575944275768,329.14816610519324,327.61942679682613,326.17431077836744,324.8114887999755,323.5288492650855,322.3219334185346,321.18620233463247,320.1161198711313,319.10650385073575,318.15203180586536,317.24796751637655,316.38991960038067,315.5741763844564,314.7975963650126,336.0163739913629,327.7021973815878,321.25192174802396,316.4323383344183
177.977977977978,350.27387167812225,339.61454833316793,337.81359820337167,336.0035846630366,334.2156833491778,332.4735825167805,330.7936013420704,329.18688901737625,327.65942933213626,326.2139588036035,324.8500295476593,323.5654224269928,322.3562641054893,321.21796892188036,320.1453564463393,319.13322753154614,318.17645410692745,317.2702941241375,316.4104459766792,315.5931920859584,314.81541714064014,336.0241994131069,327.74078160856914,321.28364788644956,316.45316068686856
178.17817817817817,345.3884545378081,339.589434957723,337.8080999410596,336.0134487348356,334.2369059478106,332.50309342618084,330.82834333509294,329.2249151460164,327.6986258054969,326.25324824382966,324.8881361278441,323.60186773744846,322.3904249037182,321.2497552146366,320.1745911152305,319.1600554498408,318.200969146369,317.29276450795504,316.4311084526644,315.6123602142181,314.83338310684337,336.03019660152194,327.77865373165594,321.3153388841749,316.4741170856099
178.3783783783784,340.4743116570464,339.5620784162958,337.80035885431545,336.0216698993518,334.25629636675313,332.53149133611214,330.861781171962,329.26224009380155,327.73701127081125,326.2921518179408,324.92581269567734,323.6381582724808,322.4244194986279,321.2815400680235,320.2038267685096,319.18697216739383,318.2255789300269,317.3153685744967,316.45190739729594,315.63167528478493,314.8514923139152,336.03437897456564,327.81579941003855,321.3469833550071,316.49520450010397
178.57857857857857,335.5345531305603,339.53222528296186,337.7911871911399,336.02709008941736,334.27522606433735,332.5573503014851,330.8952558718805,329.2976497896429,327.77559699880686,326.32981629663277,324.96371986714115,323.67375681463415,322.458640046102,321.31301411219647,320.2332740261533,319.2138173626252,318.2503825783736,317.33803383009354,316.47288051204345,315.6511120363242,314.8697488967676,336.0366157858683,327.85240776482084,321.37850047234224,316.51643157072044
178.7787787787788,330.57230526486734,339.5004198444855,337.77915539692873,336.03187611045547,334.2911161614698,332.58338712113715,330.9261291659666,329.33351721127315,327.8123149350802,326.3679383217459,325.0004673195587,323.70973730738314,322.49224164463794,321.34479591900697,320.26246540416025,319.24091170643425,318.2751494394382,317.36090413633923,316.49393223115635,315.67071656930614,314.88813416047094,336.0371909268953,327.8880733907249,321.4100303963245,316.53776730734216
178.97897897897897,325.5907085996871,339.4662640324842,337.7655075224527,336.034203759324,334.3061784327725,332.60725096363706,330.95668029284593,329.3677455576061,327.848965580462,326.40499337806637,325.0372680689875,323.7451227050741,322.52595885318243,321.37631596721815,320.29180482371754,319.2679547188236,318.30007690484297,317.38384044233857,316.51514201786176,315.69044041891704,314.9066594611691,336.0358809421341,327.9231305755936,321.4414314136032,316.5592318490259
179.1791791791792,320.5929159203306,339.4299489760382,337.74982097364926,336.0347489240591,334.31961997542516,332.62977780021384,330.9860965421708,329.4010485167071,327.8849239776348,326.4414697808369,325.07371768004987,323.7802029449539,322.559557208271,321.40772900980335,320.3211684618324,319.2950195148987,318.3251065805611,317.40687127535244,316.5364862338635,315.7102902242486,314.92531851887446,336.03278332987713,327.9574512994799,321.4727354279519,316.58081456658005
179.37937937937937,315.5820902623504,339.39157865946237,337.73191857768086,336.0338437884524,334.3310255421197,332.6514595190166,331.01383463043425,329.43396754034956,327.9196450066859,326.4778530128765,325.1093621186441,323.81534850414596,322.59270927326054,321.43928332354966,320.3503459631608,319.3222547802713,318.35011721174294,317.43007426309686,316.5579059019611,315.730293765275,314.9440977651327,336.0279652173464,327.9909324617981,321.5039883688777,316.6024977814417
179.5795795795796,310.5614029096927,339.35098390398934,337.712424179026,336.0305632725388,334.34159894122587,332.6709297188056,331.0413279270719,329.46506784527367,327.9544652660317,326.5129135016877,325.14525436465993,323.8496496129761,322.62614387612666,321.47037947879807,320.3797899503881,319.3493042836778,318.3753604429654,317.45326257715067,316.57951687676956,315.75037920781756,314.9630162832986,336.0213000031171,328.023805780945,321.53505344039337,316.62430707760035
179.77977977977977,305.53403138763986,339.30848072876586,337.69055724967126,336.0261833432602,334.34973576519565,332.69002524217774,331.0666345676904,329.4962665178931,327.9875543211996,326.5482938859323,325.1799360590053,323.8843242573203,322.65883870748655,321.5018217302888,320.40885650914646,319.37664600937364,318.40047223891884,317.4766852371505,316.60114683721184,315.77063840564233,314.9820392194837,336.0129964658142,328.05573707034415,321.56609744272316,316.64619638768147
179.97997997998,300.5031574517921,339.26382928690884,337.667156836062,336.0194452646978,334.3570759433415,332.70687791452315,331.0917313581371,329.52557853153104,328.0207854877964,326.58226493745263,325.21491215026555,323.9180684785256,322.6918578976691,321.53273403189024,320.4382208526883,319.4037497407298,318.4258358094509,317.5000599864155,316.6229756763162,315.7909623957538,315.00119775267564,336.00287704910664,328.08705449303653,321.5969262003006,316.66820632412237
180.18018018018017,295.471965074383,339.21728992021315,337.6416217794583,336.01135875339816,334.3623543279431,332.7229540371276,331.1150560650653,329.55456236571405,328.0526515115292,326.61619311840536,325.2489507234174,323.9519210560491,322.7243151458468,321.5638194755423,320.46731055487714,319.4310431090764,318.45111991974665,317.52361402560996,316.64484343400835,315.8114358335258,315.02045873560996,335.9911157636281,328.11748275682623,321.6276818682784,316.69029438970017
180.3803803803804,290.44363842918045,339.16878941656904,337.61430302039867,336.00142854110294,334.3662377125396,332.7374975327485,331.13741619066747,329.58239754016563,328.0839279195989,326.64934835638826,325.28268517980035,323.98531952901806,322.75666591694124,321.5946921652825,320.496419094639,319.4582877671218,318.4764931674522,317.54721787271086,316.6668295032474,315.83200729037287,315.03983468280796,335.9776512446718,328.1471550373241,321.65827689460053,316.71247650331827
180.58058058058057,285.4213598762722,339.1183979010595,337.58515734736517,335.9897916260999,334.36858405031313,332.7506877956953,331.1586220967957,329.60926789299197,328.1144252140222,326.68188904920964,325.31595659463073,324.0183827670539,322.7887930458383,321.6254313628832,320.52546873491315,319.4855307994644,318.50190894569704,317.57089528540865,316.688909776446,315.85268376507474,315.05931811392094,335.9625237441066,328.17603216953,321.6887213420306,316.7347431773095
180.7807807807808,280.408307947987,339.06616002652424,337.5542195338215,335.9764608998522,334.36941739587706,332.7625134326374,331.1786897593235,329.6351516949563,328.1441523429763,326.7137915959025,325.34876862031786,324.05109001728994,322.8206966212674,321.65602096335124,320.55445757202847,319.51276071604104,318.52736447279074,317.5946384992362,316.7110811051224,315.8734601284506,315.07890545063555,335.9457542577425,328.2041108026953,321.7190051779956,316.75708993124715
180.98098098098097,275.40765533725016,339.0121238199845,337.5215148357328,335.9614709019557,334.36873074387427,332.7730027423442,331.1975939904392,329.6600699999463,328.1730787225049,326.74506973142263,325.3810929030544,324.08344868515235,322.8523539879947,321.68646372995954,320.5833692227836,319.5399773758601,318.55284871609996,317.618445725284,316.73333642595236,315.8943334995928,315.09859237176914,335.9273686087783,328.2313810694735,321.74912260035006,316.77951134773963
181.1811811811812,270.4225668896235,338.95633711799877,337.4870733459208,335.9448515338217,334.3665255472139,332.78217567659436,331.2153204228295,329.68403426168766,328.20118403912875,326.7757285825402,325.4129093645318,324.1154595320971,322.88374835348895,321.71675786742884,320.61219101156416,319.5671778147146,318.5783527186696,317.6423136225895,316.7556696140956,315.91530035617166,315.11837467372624,335.9073926443099,328.2578353341436,321.7790669158587,316.8020021970505
181.38138138138137,265.45619760032287,338.89884214516957,337.45095013945405,335.92658705192525,334.36287241804683,332.78997036948783,331.23194522233933,329.7069653940249,328.2285362563621,326.8056926912362,325.44427024633626,324.14706151344325,322.914914952378,321.7468594477448,320.6409437705611,319.5943332670301,318.60388677984844,317.6662250015371,316.7780836923761,315.93635184047645,315.1382498233536,335.8858444248167,328.2834819620597,321.80882259023144,316.82455942751835
181.5815815815816,260.5116906174583,338.8397035257663,337.4131303139832,335.9067930572845,334.35765699734037,332.7965519178802,331.24729645652695,329.7290404651748,328.25495498764604,326.8351190312079,325.4750195425561,324.1783753065808,322.94573577757205,321.776850779051,320.66954738545155,319.6214936179107,318.62940188251895,317.69020543265464,316.8005528837406,315.9574955632679,315.1582097517233,335.8627671624509,328.30828609662234,321.83840057331327,316.8471731027811
181.78178178178177,255.59217525278433,338.77893841808367,337.37375602577896,335.88530948191203,334.3511545426989,332.80161315595893,331.2617273703953,329.74989340494676,328.28079509285703,326.8636614728461,325.50545844050333,324.2091204831287,322.9764353039409,321.80653021499114,320.6981512336118,319.6485285900872,318.65498591787315,317.71418091696387,316.8231185860842,315.9787002465733,315.17825920196367,335.8381543248865,328.3323071563097,321.8677531651519,316.86984897389164
181.981981981982,250.70076500119433,338.71666565310323,337.3326545100332,335.86252371601665,334.34288256045437,332.8057702300646,331.27456451746264,329.7702316426318,328.3053478715922,326.89198516861273,325.5349628715001,324.2398372160063,323.0065321758991,321.8362872144863,320.72642325798546,319.6756891658702,318.6804348002079,317.73829110765826,316.84567699803137,316.00001872656924,315.1983748852666,335.8120993339344,328.35541841435986,321.8969538060495,316.89255930354665
182.18218218218217,245.84055557023788,338.6528151500945,337.29023892328104,335.8378319707768,334.33372323650764,332.80798408616516,331.28698530528925,329.7888206768637,328.329844767249,326.91889917369207,325.56462220352614,324.2695355524908,323.0368725474273,321.86539162351335,320.7549505733408,319.702493367301,318.70610951698467,317.76225960388973,316.8684082275569,316.0213385482585,315.21858846497963,335.784518673365,328.37783442532407,321.92584873281464,316.91534087233384
182.3823823823824,241.01462292088328,338.58765194039944,337.24590844981117,335.812326383572,334.3222492594319,332.81001761868174,331.297030793971,329.8077357460108,328.3521931797284,326.9464176776979,325.5925462884771,324.2999088174038,323.065957048668,321.8951079251418,320.782670457781,319.7297848169764,318.73134206113355,317.7865721601054,316.8909695144631,316.04285252451893,315.23882971166216,335.75563073037927,328.399184737177,321.9546858131942,316.9381131943766
182.58258258258257,236.22602132078907,338.5208991356646,337.20069592292833,335.7844034075289,334.31068660180983,332.8092123965241,331.3077040538527,329.8237994017335,328.3756063107227,326.9714096362674,325.62166231823295,324.3282825317574,323.09613302565583,321.9234064186254,320.81126462190997,319.7561873974226,318.75719828955783,317.8104231660348,316.9139078231019,316.06423215912787,315.25920249717296,335.7251794928912,328.4200363441618,321.98305479907424,316.9609927869991
182.7827827827828,231.47778141129362,338.4529904050505,337.1535129421755,335.7559416465115,334.2965657724826,332.8085917719679,331.31562740031575,329.84060991613893,328.3964300114277,326.9974358345065,325.64860212923054,324.35772200127195,323.124665881827,321.95263409067195,320.8387491496941,319.78330536077243,318.7824050021285,317.8347563711635,316.9365606080073,316.085859181893,315.279573039046,335.6935205076376,328.4397410583239,322.0114152968475,316.9838308404477
182.98298298298297,226.77290828936873,338.38362851262497,337.1054501983077,335.725266468318,334.2821975923951,332.8054019348949,331.32392239540735,329.8548482761621,328.4180500444096,327.0211666868831,325.6765158232416,324.3853163481802,323.15414497304073,321.9805254204019,320.8670269324584,319.80956467573714,318.8081968065156,317.858631103283,316.9595730934707,316.10734517891984,315.3000654930566,335.66038894130816,328.45890064522075,322.0393156699637,317.00676233504913
183.1831831831832,222.11437960572871,338.3132431519737,337.055444801155,335.6942052880968,334.2651973788806,332.8025652185865,331.3293184238151,329.8700224397854,328.4368759762811,327.0461395713492,325.70201844345996,324.41418799149267,323.1817475263832,322.00953824949295,320.89399261223406,319.8366915630986,318.8331878868951,317.8830866194743,316.98221020457856,316.129117045865,315.3205303736337,335.62613116773855,328.4768749709382,322.06723158854027,317.0296264260893
183.38338338338338,217.50514368032094,338.241455274471,337.00483594959246,335.66068615185145,334.24841053792284,332.7966838887183,331.3356743372879,329.8820116486852,328.45713987261166,327.06816362074306,325.7291147141344,324.440604240599,323.21083354043446,322.036705879518,320.9221693938688,319.86258167455895,318.8590486723822,317.90684319961963,317.00535897470735,316.150641101075,315.3411408785816,335.5904143605112,328.49442083869246,322.09457894579583,317.05260656527315
183.5835835835836,212.94811763636795,338.16879910542696,336.95225453227755,335.62704209625554,334.2287750014238,332.7915067831512,331.33878211366914,329.8953439616288,328.47418781870175,327.0918533757456,325.7533639331544,324.468696529034,323.2376436052464,322.0653337615247,320.94870749581685,319.88959502198344,318.883874802429,317.93134226519794,317.02799799853665,316.17251576845115,315.36168942192114,335.55367550370704,328.5107062405799,322.12199528272106,317.07548405130717
183.78378378378378,208.44618555416724,338.0948747008905,336.8991091021429,335.5910897041459,334.2092928970839,332.7834449974171,331.3427286256803,329.90564237570385,328.49253728750733,327.1127128652923,325.77909202511387,324.4944062704064,323.2658609337287,322.092146138069,320.9764168795751,319.9153718484396,318.9095543525209,317.9551297249638,317.0511415177118,316.1941297224089,315.3823755858575,335.51556228033604,328.5265426358595,322.1488404140438,317.0984661806926
183.983983983984,204.00219664578688,338.020129584441,336.8442920027419,335.55474400156027,334.1874631460888,332.775577199128,331.34405745484815,329.9166439598552,328.5083333346909,327.134586382081,325.80257682284724,324.52121986652776,323.2922886655394,322.11997422502327,321.00283648006126,319.9419641486561,318.9344187130588,317.97947503157974,317.0738844301124,316.21601410961136,315.4030140049222,335.47644118679204,328.54123959086445,322.17565667716156,317.1213612578569
184.18418418418418,199.61896345184516,337.9443352936753,336.78870901494906,335.5166408090672,334.16519462265387,332.7656376366712,331.34536807894983,329.9255640185055,328.5244656610901,327.1545853121068,325.8266122992162,324.5464975940185,323.31933508573553,322.1466579026717,321.0298282309539,319.96779416129397,318.95973448388537,318.0033941051636,317.09691311008254,316.2377512763124,315.4237391832672,335.43610347540334,328.5553190739737,322.2020225949347,317.14430643174217
184.3843843843844,195.29926006148605,337.8677200286255,336.7319086293803,335.47763188847466,334.1414172740286,332.75497526069057,331.3451637695071,329.9340355024781,328.5392518032225,327.1743933831915,325.84956132338255,324.57177421548056,323.34558242975254,322.1734514835748,321.0562913812774,319.9937767067574,318.9847492488059,318.02745539908005,317.1198161570145,316.25957854831415,315.44446465261785,335.39473061623994,328.5684811563563,322.2281752433686,317.1672128011665
184.58458458458458,191.04582035670043,337.79025499675095,336.67418231513227,335.43735567305214,334.11669591113457,332.7429575323869,331.3441960651911,329.94126784485013,328.55352054613616,327.19318300325295,325.8722233337516,324.5962883162842,323.3717197899197,322.19972816744803,321.082759006243,320.0194512859756,319.00982544041307,318.05136967132705,317.14278887052245,316.2813711048639,315.4652260786224,335.35228928569137,328.58087815863644,322.25398931317415,317.19011623314975
184.7847847847848,186.86133628208438,337.71207714053844,336.6153720763032,335.39619056659865,334.0906018554856,332.73016267644016,331.34184477892126,329.9479552931898,328.56656083725545,327.2116725688574,325.89389414685957,324.62070126765923,323.3971261371646,322.2260356911418,321.10873978725454,320.0452228631305,319.0346209726182,318.07539102872187,317.1656407348455,316.3032344116092,315.4859810194383,335.3088808630732,328.5923855250167,322.2795651492701,317.21297363344667
184.98498498498498,182.7484561411483,337.6331989783224,336.55570106503137,335.3538911162997,334.0635448677829,332.7161455697147,331.33865297558395,329.9535310811455,328.57897540249917,327.22925814169025,325.915162904908,324.6444463151423,323.42231843956074,322.2518972881145,321.1346417016053,320.0707334521455,319.0594184685234,318.09929021615585,317.18852601031114,316.32506792270203,315.50675719094255,335.2644963194302,328.6031161011653,322.30480743931366,317.235811961727
185.1851851851852,178.70978292023693,337.5536761515902,336.4952236847107,335.31054219886187,334.03544465576,332.7010700885635,331.33446568392486,329.95818502649433,328.5905778411046,327.2461319417568,325.9358401783968,324.6676988607427,323.4471264818246,322.2774577339371,321.16032783440704,320.0960897595958,319.0841208820691,318.12313346988066,317.2113890897115,316.3468975745567,315.52753997226665,335.21919135589724,328.61304013433545,322.3297401341014,317.2586161976969
185.38538538538538,174.7478726411388,337.4735607559941,336.4339847959533,335.26620005535574,334.00632470570736,332.68496585429233,331.3292936389173,329.9619323620154,328.60136742349164,327.26230066774036,325.95591886104035,324.6904602656847,323.4715406197126,322.30271529825933,321.1857884289547,320.12128841095347,319.10871959651706,318.1469165846642,317.2342229407508,316.36871866919705,315.54832392870543,335.17300723346057,328.62216259064104,322.35435860471296,317.2813803439669
185.5855855855856,170.86523274341013,337.3931100293021,336.3716584873038,335.22116059662875,333.9761337391218,332.6678624752386,331.32315985734795,329.9647736162392,328.6113587033545,327.2777565194351,325.9754066331225,324.71271925946,323.49556376942877,322.32765841254906,321.21102323694896,320.1463192318409,319.13321236192326,318.17063139590533,317.25702404611854,316.39052507600223,315.5691046027704,335.12598506551905,328.63049106589983,322.37865678204554,317.3040994965439
185.78578578578578,167.06432049745453,337.31216170066875,336.3087546116245,335.17512510071,333.94503302738525,332.6497628293154,331.31607307864505,329.96673095514893,328.6205444146427,327.2925142778285,325.99429042512173,324.73448437169407,323.5191816201968,322.35229090211755,321.2360192902344,320.1711826767991,319.1575886733395,318.1942760187233,317.27978457246616,316.41231321293105,315.58987667961725,335.0781674539408,328.6380306302774,322.4026317722084,317.3267678314154
185.985985985986,163.34754144934544,337.230689503162,336.24551062553445,335.12798330383885,333.91314297462753,332.63064295968,331.30807068236953,329.96781254739744,328.62892532246894,327.30658382990765,326.01256215936945,324.7557602691773,323.5423837882532,322.3766136169658,321.26076639561427,320.19587717007005,319.18183974359516,318.2178473780198,317.30249754259967,316.43407901121464,315.6106350047151,335.0295938733686,328.64479090830264,322.42628024801616,317.3493797360289
186.18618618618618,159.71724789839274,337.14912173973914,336.1811516430548,335.0805884915051,333.8799532714877,332.6108065435538,331.29906640341164,329.96803925252124,328.636537334687,327.3199277862963,326.03026256022554,324.77650652208126,323.5652011766275,322.40059156201465,321.2852852455471,320.2203758225982,319.20597709287483,318.2413271168778,317.3251666929661,316.4558120895652,315.6313765457468,334.9803243378681,328.65076666742834,322.4495920657738,317.37193190760615
186.3863863863864,156.17573740839995,337.0670661001158,336.1168613344792,335.03168834087876,333.84654501941236,332.5896250393999,331.28939044409094,329.96732762687617,328.6433733106375,327.3326085736481,326.04731895603663,324.7967946301563,323.58756220240355,322.4242808624855,321.3095187507167,320.2447165172129,319.2299606377251,318.26473616053187,317.34776833005594,316.4775183325352,315.6520928133124,334.93035716685716,328.65600378225787,322.472574592595,317.3944152548321
186.58658658658658,152.72525135357142,336.98513467184716,336.0512817378161,334.98307557654783,333.8113625408687,332.56827751063304,331.2783841028455,329.9659931082834,328.64937292648284,327.34457556718513,326.0638373148082,324.8165044192217,323.6095782298908,322.4475739732205,321.3335514111102,320.2688192512959,319.25384509964607,318.2880232474798,317.37032950008745,316.499173536252,315.6727854507515,334.8798264075425,328.660432603921,322.4952054569479,317.4168313668434
186.7867867867868,149.36797349997255,336.9027057384482,335.98627767719336,334.9324361518236,333.77674853114735,332.54493493853573,331.2673120874159,329.9633667717247,328.65481077910164,327.35582090192815,326.0797003830316,324.8358048983853,323.6310664757428,322.4706359181955,321.35722909820896,320.29280513590544,319.2775229102117,318.3112615557086,317.3927896335326,316.52080566994584,315.6934385435485,334.8286206074297,328.66420218464043,322.5175083052876,317.43916366258946
186.98698698698698,146.10602862345792,336.82070798755683,335.9195777595312,334.8829553944085,333.73949616420305,332.5224120773738,331.2541489981239,329.9607290427433,328.65907239606753,327.3665248786152,326.09499816871676,324.8544770044834,323.6522873421135,322.4932013503328,321.38078444252943,320.3164659309388,319.301154625123,318.3343179935087,317.41523406662384,316.5423557174299,315.7140655311422,334.7770298766147,328.6670946968534,322.5394432140796,317.4614255867656
187.1871871871872,142.94148116492528,336.7381051171966,335.85424239720976,334.83050081874455,333.7041282319514,332.49666709534307,331.24210927688875,329.95592409395937,328.6634017288521,327.37617521786456,326.1097745282329,324.8727474215436,323.6728882319209,322.5156484972601,321.4038500413994,320.34011567937455,319.3244710511475,318.35739273013036,317.43751154866726,316.5639062008303,315.7346320829252,334.7247287320891,328.6694769691595,322.5610499742997,317.4835827227401
187.38738738738738,139.87633392376256,336.65635405852555,335.78647919907377,334.78057997698454,333.6646292017658,332.4734345289754,331.22650296542815,329.952382518707,328.6656709124143,327.38585283667254,326.12372121943315,324.8904460509617,323.6932909924913,322.537451427703,321.42694717423615,320.3632734642308,319.34786806313116,318.38016576423786,317.4598422878781,316.58531686542415,315.7551792275631,334.672295393065,328.670826090531,322.5822818219246,317.5056744416469
187.5875875875876,136.91252679029964,336.5740762814241,335.7203591411069,334.7274555418799,333.6275632087872,332.4464346103405,331.2127191483952,329.94607111723695,328.66856202334685,327.39409228501637,326.13740021135004,324.90762051737073,323.713098339174,322.5591594581346,321.4494864572063,320.38647966654025,319.37087431277297,318.40300177504486,317.4819552089233,316.6067430694186,315.77564793440786,334.6191777567077,328.67176895706905,322.60316888768523,317.5276444601135
187.78778778778778,134.05193551808122,336.49246671394934,335.6527675398723,334.67579684284107,333.5876494877862,332.4209576586956,331.1961631133312,329.94062641946755,328.6695628266729,327.4024124348229,326.15011150229583,324.92439969692737,323.73253710721843,322.5803559715548,321.471941907546,320.4092640531109,319.3938941838768,318.4255659611906,317.5040849461924,316.62803476513113,315.7960828049228,334.5659276486289,328.6717752593181,322.6236997472715,317.5495325322628
187.987987987988,131.29637053672457,336.4107483082076,335.586133626067,334.6221397589664,333.54903817361804,332.3928607554496,331.1806321149409,329.93298529237836,328.670940661445,327.4093637025012,326.162635488352,324.9405188960754,323.7515289732477,322.60131225346646,321.49394830850633,320.43199614362265,319.41658295936907,318.4481329848826,317.52602088186256,316.64931257416214,315.81643641166187,334.5121841244617,328.6713114519235,322.6438609149837,317.5712971623876
188.18818818818818,128.6475758061261,336.3296205729143,335.51871635943013,334.56919520452203,333.50862053318014,332.36539793629197,331.1631903997867,329.9256191654966,328.67086574159947,327.4161807497845,326.17428210393985,324.95625849817145,323.7700800154483,322.62184538956757,321.51576652220734,320.45438611979915,319.43920175993173,318.4704761554702,317.5479228008354,316.67047068818874,315.8367386098294,334.45831012126774,328.6700276321214,322.6636673090388,317.5929620028511
188.3883883883884,126.10722771272975,336.2487851693618,335.45159426900256,334.51548787463946,333.46823788102887,332.33673716939137,331.14558533996336,329.9170956426486,328.6704545877176,327.42211679306786,326.18549817270997,324.97142357022955,323.78821038958057,322.64204155052397,321.53724811224356,320.4765925850548,319.4615913696951,318.4927213577144,317.5696881238512,316.69156455208355,315.85696417926505,334.4041684726848,328.66815010722144,322.6831032415265,317.61450591652186
188.58858858858858,123.67693400856743,336.168431346923,335.3844670303714,334.4615923385125,333.4273012156846,332.30755588333477,331.1272418554346,329.9079324399074,328.66934134878613,327.4274328810142,326.1961449690171,324.98607208896476,323.80592355232005,322.66185795515116,321.55844803352323,320.4985493460304,319.4838047217034,318.5148163513049,317.5913471229819,316.7125680566702,315.8771158312673,334.34986956296524,328.6656186988319,322.70217019519794,317.6359304167855
188.7887887887888,121.35823279373136,336.08865140005423,335.3173067506654,334.4076821680849,333.38568668557764,332.27807185431857,331.10798318732174,329.8983476418331,328.66735100301594,327.4323013479875,326.20609318608547,325.0003069542805,323.82314994916476,322.6813341855753,321.579343625123,320.52025662862246,319.5058427327601,318.53674709208923,317.61290461026266,316.7334696983889,315.89719153008645,334.29547977174013,328.6624152732487,322.72087826855324,317.65723113271747
188.98898898898898,119.15259154293537,336.0093679634362,335.25044584628705,334.3533788325665,333.34395601068803,332.2477465536117,331.08840454722224,329.88783103000543,328.66495343241553,327.43636395679886,326.21562076749933,325.0139462016042,323.8399978814863,322.7004196005196,321.5999386006473,320.5417302294131,319.5276685346796,318.55854388557736,317.63432592209097,316.75428458252446,315.9171796261315,334.2409790413179,328.6586347467883,322.73920650273413,317.67840051020073
189.1891891891892,117.06140617676522,335.930763988649,335.18375588615703,334.2990090213402,333.30180895058663,332.2169865514562,331.06816129248375,329.87674601792605,328.6618682776737,327.4398664204559,326.22455950957624,325.02710908235116,323.8564001590425,322.7191420112219,321.6202274802883,320.56295229659776,319.549299508906,318.58017875739154,317.65562567305483,316.77499475096494,315.9370798573353,334.1864648796378,328.65424030362317,322.7571662059003,317.6994357095305
189.38938938938938,115.08600017822326,335.85290873651127,335.11730206333743,334.24459411288825,333.2592959778274,332.18579410245627,331.0472952106019,329.86508656581304,328.65812446019686,327.44280128383303,326.2329250738693,325.03979005060984,323.87236194672084,322.7374980694222,321.640208947709,320.5839206205149,319.57073146396596,318.6016495228327,317.67679925228794,316.79559740231747,315.9568885209767,334.13197899860415,328.64924651886287,322.77475592699534,317.72033323247615
189.5895895895896,113.22762375511113,335.7758138101854,335.05117485503615,334.19014530029625,333.21651407641195,332.15414729051133,331.0258913214234,329.85282202443267,328.65378212656276,327.4451442410614,326.24074972395186,325.05197577476014,323.88789342290954,322.75548286956274,321.6598801648567,320.60463403002905,319.5919564318709,318.6229550520117,317.6978386143272,316.81608953925706,315.97660002889756,334.0775590664883,328.64367788748643,322.79197325242365,317.7410879332729
189.78978978978978,111.48745304879236,335.6995568426601,334.9854176196416,334.13571306669934,333.17349294965913,332.1220848765928,331.0039651056661,329.83997875341703,328.6488479592889,327.4469103410062,326.2480352212989,325.0636723412428,323.9029937680043,322.77309651206434,321.6792388859036,320.62508936610527,319.61297128336133,318.64409093046635,317.7187400742461,316.8364667372523,315.9962104385285,334.02325307105065,328.6375474761354,322.80881817466405,317.76169589277094
189.98998998999,109.8665893898262,335.62421625114814,334.92008911504536,334.0813470230682,333.1302736594137,332.08964172473407,330.9815430993247,329.82657834038076,328.6433370107392,327.44811090549393,326.25478832033735,325.07488379704523,323.91766422803,322.79033841308166,321.69828304674985,320.6452834601195,319.6337722226251,318.6650528250741,317.73949916190514,316.85672441488214,316.0157152990142,333.9691135546819,328.6308715352552,322.82529058900525,317.7821527847001
190.19019019019018,108.36605860095247,335.5497925925102,334.8553483211302,334.02702181208804,333.08691607666117,332.0568436702001,330.9586494202303,329.8126392296176,328.63726300980755,327.44875568763797,326.2610153715412,325.0856137441918,323.9319061846837,322.8072082364598,321.71701101762886,320.6652137396908,319.65435603995616,318.6858371179965,317.7601120542097,316.87685869252357,316.03511080871647,333.915184494518,328.62366454376695,322.84139058453104,317.80245494268047
190.3903903903904,106.98681034786028,335.4764125910684,334.79107713312123,333.9729098234401,333.0434186272526,332.02373442890735,330.9353116255273,329.7981835005365,328.63064248709316,327.4488564709684,326.2667241837301,325.0958667056175,323.94572153356046,322.823705816247,321.7354210767062,320.6848773452636,319.67471909134133,318.7064396662065,317.78057434172825,316.896865083722,316.05439256211093,333.8615105207579,328.6159436535711,322.85711849547897,317.8225981490218
190.59059059059058,105.7297175381591,335.40426833218623,334.72707723459786,333.9192177387033,332.99977209791405,331.9903539828542,330.9115560693937,329.7832321852853,328.6234912947521,327.44842465260405,326.27192241175965,325.10564723518644,323.95911233476465,322.83983124718037,321.7535118254618,320.7042717784187,319.69485811303133,318.72685671181114,317.8008819962483,316.91673947242276,316.0735565094855,333.80813787725117,328.60772532275894,322.8724748842024,317.8425785605998
190.7907907907908,104.59557576892578,335.3330513201216,334.66414573313705,333.86542810513964,332.95625893212787,331.95666148863324,330.88743268523586,329.76779903901377,328.6158276739121,327.44747155237496,326.2766180762093,325.1149601790721,323.97208089828325,322.85558485662807,321.7712820531186,320.72339470561184,319.71476997226347,318.7470846072601,317.8210310788291,316.9364778187262,316.0925986683266,333.7551091158319,328.5990298053492,322.88746053854277,317.86239242908107
190.99099099099098,103.58510282318335,335.2631034218634,334.6017004933076,333.8121811133618,332.91255026047486,331.9228682043203,330.86289460104734,329.7519324048906,328.6076604535247,327.4460108626697,326.2808192120537,325.1238106837848,323.9846298054978,322.87096718452017,321.788730751422,320.74224394913216,319.7344516752093,318.76711981339673,317.8410177437756,316.95607616011364,316.11151512562765,333.7024806986656,328.5898635068372,322.9020764748714,317.8820361036246
191.1911911911912,102.69893821562451,335.1943431503538,334.54016065840517,333.7590578340215,332.8690967421344,331.8887293195785,330.8381224673274,329.73558224157637,328.59903601027656,327.4440441903621,326.2845379233179,325.13220313156324,323.99676214608485,322.88597895194874,321.80585710511247,320.7608175023777,319.7539003594875,318.7869589083665,317.8608382381858,316.97553061617134,316.13030204042633,333.6502775408987,328.58026456657205,322.9163237674174,317.9015060325275
191.39139139139138,101.93764278787253,335.1269671893626,334.479203880282,333.70659334302565,332.82545897310524,331.8546595727147,330.81288936080176,329.71891592922765,328.58989986277464,327.44161479974076,326.28777181241566,325.1401467857134,324.0084800497153,322.9006213630414,321.82266045785616,320.7791135199813,319.77311330856963,318.80659858057845,317.8804889093911,316.99483738793276,316.1489556467829,333.598576591698,328.57021835299213,322.93020443526154,317.920798766651
191.5915915915916,101.30169835353124,335.06086705848867,334.4193142924588,333.6542602901447,332.7822574879285,331.820195702413,330.78759092728563,329.7017181745612,328.580404429553,327.4386676121811,326.2905607535648,325.14763513585683,324.0197914550237,322.9148940973921,321.8391408457019,320.79713020013355,319.7920879686223,318.826035636964,317.8999662004462,317.0139927648418,316.16747225495095,333.5473789662868,328.5597883794292,322.9437183468216,317.93991096516504
191.79179179179178,100.79150739325246,334.99626477617244,334.3600862598873,333.6027314013088,332.738863105198,331.7859764899434,330.76177465943897,329.6843507431589,328.5703531453234,327.43533744452975,326.2928521246622,325.1547029900493,324.0306881292305,322.928802986349,321.855296583281,320.8148664543922,319.81082179717265,318.84526702587357,317.91926665702107,317.0329931211125,316.18584825565597,333.496784406502,328.5489336234226,322.95687142866035,317.95883937136716
191.991991991992,100.40739280001077,334.9330390311438,334.3020497750749,333.5513725736405,332.6960666104482,331.75132149718644,330.7360707236492,329.6663800854271,328.5600773003864,327.4314419858222,326.2947674323799,325.1612984877186,324.04120188141826,322.94233737217013,321.87113263333646,320.8323190711882,319.82931314177654,318.86428959748713,317.93838698515043,317.0518349100022,316.2040801226817,333.44676989749877,328.53774750553293,322.96965788916634,317.9775809514196
192.19219219219218,100.14959767474943,334.87142004515044,334.2447568168695,333.50094860722334,332.65308444796403,331.7170768913219,330.70979027877996,329.6484031979964,328.54917530151874,327.42727675050037,326.29614277776653,325.1675273040633,324.0512849801163,322.9555241459838,321.8866380535606,320.84949140272704,319.847558164869,318.8831010991869,317.95732376600256,317.07051473714887,316.2221644026361,333.3974573617059,328.5261576613124,322.98209317729027,317.9961324339687
192.3923923923924,100.01828517252474,334.81128083447874,334.1887598948176,333.45075686962326,332.61083344537036,331.6823794526435,330.6837865753813,329.62975028869954,328.5382014940954,327.4224724435296,326.29724283370996,325.17323959114685,324.06103179631356,322.9683172699172,321.9018372009222,320.86637128177045,319.86555970994516,318.90169686844547,317.9760746027785,317.0890290031807,316.240097796909,333.3488020993867,328.51429072708316,322.9941594280141,318.0144915962518
192.59259259259258,100.01353839924755,334.7528394842699,334.13362570390274,333.40156939325385,332.5684734244411,331.64818965296485,330.6572043596766,329.61121869560253,328.5265471230132,327.41751619403095,326.29774600362543,325.17866047347275,324.07031341839985,322.98079551197054,321.9166897176601,320.88297832439764,319.88330638296685,318.9200784791144,317.9946347964421,317.107375069028,316.2578768843177,333.30093953176646,328.50204647518973,323.00588748918017,318.0326543223738
192.7927927927928,100.13536035908663,334.69606855281836,334.0796296868683,333.35306406880176,332.5265096104582,331.6140204959199,330.6305999376948,329.5923388840152,328.51465831436207,327.4120777435804,326.297922882264,325.1836144631369,324.0792553745249,322.99288680115893,321.9312395975396,320.899288348154,319.90080848702553,318.9382377328819,318.0130040094544,317.12554874179534,316.2754987622978,333.2538584829733,328.4895195523833,323.01725691690285,318.05061954669094
192.99299299299298,100.38367395256734,334.6410086977881,334.02682426392334,333.30530915491966,332.4849039190523,331.5800396927423,330.60381529239623,329.57335727121404,328.5023187557104,327.40639625975564,326.2975891349284,325.1882660471465,324.0877462975089,323.0046743223214,321.945435953675,320.9153320811617,319.9180468690226,318.95618159858043,318.03117488625855,317.14354896922845,316.29295978318976,333.2076171456851,328.47669534280095,323.0282909403627,318.06838242125593
193.1931931931932,100.75832202536691,334.5876050299067,333.9755559125309,333.2578664431184,332.4443166564845,331.5455687176899,330.57762460385703,329.55357307846947,328.49020602688523,327.39992526056415,326.2972067404337,325.1922822648377,324.0960349187101,323.01599687458787,321.95938455106204,320.93104615853485,319.93505604974735,318.973888559733,318.04915449315047,317.1613684013287,316.3102582137953,333.1621825519461,328.4637071420419,323.0389489535465,318.085945143551
193.39339339339338,101.25906746777514,334.53620189386527,333.9250160450082,333.21207738513584,332.4031839187294,331.512388713766,330.5503123644973,329.5346279363556,328.4769321735238,327.3938349561414,326.2958898295097,325.1963331210971,324.1036628599347,323.0271671026747,321.972890114021,320.94654943292477,319.9517661697227,318.9913941754147,318.06692084914545,317.1790131748862,316.3273885443674,333.11777359130093,328.45031945200554,323.04932052613043,318.1032965827073
193.5935935935936,101.88559336475825,334.4864338796115,333.8764184437038,333.16620681702454,332.3637294384967,331.47814847893227,330.52428887913453,329.5143327808122,328.4644480848069,327.38654849514506,326.29489523931176,325.19950127357015,324.1112917170656,323.0377451873438,321.9862401194001,320.9616657023601,319.9682798566995,319.0086383473627,318.084502275254,317.19646600644285,316.34435226811553,333.0741874115538,328.4369026958421,323.0592887999479,318.12044775077493
193.79379379379378,102.63750319652962,334.43874843964164,333.8286205384049,333.12209307067076,332.3237687696436,331.44531546833014,330.49713246141835,329.495006564401,328.45074932348416,327.3797688274578,326.29289717390526,325.2028046310911,324.11819992747525,323.04823547502434,321.9991061677038,320.9766033586533,319.984470437313,319.02569184709887,318.10185706730675,317.21374345757914,316.36114102973954,333.0317092573382,328.4231108701333,323.0689899119895,318.1373807678075
193.993993993994,103.51432108950249,334.3927540997146,333.7825767678611,333.0783639649596,332.28509458246515,331.4119965749791,330.47083198867006,329.47482796452323,328.43750536887825,327.37212475260685,326.291025073801,325.2053993180959,324.12501990189963,323.058204274286,322.01178461474257,320.9911735805912,320.0004537748802,319.04248403414016,318.1190209200252,317.23082380830164,316.3777575759353,332.9901571979959,328.40926302969586,323.078316337923,318.1541080226565
194.19419419419418,104.51549211746328,334.3488299210982,333.7378894351544,333.03576604739663,332.24688204880147,331.3791946535699,330.4444456751845,329.4547572896731,328.4239099304387,327.36434326707456,326.2887241817826,325.2077374378923,324.13143529684726,323.0678861654631,322.0241230745087,321.0054779198362,320.0161664918433,319.0590503186769,318.1359703898444,317.24771441131804,316.39419562416066,332.9497124212041,328.3952360688307,323.0873319789095,318.17061944716863
194.3943943943944,105.64038265277728,334.30699215427177,333.69459618889823,332.9942707474404,332.2091816493634,331.3468657881057,330.41802860210146,329.4347508540044,328.41000935802725,327.35639058911164,326.28602626434594,325.20979764082074,324.13746422589367,323.0772697914369,322.03613014793956,321.01951111878066,320.03161186704057,319.07538844230373,318.15270627642036,317.2644142990919,316.4104549352835,332.91038130561594,328.3810411335181,323.0960345849743,318.186915164028
194.59459459459458,106.8882807674027,334.2672378821847,333.6528628775047,332.9538248112346,332.1722028709341,331.31489363677656,330.3917964905086,329.41468559592965,328.3959809927229,327.34816981167023,326.2830512549949,325.2115184551429,324.1431742225319,323.08632211379467,322.04783693602053,321.03325688137284,320.04680037454773,319.0914898263206,318.16922930727765,317.2809181062617,316.4265323785868,332.87220441572697,328.36673682916523,323.1044217217726,318.20299399859886
194.7947947947948,108.25839668346114,334.22955384827236,333.61270736143507,332.9144558270742,332.1359650482897,331.28330115639693,330.36576275841514,329.3945797885808,328.38183370641855,327.33969392765664,326.2798043701195,325.212907887491,324.14856782281424,323.0950471476206,322.0592441090255,321.04671644659686,320.06173146666083,319.1073540513896,318.1855382691701,317.2972246434267,316.44242658906086,332.8351966482936,328.35233491023814,323.11249668270966,318.21885500394166
194.99499499499498,109.74986327307596,334.19401532919113,333.5741583888708,332.87624090390995,332.10049081232006,331.2521670374097,330.33993475131837,329.3744997146273,328.36756831445774,327.3310109503263,326.2762847559086,325.21399549816596,324.15364399983656,323.1034598824776,322.0703502256877,321.0598952082628,320.07640285486184,319.12298113761244,318.20163013195537,317.31333151354545,316.45813448528753,332.79941449434034,328.33785969732764,323.12026896288614,318.23449602465246
195.1951951951952,111.36173660716756,334.16063291391,333.5372362437734,332.8391991445372,332.06580086400214,331.2215083373967,330.31432956523065,329.35445801485986,328.3531973979007,327.32212945134916,326.272500687112,325.2147864223675,324.15840740599987,323.1115628043874,322.0811572466278,321.0727937926446,320.0908147330974,319.1383705625213,318.2175041188187,317.3292376619347,316.4736549661156,332.76487550072386,328.32332302329047,323.1277415344054,318.24991640849754
195.39539539539538,113.09299655285136,334.12946472379156,333.50199300829274,332.8033771304892,332.0319453828893,331.1913661668479,330.28898944755997,329.3344856265703,328.3387521979312,327.31307061259616,326.26847276982244,325.2152935521944,324.16286969879377,323.1193623307596,322.0916701787978,321.08541400759026,320.10496774143024,319.15352125095245,318.2331584651563,317.3449406555849,316.4889854594647,332.73162928246217,328.30875413089603,323.13492195362716,318.2651147145177
195.5955955955956,114.94254741906829,334.1005344157017,333.4684526482258,332.7687979854605,331.99894588248117,331.1617610745378,330.2639322918997,329.3145986791949,328.32424586216774,327.30384574123536,326.26420967634186,325.2155239039665,324.16703582882053,323.1268620740162,322.10189117813576,321.09775704762643,320.11886216145547,319.16843289758475,318.2485923986644,317.3604394762536,316.50412484273727,332.6996984012814,328.2941664501679,323.1418140065131,318.28009035533904
195.79579579579578,116.90921865003071,334.0738670682526,333.43665462319706,332.7355021079646,331.9668404807346,331.1327290061956,330.2391899122068,329.2948254870126,328.3097019401849,327.2944747512886,326.2597270283647,325.2154898883577,324.17091478443785,323.1340684779366,322.1118242323893,321.10982510120783,320.132498617081,319.1831050390938,318.26380464522975,317.37573239382687,316.51907120189674,332.6691186572689,328.27958382381155,323.1484244968659,318.29484237942563
195.995995995996,118.99176556605349,334.04949145409995,333.4066313105784,332.70352540344675,331.9356648111707,331.1043032789093,330.2147926111933,329.2751925989368,328.2951432373592,327.28497653071736,326.2550401662474,325.2152034362071,324.1745155602388,323.1409878887108,322.12147350544416,321.1216204888447,320.1458779953392,319.1975374577387,318.27879422489985,317.3908179605758,316.5338229079495,332.63992325164105,328.2650290288908,323.1547601758891,318.30937010930063
196.19619619619618,121.18887015129286,334.02743739108485,333.3784066806543,332.67289236672303,331.90544318630344,331.07650679717887,330.19076124166514,329.25571837777625,328.28058552343657,327.2753642103673,326.250159747836,325.21467288689547,324.17784444528434,323.1476247824104,322.130841948401,321.1331448919878,320.1590009747391,319.21173006672063,318.29356051605595,317.4056952284286,316.54837888332776,332.6121372843889,328.25051782021626,323.1608257909958,318.3236731338544
196.3963963963964,123.49914188790316,334.007731161663,333.35201691787483,332.6436398205258,331.8762119624573,331.0493740855021,330.1671273786886,329.2364308207377,328.26605290973515,327.26565800046643,326.24510221897657,325.213911206313,324.18091126174085,323.1539862331542,322.1399342858061,321.14440109406917,320.17186878559716,319.2256829163123,318.30810273484104,317.42036290372175,316.5627376258475,332.5857947896046,328.2360742657209,323.1666288162167,318.33775099326397
196.59659659659658,125.92111863607425,333.99039193765316,333.32748882217766,332.6157978443397,331.8480013739625,331.0229340485347,330.1439176433062,329.2173536704983,328.25156596577295,327.2558752300944,326.2398817653034,325.2129296439456,324.1837246010455,323.1600784920588,322.14875476473884,321.1553916765103,320.18448267386975,319.2393962318437,318.32242038241634,317.4348200406718,316.57689800223454,332.5609228053336,328.221718854995,323.17217583565986,318.3516034662072
196.7967967967968,128.45326755940278,333.97544191504664,333.3048458813815,332.5893920995395,331.82083744742215,330.9972117042957,330.1211551640541,329.19850762275956,328.23714267603674,327.2460310948165,326.2345108633784,325.2117381267655,324.18629207536503,323.16590712805913,322.15730720074754,321.1661189944532,320.1968438213942,319.25287029643874,318.33651310250684,317.44906588663383,316.590859091311,332.5375458095371,328.20746948420907,323.17747270507806,318.3652304396569
196.99699699699698,131.09398609500096,333.96291928065625,333.28411876718997,332.56445490746955,331.79475314868023,330.97223901002457,330.0988696763424,329.1799194320496,328.2228064061227,327.2361454321042,326.2290058805514,325.21034974787244,324.1886237895536,323.17147959780976,322.1655967693576,321.1765863172316,320.20895396073496,319.2661056614369,318.35038060231847,317.46309962190014,316.60461984456873,332.51569702280415,328.1933493654341,323.18252724436496,318.37863193819186
197.1971971971972,133.8416029677397,333.95279669152984,333.26544070899564,332.5409394178252,331.76979736078505,330.9480346157052,330.0770832151972,329.1616086023561,328.2085742810463,327.22623284599695,326.2233789161207,325.2087742305407,324.190727288557,323.17680150869325,322.1736274036281,321.18679617465006,320.22081448716114,319.27910284740426,318.3640227750468,317.4769207457702,316.6181795873287,332.49540175896817,328.17937557214344,323.18734532121385,318.39180808854223
197.39739739739738,136.6943792479733,333.94505640038324,333.2488425570838,332.5188770577689,331.7459969603995,330.92463035110706,330.05582373466075,329.143600673847,328.19446877448433,327.2163125710685,326.21764597047616,325.2070244880021,324.19261264302975,323.1818803938379,322.1814044371741,321.19675205175633,320.2324273871195,319.2918626821421,318.37743961465287,317.4905287258788,316.6315375511718,332.47668066534845,328.16557034490734,323.19193480276,318.40475919219296
197.5975975975976,139.65050945208748,333.9400704297749,333.2336578000501,332.498763457779,331.7232162647156,330.9020814273221,330.0351136899489,329.12591870174094,328.18051016922135,327.2064020178012,326.2118216029133,325.2051123332193,324.19428912363,323.18672324351553,322.1889328757521,321.2064572804101,320.24379463078293,319.30438607929074,318.3906312711805,317.5039232270847,316.64469317927916,332.45955787592834,328.1519532363251,323.19630297130544,318.4174856775236
197.79779779779778,142.70812268516246,333.9375349917493,333.22055677986435,332.4801382005622,331.70167257437504,330.880373434946,330.01498210574897,329.1085851249033,328.166718601118,327.19651859520894,326.20592041888267,325.20304967213514,324.195766123302,323.191337187815,322.19621787306295,321.2159153419819,320.2549183350652,319.3166740938192,318.40359802934324,317.51710404194273,316.65764603586535,332.4440551962994,328.13854496917236,323.2004572396594,318.4299881072071
197.997997997998,145.86528382504054,333.93714032727354,333.2102231536789,332.46249656553164,331.681664092714,330.85940700843025,329.9955092027707,329.09160179475924,328.15311973009364,327.1866785440091,326.1999572298086,325.2008484856847,324.1970531548368,323.19572949463014,322.20326472913933,321.2251298662941,320.2658007629268,319.32872792164045,318.41634030833916,317.5300710906514,316.6703958061981,332.4301862295257,328.1253733002883,323.204405146117,318.4422671779512
198.19819819819818,149.11999474703512,333.93960734447506,333.20108699181964,332.4473805931106,331.6622207795144,330.839729419926,329.9764862068686,329.0750753416081,328.13971001836063,327.17690398284503,326.1939460258022,325.19852090784786,324.19815984093384,323.1999075620305,322.2100788858757,321.2341046283456,320.27644432132195,319.3405488984899,318.42885866136356,317.5428244209971,316.6829422967429,332.41800502576916,328.1124243150969,323.2081543650067,318.454323719783
198.3983983983984,152.47019558852065,333.9442796011954,333.19481866711004,332.43291711674283,331.64490551332824,330.82038384675377,329.95844866551465,329.05880306626466,328.1265941315995,327.1671836086962,326.1879103697386,325.19607655166885,324.1990965522456,323.2038787782265,322.21666594771284,321.24284354324163,320.2868515603389,319.3521384993259,318.4411537755055,317.5553642085106,316.695285435455,332.4074609490261,328.0997879683627,323.2117122746191,318.4661586958272
198.59859859859858,155.91376605258813,333.95181053463847,333.1897659253693,332.42121061381226,331.62782846985596,330.8028111204308,329.9405377239898,329.0432785607192,328.1135710762747,327.1576251811683,326.1818324898826,325.1935377018366,324.1998704622133,323.20765137206246,322.22303152820785,321.25135068386584,320.2970251697612,319.3634983374505,318.45322647125965,317.5676907563013,316.7074252717496,332.39868533282134,328.08736900640696,323.21508834963726,318.47777320130444
198.7987987987988,159.4485267499561,333.9615250497568,333.1877475093684,332.40992317867284,331.61334032993716,330.78512480847877,329.92411975016097,329.0276986236055,328.10110596441217,327.14803190902387,326.17581896760834,325.1908810584053,324.2005040130676,323.2112290701414,322.2291826724038,321.2596299221942,320.30696806011275,319.3746301459682,318.4650777053377,317.5798044943714,316.71936197658226,332.3915321752428,328.0753550429622,323.21828534724244,318.48916847647445
198.99899899899899,163.07224057827298,333.9741754733802,333.18676318670225,332.40180779663456,331.5986120603937,330.76984750527123,329.9073076595662,329.01337435478985,328.08843910019567,327.1388438168319,326.1696771106434,325.1882109609687,324.20097026483296,323.2146331414629,322.2351209957668,321.26768685730383,320.31668287492204,319.3855358843761,318.4767085495141,317.591705982637,316.73109584193116,332.3862412044764,328.06352840840543,323.2213244440671,318.5003458266761
199.1991991991992,166.7826141379529,333.9889168946183,333.189145524367,332.39364630824684,331.587170717404,330.75376490869456,329.89275178502413,328.99841626435995,328.07684337649584,327.12932989700397,326.16382877737607,325.1853368767495,324.2013720814472,323.21783253692837,322.2408677497248,321.2755205141434,320.32617452986796,319.39621701474744,318.4881203815216,317.60339586356434,316.74262728935724,332.38252887066614,328.05223402005197,323.22418595179863,318.5113070158117
199.39939939939939,170.57729918363316,334.0067387324031,333.1921765209167,332.38934313066324,331.57469190547874,330.7410646638106,329.8769257935528,328.9855699807369,328.0644304697304,327.12073017441713,326.1575669306699,325.182663871056,324.2015223022849,323.22092697322324,322.246389841135,321.283151057538,320.33544058282706,319.40667759665564,318.4993139660018,317.61487510932614,316.75395682106614,332.38080299065444,328.0410446698214,323.22693080904736,318.5220528151754
199.5995995995996,174.45389411035194,334.02646988546525,333.1991346215371,332.3841754803478,331.5666171595245,330.72640264977923,329.86459357117286,328.971045131469,328.05402709654703,327.1111515652361,326.1521096183245,325.17949989339195,324.2018149733225,323.22372971389,322.25178598265285,321.290542315011,320.3445013322421,319.41691336114576,318.51029315587004,317.6261438681468,316.765085275242,332.38055995933075,328.03058539654995,323.2294745756536,318.53258739852936
199.79979979979979,178.4099454734851,334.0495214522546,333.20605922974386,332.38399110000074,331.55615474066,330.7167053729135,329.84947964860584,328.96010472344426,328.04162325001636,327.1034828935789,326.14556359314616,325.17704100461265,324.2015732953625,323.226622620584,322.25687224857927,321.29779007010086,320.35331957135753,319.42694378928934,318.5210528848092,317.63720557911574,316.7760128480364,332.38248637911454,328.0200508217583,323.2319798478478,318.5429069345216
200.0,182.4429495415058,334.07451653834926,333.216836683337,332.3830551538785,331.5501031755893,330.7050206955291,329.8380612110771,328.94728868012766,328.03153620885854,327.09460393476354,326.1400791349333,325.1739395053793,324.20161879555036,323.22916068526933,322.261892676708,321.3047827432087,320.3619524769617,319.43674842627524,318.5316040917889,317.64805808732615,316.7867412588196,332.38590644933663,328.010313833952,323.23427888122313,318.55302086823434
