time,pm_pred,stator_yoke_pred,stator_tooth_pred,stator_winding_pred
0.0,35.52539,38.01852,37.8663,38.895035
0.5,35.558434,38.034336,37.883087,38.937214
1.0,35.591404,38.050304,37.899963,38.979164
1.5,35.623898,38.066284,37.916737,39.02026
2.0,35.655384,38.081978,37.9332,39.059994
2.5,35.68533,38.09706,37.949104,39.097824
3.0,35.713375,38.111347,37.964294,39.133373
3.5,35.73967,38.124886,37.978825,39.166824
4.0,35.764416,38.13779,37.992794,39.19845
4.5,35.787685,38.15014,38.006287,39.228363
5.0,35.810135,38.162266,38.01963,39.25743
5.5,35.832565,38.174545,38.03317,39.286606
6.0,35.855465,38.187214,38.047066,39.316395
6.5,35.879154,38.200397,38.061382,39.34707
7.0,35.903774,38.214146,38.076134,39.37873
7.5,35.929375,38.228447,38.0913,39.411415
8.0,35.956047,38.243324,38.106884,39.44519
8.5,35.98389,38.25879,38.122875,39.480095
9.0,36.01252,38.274662,38.13914,39.515766
9.5,36.041424,38.290672,38.155514,39.551735
10.0,36.0706,38.3068,38.171978,39.58799
10.5,36.100277,38.323154,38.188595,39.62473
11.0,36.13042,38.339695,38.205338,39.661926
11.5,36.160877,38.356323,38.222137,39.69944
12.0,36.19166,38.373028,38.238995,39.7373
12.5,36.22284,38.38984,38.255928,39.77558
13.0,36.25441,38.406742,38.272938,39.81429
13.5,36.28633,38.423706,38.290016,39.85342
14.0,36.31877,38.44082,38.307217,39.89313
14.5,36.351967,38.45821,38.324604,39.933594
15.0,36.385635,38.475807,38.342117,39.97451
15.5,36.41933,38.493435,38.359653,40.01543
16.0,36.45263,38.510902,38.37709,40.055977
16.5,36.485165,38.527985,38.39431,40.09584
17.0,36.516712,38.54455,38.411198,40.134785
17.5,36.547108,38.5605,38.427647,40.172573
18.0,36.5765,38.5759,38.443695,40.209328
18.5,36.60516,38.590927,38.459465,40.245323
19.0,36.633293,38.605717,38.475075,40.280785
19.5,36.66106,38.620396,38.49063,40.315895
20.0,36.688732,38.635056,38.50619,40.35094
20.5,36.71655,38.649693,38.521748,40.386166
21.0,36.74448,38.664238,38.537247,40.421574
21.5,36.772366,38.678596,38.55259,40.456944
22.0,36.79996,38.69265,38.56766,40.491955
22.5,36.827023,38.70629,38.582325,40.52625
23.0,36.853607,38.719555,38.59659,40.55985
23.5,36.879612,38.7326,38.61023,40.591705
24.0,36.90508,38.745518,38.623276,40.621704
24.5,36.93034,38.75838,38.636086,40.65096
25.0,36.95594,38.77137,38.649067,40.68074
25.5,36.982407,38.784683,38.66258,40.712143
26.0,37.01001,38.798447,38.676727,40.74548
26.5,37.038788,38.812725,38.691433,40.780457
27.0,37.06808,38.827274,38.706306,40.815865
27.5,37.09699,38.841732,38.72084,40.85014
28.0,37.12536,38.856014,38.73499,40.883186
28.5,37.15343,38.87018,38.748985,40.915756
29.0,37.181183,38.884182,38.762863,40.947987
29.5,37.20847,38.89797,38.77657,40.979725
30.0,37.235157,38.91149,38.78999,41.01062
30.5,37.261086,38.924725,38.802944,41.04008
31.0,37.285816,38.93749,38.815163,41.067352
31.5,37.308914,38.949593,38.826424,41.091763
32.0,37.330334,38.961033,38.83666,41.113132
32.5,37.35017,38.971867,38.84585,41.13141
33.0,37.36829,38.982033,38.853954,41.14646
33.5,37.384586,38.991447,38.860962,41.15833
34.0,37.399216,39.000187,38.866962,41.16728
34.5,37.412395,39.008347,38.87203,41.173485
35.0,37.424385,39.016052,38.876274,41.177288
35.5,37.43545,39.023426,38.87984,41.179077
36.0,37.44563,39.03045,38.88282,41.179146
36.5,37.45496,39.03709,38.885353,41.177986
37.0,37.463486,39.04334,38.8876,41.17608
37.5,37.47133,39.049225,38.88977,41.17405
38.0,37.478386,39.0547,38.89181,41.171707
38.5,37.484352,39.059673,38.89343,41.168224
39.0,37.489788,39.06439,38.89486,41.16424
39.5,37.4955,39.069202,38.896515,41.16091
40.0,37.501884,39.074284,38.898647,41.15897
40.5,37.50919,39.07972,38.901474,41.15903
41.0,37.51674,39.085236,38.904552,41.15984
41.5,37.52344,39.090397,38.90712,41.159187
42.0,37.52901,39.0951,38.908924,41.156376
42.5,37.533573,39.099396,38.910015,41.15243
43.0,37.53715,39.103283,38.91047,41.150257
43.5,37.539864,39.10679,38.910492,41.149277
44.0,37.54175,39.109917,38.910236,41.14905
44.5,37.54288,39.11269,38.90986,41.149143
45.0,37.543507,39.115215,38.909554,41.149025
45.5,37.54389,39.117607,38.909496,41.148235
46.0,37.544113,39.119904,38.90971,41.14672
46.5,37.544113,39.122086,38.910133,41.144672
47.0,37.54417,39.12428,38.910988,41.141483
47.5,37.544716,39.126663,38.912632,41.13768
48.0,37.546093,39.129387,38.91534,41.13666
48.5,37.548546,39.132603,38.91927,41.13878
49.0,37.55254,39.136585,38.92459,41.14429
49.5,37.55841,39.141594,38.93137,41.153114
50.0,37.56576,39.14749,38.93932,41.16444
50.5,37.573933,39.15399,38.948036,41.17719
51.0,37.582336,39.160763,38.9571,41.190422
51.5,37.5904,39.167442,38.966072,41.203213
52.0,37.5979,39.17395,38.97484,41.215206
52.5,37.604977,39.18045,38.98357,41.2266
53.0,37.611736,39.186962,38.992302,41.23755
53.5,37.61816,39.193398,39.000946,41.24801
54.0,37.62415,39.199696,39.00942,41.257812
54.5,37.629654,39.205856,39.017727,41.26689
55.0,37.6351,39.21207,39.0261,41.275887
55.5,37.641,39.218567,39.034782,41.28553
56.0,37.64703,39.225163,39.04357,41.295364
56.5,37.65252,39.231472,39.052032,41.30439
57.0,37.657703,39.237587,39.06028,41.31296
57.5,37.6632,39.24382,39.06867,41.32202
58.0,37.668747,39.250027,39.07704,41.33116
58.5,37.673683,39.255882,39.08498,41.33933
59.0,37.677673,39.26121,39.09226,41.34595
59.5,37.680553,39.265953,39.098763,41.350742
60.0,37.682198,39.270027,39.104362,41.35341
60.5,37.68242,39.273335,39.108864,41.353535
61.0,37.681885,39.276054,39.112522,41.351696
61.5,37.68176,39.278572,39.11592,41.349194
62.0,37.68191,39.280937,39.119095,41.346195
62.5,37.68269,39.282936,39.121655,41.341908
63.0,37.68388,39.284653,39.123734,41.337715
63.5,37.684856,39.286407,39.125843,41.333244
64.0,37.685017,39.2885,39.12845,41.32973
64.5,37.684803,39.291183,39.131935,41.32864
65.0,37.686203,39.294556,39.136463,41.330402
65.5,37.68919,39.29857,39.14197,41.334927
66.0,37.693058,39.302944,39.148014,41.34095
66.5,37.69695,39.307343,39.15407,41.34698
67.0,37.700924,39.311825,39.16022,41.353157
67.5,37.705433,39.31663,39.166817,41.36027
68.0,37.710575,39.32186,39.17397,41.36847
68.5,37.716297,39.327557,39.18169,41.377644
69.0,37.72229,39.33357,39.189796,41.38729
69.5,37.72816,39.339672,39.198013,41.396816
70.0,37.73412,39.34591,39.2064,41.40651
70.5,37.740566,39.352425,39.215122,41.41697
71.0,37.74772,39.359318,39.224285,41.428505
71.5,37.755714,39.366684,39.233974,41.441273
72.0,37.764194,39.37437,39.243996,41.45472
72.5,37.772648,39.382122,39.254074,41.46811
73.0,37.780838,39.38976,39.264034,41.48112
73.5,37.788574,39.39711,39.273697,41.49349
74.0,37.795906,39.40422,39.2831,41.50528
74.5,37.803104,39.41128,39.29245,41.51687
75.0,37.8102,39.418343,39.301796,41.528305
75.5,37.8171,39.425346,39.311073,41.53944
76.0,37.823765,39.432278,39.320267,41.55021
76.5,37.83018,39.43914,39.329372,41.5606
77.0,37.83625,39.445843,39.33831,41.57048
77.5,37.841785,39.45225,39.346924,41.57957
78.0,37.846817,39.458324,39.355152,41.5879
78.5,37.85141,39.464058,39.362957,41.595505
79.0,37.85553,39.469406,39.37025,41.60225
79.5,37.859077,39.474323,39.37694,41.607933
80.0,37.86201,39.47883,39.38305,41.61248
80.5,37.864445,39.483036,39.388744,41.61615
81.0,37.866856,39.4872,39.394405,41.619812
81.5,37.869816,39.491615,39.40043,41.62443
82.0,37.87342,39.496376,39.406933,41.630165
82.5,37.877594,39.50151,39.413944,41.636894
83.0,37.882442,39.50707,39.421494,41.64474
83.5,37.888058,39.51306,39.42959,41.653816
84.0,37.8943,39.51939,39.438103,41.663895
84.5,37.90094,39.52591,39.446865,41.674614
85.0,37.907894,39.5326,39.45583,41.685825
85.5,37.91518,39.53952,39.465054,41.697533
86.0,37.922512,39.546535,39.474373,41.709297
86.5,37.92948,39.553436,39.483566,41.720524
87.0,37.935905,39.56016,39.492546,41.730927
87.5,37.941795,39.56677,39.501373,41.740482
88.0,37.947586,39.57346,39.510258,41.74981
88.5,37.953766,39.58045,39.51942,41.75959
89.0,37.96052,39.58778,39.52892,41.77016
89.5,37.967865,39.59538,39.538715,41.781612
90.0,37.975464,39.60306,39.548622,41.79348
90.5,37.982933,39.610657,39.558456,41.805187
91.0,37.990112,39.618088,39.568123,41.816505
91.5,37.99694,39.625313,39.577587,41.827343
92.0,38.0032,39.632206,39.586704,41.837368
92.5,38.008553,39.638557,39.595234,41.846066
93.0,38.012856,39.64434,39.603127,41.853203
93.5,38.016216,39.649666,39.61053,41.858967
94.0,38.01897,39.654705,39.61764,41.863857
94.5,38.0214,39.659576,39.62456,41.868275
95.0,38.02355,39.664265,39.631268,41.87225
95.5,38.025272,39.668674,39.6376,41.875504
96.0,38.02613,39.672577,39.643227,41.87726
96.5,38.025574,39.6757,39.647766,41.876526
97.0,38.025536,39.67831,39.651573,41.874165
97.5,38.02537,39.680943,39.6554,41.872
98.0,38.02465,39.683796,39.659496,41.87073
98.5,38.024452,39.68684,39.6638,41.87031
99.0,38.024597,39.689957,39.66813,41.870304
99.5,38.024815,39.69303,39.67234,41.87028
100.0,38.024963,39.695965,39.676292,41.869946
100.5,38.02484,39.69863,39.679756,41.868835
101.0,38.02416,39.700893,39.682503,41.866257
101.5,38.024353,39.702698,39.684452,41.86179
102.0,38.02566,39.70397,39.685406,41.85887
102.5,38.028423,39.70459,39.685036,41.859333
103.0,38.032513,39.70462,39.6846,41.863007
103.5,38.037518,39.704247,39.68506,41.86897
104.0,38.04285,39.703716,39.68594,41.875984
104.5,38.04791,39.70328,39.686775,41.882767
105.0,38.052055,39.703205,39.68706,41.88795
105.5,38.054726,39.70369,39.686356,41.890293
106.0,38.05589,39.70478,39.686207,41.88939
106.5,38.05566,39.70648,39.687344,41.88511
107.0,38.05519,39.708557,39.68933,41.881645
107.5,38.054577,39.71063,39.691452,41.878326
108.0,38.054073,39.712585,39.69348,41.874634
108.5,38.053806,39.71445,39.69543,41.870647
109.0,38.05424,39.716022,39.69692,41.866108
109.5,38.05607,39.717003,39.69737,41.864357
110.0,38.05964,39.717247,39.696484,41.866188
110.5,38.06506,39.71671,39.69678,41.871925
111.0,38.072052,39.7155,39.698437,41.881268
111.5,38.0803,39.713764,39.701347,41.893906
112.0,38.089565,39.71199,39.705215,41.90906
112.5,38.09934,39.710445,39.7094,41.925087
113.0,38.10931,39.708984,39.71354,41.941036
113.5,38.119366,39.707565,39.717503,41.956593
114.0,38.12931,39.70609,39.721104,41.97128
114.5,38.138893,39.70445,39.72414,41.984596
115.0,38.148457,39.70279,39.72696,41.99744
115.5,38.15873,39.701454,39.73027,42.01162
116.0,38.170044,39.70058,39.734467,42.0281
116.5,38.182518,39.700222,39.739742,42.047386
117.0,38.1958,39.70022,39.745895,42.06893
117.5,38.209373,39.700344,39.75257,42.09177
118.0,38.22311,39.700542,39.759544,42.11533
118.5,38.236828,39.700745,39.766453,42.138702
119.0,38.250664,39.701008,39.7734,42.162167
119.5,38.265095,39.701538,39.78086,42.186996
120.0,38.27991,39.702232,39.788757,42.212948
120.5,38.29462,39.702877,39.79674,42.239082
121.0,38.30953,39.703606,39.80508,42.266136
121.5,38.325275,39.704678,39.814316,42.295605
122.0,38.341747,39.70603,39.824398,42.32737
122.5,38.35853,39.707493,39.83503,42.360638
123.0,38.375755,39.709114,39.8463,42.395653
123.5,38.393715,39.711018,39.858383,42.43294
124.0,38.412548,39.71327,39.87133,42.472645
124.5,38.432255,39.715874,39.885082,42.51458
125.0,38.452522,39.718723,39.89932,42.557854
125.5,38.47291,39.721638,39.913635,42.601303
126.0,38.49341,39.724598,39.92807,42.645065
126.5,38.514294,39.72769,39.942974,42.690163
127.0,38.534885,39.730637,39.95779,42.73502
127.5,38.554047,39.73298,39.971565,42.776905
128.0,38.57169,39.73469,39.98419,42.815502
128.5,38.588158,39.735924,39.99592,42.851547
129.0,38.60394,39.736877,40.007187,42.886272
129.5,38.619606,39.73776,40.018536,42.92124
130.0,38.635437,39.738678,40.030186,42.95708
130.5,38.65147,39.739662,40.042114,42.993717
131.0,38.66785,39.740788,40.054325,43.03112
131.5,38.68462,39.742104,40.066708,43.068943
132.0,38.701527,39.743523,40.07895,43.10628
132.5,38.7182,39.7449,40.090664,43.142048
133.0,38.734955,39.746365,40.10212,43.177
133.5,38.752552,39.748234,40.114002,43.213085
134.0,38.771816,39.750847,40.127068,43.25241
134.5,38.793495,39.754505,40.14205,43.297077
135.0,38.817158,39.759033,40.1586,43.34611
135.5,38.8418,39.76404,40.175808,43.3969
136.0,38.867523,39.76956,40.19379,43.449795
136.5,38.894344,39.775627,40.212486,43.504612
137.0,38.92231,39.782272,40.231926,43.561382
137.5,38.95147,39.78953,40.252125,43.620182
138.0,38.981293,39.797134,40.272736,43.68005
138.5,39.01115,39.80477,40.293343,43.739845
139.0,39.04107,39.812447,40.313984,43.799694
139.5,39.071285,39.820274,40.33483,43.86006
140.0,39.10151,39.828117,40.35566,43.920326
140.5,39.131535,39.835854,40.376396,43.980316
141.0,39.161385,39.843513,40.397015,44.039936
141.5,39.191322,39.851227,40.41769,44.099655
142.0,39.22162,39.85913,40.438618,44.160004
142.5,39.252415,39.8673,40.45987,44.22119
143.0,39.28361,39.875683,40.481396,44.283066
143.5,39.31505,39.884193,40.50309,44.345367
144.0,39.346672,39.892815,40.52487,44.407833
144.5,39.378418,39.901558,40.546608,44.470055
145.0,39.410435,39.9105,40.56832,44.532074
145.5,39.443146,39.91986,40.59036,44.59484
146.0,39.47651,39.929623,40.612633,44.658104
146.5,39.510265,39.93967,40.63487,44.7211
147.0,39.544014,39.949795,40.65679,44.783096
147.5,39.577263,39.959736,40.678043,44.843163
148.0,39.610394,39.969654,40.699017,44.902363
148.5,39.64399,39.979847,40.720264,44.962223
149.0,39.677967,39.99024,40.741837,45.022934
149.5,39.71225,40.000755,40.763847,45.084827
150.0,39.746494,40.01126,40.785828,45.146595
150.5,39.779263,40.021088,40.806244,45.20404
151.0,39.810364,40.030125,40.82497,45.256947
151.5,39.840908,40.038902,40.84318,45.308414
152.0,39.871822,40.047855,40.86185,45.36105
152.5,39.903675,40.05724,40.88158,45.41651
153.0,39.936317,40.067013,40.90208,45.474007
153.5,39.969532,40.0771,40.923004,45.532574
154.0,40.003586,40.087643,40.944515,45.592636
154.5,40.038628,40.098732,40.966713,45.654457
155.0,40.07422,40.110134,40.98927,45.717163
155.5,40.10922,40.12126,41.011177,45.77806
156.0,40.142708,40.13166,41.031616,45.83496
156.5,40.174274,40.14112,41.05019,45.886906
157.0,40.20395,40.149654,41.06687,45.933918
157.5,40.23189,40.157352,41.081753,45.976334
158.0,40.258102,40.164215,41.09483,46.01421
158.5,40.28247,40.170185,41.106033,46.047478
159.0,40.30557,40.17555,41.11596,46.077614
159.5,40.328438,40.18081,41.12565,46.107113
160.0,40.351723,40.186275,41.135788,46.137638
160.5,40.37585,40.192154,41.14685,46.170345
161.0,40.400375,40.198227,41.158382,46.204136
161.5,40.424145,40.20393,41.169243,46.23623
162.0,40.446835,40.209103,41.179134,46.265896
162.5,40.468746,40.2139,41.188316,46.293793
163.0,40.49015,40.218456,41.19705,46.320568
163.5,40.511314,40.222897,41.205616,46.34688
164.0,40.532158,40.22718,41.21392,46.372528
164.5,40.552284,40.231113,41.2216,46.39662
165.0,40.571766,40.234734,41.228752,46.419422
165.5,40.591084,40.238266,41.235855,46.442024
166.0,40.610565,40.24189,41.243122,46.464996
166.5,40.63022,40.24561,41.25044,46.488117
167.0,40.650272,40.24953,41.258053,46.51197
167.5,40.67127,40.25392,41.266514,46.537876
168.0,40.693577,40.25896,41.276268,46.566917
168.5,40.71755,40.264805,41.287743,46.600163
169.0,40.742786,40.271267,41.300518,46.636616
169.5,40.76824,40.277843,41.31351,46.673557
170.0,40.793262,40.284225,41.326027,46.709274
170.5,40.81735,40.29016,41.33752,46.742462
171.0,40.840374,40.2956,41.34783,46.77279
171.5,40.862503,40.30063,41.35708,46.800606
172.0,40.88344,40.305084,41.365074,46.825478
172.5,40.902702,40.308727,41.371517,46.846695
173.0,40.92087,40.311832,41.37695,46.865536
173.5,40.938942,40.3149,41.38224,46.884037
174.0,40.957294,40.318115,41.387768,46.90305
174.5,40.975838,40.321434,41.39349,46.92248
175.0,40.99434,40.324726,41.39928,46.941982
175.5,41.012554,40.32787,41.405006,46.961185
176.0,41.030067,40.330658,41.410294,46.97923
176.5,41.046326,40.332817,41.414623,46.994896
177.0,41.061813,40.334595,41.418427,47.009216
177.5,41.07776,40.336594,41.42283,47.024826
178.0,41.09419,40.338833,41.427795,47.041695
178.5,41.110172,40.34085,41.43244,47.057735
179.0,41.125443,40.342518,41.43659,47.072487
179.5,41.1403,40.34398,41.440598,47.086765
180.0,41.155174,40.345444,41.44491,47.10159
180.5,41.17053,40.347134,41.449978,47.11808
181.0,41.186264,40.349003,41.45567,47.135925
181.5,41.201736,40.350746,41.461327,47.153564
182.0,41.216843,40.352314,41.466904,47.17087
182.5,41.23198,40.35389,41.47283,47.18889
183.0,41.247612,40.355686,41.47962,47.208916
183.5,41.26425,40.357914,41.487827,47.23245
184.0,41.281548,40.36043,41.496952,47.258266
184.5,41.29819,40.36266,41.505558,47.282646
185.0,41.313377,40.364216,41.51296,47.303833
185.5,41.32709,40.3651,41.519276,47.322098
186.0,41.339573,40.365425,41.524742,47.33804
186.5,41.351093,40.365322,41.529583,47.35223
187.0,41.361805,40.36486,41.53395,47.36508
187.5,41.371857,40.36411,41.53802,47.377033
188.0,41.381664,40.36325,41.54212,47.388966
188.5,41.391685,40.362488,41.546593,47.401802
189.0,41.40221,40.361946,41.551662,47.416176
189.5,41.413437,40.361706,41.55749,47.432533
190.0,41.42556,40.361847,41.564266,47.451397
190.5,41.438805,40.362457,41.57221,47.4734
191.0,41.45297,40.36346,41.581017,47.49773
191.5,41.467354,40.364582,41.589924,47.52231
192.0,41.481533,40.36563,41.59855,47.54609
192.5,41.49542,40.366566,41.606857,47.568996
193.0,41.509377,40.367554,41.615112,47.591747
193.5,41.523838,40.368782,41.623596,47.61511
194.0,41.539036,40.37035,41.632633,47.639965
194.5,41.555313,40.37237,41.642723,47.667664
195.0,41.57275,40.37489,41.65394,47.698425
195.5,41.59104,40.37779,41.665905,47.731224
196.0,41.60972,40.380844,41.678284,47.765137
196.5,41.628464,40.383904,41.69093,47.79977
197.0,41.647594,40.387093,41.70414,47.835983
197.5,41.667606,40.390606,41.718346,47.87502
198.0,41.68872,40.394505,41.733788,47.917618
198.5,41.71094,40.398746,41.75053,47.964073
199.0,41.733826,40.40314,41.768173,48.013252
199.5,41.75696,40.40752,41.786377,48.0642
200.0,41.780357,40.41195,41.804985,48.116364
200.5,41.803642,40.41641,41.823368,48.167736
201.0,41.826702,40.420815,41.841515,48.21831
201.5,41.849945,40.425224,41.860012,48.27
202.0,41.87326,40.429604,41.878746,48.32245
202.5,41.896473,40.433926,41.89747,48.374836
203.0,41.919,40.438015,41.91557,48.425312
203.5,41.940296,40.44166,41.93252,48.472343
204.0,41.9602,40.444775,41.94829,48.5159
204.5,41.978992,40.447422,41.963276,48.55719
205.0,41.997284,40.44983,41.978012,48.597797
205.5,42.01566,40.452232,41.992966,48.63906
206.0,42.0344,40.454765,42.008266,48.68132
206.5,42.053448,40.45746,42.023727,48.72396
207.0,42.072834,40.460358,42.03928,48.76674
207.5,42.092617,40.463493,42.05492,48.809612
208.0,42.112457,40.4667,42.070477,48.852177
208.5,42.132153,40.46984,42.085968,48.89455
209.0,42.15149,40.4728,42.101288,48.93646
209.5,42.17019,40.47547,42.116226,48.977287
210.0,42.18827,40.47786,42.130802,49.017097
210.5,42.2059,40.480034,42.145153,49.0563
211.0,42.22311,40.482014,42.15929,49.094902
211.5,42.239838,40.48379,42.17309,49.132538
212.0,42.25639,40.485485,42.18683,49.170006
212.5,42.27331,40.48727,42.201015,49.208813
213.0,42.290462,40.48909,42.21555,49.2487
213.5,42.307434,40.490803,42.230076,49.2886
214.0,42.324406,40.492504,42.244667,49.32869
214.5,42.34166,40.494328,42.259453,49.36929
215.0,42.359207,40.4963,42.274376,49.410217
215.5,42.376976,40.498398,42.289345,49.451168
216.0,42.395107,40.50071,42.304436,49.49235
216.5,42.41383,40.503323,42.319794,49.53418
217.0,42.433434,40.506367,42.33565,49.57729
217.5,42.454174,40.50995,42.35222,49.622326
218.0,42.475544,40.51391,42.36896,49.66765
218.5,42.496483,40.517822,42.384834,49.7103
219.0,42.516518,40.52145,42.399506,49.74941
219.5,42.535824,40.524834,42.413265,49.785862
220.0,42.55437,40.52795,42.426117,49.81971
220.5,42.571888,40.530663,42.437828,49.850334
221.0,42.588673,40.533092,42.44873,49.878704
221.5,42.605446,40.535538,42.459583,49.906883
222.0,42.622055,40.537945,42.47019,49.93435
222.5,42.637566,40.539886,42.479603,49.958584
223.0,42.651436,40.5411,42.487274,49.978233
223.5,42.663425,40.54146,42.49297,49.992825
224.0,42.674347,40.541344,42.497574,50.00459
224.5,42.685745,40.54146,42.502644,50.0175
225.0,42.697685,40.541836,42.50833,50.031918
225.5,42.70934,40.542095,42.51387,50.04588
226.0,42.72086,40.54231,42.519344,50.059612
226.5,42.732952,40.542786,42.525303,50.0746
227.0,42.74522,40.543354,42.531265,50.089615
227.5,42.75634,40.543385,42.535927,50.101395
228.0,42.766235,40.54284,42.539257,50.10991
228.5,42.775772,40.542137,42.542084,50.11723
229.0,42.785126,40.541363,42.544704,50.124012
229.5,42.79419,40.540462,42.54715,50.130295
230.0,42.803017,40.539467,42.549553,50.136353
230.5,42.811737,40.538437,42.552067,50.142574
231.0,42.82046,40.53742,42.554836,50.149323
231.5,42.829323,40.536465,42.55803,50.15702
232.0,42.83839,40.535606,42.56172,50.16591
232.5,42.84773,40.534866,42.56598,50.176167
233.0,42.856945,40.534077,42.570286,50.186485
233.5,42.864975,40.53277,42.573517,50.193985
234.0,42.871918,40.531887,42.575817,50.199024
234.5,42.878853,40.531006,42.578278,50.204403
235.0,42.886303,40.52991,42.581364,50.21138
235.5,42.89433,40.528618,42.585094,50.22002
236.0,42.90279,40.527508,42.58937,50.23005
236.5,42.911503,40.52651,42.594074,50.241184
237.0,42.920258,40.525524,42.59905,50.25299
237.5,42.928852,40.524464,42.604126,50.265034
238.0,42.93722,40.523315,42.609104,50.276756
238.5,42.94509,40.52208,42.613552,50.28705
239.0,42.952515,40.52103,42.617382,50.295723
239.5,42.959724,40.52005,42.620728,50.303173
240.0,42.966835,40.519104,42.623756,50.309837
240.5,42.974094,40.518085,42.626797,50.31656
241.0,42.981216,40.51713,42.629642,50.322796
241.5,42.987526,40.516525,42.63172,50.327015
242.0,42.99268,40.516426,42.632755,50.32853
242.5,42.99662,40.51686,42.632713,50.32727
243.0,42.99957,40.517757,42.631714,50.323635
243.5,43.00174,40.519047,42.631485,50.317986
244.0,43.003716,40.52043,42.63148,50.31181
244.5,43.00654,40.52142,42.630596,50.30777
245.0,43.01083,40.521755,42.630993,50.307743
245.5,43.01692,40.521343,42.633404,50.31295
246.0,43.024677,40.52024,42.637627,50.322926
246.5,43.033447,40.51919,42.642887,50.33562
247.0,43.042458,40.518276,42.64836,50.348835
247.5,43.050842,40.51712,42.6532,50.360275
248.0,43.058025,40.51619,42.656857,50.36854
248.5,43.063683,40.515907,42.659042,50.37291
249.0,43.0684,40.51602,42.660416,50.37508
249.5,43.073387,40.516014,42.662205,50.37828
250.0,43.079147,40.51569,42.664917,50.383884
250.5,43.085705,40.51504,42.668552,50.39196
251.0,43.09309,40.514065,42.673073,50.402397
251.5,43.101215,40.512817,42.678318,50.414783
252.0,43.109608,40.511696,42.683758,50.42767
252.5,43.117428,40.51052,42.688553,50.438805
253.0,43.1248,40.509514,42.692787,50.44843
253.5,43.132523,40.508343,42.697178,50.458492
254.0,43.14065,40.50716,42.701767,50.46909
254.5,43.148766,40.50598,42.706158,50.47918
255.0,43.156605,40.504726,42.710125,50.488174
255.5,43.164032,40.503647,42.713566,50.495804
256.0,43.17096,40.502773,42.716522,50.50216
256.5,43.1775,40.502064,42.719254,50.507862
257.0,43.18378,40.50147,42.721878,50.513233
257.5,43.189793,40.500984,42.72438,50.518227
258.0,43.19595,40.500443,42.727055,50.52367
258.5,43.202816,40.499603,42.73034,50.530754
259.0,43.21019,40.49855,42.733986,50.538815
259.5,43.217335,40.49759,42.73726,50.545937
260.0,43.22399,40.496838,42.739964,50.551582
260.5,43.23033,40.49622,42.742294,50.55627
261.0,43.23626,40.495773,42.744312,50.560112
261.5,43.241695,40.49554,42.746086,50.56324
262.0,43.246925,40.495403,42.7479,50.566376
262.5,43.252327,40.4952,42.750046,50.57036
263.0,43.257866,40.494953,42.752457,50.575
263.5,43.263184,40.494804,42.754776,50.579357
264.0,43.26836,40.494724,42.757156,50.58383
264.5,43.27385,40.49455,42.76013,50.58988
265.0,43.279854,40.494194,42.763885,50.59802
265.5,43.286297,40.493687,42.76829,50.607933
266.0,43.29325,40.492992,42.77335,50.619633
266.5,43.3008,40.492077,42.779076,50.63318
267.0,43.30867,40.49106,42.785275,50.648052
267.5,43.316563,40.490067,42.791767,50.663757
268.0,43.324516,40.48907,42.79845,50.67999
268.5,43.332405,40.4881,42.80503,50.695896
269.0,43.340515,40.48702,42.811646,50.711857
269.5,43.349403,40.486126,42.818718,50.72906
270.0,43.359177,40.48562,42.82633,50.747746
270.5,43.369736,40.48546,42.834393,50.767666
271.0,43.381096,40.48564,42.842968,50.788982
271.5,43.393425,40.48624,42.852253,50.812263
272.0,43.406586,40.487213,42.86206,50.836956
272.5,43.42002,40.488346,42.871796,50.861412
273.0,43.433136,40.489365,42.881058,50.884556
273.5,43.445683,40.490143,42.889847,50.90636
274.0,43.45776,40.49071,42.89837,50.927406
274.5,43.469604,40.491158,42.90691,50.948513
275.0,43.481335,40.49152,42.915665,50.970234
275.5,43.49303,40.491806,42.924767,50.992985
276.0,43.50456,40.491978,42.934067,51.01633
276.5,43.51558,40.49192,42.943172,51.039158
277.0,43.526237,40.491707,42.95211,51.061493
277.5,43.536823,40.491463,42.96103,51.083767
278.0,43.54753,40.491253,42.97016,51.106663
278.5,43.558666,40.49116,42.979885,51.13132
279.0,43.57024,40.491173,42.990257,51.157932
279.5,43.58208,40.491222,43.00113,51.186085
280.0,43.594143,40.491318,43.012367,51.215355
280.5,43.606262,40.49143,43.023712,51.244938
281.0,43.6183,40.491524,43.03497,51.27421
281.5,43.63013,40.49157,43.045975,51.30269
282.0,43.641888,40.49159,43.056953,51.331093
282.5,43.65408,40.491703,43.068504,51.36125
283.0,43.66725,40.4921,43.081047,51.394417
283.5,43.681614,40.492886,43.094635,51.43066
284.0,43.696877,40.49401,43.108925,51.468933
284.5,43.712578,40.49534,43.12347,51.507866
285.0,43.728737,40.496895,43.138264,51.5474
285.5,43.74561,40.498768,43.153503,51.588146
286.0,43.76336,40.501015,43.169334,51.630527
286.5,43.78205,40.503654,43.18582,51.67474
287.0,43.801266,40.506493,43.20273,51.720173
287.5,43.821014,40.50937,43.22032,51.76786
288.0,43.841114,40.512215,43.238453,51.817352
288.5,43.860878,40.514946,43.25636,51.86614
289.0,43.879745,40.51738,43.27354,51.912712
289.5,43.89743,40.519405,43.28979,51.95647
290.0,43.914406,40.521214,43.305424,51.998318
290.5,43.931187,40.52302,43.320744,52.0391
291.0,43.948093,40.52494,43.336044,52.079697
291.5,43.96554,40.527065,43.351757,52.121483
292.0,43.983574,40.529377,43.368004,52.16486
292.5,44.002064,40.531796,43.384735,52.209747
293.0,44.02067,40.534218,43.401653,52.255207
293.5,44.038918,40.536507,43.418324,52.299934
294.0,44.056404,40.53853,43.434387,52.34282
294.5,44.07273,40.540157,43.449482,52.38278
295.0,44.08739,40.54119,43.46321,52.418674
295.5,44.09997,40.541492,43.47528,52.44967
296.0,44.110527,40.541065,43.48574,52.47592
296.5,44.11928,40.54027,43.494762,52.498
297.0,44.126877,40.539886,43.502815,52.51723
297.5,44.133987,40.539665,43.510387,52.535015
298.0,44.14082,40.53952,43.517563,52.55161
298.5,44.147213,40.539516,43.524147,52.56644
299.0,44.152626,40.539856,43.52972,52.578346
299.5,44.156506,40.540756,43.533886,52.58624
300.0,44.15871,40.54227,43.536575,52.589935
300.5,44.159336,40.54438,43.53791,52.589817
301.0,44.159184,40.54676,43.53844,52.587425
301.5,44.159214,40.54907,43.53888,52.584797
302.0,44.15959,40.55125,43.539333,52.582222
302.5,44.160027,40.553413,43.539555,52.579044
303.0,44.16,40.555756,43.539192,52.574318
303.5,44.159054,40.558464,43.538197,52.56728
304.0,44.157238,40.5615,43.537918,52.55828
304.5,44.15491,40.56471,43.537952,52.548355
305.0,44.15282,40.56802,43.538235,52.537727
305.5,44.151176,40.57151,43.539005,52.525776
306.0,44.14931,40.57492,43.53979,52.51384
306.5,44.147633,40.577827,43.53973,52.504246
307.0,44.14687,40.580376,43.539017,52.496475
307.5,44.146107,40.582928,43.538338,52.488655
308.0,44.145256,40.58552,43.537773,52.480553
308.5,44.14455,40.58806,43.537163,52.4726
309.0,44.143505,40.590736,43.53682,52.463947
309.5,44.141556,40.59376,43.53708,52.453606
310.0,44.139515,40.597107,43.537983,52.441532
310.5,44.13813,40.600716,43.539593,52.43095
311.0,44.137596,40.60467,43.542046,52.42261
311.5,44.13803,40.609013,43.545357,52.416588
312.0,44.14001,40.61398,43.54989,52.413895
312.5,44.144215,40.619873,43.55606,52.415646
313.0,44.15049,40.62671,43.563705,52.42121
313.5,44.158455,40.634377,43.572506,52.42961
314.0,44.167767,40.642723,43.582188,52.440147
314.5,44.178097,40.65158,43.592503,52.452255
315.0,44.189037,40.660736,43.603195,52.465294
315.5,44.20019,40.66999,43.61403,52.478706
316.0,44.211597,40.679375,43.625042,52.492535
316.5,44.223507,40.689045,43.636406,52.507145
317.0,44.236046,40.699066,43.648163,52.52269
317.5,44.249252,40.70942,43.660267,52.53914
318.0,44.263268,40.720165,43.67276,52.556644
318.5,44.278248,40.731384,43.685715,52.575405
319.0,44.293613,40.7428,43.698864,52.59467
319.5,44.308624,40.75403,43.711823,52.613457
320.0,44.323627,40.765236,43.724762,52.632217
320.5,44.339325,40.776802,43.73805,52.651894
321.0,44.35541,40.78859,43.75158,52.67213
321.5,44.37128,40.800285,43.765038,52.69211
322.0,44.38707,40.811966,43.778503,52.71204
322.5,44.40319,40.82386,43.79223,52.732513
323.0,44.419327,40.835804,43.80604,52.753086
323.5,44.43488,40.847435,43.819546,52.77287
324.0,44.44997,40.85875,43.832676,52.791904
324.5,44.464935,40.869854,43.84547,52.81051
325.0,44.480247,40.880978,43.858166,52.8293
325.5,44.496433,40.8924,43.871067,52.849037
326.0,44.513557,40.904224,43.884323,52.869904
326.5,44.531605,40.91654,43.898067,52.891987
327.0,44.550472,40.929348,43.91233,52.915226
327.5,44.57003,40.942616,43.92709,52.939487
328.0,44.590157,40.956223,43.942196,52.964527
328.5,44.61063,40.969967,43.957397,52.98994
329.0,44.630913,40.98354,43.97239,53.01502
329.5,44.650448,40.99664,43.986874,53.039
330.0,44.66902,41.009132,44.000668,53.061516
330.5,44.686516,41.020966,44.01367,53.082336
331.0,44.702736,41.032047,44.025772,53.101135
331.5,44.71752,41.04234,44.0369,53.117687
332.0,44.73041,41.051693,44.04677,53.13108
332.5,44.740723,41.05999,44.05486,53.139465
333.0,44.748955,41.06746,44.061413,53.14351
333.5,44.755917,41.07444,44.06689,53.14454
334.0,44.761837,41.081024,44.071392,53.142845
334.5,44.766617,41.087173,44.074814,53.13815
335.0,44.769962,41.09275,44.07707,53.13016
335.5,44.771706,41.097668,44.07819,53.11899
336.0,44.772247,41.102074,44.078533,53.107567
336.5,44.772152,41.10619,44.07856,53.09698
337.0,44.771584,41.110092,44.078465,53.086735
337.5,44.770603,41.113804,44.078342,53.076588
338.0,44.769302,41.117363,44.078274,53.066315
338.5,44.767525,41.12073,44.07807,53.05646
339.0,44.76521,41.123707,44.07724,53.04839
339.5,44.76454,41.126045,44.07683,53.04343
340.0,44.765312,41.127827,44.077377,53.041153
340.5,44.76687,41.129307,44.07835,53.0401
341.0,44.76878,41.130657,44.079556,53.03972
341.5,44.77105,41.131886,44.081196,53.04055
342.0,44.773727,41.13296,44.083298,53.042645
342.5,44.77661,41.133965,44.085564,53.045208
343.0,44.779484,41.134968,44.087772,53.047604
343.5,44.782192,41.136032,44.089752,53.049385
344.0,44.78492,41.137074,44.091633,53.0509
344.5,44.788025,41.137943,44.093693,53.05292
345.0,44.792072,41.13841,44.09637,53.056652
345.5,44.797607,41.13824,44.1001,53.063305
346.0,44.804077,41.137688,44.10457,53.071987
346.5,44.81068,41.137093,44.109253,53.08126
347.0,44.81783,41.13629,44.114475,53.092037
347.5,44.826317,41.13535,44.12087,53.106064
348.0,44.83679,41.135216,44.128914,53.12469
348.5,44.849686,41.13608,44.13894,53.148872
349.0,44.865,41.13796,44.150932,53.178608
349.5,44.88229,41.140682,44.164474,53.212677
350.0,44.901077,41.144016,44.1793,53.25043
350.5,44.92099,41.147736,44.195263,53.291546
351.0,44.94161,41.151756,44.21183,53.334373
351.5,44.962704,41.156048,44.228638,53.37777
352.0,44.984207,41.160538,44.245735,53.42194
352.5,45.00602,41.165115,44.263195,53.467197
353.0,45.027954,41.169636,44.281013,53.51363
353.5,45.04933,41.173847,44.298615,53.559505
354.0,45.069958,41.17772,44.31571,53.603912
354.5,45.089676,41.181248,44.332012,53.645958
355.0,45.108315,41.184376,44.34735,53.685135
355.5,45.125885,41.187088,44.361748,53.72153
356.0,45.142235,41.18933,44.375057,53.754753
356.5,45.157055,41.19098,44.387,53.78402
357.0,45.1701,41.191917,44.397408,53.808903
357.5,45.18132,41.192116,44.4063,53.829487
358.0,45.191383,41.19185,44.41427,53.84746
358.5,45.20123,41.191498,44.422157,53.86518
359.0,45.2111,41.191147,44.4302,53.88335
359.5,45.220886,41.190746,44.43833,53.90178
360.0,45.230656,41.190323,44.44661,53.92064
360.5,45.24053,41.189922,44.45513,53.9402
361.0,45.25064,41.189583,44.464027,53.960873
361.5,45.26118,41.189365,44.473495,53.983234
362.0,45.272408,41.189377,44.483692,54.007732
362.5,45.284424,41.189667,44.49462,54.03436
363.0,45.29719,41.190247,44.50619,54.06283
363.5,45.310574,41.191067,44.518253,54.092693
364.0,45.324055,41.191925,44.530403,54.122795
364.5,45.337124,41.192623,44.542263,54.152046
365.0,45.349216,41.192932,44.553394,54.1792
365.5,45.35981,41.19267,44.56338,54.203053
366.0,45.369686,41.19213,44.572823,54.225307
366.5,45.380062,41.19177,44.582687,54.248787
367.0,45.391724,41.191875,44.59363,54.2754
367.5,45.40511,41.192593,44.606037,54.306293
368.0,45.42,41.1938,44.619785,54.34119
368.5,45.436,41.195335,44.634613,54.3794
369.0,45.452858,41.19713,44.65025,54.42006
369.5,45.47028,41.199123,44.66638,54.462177
370.0,45.487823,41.201176,44.68263,54.504604
370.5,45.50516,41.20315,44.69875,54.546642
371.0,45.522015,41.20498,44.714455,54.587383
371.5,45.53793,41.206524,44.729267,54.625366
372.0,45.55242,41.207592,44.742836,54.65959
372.5,45.5653,41.208084,44.755085,54.689934
373.0,45.576946,41.208126,44.766373,54.717426
373.5,45.58793,41.207928,44.777184,54.743546
374.0,45.598892,41.20773,44.788,54.769634
374.5,45.610302,41.20772,44.799088,54.796474
375.0,45.622105,41.207905,44.810345,54.823704
375.5,45.633984,41.20817,44.821438,54.85034
376.0,45.64584,41.20848,44.832317,54.876263
376.5,45.657806,41.20887,44.843174,54.902054
377.0,45.66978,41.20926,44.85407,54.927956
377.5,45.681755,41.209606,44.865147,54.954445
378.0,45.694157,41.210064,44.87673,54.98248
378.5,45.707306,41.210777,44.888996,55.0125
379.0,45.721294,41.21176,44.902042,55.044853
379.5,45.736324,41.213017,44.916145,55.080475
380.0,45.752144,41.214478,44.93107,55.118614
380.5,45.768196,41.216022,44.946228,55.15744
381.0,45.784306,41.217632,44.96136,55.196102
381.5,45.800255,41.219284,44.97615,55.233574
382.0,45.815422,41.220722,44.99014,55.26855
382.5,45.829426,41.22176,45.00311,55.300488
383.0,45.842567,41.22249,45.015392,55.330364
383.5,45.855427,41.223106,45.02752,55.3598
384.0,45.86873,41.22388,45.04004,55.390377
384.5,45.88292,41.22499,45.05324,55.42291
385.0,45.89738,41.226204,45.06666,55.456074
385.5,45.911438,41.22725,45.079845,55.488544
386.0,45.9252,41.228195,45.09278,55.520256
386.5,45.93873,41.22912,45.10532,55.550694
387.0,45.951714,41.22993,45.117058,55.578625
387.5,45.963566,41.230392,45.127335,55.60223
388.0,45.974495,41.23058,45.13627,55.621902
388.5,45.985214,41.23079,45.144474,55.639416
389.0,45.99623,41.2312,45.152584,55.65657
389.5,46.008247,41.23207,45.161472,55.675823
390.0,46.021618,41.23354,45.17143,55.698006
390.5,46.03613,41.235554,45.18213,55.722183
391.0,46.05132,41.237934,45.19308,55.74698
391.5,46.06663,41.24044,45.203735,55.770885
392.0,46.081673,41.242886,45.213737,55.79298
392.5,46.09622,41.245155,45.2229,55.812805
393.0,46.110138,41.24718,45.23114,55.830185
393.5,46.123314,41.248898,45.23839,55.844994
394.0,46.136063,41.25044,45.24512,55.85843
394.5,46.149178,41.252155,45.252247,55.872845
395.0,46.163166,41.25428,45.26018,55.889374
395.5,46.17802,41.256817,45.268814,55.907726
396.0,46.193356,41.259583,45.277897,55.927265
396.5,46.208916,41.26243,45.28737,55.947815
397.0,46.2251,41.265522,45.297672,55.970596
397.5,46.242523,41.269096,45.309437,55.997425
398.0,46.26088,41.273033,45.322304,56.02731
398.5,46.279137,41.276928,45.33519,56.057228
399.0,46.297012,41.28068,45.34767,56.085945
399.5,46.314396,41.284264,45.35951,56.112843
400.0,46.33092,41.287495,45.370373,56.137062
400.5,46.346264,41.29022,45.380047,56.158043
401.0,46.3602,41.292313,45.38845,56.175606
401.5,46.372707,41.293762,45.3957,56.190044
402.0,46.38425,41.294777,45.402218,56.202484
402.5,46.3954,41.295616,45.408497,56.21425
403.0,46.406597,41.29648,45.41492,56.226368
403.5,46.418182,41.297512,45.4218,56.23966
404.0,46.429817,41.298565,45.42874,56.253117
404.5,46.440567,41.29923,45.434845,56.264347
405.0,46.450024,41.299305,45.43985,56.272644
405.5,46.458405,41.298904,45.44409,56.278873
406.0,46.465744,41.29818,45.447716,56.28337
406.5,46.47199,41.297943,45.45075,56.286194
407.0,46.477528,41.29802,45.453487,56.28814
407.5,46.482788,41.298237,45.456215,56.290012
408.0,46.488277,41.298393,45.459393,56.293076
408.5,46.494587,41.298267,45.46359,56.29893
409.0,46.501816,41.297836,45.468967,56.308067
409.5,46.509888,41.297157,45.475502,56.320477
410.0,46.519154,41.296814,45.483334,56.336575
410.5,46.529797,41.297012,45.492416,56.356205
411.0,46.54172,41.29772,45.502636,56.379055
411.5,46.55496,41.298923,45.514072,56.405426
412.0,46.569473,41.300617,45.526638,56.435036
412.5,46.584957,41.302727,45.539963,56.46677
413.0,46.601322,41.30519,45.55403,56.500645
413.5,46.61853,41.30794,45.56891,56.53692
414.0,46.636356,41.310894,45.58439,56.575005
414.5,46.65462,41.313995,45.600304,56.61437
415.0,46.67323,41.317226,45.616512,56.65457
415.5,46.692223,41.32062,45.633022,56.69564
416.0,46.7116,41.32418,45.649834,56.73753
416.5,46.731426,41.327908,45.667015,56.78051
417.0,46.751484,41.331734,45.684376,56.823967
417.5,46.771088,41.33545,45.70126,56.865906
418.0,46.789726,41.338833,45.717247,56.90511
418.5,46.807182,41.341778,45.732204,56.941265
419.0,46.823555,41.34431,45.746265,56.97476
419.5,46.83908,41.34651,45.75965,57.00627
420.0,46.854126,41.348545,45.772602,57.036484
420.5,46.868877,41.350513,45.785175,57.065506
421.0,46.883446,41.352463,45.7974,57.09345
421.5,46.897964,41.354454,45.809383,57.12059
422.0,46.912304,41.356434,45.820965,57.146507
422.5,46.926155,41.358276,45.83183,57.17032
423.0,46.939438,41.35993,45.84197,57.19203
423.5,46.952415,41.36149,45.851696,57.212543
424.0,46.96521,41.363007,45.86107,57.232018
424.5,46.977592,41.36439,45.869785,57.24966
425.0,46.9889,41.36533,45.877365,57.264183
425.5,46.998535,41.36555,45.883404,57.274532
426.0,47.006104,41.36491,45.887653,57.280056
426.5,47.011375,41.36525,45.88998,57.280426
427.0,47.01441,41.366535,45.890434,57.275818
427.5,47.015396,41.368702,45.889164,57.26667
428.0,47.01552,41.371235,45.888657,57.25541
428.5,47.016262,41.37349,45.887775,57.24518
429.0,47.017784,41.375397,45.8867,57.23661
429.5,47.01978,41.3771,45.886166,57.229416
430.0,47.02186,41.37877,45.885937,57.22294
430.5,47.023575,41.380596,45.8857,57.21631
431.0,47.024357,41.38281,45.884995,57.208317
431.5,47.023575,41.38566,45.884083,57.19756
432.0,47.02118,41.38915,45.88417,57.183964
432.5,47.018738,41.393127,45.884968,57.16898
433.0,47.017094,41.397404,45.88616,57.15522
433.5,47.015907,41.401863,45.887627,57.142246
434.0,47.0148,41.406353,45.88909,57.129307
434.5,47.0133,41.410698,45.890175,57.11534
435.0,47.011,41.414726,45.890675,57.100426
435.5,47.008064,41.418396,45.890644,57.087017
436.0,47.0063,41.421585,45.88991,57.07559
436.5,47.006107,41.424133,45.88905,57.067074
437.0,47.007435,41.426064,45.88935,57.06176
437.5,47.010235,41.427414,45.890953,57.06001
438.0,47.013733,41.428493,45.89326,57.060196
438.5,47.016693,41.429802,45.895226,57.059425
439.0,47.01812,41.431736,45.89607,57.055557
439.5,47.017376,41.434536,45.895317,57.047264
440.0,47.01466,41.43811,45.89494,57.03483
440.5,47.01278,41.4423,45.895805,57.020332
441.0,47.012432,41.447098,45.89798,57.009403
441.5,47.013817,41.452587,45.901676,57.00262
442.0,47.01689,41.458786,45.906906,56.999874
442.5,47.021477,41.465664,45.91353,57.000668
443.0,47.027443,41.47326,45.92143,57.004433
443.5,47.034733,41.48163,45.930504,57.01074
444.0,47.043648,41.490925,45.940872,57.019882
444.5,47.054447,41.50127,45.952587,57.032097
445.0,47.066845,41.512566,45.965435,57.046803
445.5,47.080456,41.524635,45.979153,57.063324
446.0,47.094597,41.537144,45.993336,57.08065
446.5,47.10861,41.549706,46.007584,57.097828
447.0,47.122158,41.562077,46.021645,57.1144
447.5,47.135033,41.57408,46.035343,57.13003
448.0,47.147408,41.585777,46.048733,57.145
448.5,47.159595,41.597313,46.06198,57.159733
449.0,47.1714,41.60863,46.074993,57.17392
449.5,47.18255,41.61962,46.087627,57.187126
450.0,47.193268,41.63038,46.100002,57.199703
450.5,47.203896,41.641068,46.11231,57.212154
451.0,47.214878,41.6519,46.124805,57.225174
451.5,47.226585,41.66307,46.137703,57.2393
452.0,47.238613,41.674416,46.1508,57.25389
452.5,47.250385,41.685673,46.163788,57.2681
453.0,47.261845,41.696854,46.17667,57.28184
453.5,47.27315,41.708088,46.189575,57.2953
454.0,47.284107,41.7193,46.202427,57.308197
454.5,47.294426,41.730316,46.215046,57.320118
455.0,47.30412,41.74116,46.22745,57.331055
455.5,47.31335,41.75195,46.239742,57.341175
456.0,47.322594,41.76291,46.25213,57.351112
456.5,47.332237,41.774208,46.26477,57.361412
457.0,47.34208,41.785713,46.277546,57.371807
457.5,47.351814,41.797237,46.290302,57.38195
458.0,47.361706,41.808884,46.303158,57.392258
458.5,47.372124,41.82084,46.31628,57.403225
459.0,47.38313,41.833073,46.329693,57.41507
459.5,47.394638,41.84545,46.34333,57.427822
460.0,47.406765,41.85802,46.357243,57.441658
460.5,47.4197,41.870914,46.37154,57.456768
461.0,47.43299,41.88395,46.385998,57.472427
461.5,47.446133,41.896877,46.40037,57.487915
462.0,47.45927,41.909805,46.414745,57.503414
462.5,47.47274,41.92296,46.429295,57.519268
463.0,47.486504,41.936363,46.444004,57.53535
463.5,47.50045,41.949993,46.458813,57.551445
464.0,47.514812,41.963978,46.473824,57.56781
464.5,47.529835,41.978474,46.489117,57.58466
465.0,47.54524,41.99334,46.50455,57.601578
465.5,47.560673,42.00837,46.519955,57.61814
466.0,47.575737,42.02333,46.535145,57.633865
466.5,47.590137,42.038025,46.549995,57.648445
467.0,47.604134,42.05256,46.564632,57.66233
467.5,47.61803,42.067085,46.57921,57.675964
468.0,47.631584,42.081375,46.59365,57.689285
468.5,47.64439,42.095078,46.607807,57.702168
469.0,47.656746,42.10838,46.621796,57.714878
469.5,47.66919,42.121716,46.635845,57.727768
470.0,47.681843,42.1352,46.649994,57.740856
470.5,47.694664,42.148773,46.664234,57.754208
471.0,47.707687,42.162426,46.678585,57.76791
471.5,47.72093,42.17616,46.693054,57.782005
472.0,47.734283,42.189888,46.707596,57.796444
472.5,47.74759,42.20346,46.722122,57.8111
473.0,47.760483,42.216656,46.736443,57.825516
473.5,47.772575,42.229248,46.75032,57.83912
474.0,47.78337,42.24099,46.76345,57.851116
474.5,47.792393,42.251648,46.7755,57.86068
475.0,47.799335,42.26108,46.786182,57.867123
475.5,47.80389,42.269157,46.795147,57.869667
476.0,47.806686,42.27623,46.802784,57.869255
476.5,47.808834,42.282898,46.8099,57.867813
477.0,47.81013,42.289085,46.816364,57.86492
477.5,47.80971,42.294395,46.82148,57.858856
478.0,47.807846,42.29896,46.825413,57.850002
478.5,47.80543,42.303226,46.82886,57.84009
479.0,47.803135,42.307518,46.832367,57.830437
479.5,47.801445,42.312077,46.836334,57.82197
480.0,47.79993,42.31672,46.840454,57.8139
480.5,47.797756,42.321037,46.84405,57.80456
481.0,47.795162,42.325146,46.847298,57.7944
481.5,47.792957,42.32943,46.850864,57.785034
482.0,47.792282,42.334454,46.855587,57.77857
482.5,47.794174,42.340755,46.86219,57.776684
483.0,47.79868,42.34845,46.870667,57.779186
483.5,47.805508,42.357464,46.880768,57.785355
484.0,47.81436,42.367653,46.892216,57.794613
484.5,47.82494,42.378803,46.90476,57.80647
485.0,47.83662,42.39063,46.91802,57.81992
485.5,47.84887,42.402893,46.93169,57.834106
486.0,47.86149,42.41552,46.94565,57.848633
486.5,47.874416,42.42852,46.959812,57.863255
487.0,47.887802,42.441982,46.97421,57.87805
487.5,47.901775,42.455986,46.98885,57.893078
488.0,47.91592,42.47031,47.00351,57.90772
488.5,47.929802,42.484657,47.017986,57.921535
489.0,47.94338,42.498917,47.032314,57.934772
489.5,47.956684,42.51302,47.046555,57.947742
490.0,47.969696,42.526985,47.060658,57.960278
490.5,47.982346,42.540867,47.074512,57.97193
491.0,47.994503,42.55453,47.0881,57.98274
491.5,48.00607,42.56778,47.101498,57.993137
492.0,48.017216,42.58066,47.11478,58.003468
492.5,48.0282,42.59335,47.128048,58.01395
493.0,48.03938,42.606033,47.141464,58.025055
493.5,48.051064,42.618866,47.155155,58.037193
494.0,48.06305,42.631733,47.16902,58.050068
494.5,48.075058,42.64448,47.18291,58.063282
495.0,48.08729,42.65725,47.19692,58.07703
495.5,48.10003,42.670242,47.211178,58.091568
496.0,48.113174,42.683475,47.22564,58.106606
496.5,48.12656,42.69692,47.240208,58.12177
497.0,48.140015,42.710533,47.25478,58.13669
497.5,48.15341,42.72428,47.269268,58.151054
498.0,48.1668,42.73815,47.283707,58.16504
498.5,48.180275,42.752117,47.29818,58.179016
499.0,48.19402,42.76623,47.312782,58.19335
499.5,48.2082,42.78057,47.327606,58.208298
500.0,48.222874,42.795174,47.342667,58.223923
500.5,48.23806,42.810066,47.357964,58.240173
501.0,48.253433,42.825146,47.373302,58.256413
501.5,48.268658,42.84029,47.388477,58.27195
502.0,48.284016,42.855618,47.40365,58.287285
502.5,48.299892,42.871277,47.419037,58.303146
503.0,48.316563,42.88732,47.434834,58.320236
503.5,48.33419,42.90372,47.451176,58.3391
504.0,48.352875,42.920418,47.468124,58.36011
504.5,48.37264,42.937313,47.485687,58.383457
505.0,48.393528,42.95443,47.503815,58.40901
505.5,48.41553,42.971848,47.52238,58.43634
506.0,48.43831,42.989426,47.541218,58.464867
506.5,48.461468,43.006985,47.560146,58.494072
507.0,48.48493,43.024532,47.579136,58.52377
507.5,48.50875,43.042175,47.59824,58.553963
508.0,48.53288,43.059883,47.61741,58.584534
508.5,48.55717,43.077522,47.63652,58.61528
509.0,48.581783,43.09515,47.655567,58.646286
509.5,48.606915,43.112865,47.674606,58.677746
510.0,48.632385,43.130573,47.69356,58.709442
510.5,48.65793,43.148125,47.712334,58.741116
511.0,48.68363,43.165535,47.730934,58.77287
511.5,48.70966,43.18288,47.74944,58.804913
512.0,48.736237,43.20031,47.76796,58.8375
512.5,48.76357,43.218,47.786625,58.870857
513.0,48.79147,43.23591,47.805424,58.904774
513.5,48.819687,43.253967,47.824306,58.939
514.0,48.847927,43.27209,47.843243,58.973236
514.5,48.87598,43.29024,47.862232,59.007305
515.0,48.903675,43.308384,47.88128,59.041058
515.5,48.930923,43.326504,47.900402,59.074455
516.0,48.957886,43.344627,47.9196,59.107643
516.5,48.98472,43.362755,47.938835,59.140736
517.0,49.011684,43.38097,47.958138,59.173973
517.5,49.03905,43.399384,47.977573,59.207607
518.0,49.066925,43.41802,47.99714,59.241737
518.5,49.0953,43.436836,48.01679,59.276337
519.0,49.12383,43.455723,48.03648,59.31108
519.5,49.149906,43.472496,48.05522,59.343422
520.0,49.173054,43.48661,48.07274,59.37287
520.5,49.197926,43.502186,48.090954,59.404026
521.0,49.223866,43.518757,48.109646,59.436245
521.5,49.250366,43.53604,48.1287,59.469032
522.0,49.277164,43.55378,48.14799,59.502144
522.5,49.304005,43.57167,48.16732,59.535294
523.0,49.330616,43.589546,48.18659,59.568207
523.5,49.356876,43.60736,48.205803,59.600796
524.0,49.383038,43.6252,48.22504,59.633316
524.5,49.40933,43.643135,48.24433,59.665977
525.0,49.435432,43.661003,48.26357,59.698444
525.5,49.460945,43.678562,48.282574,59.730263
526.0,49.48591,43.69582,48.301334,59.76146
526.5,49.510475,43.71285,48.319912,59.792202
527.0,49.534527,43.729633,48.338306,59.822388
527.5,49.557983,43.74618,48.356567,59.851994
528.0,49.581383,43.762764,48.374905,59.881626
528.5,49.605247,43.779644,48.3935,59.911823
529.0,49.629326,43.79675,48.412315,59.94234
529.5,49.653263,43.813934,48.431286,59.97287
530.0,49.676968,43.83111,48.45033,60.00328
530.5,49.700375,43.848156,48.469326,60.033436
531.0,49.723488,43.865044,48.488213,60.063286
531.5,49.746334,43.88176,48.50696,60.09282
532.0,49.768837,43.89829,48.52558,60.121983
532.5,49.79093,43.914646,48.544113,60.150772
533.0,49.812405,43.930733,48.562508,60.178978
533.5,49.832977,43.94642,48.58058,60.20612
534.0,49.852543,43.961647,48.59818,60.23187
534.5,49.871082,43.97637,48.615265,60.256195
535.0,49.888653,43.990646,48.63187,60.279156
535.5,49.90542,44.004593,48.648106,60.30094
536.0,49.921806,44.018402,48.664177,60.322155
536.5,49.93819,44.032227,48.680256,60.34336
537.0,49.954945,44.046177,48.696507,60.36515
537.5,49.972332,44.060318,48.71302,60.38791
538.0,49.990566,44.074764,48.729824,60.411762
538.5,50.009857,44.089653,48.746986,60.436867
539.0,50.03006,44.104893,48.764404,60.462986
539.5,50.05088,44.120304,48.78191,60.48973
540.0,50.07176,44.13562,48.799305,60.516487
540.5,50.092243,44.150642,48.816456,60.542767
541.0,50.11263,44.165524,48.83348,60.568897
541.5,50.13333,44.18049,48.850544,60.59534
542.0,50.153954,44.195366,48.867523,60.621662
542.5,50.173943,44.209885,48.884186,60.647182
543.0,50.193375,44.224106,48.900597,60.672028
543.5,50.212574,44.23824,48.916973,60.696667
544.0,50.231796,44.252377,48.933376,60.721363
544.5,50.251125,44.26649,48.949703,60.74608
545.0,50.27081,44.280693,48.966045,60.771103
545.5,50.29117,44.29517,48.9826,60.796883
546.0,50.31216,44.30989,48.999317,60.823334
546.5,50.33356,44.324696,49.016018,60.850113
547.0,50.35495,44.33945,49.03264,60.8768
547.5,50.376137,44.354168,49.049267,60.903316
548.0,50.39732,44.369003,49.06607,60.929974
548.5,50.418716,44.38409,49.08315,60.95701
549.0,50.440174,44.399376,49.100487,60.984283
549.5,50.461494,44.41476,49.118023,61.01162
550.0,50.482796,44.4303,49.135807,61.03915
550.5,50.50428,44.446083,49.153904,61.067093
551.0,50.52607,44.46211,49.172234,61.095474
551.5,50.54815,44.47825,49.19062,61.124115
552.0,50.570194,44.49429,49.208866,61.152603
552.5,50.591927,44.510044,49.22682,61.180603
553.0,50.613552,44.525593,49.244545,61.20835
553.5,50.635315,44.541042,49.2621,61.236088
554.0,50.656857,44.55623,49.279343,61.26338
554.5,50.677753,44.570942,49.296062,61.28966
555.0,50.698406,44.585392,49.312466,61.31547
555.5,50.719418,44.59993,49.32889,61.341606
556.0,50.740486,44.614468,49.3453,61.36778
556.5,50.761192,44.62883,49.361565,61.393513
557.0,50.78176,44.6431,49.37772,61.419033
557.5,50.802456,44.657356,49.393818,61.44462
558.0,50.823254,44.671562,49.409817,61.47021
558.5,50.844067,44.68567,49.425663,61.49571
559.0,50.864937,44.699703,49.4414,61.52117
559.5,50.885986,44.71376,49.45712,61.54679
560.0,50.9074,44.72788,49.47283,61.572735
560.5,50.929195,44.74202,49.488457,61.59897
561.0,50.951374,44.756226,49.50407,61.62554
561.5,50.974117,44.770683,49.51992,61.65284
562.0,50.997395,44.785385,49.536022,61.68084
562.5,51.020973,44.800194,49.552204,61.709194
563.0,51.044487,44.814983,49.56839,61.737484
563.5,51.06781,44.829815,49.58468,61.76566
564.0,51.091366,44.844902,49.601276,61.794262
564.5,51.11552,44.860397,49.618305,61.823727
565.0,51.140064,44.876183,49.63564,61.85376
565.5,51.164673,44.892036,49.65306,61.883915
566.0,51.189583,44.908054,49.670635,61.91445
566.5,51.21518,44.924442,49.68855,61.94585
567.0,51.24169,44.941296,49.70686,61.978348
567.5,51.26921,44.958607,49.725536,62.012016
568.0,51.297386,44.976227,49.744465,62.046444
568.5,51.32586,44.994038,49.76355,62.081223
569.0,51.354282,45.011864,49.78267,62.115974
569.5,51.382385,45.029537,49.801685,62.150375
570.0,51.410492,45.04719,49.820686,62.184788
570.5,51.438976,45.06499,49.839806,62.219643
571.0,51.46752,45.082783,49.85891,62.254555
571.5,51.495655,45.100304,49.877766,62.288933
572.0,51.523254,45.11746,49.896282,62.322636
572.5,51.550293,45.13421,49.91441,62.35558
573.0,51.57687,45.15062,49.932205,62.38789
573.5,51.6032,45.166832,49.94981,62.41986
574.0,51.629543,45.182972,49.96734,62.45184
574.5,51.653816,45.197006,49.983875,62.481846
575.0,51.679302,45.211826,50.00084,62.51318
575.5,51.7061,45.227425,50.01833,62.546043
576.0,51.733685,45.24357,50.036186,62.579815
576.5,51.761566,45.260056,50.05427,62.613903
577.0,51.789516,45.27677,50.072514,62.648052
577.5,51.817364,45.293613,50.09085,62.682076
578.0,51.844765,45.31036,50.10909,62.71555
578.5,51.87134,45.32675,50.126995,62.74798
579.0,51.89707,45.34276,50.144543,62.779343
579.5,51.922123,45.35849,50.16185,62.80987
580.0,51.94648,45.373924,50.178886,62.83954
580.5,51.970013,45.388947,50.195515,62.868107
581.0,51.99306,45.403744,50.21193,62.896053
581.5,52.016113,45.41861,50.228447,62.92408
582.0,52.039062,45.4335,50.24501,62.952034
582.5,52.061577,45.448177,50.261395,62.979454
583.0,52.08398,45.46278,50.277702,63.00672
583.5,52.10674,45.477535,50.294155,63.03443
584.0,52.129765,45.49243,50.31074,63.0625
584.5,52.152866,45.507393,50.32742,63.090706
585.0,52.17584,45.52235,50.344128,63.118797
585.5,52.198517,45.537262,50.360836,63.146614
586.0,52.22083,45.552105,50.37754,63.174088
586.5,52.242744,45.566883,50.394268,63.201225
587.0,52.26433,45.58156,50.41093,63.228004
587.5,52.285534,45.596004,50.42736,63.254242
588.0,52.30667,45.610344,50.443657,63.280315
588.5,52.328182,45.62483,50.460052,63.30681
589.0,52.350193,45.639538,50.476646,63.3339
589.5,52.37271,45.654495,50.49346,63.361614
590.0,52.395798,45.66975,50.51055,63.390053
590.5,52.419525,45.685364,50.527985,63.419334
591.0,52.444088,45.701435,50.54585,63.44968
591.5,52.46957,45.718033,50.56416,63.48114
592.0,52.495583,45.73504,50.58284,63.513268
592.5,52.52176,45.75235,50.60184,63.545715
593.0,52.54776,45.769787,50.62104,63.578117
593.5,52.57325,45.78714,50.640274,63.6101
594.0,52.598106,45.804302,50.659435,63.641495
594.5,52.622257,45.821198,50.67845,63.672184
595.0,52.645718,45.83784,50.697334,63.7022
595.5,52.66859,45.854286,50.716156,63.731705
596.0,52.691174,45.870697,50.73505,63.76105
596.5,52.713776,45.88725,50.754147,63.790577
597.0,52.73667,45.90408,50.773525,63.820545
597.5,52.760017,45.92127,50.7932,63.851063
598.0,52.78354,45.938675,50.813084,63.88185
598.5,52.806885,45.956104,50.833065,63.91257
599.0,52.82969,45.97345,50.85289,63.942486
599.5,52.851696,45.990673,50.87236,63.970936
600.0,52.87291,46.00778,50.891464,63.997864
600.5,52.893414,46.02477,50.910217,64.023384
601.0,52.91366,46.041794,50.928837,64.04823
601.5,52.93411,46.05902,50.947548,64.073166
602.0,52.955063,46.076508,50.966507,64.098785
602.5,52.97671,46.094246,50.985825,64.12557
603.0,52.99917,46.112286,51.005554,64.153694
603.5,53.02249,46.130672,51.025707,64.18314
604.0,53.04631,46.14925,51.046104,64.21336
604.5,53.07026,46.167786,51.066578,64.24396
605.0,53.094734,46.186443,51.087234,64.27533
605.5,53.12019,46.205517,51.10818,64.30775
606.0,53.146873,46.225113,51.129406,64.34132
606.5,53.17492,46.245235,51.15087,64.37609
607.0,53.204453,46.26592,51.172554,64.41215
607.5,53.235584,46.287174,51.194454,64.44957
608.0,53.26836,46.308964,51.216553,64.48846
608.5,53.302765,46.331196,51.238834,64.52891
609.0,53.33844,46.35378,51.261253,64.57058
609.5,53.374992,46.37668,51.28379,64.613
610.0,53.412292,46.39991,51.30643,64.655975
610.5,53.450233,46.42347,51.329185,64.69936
611.0,53.488426,46.447258,51.352005,64.74279
611.5,53.52653,46.471222,51.37487,64.78588
612.0,53.564728,46.49536,51.397778,64.828835
612.5,53.603207,46.519627,51.420723,64.871994
613.0,53.641785,46.543972,51.443703,64.915184
613.5,53.680283,46.5684,51.466698,64.95817
614.0,53.71879,46.592964,51.489723,65.00098
614.5,53.757404,46.617664,51.51278,65.04372
615.0,53.796238,46.642555,51.535862,65.08643
615.5,53.83538,46.667706,51.55898,65.12911
616.0,53.874756,46.693104,51.5821,65.17164
616.5,53.914303,46.718735,51.605213,65.21395
617.0,53.95417,46.744637,51.628323,65.25613
617.5,53.994488,46.77084,51.651405,65.29824
618.0,54.034935,46.797207,51.67449,65.34022
618.5,54.075176,46.82355,51.6976,65.382034
619.0,54.114937,46.849743,51.720737,65.42362
619.5,54.154026,46.87567,51.74391,65.46495
620.0,54.19234,46.901302,51.767113,65.50592
620.5,54.229843,46.92666,51.790314,65.54643
621.0,54.266827,46.951843,51.81352,65.58665
621.5,54.30358,46.976948,51.836735,65.62673
622.0,54.34025,47.001976,51.85997,65.66688
622.5,54.37688,47.026882,51.88321,65.70719
623.0,54.41348,47.051685,51.90645,65.747635
623.5,54.450043,47.07645,51.9297,65.78813
624.0,54.48649,47.101147,51.952965,65.828606
624.5,54.522736,47.125736,51.976215,65.86899
625.0,54.5587,47.150177,51.99945,65.909256
625.5,54.59435,47.174442,52.022667,65.9494
626.0,54.629898,47.198574,52.045868,65.98962
626.5,54.665535,47.222595,52.06905,66.03007
627.0,54.70132,47.246487,52.092205,66.07087
627.5,54.73725,47.27021,52.115326,66.11206
628.0,54.7735,47.29387,52.138435,66.15372
628.5,54.81027,47.317593,52.161575,66.195946
629.0,54.84777,47.34153,52.18478,66.23883
629.5,54.88617,47.36582,52.20806,66.28234
630.0,54.925346,47.390427,52.2314,66.326355
630.5,54.965126,47.415234,52.254803,66.37089
631.0,55.00514,47.440117,52.278233,66.41562
631.5,55.045082,47.46504,52.30167,66.460205
632.0,55.085026,47.490055,52.32512,66.50464
632.5,55.12512,47.515236,52.348583,66.54898
633.0,55.16546,47.540604,52.372066,66.593315
633.5,55.206085,47.566135,52.395565,66.63773
634.0,55.246758,47.591763,52.41907,66.682045
634.5,55.287266,47.61747,52.442593,66.72601
635.0,55.32775,47.64332,52.4661,66.769646
635.5,55.36838,47.66938,52.48959,66.81305
636.0,55.40905,47.695602,52.51307,66.85616
636.5,55.449604,47.72193,52.53655,66.89895
637.0,55.48988,47.74832,52.560036,66.94131
637.5,55.529785,47.774773,52.583546,66.98313
638.0,55.569614,47.80131,52.60706,67.024704
638.5,55.60963,47.827908,52.63057,67.0664
639.0,55.64983,47.854485,52.654083,67.108345
639.5,55.69014,47.88097,52.67763,67.15067
640.0,55.730385,47.90733,52.701218,67.19321
640.5,55.77041,47.93361,52.724808,67.235634
641.0,55.81046,47.959892,52.748394,67.27807
641.5,55.8508,47.98623,52.771984,67.320755
642.0,55.891502,48.012596,52.795593,67.36386
642.5,55.93253,48.038933,52.819218,67.40744
643.0,55.97357,48.065105,52.84286,67.451385
643.5,56.01434,48.090996,52.866524,67.49555
644.0,56.054802,48.11664,52.890198,67.539795
644.5,56.094997,48.142143,52.913887,67.58398
645.0,56.134827,48.167503,52.93758,67.62798
645.5,56.174164,48.192654,52.96126,67.67174
646.0,56.213264,48.2177,52.98494,67.715385
646.5,56.252426,48.2428,53.008644,67.75904
647.0,56.291874,48.268017,53.032375,67.8029
647.5,56.331722,48.29334,53.056126,67.8471
648.0,56.37166,48.318653,53.07989,67.89144
648.5,56.41135,48.34387,53.10365,67.935646
649.0,56.450546,48.36894,53.127403,67.97949
649.5,56.489105,48.39384,53.15116,68.022835
650.0,56.527233,48.418625,53.17491,68.06587
650.5,56.56516,48.44328,53.198647,68.10884
651.0,56.603096,48.467903,53.22238,68.15188
651.5,56.641228,48.492645,53.246147,68.19499
652.0,56.679432,48.517544,53.26994,68.237976
652.5,56.717564,48.542587,53.293766,68.28066
653.0,56.755386,48.56771,53.317596,68.322845
653.5,56.79276,48.592834,53.34143,68.36451
654.0,56.829758,48.617947,53.365265,68.40574
654.5,56.866478,48.643055,53.389107,68.44664
655.0,56.903088,48.66824,53.412964,68.4873
655.5,56.939705,48.69357,53.43684,68.52774
656.0,56.97614,48.71899,53.46074,68.56786
656.5,57.012222,48.74441,53.484653,68.60759
657.0,57.048267,48.76994,53.508587,68.64713
657.5,57.08461,48.79568,53.532536,68.686676
658.0,57.121338,48.821606,53.556496,68.726364
658.5,57.158436,48.8476,53.580463,68.76637
659.0,57.195568,48.873558,53.604435,68.806496
659.5,57.232452,48.899464,53.62842,68.84644
660.0,57.2692,48.925365,53.652416,68.88624
660.5,57.30598,48.951305,53.676422,68.92603
661.0,57.34297,48.977367,53.700428,68.96585
661.5,57.380295,49.003666,53.724438,69.005646
662.0,57.417847,49.030125,53.74845,69.04541
662.5,57.455475,49.056587,53.772472,69.08527
663.0,57.492966,49.0829,53.796513,69.125275
663.5,57.53017,49.10895,53.82055,69.16538
664.0,57.567364,49.134827,53.84458,69.20579
664.5,57.60483,49.160633,53.86862,69.246635
665.0,57.64251,49.186386,53.892666,69.28781
665.5,57.680286,49.21211,53.916718,69.329185
666.0,57.718235,49.23788,53.940773,69.370674
666.5,57.756454,49.2638,53.964836,69.412224
667.0,57.79506,49.289955,53.988903,69.45383
667.5,57.83414,49.316402,54.012966,69.495445
668.0,57.87382,49.343132,54.037006,69.53721
668.5,57.914154,49.370064,54.06103,69.57935
669.0,57.954796,49.397083,54.085056,69.6217
669.5,57.995407,49.424126,54.109097,69.66399
670.0,58.035946,49.451202,54.13314,69.70612
670.5,58.07643,49.478348,54.157192,69.74808
671.0,58.11684,49.505573,54.181244,69.78981
671.5,58.15719,49.53287,54.205288,69.831314
672.0,58.197697,49.560307,54.229324,69.87273
672.5,58.238514,49.587948,54.253326,69.914055
673.0,58.279385,49.615685,54.277325,69.95526
673.5,58.32007,49.64338,54.301357,69.99638
674.0,58.360523,49.670975,54.32542,70.037476
674.5,58.40079,49.698433,54.349518,70.07867
675.0,58.4411,49.72587,54.373627,70.11995
675.5,58.481632,49.753433,54.39772,70.16125
676.0,58.52211,49.781025,54.42183,70.20245
676.5,58.562244,49.808475,54.445976,70.243576
677.0,58.602184,49.835777,54.47015,70.2848
677.5,58.642094,49.86295,54.49436,70.326294
678.0,58.681744,49.889893,54.518604,70.36794
678.5,58.720863,49.91651,54.542877,70.40961
679.0,58.759285,49.94274,54.567165,70.45119
679.5,58.796917,49.96853,54.591484,70.492645
680.0,58.833866,49.993893,54.61579,70.53403
680.5,58.87028,50.018852,54.640068,70.57541
681.0,58.906357,50.043533,54.664326,70.61684
681.5,58.942276,50.068115,54.68859,70.65826
682.0,58.977814,50.09255,54.71285,70.69946
682.5,59.01277,50.11672,54.737083,70.74037
683.0,59.047436,50.14074,54.761303,70.78116
683.5,59.082115,50.16474,54.78553,70.822014
684.0,59.116787,50.188744,54.80977,70.86285
684.5,59.151394,50.212765,54.834015,70.903595
685.0,59.1858,50.236713,54.858253,70.9442
685.5,59.21986,50.26047,54.882465,70.98464
686.0,59.2535,50.283985,54.906624,71.02489
686.5,59.286697,50.307262,54.93072,71.06489
687.0,59.319626,50.330383,54.954784,71.10477
687.5,59.35248,50.353443,54.978836,71.14462
688.0,59.3853,50.37648,55.00289,71.18449
688.5,59.418083,50.399506,55.026962,71.22434
689.0,59.450775,50.42251,55.051033,71.26416
689.5,59.483326,50.44545,55.075104,71.30389
690.0,59.51544,50.4682,55.099117,71.343315
690.5,59.546906,50.490616,55.123035,71.38233
691.0,59.578014,50.51278,55.146877,71.42118
691.5,59.609066,50.534798,55.170654,71.460075
692.0,59.64027,50.556786,55.194412,71.49913
692.5,59.671776,50.57889,55.218227,71.53845
693.0,59.703564,50.601177,55.242104,71.577934
693.5,59.73559,50.62366,55.26606,71.61753
694.0,59.76784,50.64636,55.290108,71.65721
694.5,59.80031,50.66929,55.314243,71.69693
695.0,59.83292,50.692356,55.338436,71.7367
695.5,59.86558,50.715424,55.362637,71.77655
696.0,59.89833,50.738483,55.38683,71.81648
696.5,59.931248,50.761616,55.411053,71.85656
697.0,59.964447,50.78488,55.435318,71.89682
697.5,59.998016,50.808304,55.459637,71.93733
698.0,60.032112,50.831985,55.48402,71.97817
698.5,60.06683,50.855995,55.508484,72.01933
699.0,60.101974,50.880272,55.533016,72.06065
699.5,60.137314,50.90474,55.557587,72.10196
700.0,60.172844,50.929348,55.582184,72.143326
700.5,60.208588,50.954037,55.60681,72.18485
701.0,60.24462,50.978832,55.631477,72.22659
701.5,60.280968,51.003796,55.65616,72.268456
702.0,60.317413,51.028812,55.68086,72.31037
702.5,60.353714,51.053715,55.705555,72.35228
703.0,60.389755,51.078415,55.730217,72.39417
703.5,60.42548,51.10285,55.754833,72.43602
704.0,60.460854,51.126987,55.77938,72.477806
704.5,60.495846,51.150764,55.80384,72.51955
705.0,60.53024,51.174103,55.82816,72.56102
705.5,60.56386,51.19695,55.852306,72.602036
706.0,60.596817,51.219345,55.876266,72.64263
706.5,60.629208,51.241302,55.900036,72.682884
707.0,60.660988,51.26282,55.923588,72.7227
707.5,60.692142,51.2839,55.946915,72.76205
708.0,60.723103,51.304794,55.970158,72.80128
708.5,60.754307,51.32579,55.99346,72.84076
709.0,60.785835,51.34701,56.01689,72.88053
709.5,60.8177,51.3685,56.040485,72.92056
710.0,60.850056,51.39034,56.064266,72.960976
710.5,60.883003,51.412563,56.088234,73.00182
711.0,60.916267,51.435005,56.112312,73.04291
711.5,60.94957,51.457447,56.1364,73.084045
712.0,60.983074,51.479866,56.16047,73.12542
712.5,61.01695,51.50227,56.184517,73.16722
713.0,61.05079,51.52448,56.208473,73.209114
713.5,61.08422,51.54635,56.232254,73.250725
714.0,61.11733,51.567936,56.255894,73.292114
714.5,61.150288,51.589382,56.27947,73.33341
715.0,61.183144,51.610764,56.303013,73.37463
715.5,61.21589,51.632107,56.32655,73.415764
716.0,61.248554,51.653404,56.350063,73.456825
716.5,61.281143,51.6746,56.373524,73.49785
717.0,61.313927,51.695805,56.39699,73.53909
717.5,61.347187,51.717205,56.42056,73.5808
718.0,61.381,51.738846,56.444256,73.62302
718.5,61.415367,51.760727,56.468075,73.66576
719.0,61.45029,51.78286,56.492023,73.709
719.5,61.485737,51.805252,56.516098,73.752686
720.0,61.521374,51.827812,56.540257,73.796486
720.5,61.55691,51.850426,56.56445,73.84012
721.0,61.59227,51.8731,56.588684,73.88351
721.5,61.62744,51.895874,56.61299,73.92663
722.0,61.662346,51.918716,56.63736,73.96942
722.5,61.6969,51.941544,56.66175,74.01184
723.0,61.731117,51.964333,56.686146,74.05394
723.5,61.764996,51.98703,56.71052,74.095726
724.0,61.798443,52.009583,56.73486,74.13714
724.5,61.83138,52.031963,56.759144,74.178116
725.0,61.86387,52.05418,56.78337,74.21873
725.5,61.895985,52.076233,56.80754,74.25902
726.0,61.927788,52.09818,56.83168,74.29906
726.5,61.959396,52.120144,56.85586,74.33893
727.0,61.991077,52.142227,56.880116,74.378815
727.5,62.023018,52.16447,56.904446,74.41891
728.0,62.0552,52.186806,56.928814,74.4592
728.5,62.087536,52.209137,56.953167,74.49963
729.0,62.119884,52.231415,56.977486,74.54011
729.5,62.152134,52.253605,57.001762,74.580505
730.0,62.18404,52.275597,57.02595,74.62064
730.5,62.21539,52.297245,57.049973,74.66034
731.0,62.24633,52.318573,57.07382,74.699715
731.5,62.277,52.339615,57.0975,74.73891
732.0,62.307102,52.360237,57.120926,74.77758
732.5,62.33629,52.380287,57.143982,74.81534
733.0,62.364483,52.399796,57.166695,74.85211
733.5,62.391777,52.418907,57.18921,74.88805
734.0,62.41855,52.437836,57.211678,74.92355
734.5,62.445145,52.456783,57.234215,74.95898
735.0,62.471752,52.475853,57.25688,74.99447
735.5,62.498516,52.495117,57.279713,75.03015
736.0,62.525593,52.514606,57.302696,75.066154
736.5,62.553043,52.534275,57.32578,75.10249
737.0,62.58055,52.55396,57.348877,75.13889
737.5,62.607788,52.57348,57.371883,75.17506
738.0,62.634457,52.59269,57.394707,75.210655
738.5,62.660294,52.611446,57.417236,75.24542
739.0,62.685394,52.62981,57.439518,75.27944
739.5,62.709957,52.64793,57.461678,75.312965
740.0,62.734127,52.66587,57.48375,75.34613
740.5,62.75795,52.683617,57.505684,75.37892
741.0,62.781494,52.70121,57.52751,75.41141
741.5,62.80488,52.718746,57.549328,75.44377
742.0,62.828064,52.736187,57.571095,75.475945
742.5,62.850933,52.753426,57.592697,75.50773
743.0,62.87356,52.770435,57.614063,75.53912
743.5,62.896038,52.787216,57.63517,75.57019
744.0,62.91862,52.80385,57.656075,75.60121
744.5,62.94153,52.820442,57.676853,75.63243
745.0,62.964493,52.83695,57.697506,75.663605
745.5,62.987297,52.853363,57.718067,75.694565
746.0,63.00973,52.869583,57.738476,75.72508
746.5,63.031555,52.885437,57.758545,75.75478
747.0,63.052948,52.901012,57.778316,75.78387
747.5,63.074184,52.91645,57.79793,75.812675
748.0,63.095047,52.9317,57.817387,75.84102
748.5,63.115364,52.94674,57.8367,75.86878
749.0,63.135338,52.961605,57.855873,75.89614
749.5,63.15506,52.97628,57.874825,75.923065
750.0,63.174377,52.99065,57.893402,75.9493
750.5,63.19309,53.004593,57.91147,75.974525
751.0,63.211147,53.018127,57.92906,75.99874
751.5,63.22878,53.031437,57.946438,76.022385
752.0,63.246334,53.044724,57.963814,76.045975
752.5,63.26409,53.058136,57.981335,76.06987
753.0,63.282074,53.07163,57.99893,76.09404
753.5,63.30008,53.085022,58.01635,76.11807
754.0,63.317825,53.098152,58.033394,76.14151
754.5,63.335163,53.110962,58.049995,76.164154
755.0,63.35262,53.12371,58.066444,76.18676
755.5,63.370792,53.13673,58.083134,76.21023
756.0,63.38933,53.1499,58.09996,76.234146
756.5,63.407715,53.162968,58.116676,76.257805
757.0,63.426155,53.176083,58.13343,76.28156
757.5,63.445084,53.18949,58.150543,76.30609
758.0,63.464417,53.203136,58.16791,76.33121
758.5,63.483765,53.216755,58.185215,76.35627
759.0,63.502884,53.230213,58.202286,76.3809
759.5,63.52166,53.243465,58.219086,76.404945
760.0,63.539852,53.256428,58.23555,76.428154
760.5,63.557316,53.26906,58.251648,76.45034
761.0,63.574326,53.28152,58.267612,76.472
761.5,63.59124,53.294033,58.283733,76.493744
762.0,63.607903,53.30656,58.300026,76.51544
762.5,63.62412,53.31903,58.31641,76.53687
763.0,63.640465,53.331673,58.333088,76.558716
763.5,63.657497,53.344734,58.350266,76.58162
764.0,63.675354,53.358196,58.367855,76.60562
764.5,63.693844,53.371876,58.385586,76.63031
765.0,63.71225,53.38543,58.403122,76.654724
765.5,63.729977,53.39861,58.42021,76.678116
766.0,63.74684,53.41137,58.436863,76.700325
766.5,63.76294,53.42383,58.453274,76.72164
767.0,63.77825,53.43594,58.46936,76.74197
767.5,63.792545,53.44754,58.484848,76.760796
768.0,63.8063,53.45881,58.499874,76.77867
768.5,63.82015,53.470047,58.514755,76.79647
769.0,63.834232,53.481323,58.52961,76.81443
769.5,63.848568,53.49266,58.544456,76.832596
770.0,63.862778,53.503883,58.55908,76.85038
770.5,63.876266,53.514748,58.573025,76.86657
771.0,63.88874,53.525227,58.586098,76.88038
771.5,63.900375,53.535385,58.5985,76.892334
772.0,63.912018,53.545547,58.61076,76.90396
772.5,63.924442,53.55602,58.62339,76.91673
773.0,63.937603,53.566765,58.636497,76.93091
773.5,63.951324,53.57771,58.650112,76.946465
774.0,63.96515,53.58867,58.66395,76.96259
774.5,63.97845,53.59941,58.67757,76.978035
775.0,63.991337,53.609978,58.6911,76.99311
775.5,64.00434,53.62059,58.70501,77.00904
776.0,64.017456,53.631317,58.719254,77.025566
776.5,64.030525,53.64209,58.733643,77.04223
777.0,64.04323,53.652702,58.747864,77.058395
777.5,64.05509,53.662903,58.76149,77.07314
778.0,64.06607,53.672714,58.774483,77.086235
778.5,64.07662,53.682358,58.78725,77.09866
779.0,64.087204,53.69202,58.800148,77.11138
779.5,64.0981,53.701824,58.81337,77.12486
780.0,64.10908,53.711746,58.82687,77.13879
780.5,64.11998,53.721756,58.840595,77.15286
781.0,64.130745,53.7319,58.854492,77.16682
781.5,64.14153,53.742283,58.868687,77.18093
782.0,64.15269,53.753002,58.88334,77.1957
782.5,64.16438,53.76407,58.898457,77.211395
783.0,64.17671,53.77545,58.913986,77.228134
783.5,64.189575,53.787018,58.92977,77.245735
784.0,64.20257,53.79856,58.94554,77.26351
784.5,64.2154,53.809963,58.96114,77.28098
785.0,64.22785,53.821106,58.976383,77.2978
785.5,64.239655,53.83181,58.990986,77.31337
786.0,64.2511,53.842228,59.005184,77.32823
786.5,64.2628,53.852726,59.019512,77.34354
787.0,64.27513,53.863533,59.034286,77.359924
787.5,64.28831,53.87481,59.049694,77.3777
788.0,64.30224,53.88652,59.065662,77.39673
788.5,64.31671,53.898518,59.082,77.41661
789.0,64.331665,53.910732,59.09858,77.43716
789.5,64.347046,53.923107,59.115295,77.45822
790.0,64.36268,53.935516,59.13198,77.47946
790.5,64.37833,53.94781,59.148415,77.50046
791.0,64.39412,53.960083,59.164715,77.52143
791.5,64.41047,53.972584,59.181225,77.543106
792.0,64.42776,53.98551,59.19817,77.566
792.5,64.44615,53.998955,59.21563,77.590355
793.0,64.46519,54.0127,59.23339,77.61555
793.5,64.48437,54.026485,59.251194,77.64091
794.0,64.50391,54.04042,59.26915,77.66674
794.5,64.524216,54.054726,59.287464,77.69357
795.0,64.54537,54.069454,59.3062,77.721504
795.5,64.56738,54.08461,59.325336,77.75055
796.0,64.5903,54.100204,59.344883,77.78073
796.5,64.614136,54.116207,59.364784,77.81203
797.0,64.63855,54.132492,59.384937,77.84405
797.5,64.66326,54.14894,59.405254,77.876465
798.0,64.68826,54.16559,59.425777,77.909294
798.5,64.713585,54.182487,59.446568,77.94262
799.0,64.73889,54.199455,59.467464,77.976
799.5,64.76376,54.21624,59.488213,78.008865
800.0,64.78809,54.232727,59.508675,78.041016
800.5,64.81183,54.24885,59.528763,78.072334
801.0,64.83471,54.264515,59.548397,78.10251
801.5,64.856674,54.27973,59.56761,78.131516
802.0,64.87826,54.294735,59.58662,78.16002
802.5,64.899895,54.309696,59.605568,78.188515
803.0,64.92112,54.324417,59.62426,78.21643
803.5,64.94142,54.338654,59.642418,78.24302
804.0,64.96072,54.352337,59.659946,78.26812
804.5,64.979004,54.365463,59.67679,78.29165
805.0,64.99643,54.378128,59.693085,78.313866
805.5,65.01333,54.390556,59.709137,78.33539
806.0,65.029945,54.40288,59.72513,78.35662
806.5,65.046394,54.41516,59.741116,78.37771
807.0,65.06241,54.427284,59.75698,78.3983
807.5,65.07773,54.43911,59.772556,78.418
808.0,65.092636,54.450737,59.78793,78.43713
808.5,65.10751,54.462345,59.80326,78.45621
809.0,65.122475,54.47393,59.818504,78.47526
809.5,65.13736,54.485397,59.83346,78.49389
810.0,65.15192,54.4967,59.848118,78.51181
810.5,65.16643,54.50801,59.86291,78.52994
811.0,65.181244,54.51955,59.878086,78.548775
811.5,65.196495,54.531376,59.893703,78.56846
812.0,65.21204,54.543476,59.909775,78.588875
812.5,65.2278,54.55587,59.92636,78.61
813.0,65.24338,54.56832,59.94319,78.63125
813.5,65.25823,54.580486,59.95976,78.65158
814.0,65.27259,54.59242,59.976078,78.67122
814.5,65.286896,54.60431,59.99238,78.69081
815.0,65.30115,54.61623,60.00874,78.7104
815.5,65.31543,54.628296,60.02528,78.73011
816.0,65.330246,54.640736,60.042267,78.75067
816.5,65.345985,54.653717,60.059883,78.77261
817.0,65.36268,54.66729,60.078133,78.79595
817.5,65.38031,54.681458,60.096996,78.82062
818.0,65.39874,54.696117,60.116375,78.846405
818.5,65.41778,54.711117,60.13611,78.87308
819.0,65.43742,54.726444,60.156197,78.90061
819.5,65.45778,54.74221,60.1767,78.92911
820.0,65.478836,54.75842,60.197617,78.95853
820.5,65.50055,54.775013,60.218895,78.98881
821.0,65.52283,54.791897,60.240448,79.01983
821.5,65.54551,54.808926,60.262108,79.05129
822.0,65.568375,54.82604,60.283844,79.083
822.5,65.59139,54.8433,60.305775,79.115005
823.0,65.61477,54.860844,60.327976,79.14752
823.5,65.63862,54.87873,60.35047,79.18064
824.0,65.66284,54.896866,60.373177,79.2142
824.5,65.68725,54.9151,60.39595,79.24797
825.0,65.711716,54.93334,60.418736,79.2818
825.5,65.73624,54.95158,60.441525,79.31568
826.0,65.761055,54.969925,60.464363,79.349846
826.5,65.78642,54.98848,60.487305,79.38452
827.0,65.81248,55.007248,60.510326,79.419815
827.5,65.83923,55.026184,60.533375,79.45572
828.0,65.86662,55.04521,60.55638,79.492134
828.5,65.894516,55.06423,60.5793,79.52897
829.0,65.922585,55.08317,60.6021,79.5659
829.5,65.95069,55.102104,60.624863,79.60284
830.0,65.97911,55.12121,60.647743,79.64009
830.5,66.00804,55.14061,60.670853,79.677895
831.0,66.03711,55.16014,60.694077,79.71586
831.5,66.06585,55.17956,60.717224,79.753494
832.0,66.09398,55.1987,60.740192,79.79046
832.5,66.1213,55.217464,60.7629,79.82656
833.0,66.1477,55.235756,60.78527,79.86163
833.5,66.17305,55.253475,60.807205,79.89554
834.0,66.19739,55.27061,60.828655,79.92822
834.5,66.22076,55.287193,60.849632,79.959694
835.0,66.243324,55.30337,60.870277,79.990234
835.5,66.265396,55.319386,60.890873,80.02034
836.0,66.28723,55.335373,60.911514,80.05029
836.5,66.30891,55.35134,60.932182,80.08013
837.0,66.33008,55.367096,60.952717,80.10945
837.5,66.35036,55.382393,60.972862,80.13767
838.0,66.36978,55.397285,60.992664,80.16487
838.5,66.388596,55.411987,61.01225,80.19123
839.0,66.40687,55.426514,61.03162,80.216805
839.5,66.42449,55.44073,61.05064,80.241425
840.0,66.44177,55.45471,61.069416,80.26556
840.5,66.45906,55.468567,61.088074,80.289665
841.0,66.476616,55.482475,61.106777,80.31411
841.5,66.4947,55.496628,61.125744,80.3393
842.0,66.51317,55.51103,61.14504,80.36516
842.5,66.53185,55.525692,61.16461,80.39136
843.0,66.55074,55.54061,61.1844,80.41779
843.5,66.56978,55.555702,61.20433,80.444374
844.0,66.58876,55.570847,61.224293,80.47086
844.5,66.607544,55.585945,61.24419,80.49705
845.0,66.62618,55.601006,61.264038,80.522995
845.5,66.64479,55.616093,61.283897,80.5489
846.0,66.663704,55.63129,61.3039,80.57525
846.5,66.6831,55.646603,61.324074,80.60233
847.0,66.70277,55.661964,61.344337,80.62985
847.5,66.72262,55.677372,61.364674,80.65766
848.0,66.74288,55.692924,61.385147,80.68599
848.5,66.76373,55.708675,61.405773,80.71497
849.0,66.78518,55.7246,61.4265,80.74458
849.5,66.8072,55.740665,61.44726,80.774734
850.0,66.82986,55.756863,61.46803,80.80545
850.5,66.853134,55.773132,61.488735,80.83666
851.0,66.87658,55.78926,61.509193,80.867836
851.5,66.899734,55.80505,61.5292,80.89837
852.0,66.92262,55.820553,61.54884,80.92835
852.5,66.94544,55.83595,61.568344,80.95816
853.0,66.967964,55.851215,61.587734,80.98762
853.5,66.98999,55.866306,61.607,81.01651
854.0,67.01135,55.88111,61.626007,81.044586
854.5,67.03179,55.895424,61.64447,81.07132
855.0,67.05138,55.90924,61.662334,81.09671
855.5,67.070305,55.922653,61.67967,81.120995
856.0,67.088905,55.935806,61.696613,81.14459
856.5,67.107475,55.948853,61.713326,81.16792
857.0,67.12636,55.96197,61.730034,81.1915
857.5,67.14589,55.97535,61.747,81.21593
858.0,67.16607,55.98901,61.764294,81.24128
858.5,67.18681,56.002934,61.781883,81.26743
859.0,67.20827,56.017185,61.799824,81.29457
859.5,67.230515,56.03179,61.818134,81.32279
860.0,67.253365,56.046677,61.83673,81.351814
860.5,67.276596,56.061752,61.855537,81.381386
861.0,67.30017,56.077038,61.874615,81.411514
861.5,67.324165,56.092663,61.89412,81.442375
862.0,67.34845,56.10856,61.913967,81.47376
862.5,67.37277,56.12456,61.933983,81.505325
863.0,67.39718,56.14069,61.954178,81.53709
863.5,67.4218,56.15705,61.974663,81.56928
864.0,67.446815,56.173748,61.99555,81.602135
864.5,67.47229,56.19086,62.016876,81.635704
865.0,67.49777,56.208164,62.038445,81.66942
865.5,67.52281,56.225353,62.059998,81.70274
866.0,67.547775,56.242527,62.08157,81.73603
866.5,67.57304,56.259834,62.10326,81.769684
867.0,67.59818,56.277084,62.12491,81.8032
867.5,67.6227,56.294006,62.14627,81.83594
868.0,67.64619,56.310387,62.167114,81.867325
868.5,67.668274,56.326008,62.187225,81.89684
869.0,67.68855,56.34067,62.20633,81.92385
869.5,67.70667,56.354195,62.22415,81.94772
870.0,67.72291,56.366707,62.240746,81.968704
870.5,67.7376,56.378376,62.256264,81.98725
871.0,67.75084,56.38931,62.270844,82.003494
871.5,67.76277,56.399673,62.284702,82.017746
872.0,67.773094,56.409447,62.29747,82.02887
872.5,67.781685,56.41859,62.30901,82.036514
873.0,67.78847,56.427063,62.31917,82.040306
873.5,67.79331,56.43481,62.32776,82.039764
874.0,67.79717,56.442177,62.33545,82.03682
874.5,67.80137,56.449654,62.343292,82.034386
875.0,67.80647,56.45746,62.351864,82.03397
875.5,67.81277,56.465714,62.361496,82.03644
876.0,67.82007,56.47435,62.372112,82.041504
876.5,67.827934,56.483246,62.38344,82.04827
877.0,67.836105,56.492336,62.39528,82.05613
877.5,67.84441,56.50158,62.407516,82.06465
878.0,67.85281,56.510998,62.420155,82.073715
878.5,67.86141,56.520664,62.433285,82.083496
879.0,67.87042,56.530613,62.4469,82.09417
879.5,67.87972,56.540703,62.46074,82.10541
880.0,67.88946,56.55099,62.47487,82.11739
880.5,67.89996,56.561672,62.48957,82.130745
881.0,67.910995,56.57267,62.504715,82.14502
881.5,67.92217,56.583794,62.52005,82.15959
882.0,67.93356,56.5951,62.53565,82.17459
882.5,67.94539,56.606735,62.551666,82.190315
883.0,67.95748,56.61866,62.56804,82.20649
883.5,67.9697,56.630833,62.584694,82.22284
884.0,67.98216,56.64326,62.601627,82.23955
884.5,67.994896,56.655884,62.618786,82.25666
885.0,68.00772,56.668556,62.636017,82.27395
885.5,68.020424,56.681095,62.65313,82.2911
886.0,68.033165,56.693577,62.67019,82.30834
886.5,68.04623,56.706165,62.687378,82.32609
887.0,68.0595,56.718838,62.70467,82.34415
887.5,68.07286,56.731564,62.722023,82.36233
888.0,68.08635,56.744385,62.739475,82.3807
888.5,68.10006,56.757374,62.75709,82.39936
889.0,68.11397,56.770535,62.77487,82.41827
889.5,68.12802,56.783867,62.7928,82.43731
890.0,68.142006,56.797264,62.81077,82.45619
890.5,68.155716,56.8106,62.828644,82.47463
891.0,68.16905,56.823776,62.846367,82.49254
891.5,68.1819,56.836708,62.86385,82.509766
892.0,68.19408,56.84932,62.881023,82.526054
892.5,68.20564,56.861706,62.89797,82.54143
893.0,68.217125,56.874146,62.914932,82.55657
893.5,68.22892,56.886864,62.932087,82.571945
894.0,68.24089,56.899773,62.949352,82.58737
894.5,68.252754,56.912678,62.9666,82.6026
895.0,68.264145,56.92535,62.98364,82.61717
895.5,68.27479,56.937622,63.00034,82.63078
896.0,68.28476,56.94952,63.016724,82.64353
896.5,68.29418,56.96112,63.03286,82.655594
897.0,68.30326,56.972565,63.048847,82.667145
897.5,68.31224,56.98403,63.064785,82.678345
898.0,68.32137,56.9957,63.08077,82.68938
898.5,68.3308,57.00767,63.096832,82.70034
899.0,68.34045,57.01984,63.11296,82.711296
899.5,68.3502,57.032074,63.12916,82.722435
900.0,68.36004,57.044304,63.145435,82.733864
900.5,68.36998,57.056522,63.161777,82.74565
901.0,68.380165,57.068813,63.178253,82.75794
901.5,68.3907,57.081257,63.1949,82.7708
902.0,68.40127,57.09374,63.211555,82.78363
902.5,68.411606,57.106174,63.228077,82.79592
903.0,68.42202,57.118652,63.24464,82.80829
903.5,68.432686,57.131187,63.261337,82.821236
904.0,68.44345,57.14372,63.278084,82.83447
904.5,68.45428,57.1563,63.294857,82.8477
905.0,68.46534,57.169033,63.311737,82.861206
905.5,68.47677,57.18192,63.328796,82.8753
906.0,68.48858,57.19491,63.346035,82.890144
906.5,68.50067,57.20789,63.36336,82.905655
907.0,68.51274,57.220737,63.380642,82.92134
907.5,68.52467,57.23347,63.39785,82.93693
908.0,68.53653,57.246105,63.415,82.95251
908.5,68.54827,57.2586,63.43205,82.96802
909.0,68.55994,57.270992,63.449024,82.98352
909.5,68.57173,57.283424,63.466053,82.999214
910.0,68.5839,57.296078,63.48329,83.01543
910.5,68.596664,57.309086,63.50083,83.03235
911.0,68.609856,57.322323,63.518597,83.049866
911.5,68.623184,57.335556,63.53639,83.06764
912.0,68.636314,57.348568,63.553993,83.08526
912.5,68.648994,57.3612,63.57123,83.10229
913.0,68.661316,57.373474,63.588108,83.118835
913.5,68.67342,57.38548,63.60467,83.13507
914.0,68.68516,57.39714,63.62081,83.15068
914.5,68.696266,57.408356,63.636368,83.16521
915.0,68.706764,57.419186,63.6514,83.17868
915.5,68.716934,57.429813,63.666176,83.19163
916.0,68.72742,57.440556,63.681126,83.205124
916.5,68.738815,57.451714,63.696636,83.22013
917.0,68.75141,57.46342,63.712852,83.23705
917.5,68.765274,57.475697,63.729797,83.25597
918.0,68.78029,57.48846,63.74736,83.27668
918.5,68.796165,57.501514,63.765305,83.29871
919.0,68.81216,57.514538,63.78323,83.32091
919.5,68.82767,57.52728,63.80081,83.34233
920.0,68.84292,57.539856,63.81819,83.36334
920.5,68.85824,57.552467,63.835613,83.38447
921.0,68.87325,57.564972,63.8529,83.40513
921.5,68.887505,57.577145,63.86975,83.42458
922.0,68.90137,57.589172,63.886417,83.443436
922.5,68.915474,57.60141,63.90333,83.46269
923.0,68.929955,57.61388,63.92054,83.48254
923.5,68.944595,57.626415,63.937836,83.50266
924.0,68.95908,57.638836,63.955,83.52253
924.5,68.97314,57.65102,63.971867,83.541695
925.0,68.98669,57.662987,63.98844,83.56006
925.5,68.99994,57.674896,64.00495,83.577995
926.0,69.013145,57.68687,64.02155,83.59589
926.5,69.02636,57.69893,64.03825,83.61384
927.0,69.03946,57.71103,64.055,83.63161
927.5,69.05237,57.723183,64.071815,83.64913
928.0,69.065254,57.735474,64.08878,83.666595
928.5,69.07829,57.74799,64.10597,83.684235
929.0,69.091675,57.76075,64.12341,83.702354
929.5,69.10532,57.7736,64.14096,83.7209
930.0,69.118675,57.78624,64.158295,83.73902
930.5,69.1313,57.79847,64.17518,83.75607
931.0,69.14353,57.810448,64.19178,83.77254
931.5,69.1558,57.82242,64.208374,83.78907
932.0,69.168015,57.83436,64.22495,83.805534
932.5,69.179985,57.846195,64.241425,83.82165
933.0,69.19173,57.85795,64.25782,83.83744
933.5,69.20334,57.86968,64.27419,83.853065
934.0,69.215034,57.881474,64.29065,83.86883
934.5,69.22699,57.89339,64.30725,83.88499
935.0,69.23934,57.90544,64.324005,83.90172
935.5,69.25207,57.917572,64.34085,83.91901
936.0,69.264626,57.929527,64.35747,83.936
936.5,69.2765,57.941067,64.373535,83.95183
937.0,69.28743,57.952065,64.38886,83.96604
937.5,69.29728,57.96245,64.40332,83.978325
938.0,69.30606,57.97221,64.41681,83.988556
938.5,69.313736,57.981342,64.42919,83.99646
939.0,69.321045,57.99019,64.44101,84.00336
939.5,69.32905,57.99922,64.453125,84.01142
940.0,69.33735,58.00836,64.46542,84.02006
940.5,69.345245,58.01732,64.47745,84.02796
941.0,69.352684,58.02607,64.48912,84.035
941.5,69.35977,58.034645,64.5005,84.04135
942.0,69.366875,58.043194,64.5118,84.0476
942.5,69.37427,58.05181,64.52316,84.05422
943.0,69.38192,58.0605,64.53464,84.06127
943.5,69.38985,58.069294,64.54631,84.068886
944.0,69.39782,58.0781,64.55803,84.076614
944.5,69.40541,58.086746,64.569435,84.08354
945.0,69.41241,58.09517,64.58046,84.08935
945.5,69.41893,58.103443,64.591324,84.09453
946.0,69.42497,58.111565,64.60204,84.09905
946.5,69.430374,58.119465,64.61247,84.102615
947.0,69.43507,58.127075,64.62243,84.10485
947.5,69.43879,58.13429,64.63158,84.104996
948.0,69.44178,58.14119,64.64004,84.103424
948.5,69.44461,58.148014,64.648285,84.10135
949.0,69.44801,58.15505,64.65687,84.10032
949.5,69.45268,58.16257,64.66633,84.101746
950.0,69.458405,58.170475,64.67643,84.10509
950.5,69.464455,58.17849,64.68655,84.10869
951.0,69.47069,58.18656,64.69662,84.11229
951.5,69.477425,58.19481,64.707,84.11684
952.0,69.48494,58.203358,64.71804,84.12314
952.5,69.493515,58.212376,64.730034,84.13181
953.0,69.50304,58.221836,64.742836,84.14247
953.5,69.51301,58.231483,64.755974,84.15401
954.0,69.52303,58.241188,64.76923,84.16575
954.5,69.53309,58.250977,64.78265,84.17766
955.0,69.54347,58.261005,64.79649,84.190346
955.5,69.554596,58.27148,64.81102,84.204445
956.0,69.56671,58.28246,64.826294,84.2203
956.5,69.57975,58.29383,64.842155,84.237724
957.0,69.59344,58.305504,64.85843,84.25624
957.5,69.60774,58.3175,64.87515,84.27578
958.0,69.62295,58.32993,64.892426,84.29676
958.5,69.63916,58.34279,64.91025,84.319275
959.0,69.656136,58.35601,64.92852,84.34297
959.5,69.67373,58.369576,64.9472,84.3676
960.0,69.69214,58.383595,64.96638,84.39344
960.5,69.711555,58.39816,64.98614,84.42069
961.0,69.73203,58.41328,65.006454,84.44935
961.5,69.75355,58.42891,65.02722,84.47926
962.0,69.77582,58.4449,65.0483,84.51012
962.5,69.79857,58.4611,65.069565,84.541534
963.0,69.82127,58.477272,65.09082,84.57294
963.5,69.84353,58.493233,65.11195,84.603874
964.0,69.86534,58.509003,65.13297,84.63436
964.5,69.88684,58.524685,65.15395,84.664566
965.0,69.908325,58.54041,65.17502,84.694824
965.5,69.92998,58.55625,65.196205,84.72531
966.0,69.95154,58.57211,65.21738,84.75566
966.5,69.9727,58.587814,65.23837,84.78542
967.0,69.99323,58.603264,65.25908,84.814255
967.5,70.01296,58.618378,65.279396,84.841934
968.0,70.031845,58.633114,65.299286,84.86838
968.5,70.04985,58.647423,65.31871,84.893555
969.0,70.06725,58.6614,65.33777,84.91785
969.5,70.084274,58.67512,65.35656,84.94157
970.0,70.10088,58.688633,65.37511,84.96468
970.5,70.117226,58.702076,65.39356,84.9874
971.0,70.13365,58.71557,65.41208,85.01023
971.5,70.15034,58.72914,65.43071,85.03346
972.0,70.167366,58.7428,65.449455,85.05722
972.5,70.18483,58.756577,65.46838,85.081665
973.0,70.202866,58.770477,65.48744,85.10686
973.5,70.22144,58.78444,65.506485,85.13258
974.0,70.24025,58.798294,65.52532,85.15837
974.5,70.259,58.811897,65.54374,85.183716
975.0,70.27743,58.82513,65.56158,85.208206
975.5,70.29543,58.83795,65.57874,85.23165
976.0,70.31348,58.850605,65.59552,85.2547
976.5,70.332054,58.863396,65.61228,85.27814
977.0,70.3508,58.876217,65.62899,85.301605
977.5,70.369316,58.888935,65.64558,85.32474
978.0,70.387505,58.90152,65.662056,85.34751
978.5,70.40529,58.91394,65.67843,85.36988
979.0,70.42265,58.92623,65.69482,85.39198
979.5,70.43978,58.938564,65.71144,85.41417
980.0,70.45719,58.951153,65.72851,85.43707
980.5,70.475204,58.964085,65.746025,85.46095
981.0,70.49389,58.977318,65.763855,85.48572
981.5,70.51313,58.99071,65.78176,85.511055
982.0,70.53304,59.00432,65.799805,85.5371
982.5,70.55391,59.018326,65.81823,85.56436
983.0,70.57559,59.03272,65.83708,85.592735
983.5,70.597824,59.04742,65.85626,85.62192
984.0,70.620224,59.06226,65.87565,85.65141
984.5,70.64249,59.077118,65.89512,85.680855
985.0,70.664635,59.09198,65.91463,85.710236
985.5,70.68665,59.10678,65.93408,85.739456
986.0,70.70865,59.12158,65.95357,85.76867
986.5,70.73077,59.13651,65.97321,85.79813
987.0,70.75286,59.15156,65.99306,85.82773
987.5,70.77482,59.166737,66.01317,85.85746
988.0,70.79659,59.181946,66.03341,85.88715
988.5,70.81801,59.19701,66.05352,85.9164
989.0,70.83924,59.211914,66.07343,85.94531
989.5,70.86051,59.226723,66.09318,85.97409
990.0,70.88194,59.241493,66.1128,86.00291
990.5,70.903656,59.256298,66.13239,86.03195
991.0,70.92551,59.271114,66.15196,86.06108
991.5,70.94742,59.28592,66.17149,86.09025
992.0,70.969536,59.30074,66.19097,86.119545
992.5,70.99181,59.31547,66.21024,86.148796
993.0,71.013824,59.329926,66.22907,86.17737
993.5,71.03523,59.343956,66.247314,86.204834
994.0,71.05607,59.357635,66.26506,86.23125
994.5,71.0766,59.371166,66.28257,86.2571
995.0,71.097435,59.38483,66.30028,86.28348
995.5,71.11901,59.398876,66.3185,86.311066
996.0,71.14131,59.413338,66.33724,86.3398
996.5,71.16415,59.428112,66.35637,86.369385
997.0,71.18728,59.443127,66.375824,86.39953
997.5,71.21058,59.45835,66.39556,86.43006
998.0,71.23382,59.47374,66.41559,86.46077
998.5,71.2569,59.48931,66.435974,86.491646
999.0,71.279854,59.505074,66.45672,86.52271
999.5,71.302666,59.521008,66.47775,86.553894
1000.0,71.3253,59.53707,66.49904,86.58513
1000.5,71.34772,59.55322,66.52049,86.61629
1001.0,71.36962,59.569305,66.54186,86.64677
1001.5,71.390816,59.58517,66.56297,86.67624
1002.0,71.41139,59.60086,66.58387,86.704834
1002.5,71.43161,59.616516,66.60468,86.73285
1003.0,71.45179,59.632248,66.62553,86.76075
1003.5,71.472046,59.64806,66.64645,86.78876
1004.0,71.49198,59.663742,66.66721,86.816284
1004.5,71.51115,59.679043,66.6876,86.84274
1005.0,71.52922,59.6938,66.70742,86.86763
1005.5,71.54604,59.70795,66.72659,86.89074
1006.0,71.56205,59.721725,66.74536,86.91268
1006.5,71.57781,59.735455,66.76406,86.93423
1007.0,71.59382,59.749393,66.78296,86.95606
1007.5,71.61038,59.763725,66.802185,86.97857
1008.0,71.62722,59.77829,66.82161,87.00138
1008.5,71.64406,59.792877,66.84106,87.02418
1009.0,71.661026,59.807484,66.86054,87.04721
1009.5,71.678314,59.822155,66.880135,87.070786
1010.0,71.69598,59.836887,66.89985,87.09497
1010.5,71.71406,59.85169,66.91968,87.119835
1011.0,71.73272,59.86657,66.93968,87.14565
1011.5,71.75201,59.881527,66.9598,87.17237
1012.0,71.77166,59.89645,66.97989,87.199524
1012.5,71.791374,59.91123,66.99979,87.22666
1013.0,71.81077,59.92574,67.019424,87.25336
1013.5,71.82972,59.94002,67.03888,87.27954
1014.0,71.84837,59.954124,67.05817,87.30536
1014.5,71.86669,59.967964,67.07714,87.3306
1015.0,71.88458,59.981518,67.09577,87.355156
1015.5,71.90211,59.994854,67.11416,87.37917
1016.0,71.91918,60.007965,67.13227,87.40252
1016.5,71.93569,60.02081,67.15003,87.42497
1017.0,71.95177,60.033447,67.16752,87.44672
1017.5,71.96759,60.045982,67.18487,87.46809
1018.0,71.98346,60.05856,67.20227,87.489525
1018.5,71.999565,60.07129,67.21987,87.51135
1019.0,72.01579,60.084198,67.23768,87.5334
1019.5,72.032074,60.097332,67.255714,87.555565
1020.0,72.04812,60.11054,67.27381,87.577385
1020.5,72.06364,60.123634,67.29176,87.59842
1021.0,72.07877,60.136574,67.30951,87.618866
1021.5,72.09361,60.149307,67.326965,87.63879
1022.0,72.108406,60.16191,67.344246,87.65856
1022.5,72.1235,60.174572,67.3616,87.67877
1023.0,72.13877,60.18728,67.37899,87.69925
1023.5,72.15407,60.199963,67.39635,87.71971
1024.0,72.16951,60.212715,67.41377,87.7404
1024.5,72.185265,60.225636,67.431404,87.761566
1025.0,72.20084,60.238518,67.448944,87.78244
1025.5,72.21566,60.251022,67.46595,87.802
1026.0,72.23,60.263233,67.4825,87.820656
1026.5,72.2443,60.275322,67.49882,87.83908
1027.0,72.25831,60.28723,67.51481,87.856865
1027.5,72.271866,60.29892,67.530426,87.873795
1028.0,72.285416,60.310616,67.546036,87.89069
1028.5,72.29965,60.32266,67.56217,87.908844
1029.0,72.3152,60.335358,67.57921,87.929184
1029.5,72.33238,60.34888,67.597305,87.952095
1030.0,72.35083,60.363113,67.61626,87.97697
1030.5,72.37016,60.377876,67.63582,88.0032
1031.0,72.39021,60.393036,67.65584,88.03051
1031.5,72.41076,60.408436,67.676125,88.05854
1032.0,72.431404,60.423885,67.69647,88.08673
1032.5,72.45185,60.439247,67.71671,88.11464
1033.0,72.47201,60.454483,67.73679,88.142105
1033.5,72.49192,60.46961,67.756744,88.16923
1034.0,72.5122,60.484917,67.77691,88.19688
1034.5,72.533325,60.500683,67.797554,88.22571
1035.0,72.55474,60.516666,67.818436,88.25498
1035.5,72.575745,60.532505,67.83912,88.28364
1036.0,72.59596,60.548008,67.85939,88.31113
1036.5,72.6153,60.56313,67.87922,88.33731
1037.0,72.63414,60.577965,67.8987,88.36273
1037.5,72.65262,60.592484,67.9178,88.387535
1038.0,72.67033,60.6065,67.93623,88.41101
1038.5,72.68692,60.61986,67.953735,88.43251
1039.0,72.7028,60.63277,67.9706,88.45273
1039.5,72.71855,60.645557,67.98729,88.47272
1040.0,72.73374,60.658062,68.003555,88.49171
1040.5,72.747635,60.669975,68.01886,88.5083
1041.0,72.76017,60.681355,68.03325,88.52241
1041.5,72.77201,60.69253,68.04737,88.53547
1042.0,72.78364,60.703667,68.06143,88.54822
1042.5,72.79495,60.714645,68.07517,88.56024
1043.0,72.80605,60.7255,68.088554,88.57154
1043.5,72.81714,60.73631,68.10167,88.58237
1044.0,72.82809,60.74706,68.11449,88.592545
1044.5,72.838936,60.757767,68.12711,88.60231
1045.0,72.84974,60.768456,68.139496,88.611534
1045.5,72.86014,60.779,68.15122,88.61916
1046.0,72.8698,60.789288,68.16218,88.62475
1046.5,72.87884,60.799362,68.17263,88.62894
1047.0,72.88741,60.809273,68.18272,88.63211
1047.5,72.895546,60.81903,68.1924,88.63419
1048.0,72.90345,60.82871,68.201706,88.63532
1048.5,72.91116,60.83833,68.21053,88.63527
1049.0,72.91861,60.847862,68.2188,88.63379
1049.5,72.92573,60.857296,68.226524,88.63085
1050.0,72.93189,60.86641,68.2333,88.625336
1050.5,72.936516,60.875,68.238716,88.616005
1051.0,72.9398,60.88313,68.242874,88.60314
1051.5,72.94215,60.890953,68.246056,88.587494
1052.0,72.94422,60.898705,68.24873,88.57047
1052.5,72.946655,60.90659,68.2514,88.553474
1053.0,72.949585,60.914673,68.254234,88.53697
1053.5,72.95301,60.92294,68.25728,88.52114
1054.0,72.95659,60.93124,68.26048,88.50579
1054.5,72.96026,60.939575,68.263885,88.49105
1055.0,72.96449,60.94811,68.267784,88.47772
1055.5,72.969696,60.95702,68.27233,88.4663
1056.0,72.97623,60.966473,68.2777,88.457245
1056.5,72.98426,60.97654,68.28393,88.45067
1057.0,72.99344,60.98708,68.29079,88.44595
1057.5,73.00332,60.997917,68.29802,88.44232
1058.0,73.01287,61.008625,68.304985,88.43795
1058.5,73.02113,61.01884,68.31106,88.431015
1059.0,73.028244,61.028606,68.31635,88.42182
1059.5,73.03471,61.038113,68.32127,88.41158
1060.0,73.04092,61.0475,68.32615,88.40121
1060.5,73.04713,61.05687,68.33124,88.39146
1061.0,73.053024,61.06609,68.33631,88.381645
1061.5,73.05811,61.07499,68.34093,88.37056
1062.0,73.06204,61.083477,68.34477,88.357254
1062.5,73.06534,61.09174,68.34838,88.34326
1063.0,73.068596,61.099987,68.35221,88.32987
1063.5,73.07223,61.108376,68.35651,88.317764
1064.0,73.076614,61.117043,68.36141,88.3074
1064.5,73.08182,61.126007,68.36684,88.29857
1065.0,73.08767,61.13521,68.37268,88.290955
1065.5,73.094154,61.14465,68.379005,88.28472
1066.0,73.101364,61.154373,68.38585,88.28001
1066.5,73.10919,61.164326,68.39314,88.27655
1067.0,73.117355,61.174393,68.40083,88.27423
1067.5,73.126,61.18462,68.40924,88.27382
1068.0,73.135254,61.195065,68.4185,88.27568
1068.5,73.14498,61.205673,68.42846,88.27936
1069.0,73.155304,61.2165,68.439,88.284645
1069.5,73.166245,61.227554,68.45002,88.29128
1070.0,73.17795,61.238895,68.46166,88.29964
1070.5,73.19075,61.250645,68.474304,88.31071
1071.0,73.20451,61.262737,68.488,88.32455
1071.5,73.219,61.27508,68.50264,88.34081
1072.0,73.234024,61.287678,68.51811,88.359
1072.5,73.24945,61.30065,68.534256,88.378296
1073.0,73.265495,61.314056,68.551056,88.39881
1073.5,73.282196,61.32781,68.56838,88.42052
1074.0,73.29978,61.34196,68.58628,88.44371
1074.5,73.31844,61.35659,68.60478,88.468506
1075.0,73.33758,61.371445,68.62358,88.49408
1075.5,73.35659,61.386223,68.64236,88.519554
1076.0,73.37492,61.400665,68.66071,88.544014
1076.5,73.39217,61.41458,68.678314,88.56662
1077.0,73.40839,61.42795,68.69508,88.587364
1077.5,73.423615,61.440815,68.71092,88.60605
1078.0,73.43833,61.45342,68.72617,88.623436
1078.5,73.453384,61.46613,68.74154,88.64127
1079.0,73.468956,61.47903,68.75721,88.66006
1079.5,73.48497,61.492104,68.77315,88.6796
1080.0,73.50163,61.505436,68.78944,88.70018
1080.5,73.51912,61.519096,68.80613,88.72198
1081.0,73.5371,61.532944,68.82299,88.74438
1081.5,73.55513,61.54679,68.839645,88.76639
1082.0,73.57342,61.56077,68.85613,88.7881
1082.5,73.59225,61.57499,68.872635,88.81005
1083.0,73.61135,61.58933,68.88925,88.83234
1083.5,73.630775,61.603798,68.906265,88.85567
1084.0,73.65032,61.618317,68.92354,88.8796
1084.5,73.66942,61.632687,68.940544,88.90273
1085.0,73.68757,61.646717,68.95687,88.92395
1085.5,73.7044,61.66027,68.97219,88.94235
1086.0,73.71997,61.673363,68.98664,88.95832
1086.5,73.73491,61.68621,69.0008,88.97336
1087.0,73.75003,61.699135,69.015175,88.98897
1087.5,73.76601,61.712383,69.03024,89.00647
1088.0,73.78238,61.725777,69.04581,89.025246
1088.5,73.79856,61.739086,69.06149,89.04423
1089.0,73.81443,61.752277,69.077095,89.0629
1089.5,73.82988,61.76532,69.09244,89.08077
1090.0,73.84441,61.778057,69.107056,89.09665
1090.5,73.857704,61.79038,69.12067,89.10971
1091.0,73.86999,61.802357,69.13327,89.12006
1091.5,73.88144,61.814056,69.144875,89.12779
1092.0,73.892426,61.825615,69.155716,89.13357
1092.5,73.90347,61.837227,69.166214,89.13851
1093.0,73.914665,61.848915,69.17654,89.14308
1093.5,73.925995,61.86067,69.186775,89.1475
1094.0,73.93748,61.872475,69.19715,89.15229
1094.5,73.94943,61.884445,69.20807,89.15857
1095.0,73.961845,61.896576,69.2195,89.166245
1095.5,73.974266,61.9087,69.23102,89.17414
1096.0,73.98671,61.920822,69.242615,89.18225
1096.5,73.99956,61.933094,69.254585,89.19137
1097.0,74.013535,61.945797,69.26735,89.20276
1097.5,74.0292,61.95914,69.281265,89.21741
1098.0,74.04602,61.972927,69.29593,89.23419
1098.5,74.06306,61.98681,69.310555,89.25096
1099.0,74.07978,62.000595,69.32486,89.26683
1099.5,74.09612,62.01424,69.3389,89.28197
1100.0,74.11153,62.027527,69.35235,89.2954
1100.5,74.12544,62.040253,69.36475,89.3059
1101.0,74.13811,62.052536,69.37609,89.313416
1101.5,74.14992,62.064545,69.386505,89.3184
1102.0,74.16073,62.07622,69.39588,89.3205
1102.5,74.17032,62.087475,69.404045,89.31923
1103.0,74.178734,62.098312,69.4111,89.314896
1103.5,74.186295,62.108833,69.4174,89.30841
1104.0,74.193184,62.11912,69.42309,89.30021
1104.5,74.19951,62.129223,69.42826,89.29056
1105.0,74.205536,62.139225,69.43323,89.28035
1105.5,74.21174,62.14928,69.4385,89.27099
1106.0,74.218254,62.159435,69.44427,89.26302
1106.5,74.22505,62.16968,69.45057,89.256516
1107.0,74.23218,62.180035,69.4575,89.25168
1107.5,74.23977,62.19055,69.465195,89.24892
1108.0,74.248085,62.201317,69.47391,89.24882
1108.5,74.25749,62.212467,69.48395,89.25221
1109.0,74.26798,62.224,69.49508,89.258545
1109.5,74.27886,62.235664,69.50654,89.265785
1110.0,74.289635,62.247288,69.51801,89.27304
1110.5,74.30045,62.25892,69.52976,89.28096
1111.0,74.31115,62.2705,69.54178,89.28936
1111.5,74.32149,62.28196,69.5539,89.29779
1112.0,74.33157,62.293346,69.56611,89.30621
1112.5,74.34146,62.304665,69.57834,89.31455
1113.0,74.35142,62.316013,69.59067,89.32314
1113.5,74.361664,62.327457,69.603195,89.3323
1114.0,74.372116,62.338974,69.61582,89.341805
1114.5,74.3826,62.350483,69.6284,89.35125
1115.0,74.39249,62.361763,69.64047,89.359375
1115.5,74.40111,62.37258,69.65151,89.3647
1116.0,74.40792,62.38272,69.66115,89.36619
1116.5,74.412796,62.39212,69.669304,89.36361
1117.0,74.41676,62.401188,69.676735,89.35907
1117.5,74.42114,62.41044,69.684456,89.35535
1118.0,74.426544,62.4201,69.69291,89.35364
1118.5,74.43308,62.43021,69.70212,89.35409
1119.0,74.44067,62.440716,69.712,89.35647
1119.5,74.449165,62.451595,69.722466,89.36054
1120.0,74.458084,62.46264,69.73315,89.36527
1120.5,74.46684,62.473637,69.743614,89.36946
1121.0,74.47552,62.484627,69.75398,89.37338
1121.5,74.48462,62.495796,69.764755,89.37837
1122.0,74.494286,62.507187,69.77598,89.384575
1122.5,74.50423,62.5187,69.787285,89.391106
1123.0,74.51472,62.530415,69.79881,89.39836
1123.5,74.526184,62.54248,69.810844,89.40719
1124.0,74.53907,62.55506,69.82371,89.418495
1124.5,74.55387,62.56836,69.8378,89.43334
1125.0,74.57017,62.582207,69.85287,89.45097
1125.5,74.58717,62.596313,69.86832,89.46974
1126.0,74.6041,62.6104,69.88358,89.48809
1126.5,74.6204,62.624256,69.89824,89.50479
1127.0,74.6367,62.638138,69.912704,89.52101
1127.5,74.65392,62.652374,69.92769,89.53879
1128.0,74.67174,62.66683,69.9432,89.55801
1128.5,74.68964,62.681293,69.95903,89.57796
1129.0,74.707596,62.695766,69.9752,89.598724
1129.5,74.725784,62.710308,69.99186,89.62068
1130.0,74.74433,62.724995,70.008995,89.64378
1130.5,74.763145,62.739807,70.026375,89.66747
1131.0,74.78203,62.75465,70.04377,89.69124
1131.5,74.8007,62.769394,70.06087,89.71432
1132.0,74.81871,62.78391,70.0774,89.73588
1132.5,74.83588,62.79812,70.0933,89.75567
1133.0,74.85224,62.812042,70.10869,89.77398
1133.5,74.86722,62.82549,70.12305,89.7894
1134.0,74.88083,62.83846,70.136475,89.80214
1134.5,74.89358,62.851124,70.14951,89.81362
1135.0,74.9055,62.863506,70.16222,89.823975
1135.5,74.91646,62.875576,70.174385,89.83265
1136.0,74.927086,62.887554,70.18638,89.84077
1136.5,74.93811,62.899715,70.198715,89.84977
1137.0,74.9495,62.91204,70.211426,89.85969
1137.5,74.961136,62.924488,70.22441,89.87027
1138.0,74.97293,62.936996,70.23748,89.8811
1138.5,74.98445,62.949406,70.25017,89.89102
1139.0,74.99528,62.961555,70.26226,89.89936
1139.5,75.0055,62.973476,70.27403,89.90672
1140.0,75.01483,62.985058,70.28531,89.9126
1140.5,75.022675,62.996067,70.295586,89.91566
1141.0,75.02899,63.006474,70.304825,89.91582
1141.5,75.03404,63.016365,70.31326,89.91371
1142.0,75.037926,63.02578,70.32092,89.90941
1142.5,75.04048,63.03464,70.32761,89.90246
1143.0,75.041756,63.04297,70.333374,89.89302
1143.5,75.04209,63.050896,70.33858,89.88198
1144.0,75.04156,63.05844,70.343216,89.86938
1144.5,75.03997,63.065548,70.34704,89.85461
1145.0,75.037476,63.072277,70.34999,89.83755
1145.5,75.034035,63.078636,70.35189,89.81777
1146.0,75.02923,63.084454,70.35238,89.79424
1146.5,75.02266,63.08957,70.35107,89.7663
1147.0,75.014786,63.09415,70.34847,89.741905
1147.5,75.00666,63.09862,70.346054,89.71814
1148.0,74.99865,63.103134,70.343575,89.694214
1148.5,74.9905,63.107605,70.34134,89.67095
1149.0,74.98231,63.11205,70.339165,89.64786
1149.5,74.97475,63.11675,70.33675,89.62306
1150.0,74.96797,63.121784,70.33497,89.59656
1150.5,74.96143,63.126953,70.33318,89.570114
1151.0,74.95474,63.132103,70.33098,89.54486
1151.5,74.94762,63.137127,70.32865,89.521576
1152.0,74.93936,63.141735,70.32751,89.50165
1152.5,74.931725,63.14582,70.327644,89.48541
1153.0,74.925316,63.14953,70.329056,89.472946
1153.5,74.91985,63.153046,70.33162,89.46401
1154.0,74.9147,63.15657,70.33472,89.45675
1154.5,74.90968,63.160175,70.33819,89.45074
1155.0,74.90483,63.163788,70.34194,89.44559
1155.5,74.90047,63.16725,70.34616,89.441864
1156.0,74.896416,63.170536,70.350525,89.43851
1156.5,74.892334,63.17372,70.35463,89.43423
1157.0,74.88783,63.176994,70.35821,89.42829
1157.5,74.8832,63.180305,70.36162,89.42184
1158.0,74.87859,63.183594,70.364975,89.41517
1158.5,74.873764,63.186924,70.36802,89.407555
1159.0,74.868904,63.190247,70.37092,89.399445
1159.5,74.864265,63.193466,70.37393,89.39164
1160.0,74.859695,63.19669,70.37704,89.384155
1160.5,74.85497,63.20002,70.38012,89.37664
1161.0,74.85048,63.203342,70.38352,89.37013
1161.5,74.84647,63.20657,70.387505,89.3655
1162.0,74.84244,63.209946,70.39167,89.3615
1162.5,74.83833,63.21351,70.39606,89.3584
1163.0,74.834114,63.217228,70.40053,89.35562
1163.5,74.82981,63.22105,70.40501,89.35295
1164.0,74.82549,63.22497,70.40963,89.35082
1164.5,74.82077,63.229134,70.41406,89.34822
1165.0,74.81525,63.233685,70.41801,89.34425
1165.5,74.8086,63.238747,70.42121,89.3382
1166.0,74.80064,63.244385,70.42353,89.32962
1166.5,74.794,63.250603,70.42491,89.318375
1167.0,74.7886,63.2573,70.42543,89.30468
1167.5,74.7844,63.264454,70.42504,89.28832
1168.0,74.781265,63.271988,70.42381,89.26953
1168.5,74.77885,63.279778,70.42202,89.24911
1169.0,74.776405,63.287544,70.4202,89.22856
1169.5,74.77337,63.295067,70.41872,89.208954
1170.0,74.769516,63.30224,70.41772,89.19071
1170.5,74.764725,63.30901,70.41728,89.17401
1171.0,74.758896,63.315308,70.41744,89.158936
1171.5,74.75203,63.321133,70.41813,89.14526
1172.0,74.74446,63.326317,70.419716,89.13414
1172.5,74.73821,63.330902,70.42213,89.1253
1173.0,74.73304,63.33508,70.4254,89.11905
1173.5,74.72846,63.339096,70.42926,89.11458
1174.0,74.724266,63.343018,70.433495,89.11128
1174.5,74.72038,63.346855,70.43802,89.10891
1175.0,74.71686,63.35054,70.44281,89.10727
1175.5,74.713585,63.354088,70.447716,89.105965
1176.0,74.710365,63.35766,70.45271,89.104965
1176.5,74.70666,63.36146,70.45739,89.10305
1177.0,74.70274,63.365387,70.461945,89.1008
1177.5,74.69874,63.36937,70.46641,89.09828
1178.0,74.694565,63.373447,70.470764,89.095436
1178.5,74.69028,63.377625,70.4751,89.092606
1179.0,74.68604,63.381886,70.47964,89.09052
1179.5,74.68177,63.386257,70.48428,89.088875
1180.0,74.677475,63.390644,70.48891,89.08715
1180.5,74.67314,63.39499,70.49337,89.08487
1181.0,74.66835,63.399403,70.49722,89.08064
1181.5,74.66323,63.40384,70.50055,89.07474
1182.0,74.65748,63.408394,70.502975,89.06606
1182.5,74.65023,63.413418,70.50366,89.05232
1183.0,74.64346,63.418953,70.50264,89.03368
1183.5,74.6374,63.4247,70.50066,89.01233
1184.0,74.63194,63.43062,70.49877,88.98851
1184.5,74.62764,63.43695,70.49829,88.96325
1185.0,74.62491,63.443893,70.499466,88.94247
1185.5,74.623665,63.45142,70.50216,88.92573
1186.0,74.62367,63.45943,70.50621,88.91251
1186.5,74.62486,63.46792,70.51161,88.90273
1187.0,74.627014,63.4768,70.5182,88.89586
1187.5,74.62984,63.485954,70.52574,88.891205
1188.0,74.63354,63.4955,70.53437,88.889084
1188.5,74.63857,63.505657,70.54441,88.8902
1189.0,74.64511,63.516514,70.5558,88.894485
1189.5,74.65291,63.527977,70.56822,88.90128
1190.0,74.66136,63.539738,70.5811,88.909294
1190.5,74.669685,63.551407,70.59371,88.91686
1191.0,74.67733,63.56274,70.60555,88.92279
1191.5,74.68394,63.573586,70.6163,88.92625
1192.0,74.689606,63.58401,70.62614,88.92756
1192.5,74.69486,63.59424,70.635605,88.92801
1193.0,74.70022,63.604504,70.645256,88.92887
1193.5,74.706276,63.615097,70.65567,88.93148
1194.0,74.71312,63.626053,70.666794,88.93579
1194.5,74.72037,63.63719,70.6782,88.94085
1195.0,74.72757,63.648296,70.68932,88.94546
1195.5,74.73399,63.659054,70.69941,88.94773
1196.0,74.73934,63.66935,70.70842,88.94739
1196.5,74.74432,63.67948,70.71719,88.94645
1197.0,74.74951,63.6897,70.7263,88.94627
1197.5,74.755165,63.700134,70.736015,88.94746
1198.0,74.76152,63.7109,70.74654,88.950455
1198.5,74.768745,63.722084,70.757996,88.955536
1199.0,74.77677,63.733692,70.77042,88.962585
1199.5,74.78564,63.745754,70.7838,88.97157
1200.0,74.79511,63.75816,70.79786,88.98191
1200.5,74.804565,63.77056,70.81198,88.99235
1201.0,74.813705,63.78281,70.82591,89.00233
1201.5,74.82258,63.79493,70.83971,89.01194
1202.0,74.83135,63.807022,70.85363,89.02164
1202.5,74.84047,63.819336,70.86805,89.032135
1203.0,74.85017,63.83202,70.88309,89.04368
1203.5,74.86041,63.845085,70.89864,89.05605
1204.0,74.8708,63.858288,70.91447,89.06869
1204.5,74.88081,63.87131,70.93023,89.08098
1205.0,74.88988,63.883804,70.94553,89.09208
1205.5,74.89738,63.895428,70.9599,89.10094
1206.0,74.90307,63.90608,70.97308,89.10698
1206.5,74.90699,63.915802,70.98507,89.110176
1207.0,74.90898,63.924534,70.99564,89.11004
1207.5,74.90857,63.93208,71.00434,89.10544
1208.0,74.90498,63.938095,71.01038,89.09452
1208.5,74.89754,63.942272,71.013,89.07531
1209.0,74.891525,63.94557,71.0139,89.052025
1209.5,74.88397,63.949745,71.0163,89.032486
1210.0,74.87925,63.955276,71.020905,89.018486
1210.5,74.87678,63.961895,71.02707,89.008575
1211.0,74.87623,63.969444,71.03442,89.00188
1211.5,74.87744,63.977848,71.042694,88.9979
1212.0,74.88072,63.987225,71.052124,88.9972
1212.5,74.88656,63.997787,71.06308,89.0007
1213.0,74.89444,64.0093,71.07533,89.00764
1213.5,74.90383,64.02155,71.088615,89.0172
1214.0,74.91471,64.034515,71.10287,89.02924
1214.5,74.92687,64.04809,71.117905,89.04336
1215.0,74.939545,64.06193,71.1333,89.05836
1215.5,74.95222,64.0758,71.1488,89.07347
1216.0,74.96515,64.08982,71.16456,89.089096
1216.5,74.97866,64.10416,71.18075,89.10571
1217.0,74.99284,64.118866,71.19744,89.12344
1217.5,75.007774,64.134,71.21469,89.14238
1218.0,75.02356,64.14962,71.23251,89.162636
1218.5,75.04025,64.16574,71.250916,89.18426
1219.0,75.05787,64.18233,71.26984,89.20723
1219.5,75.07633,64.19929,71.289154,89.23146
1220.0,75.095726,64.21665,71.3089,89.257065
1220.5,75.116196,64.2345,71.32917,89.28423
1221.0,75.13757,64.25281,71.34992,89.31269
1221.5,75.1597,64.27157,71.37111,89.34212
1222.0,75.18211,64.29062,71.39252,89.371826
1222.5,75.20453,64.30981,71.41401,89.40139
1223.0,75.22715,64.32916,71.43564,89.431175
1223.5,75.250046,64.34867,71.45743,89.461365
1224.0,75.273,64.36824,71.47926,89.49158
1224.5,75.29587,64.3879,71.50109,89.52146
1225.0,75.318436,64.407616,71.52279,89.55053
1225.5,75.3405,64.42736,71.5442,89.57821
1226.0,75.36188,64.44696,71.56522,89.60432
1226.5,75.382454,64.46621,71.5859,89.62926
1227.0,75.40211,64.48496,71.60619,89.65304
1227.5,75.42082,64.50322,71.626076,89.675606
1228.0,75.438675,64.52101,71.64559,89.69707
1228.5,75.45577,64.5384,71.664764,89.71749
1229.0,75.47204,64.55529,71.68358,89.73695
1229.5,75.487366,64.57159,71.70201,89.75549
1230.0,75.501854,64.587364,71.72008,89.77316
1230.5,75.515656,64.602745,71.73784,89.789986
1231.0,75.528595,64.61767,71.75522,89.80567
1231.5,75.5406,64.63207,71.77217,89.820114
1232.0,75.55191,64.64606,71.78882,89.83377
1232.5,75.5626,64.65963,71.80515,89.84682
1233.0,75.5724,64.672646,71.82096,89.8588
1233.5,75.58095,64.68492,71.83594,89.86902
1234.0,75.58769,64.69619,71.84963,89.87636
1234.5,75.5921,64.70622,71.861534,89.87961
1235.0,75.59468,64.71533,71.87196,89.8795
1235.5,75.596405,64.72401,71.8817,89.87788
1236.0,75.59716,64.73221,71.890686,89.87453
1236.5,75.59631,64.73963,71.89837,89.868095
1237.0,75.59386,64.7463,71.904686,89.85842
1237.5,75.59013,64.75238,71.90987,89.84609
1238.0,75.58575,64.75817,71.91436,89.832184
1238.5,75.581184,64.7639,71.9185,89.81759
1239.0,75.57617,64.76943,71.92208,89.80172
1239.5,75.57008,64.7745,71.92457,89.78325
1240.0,75.5628,64.77886,71.925735,89.76153
1240.5,75.55689,64.782585,71.925766,89.73696
1241.0,75.55136,64.78615,71.92542,89.71151
1241.5,75.54523,64.79003,71.92547,89.68714
1242.0,75.53808,64.794395,71.9263,89.664825
1242.5,75.53178,64.799385,71.92822,89.645294
1243.0,75.52698,64.80507,71.9314,89.628914
1243.5,75.5237,64.811455,71.93586,89.61575
1244.0,75.52154,64.818344,71.94131,89.60503
1244.5,75.519905,64.825455,71.947296,89.59559
1245.0,75.51789,64.832375,71.953094,89.58563
1245.5,75.51458,64.838684,71.95791,89.57322
1246.0,75.51024,64.84451,71.961876,89.5587
1246.5,75.50554,64.850174,71.96552,89.543434
1247.0,75.50053,64.85569,71.96888,89.52747
1247.5,75.494965,64.860954,71.97174,89.51033
1248.0,75.48869,64.8659,71.973915,89.49151
1248.5,75.48141,64.870384,71.97509,89.47025
1249.0,75.476036,64.87396,71.97448,89.44539
1249.5,75.47372,64.87612,71.973434,89.42773
1250.0,75.473854,64.87714,71.9746,89.41585
1250.5,75.474915,64.8777,71.97654,89.40593
1251.0,75.47662,64.87795,71.97902,89.397415
1251.5,75.479675,64.87757,71.98275,89.39218
1252.0,75.48365,64.87672,71.9872,89.38884
1252.5,75.48681,64.87621,71.99068,89.38296
1253.0,75.488625,64.87634,71.99289,89.37377
1253.5,75.489845,64.87677,71.99465,89.36342
1254.0,75.49071,64.87738,71.996155,89.35237
1254.5,75.49083,64.87834,71.99698,89.33956
1255.0,75.49086,64.87933,71.99764,89.32636
1255.5,75.49209,64.87974,71.99937,89.31592
1256.0,75.49395,64.87979,72.00141,89.30633
1256.5,75.494156,64.88056,72.00162,89.292175
1257.0,75.49223,64.88229,71.99974,89.272865
1257.5,75.48926,64.8845,71.99817,89.2511
1258.0,75.4866,64.886604,71.996155,89.23036
1258.5,75.485756,64.88795,71.99576,89.21481
1259.0,75.48681,64.88845,71.99736,89.20443
1259.5,75.488625,64.88861,71.99974,89.19599
1260.0,75.48987,64.88908,72.00172,89.18644
1260.5,75.49012,64.89003,72.00297,89.17499
1261.0,75.48942,64.89146,72.003456,89.16149
1261.5,75.48764,64.893394,72.00298,89.14554
1262.0,75.4834,64.89649,72.001045,89.12434
1262.5,75.47707,64.901474,72.00243,89.10417
1263.0,75.47484,64.90834,72.007195,89.09242
1263.5,75.47602,64.916794,72.014786,89.08764
1264.0,75.479065,64.92612,72.02405,89.08685
1264.5,75.48233,64.935524,72.03366,89.0869
1265.0,75.48536,64.9448,72.04319,89.08674
1265.5,75.48827,64.95401,72.05265,89.08647
1266.0,75.48877,64.960976,72.061295,89.08431
1266.5,75.48974,64.96805,72.07043,89.083374
1267.0,75.49229,64.97621,72.08044,89.08459
1267.5,75.49586,64.985115,72.09098,89.08711
1268.0,75.50018,64.994545,72.10194,89.09064
1268.5,75.50526,65.004456,72.113335,89.095245
1269.0,75.51148,65.015015,72.12549,89.1017
1269.5,75.519165,65.026375,72.13864,89.110535
1270.0,75.52737,65.03804,72.15222,89.12028
1270.5,75.53478,65.04934,72.16531,89.12878
1271.0,75.54039,65.05975,72.17708,89.134026
1271.5,75.543175,65.068825,72.186584,89.13381
1272.0,75.54272,65.07638,72.19341,89.127075
1272.5,75.53903,65.08242,72.19755,89.11369
1273.0,75.53181,65.0868,72.19868,89.09281
1273.5,75.52836,65.089325,72.196465,89.07305
1274.0,75.527916,65.090454,72.19692,89.06013
1274.5,75.52865,65.09102,72.19841,89.04979
1275.0,75.52909,65.09176,72.19965,89.03876
1275.5,75.52812,65.0932,72.19976,89.024734
1276.0,75.524956,65.095726,72.19816,89.006256
1276.5,75.51924,65.09947,72.197136,88.982735
1277.0,75.513275,65.10457,72.19834,88.962746
1277.5,75.51062,65.1112,72.20218,88.9495
1278.0,75.51147,65.11943,72.20872,88.94316
1278.5,75.515594,65.12918,72.21771,88.943085
1279.0,75.521774,65.13988,72.22825,88.94693
1279.5,75.5286,65.15086,72.239235,88.95203
1280.0,75.53548,65.16186,72.25024,88.95722
1280.5,75.54234,65.17284,72.26125,88.96249
1281.0,75.54966,65.18401,72.272644,88.96867
1281.5,75.55786,65.19562,72.28478,88.97664
1282.0,75.566216,65.2073,72.29713,88.98503
1282.5,75.5735,65.21847,72.3087,88.9915
1283.0,75.57918,65.22888,72.31897,88.994774
1283.5,75.582985,65.23846,72.32768,88.99421
1284.0,75.58481,65.24713,72.334724,88.98947
1284.5,75.58476,65.25497,72.34017,88.98074
1285.0,75.5836,65.262314,72.344604,88.96948
1285.5,75.582115,65.26951,72.348656,88.95737
1286.0,75.580666,65.27672,72.35272,88.945335
1286.5,75.57952,65.28405,72.35711,88.93412
1287.0,75.578354,65.29135,72.36165,88.92325
1287.5,75.57671,65.298416,72.36599,88.9118
1288.0,75.57418,65.30505,72.36978,88.89885
1288.5,75.57043,65.31112,72.372665,88.88357
1289.0,75.56606,65.3169,72.37508,88.867065
1289.5,75.56189,65.32277,72.377686,88.851074
1290.0,75.557556,65.328545,72.38019,88.83483
1290.5,75.5523,65.33389,72.381905,88.81659
1291.0,75.54638,65.338936,72.38294,88.79669
1291.5,75.540276,65.34392,72.38371,88.77616
1292.0,75.5339,65.34876,72.38423,88.75502
1292.5,75.52715,65.353424,72.38449,88.73322
1293.0,75.51999,65.35774,72.38416,88.70991
1293.5,75.5141,65.36148,72.382675,88.68743
1294.0,75.508514,65.365105,72.38082,88.66591
1294.5,75.501564,65.36936,72.380035,88.64162
1295.0,75.49648,65.37479,72.381355,88.62275
1295.5,75.49484,65.38177,72.385475,88.61107
1296.0,75.49685,65.390396,72.39252,88.606766
1296.5,75.502174,65.40055,72.40218,88.609024
1297.0,75.50941,65.41159,72.41346,88.6152
1297.5,75.516914,65.422745,72.42512,88.622246
1298.0,75.523224,65.43331,72.436,88.62731
1298.5,75.527054,65.442726,72.444984,88.627655
1299.0,75.52885,65.4512,72.45237,88.62401
1299.5,75.53004,65.45938,72.45934,88.61935
1300.0,75.53186,65.46785,72.46682,88.61598
1300.5,75.53496,65.47689,72.47522,88.61503
1301.0,75.53898,65.48635,72.48433,88.6159
1301.5,75.54348,65.49602,72.49378,88.61769
1302.0,75.54912,65.506195,72.50405,88.621574
1302.5,75.55665,65.517265,72.51571,88.62892
1303.0,75.564804,65.52863,72.527916,88.63755
1303.5,75.57172,65.539406,72.53919,88.643875
1304.0,75.57705,65.54945,72.54918,88.647064
1304.5,75.581345,65.55901,72.55832,88.648186
1305.0,75.58592,65.568695,72.56764,88.64982
1305.5,75.59212,65.57911,72.5782,88.65456
1306.0,75.5996,65.59013,72.58977,88.661766
1306.5,75.60749,65.60135,72.60162,88.66974
1307.0,75.61623,65.612946,72.614044,88.67919
1307.5,75.62667,65.62537,72.62771,88.69168
1308.0,75.63889,65.63868,72.64265,88.70723
1308.5,75.652534,65.65275,72.65864,88.725174
1309.0,75.66641,65.66696,72.67491,88.74366
1309.5,75.67921,65.68061,72.69048,88.76042
1310.0,75.691154,65.69382,72.70543,88.775764
1310.5,75.70325,65.70708,72.72049,88.79139
1311.0,75.71644,65.7209,72.736305,88.80885
1311.5,75.73143,65.735695,72.7533,88.82907
1312.0,75.748276,65.75152,72.771454,88.852
1312.5,75.766785,65.76825,72.790565,88.87731
1313.0,75.78669,65.78574,72.810486,88.90461
1313.5,75.80773,65.80386,72.831024,88.93347
1314.0,75.82943,65.82239,72.851944,88.96319
1314.5,75.85149,65.84119,72.8731,88.993324
1315.0,75.87405,65.86036,72.89454,89.02394
1315.5,75.89726,65.880066,72.91628,89.05504
1316.0,75.92122,65.90037,72.93833,89.0866
1316.5,75.94595,65.921265,72.9607,89.1187
1317.0,75.97153,65.94274,72.98341,89.151535
1317.5,75.998,65.96477,73.00654,89.18542
1318.0,76.025536,65.987366,73.03016,89.220634
1318.5,76.054085,66.01056,73.05422,89.25705
1319.0,76.08301,66.034004,73.078445,89.29377
1319.5,76.11193,66.05741,73.10269,89.33066
1320.0,76.141266,66.08091,73.12719,89.36842
1320.5,76.17136,66.104706,73.15207,89.407425
1321.0,76.20224,66.12891,73.17732,89.44747
1321.5,76.233765,66.15357,73.20281,89.48799
1322.0,76.26535,66.17836,73.22829,89.52831
1322.5,76.296585,66.202805,73.25367,89.56861
1323.0,76.3275,66.226875,73.27898,89.60899
1323.5,76.35822,66.250755,73.30422,89.649345
1324.0,76.38885,66.274574,73.329445,89.68961
1324.5,76.41939,66.29839,73.35462,89.72966
1325.0,76.4496,66.32207,73.37965,89.769226
1325.5,76.47925,66.34537,73.40445,89.80829
1326.0,76.50823,66.36819,73.42898,89.84674
1326.5,76.536476,66.390526,73.453186,89.88446
1327.0,76.5639,66.41239,73.477036,89.92123
1327.5,76.59058,66.43387,73.500565,89.95706
1328.0,76.61716,66.45527,73.52405,89.992775
1328.5,76.64406,66.47685,73.547676,90.0289
1329.0,76.67121,66.49864,73.57143,90.06519
1329.5,76.69847,66.52063,73.595184,90.101265
1330.0,76.72547,66.54262,73.61879,90.13668
1330.5,76.75194,66.56436,73.64217,90.171326
1331.0,76.77782,66.585815,73.665276,90.205154
1331.5,76.80316,66.607056,73.68813,90.23812
1332.0,76.82829,66.628235,73.71087,90.27064
1332.5,76.85339,66.64946,73.733574,90.302956
1333.0,76.87836,66.67069,73.75617,90.33482
1333.5,76.90306,66.69188,73.77859,90.366
1334.0,76.92747,66.71294,73.800865,90.396706
1334.5,76.951645,66.73378,73.8231,90.42745
1335.0,76.97606,66.75462,73.8455,90.45887
1335.5,77.001045,66.77569,73.868195,90.49125
1336.0,77.02657,66.797,73.89116,90.52449
1336.5,77.05262,66.818474,73.91439,90.55864
1337.0,77.07939,66.84031,73.937965,90.59382
1337.5,77.10707,66.86274,73.9619,90.62984
1338.0,77.13562,66.88572,73.986206,90.666725
1338.5,77.164894,66.90904,74.01085,90.70465
1339.0,77.19436,66.93247,74.03558,90.74281
1339.5,77.22357,66.95588,74.06017,90.78039
1340.0,77.25219,66.97911,74.08441,90.81673
1340.5,77.28011,67.00212,74.10826,90.851715
1341.0,77.30798,67.025116,74.13209,90.8866
1341.5,77.33619,67.04824,74.1561,90.92207
1342.0,77.36442,67.07137,74.18013,90.9576
1342.5,77.392494,67.09442,74.2041,90.99294
1343.0,77.42074,67.11752,74.22817,91.02859
1343.5,77.44926,67.14078,74.25237,91.064606
1344.0,77.47752,67.163994,74.2764,91.09997
1344.5,77.5052,67.18703,74.300064,91.13409
1345.0,77.5325,67.20989,74.32353,91.16757
1345.5,77.55959,67.232635,74.34693,91.200874
1346.0,77.58644,67.2552,74.37024,91.23397
1346.5,77.61303,67.2776,74.39346,91.26684
1347.0,77.639496,67.29994,74.41664,91.29957
1347.5,77.66584,67.32228,74.4397,91.33184
1348.0,77.69168,67.34439,74.4625,91.36333
1348.5,77.71676,67.36595,74.48506,91.3943
1349.0,77.740906,67.38681,74.50732,91.4247
1349.5,77.76397,67.40689,74.529175,91.45428
1350.0,77.78581,67.42615,74.55054,91.48277
1350.5,77.8065,67.44463,74.57142,91.51016
1351.0,77.82674,67.46279,74.59212,91.53722
1351.5,77.847084,67.481,74.61289,91.56443
1352.0,77.86733,67.499214,74.63364,91.59144
1352.5,77.88725,67.51725,74.65426,91.61801
1353.0,77.90683,67.535095,74.67473,91.64417
1353.5,77.92616,67.5528,74.695114,91.67005
1354.0,77.945656,67.570595,74.71557,91.69614
1354.5,77.965546,67.58864,74.7362,91.72264
1355.0,77.98557,67.606766,74.75688,91.749275
1355.5,78.00546,67.624756,74.77753,91.7759
1356.0,78.02526,67.64261,74.79813,91.80263
1356.5,78.045105,67.66036,74.81873,91.82962
1357.0,78.065475,67.67836,74.83958,91.8574
1357.5,78.086815,67.69697,74.860855,91.8862
1358.0,78.10912,67.7162,74.882545,91.915924
1358.5,78.13216,67.73589,74.90457,91.94647
1359.0,78.15526,67.7556,74.926636,91.977135
1359.5,78.177925,67.77498,74.94853,92.00751
1360.0,78.20041,67.79413,74.97033,92.037895
1360.5,78.223,67.813255,74.99219,92.0686
1361.0,78.2457,67.832375,75.01409,92.09955
1361.5,78.26834,67.851425,75.03598,92.13053
1362.0,78.29059,67.870186,75.057655,92.16109
1362.5,78.31215,67.88848,75.07895,92.19084
1363.0,78.33335,67.906456,75.099976,92.22024
1363.5,78.35457,67.92433,75.12094,92.24975
1364.0,78.37575,67.942085,75.141815,92.27926
1364.5,78.39667,67.959595,75.16244,92.30842
1365.0,78.41709,67.97674,75.182655,92.33684
1365.5,78.436874,67.99345,75.20233,92.36422
1366.0,78.45618,68.009796,75.22154,92.390755
1366.5,78.4751,68.02588,75.24037,92.41661
1367.0,78.49323,68.04154,75.25865,92.44117
1367.5,78.510284,68.05669,75.27625,92.46398
1368.0,78.525894,68.07114,75.29288,92.48435
1368.5,78.53962,68.08469,75.3081,92.501274
1369.0,78.55192,68.09756,75.32213,92.51536
1369.5,78.5634,68.11003,75.335434,92.52775
1370.0,78.57365,68.121956,75.347755,92.5377
1370.5,78.582016,68.13308,75.35862,92.54386
1371.0,78.588745,68.14349,75.368164,92.546646
1371.5,78.59439,68.153435,75.37691,92.54733
1372.0,78.59924,68.16303,75.38503,92.54642
1372.5,78.603294,68.17228,75.39249,92.54378
1373.0,78.60719,68.18146,75.399796,92.5408
1373.5,78.61202,68.191025,75.40788,92.53987
1374.0,78.618935,68.201485,75.41764,92.543236
1374.5,78.628586,68.21313,75.42951,92.55203
1375.0,78.640114,68.22563,75.44292,92.56462
1375.5,78.65229,68.238434,75.45695,92.57866
1376.0,78.663956,68.25101,75.47076,92.59202
1376.5,78.6741,68.2629,75.48356,92.60274
1377.0,78.681946,68.27377,75.49473,92.60918
1377.5,78.686874,68.28336,75.503716,92.609985
1378.0,78.68814,68.29132,75.50985,92.60337
1378.5,78.68511,68.29738,75.51231,92.58722
1379.0,78.67912,68.30212,75.51223,92.56446
1379.5,78.672554,68.30658,75.51174,92.54067
1380.0,78.66673,68.31138,75.51202,92.518906
1380.5,78.662346,68.31679,75.513664,92.500694
1381.0,78.658615,68.322464,75.516174,92.48461
1381.5,78.65454,68.32794,75.51868,92.46844
1382.0,78.65116,68.333725,75.52187,92.454025
1382.5,78.64997,68.34048,75.52693,92.44433
1383.0,78.651115,68.348274,75.534004,92.43965
1383.5,78.65427,68.35698,75.54285,92.439255
1384.0,78.65854,68.36619,75.55275,92.4414
1384.5,78.6628,68.37538,75.56279,92.44381
1385.0,78.66596,68.38404,75.57205,92.44427
1385.5,78.6672,68.391815,75.579796,92.44096
1386.0,78.667625,68.399216,75.58681,92.43592
1386.5,78.66907,68.407074,75.59458,92.43283
1387.0,78.6721,68.41567,75.60357,92.43282
1387.5,78.676674,68.42498,75.613686,92.435684
1388.0,78.68273,68.434975,75.624825,92.441185
1388.5,78.690025,68.44554,75.636795,92.44887
1389.0,78.69789,68.456375,75.649216,92.45763
1389.5,78.70575,68.46721,75.661736,92.46656
1390.0,78.712944,68.47772,75.673874,92.47445
1390.5,78.71884,68.48763,75.68506,92.479965
1391.0,78.7242,68.49728,75.695755,92.48435
1391.5,78.730095,68.50717,75.70679,92.48966
1392.0,78.73678,68.517426,75.71839,92.4964
1392.5,78.74423,68.52805,75.73058,92.504585
1393.0,78.75264,68.539116,75.74345,92.51446
1393.5,78.76216,68.55072,75.75707,92.52626
1394.0,78.77329,68.56311,75.77178,92.54076
1394.5,78.78647,68.57652,75.78784,92.55855
1395.0,78.8018,68.59108,75.805275,92.57967
1395.5,78.81926,68.60679,75.82401,92.60388
1396.0,78.83883,68.6237,75.843956,92.63094
1396.5,78.860405,68.64183,75.864975,92.660515
1397.0,78.883705,68.661026,75.88689,92.69212
1397.5,78.908424,68.68111,75.909515,92.72541
1398.0,78.934265,68.70192,75.93268,92.75991
1398.5,78.960915,68.723335,75.9562,92.79506
1399.0,78.98786,68.74508,75.97982,92.830185
1399.5,79.01477,68.76691,76.003426,92.86506
1400.0,79.04161,68.788734,76.027016,92.89982
1400.5,79.06845,68.81053,76.05064,92.93465
1401.0,79.09563,68.83251,76.074425,92.96996
1401.5,79.12336,68.85486,76.09844,93.00578
1402.0,79.151596,68.877556,76.12265,93.042015
1402.5,79.18018,68.900475,76.14701,93.0786
1403.0,79.20869,68.92336,76.171326,93.11505
1403.5,79.23687,68.945984,76.19556,93.15136
1404.0,79.265,68.96848,76.21981,93.18787
1404.5,79.293274,68.99108,76.244125,93.22452
1405.0,79.32164,69.0138,76.26845,93.26108
1405.5,79.34996,69.03655,76.292725,93.2974
1406.0,79.37789,69.05913,76.31681,93.333115
1406.5,79.405174,69.08132,76.34064,93.36813
1407.0,79.431625,69.10293,76.36416,93.40245
1407.5,79.45716,69.12384,76.38733,93.43614
1408.0,79.482254,69.14429,76.410324,93.46977
1408.5,79.50738,69.16457,76.43336,93.503845
1409.0,79.533,69.185,76.45664,93.53882
1409.5,79.55945,69.20581,76.48032,93.575005
1410.0,79.58686,69.22712,76.50446,93.61246
1410.5,79.61525,69.248985,76.52906,93.6511
1411.0,79.64446,69.27134,76.55402,93.69066
1411.5,79.674286,69.294044,76.57927,93.73095
1412.0,79.704506,69.31702,76.60469,93.771614
1412.5,79.73493,69.340225,76.63019,93.81225
1413.0,79.76535,69.36352,76.655655,93.852684
1413.5,79.7956,69.38669,76.68107,93.89298
1414.0,79.82568,69.40965,76.706436,93.93333
1414.5,79.85564,69.43241,76.73176,93.973785
1415.0,79.88552,69.45503,76.757065,94.01435
1415.5,79.915436,69.47766,76.7824,94.05499
1416.0,79.945496,69.50039,76.80781,94.095764
1416.5,79.975815,69.52327,76.833336,94.13685
1417.0,80.006714,69.54651,76.85912,94.17855
1417.5,80.038414,69.570335,76.88524,94.22089
1418.0,80.07097,69.594734,76.911705,94.264015
1418.5,80.1043,69.61955,76.93853,94.308105
1419.0,80.13794,69.644554,76.96549,94.35255
1419.5,80.17158,69.66955,76.99247,94.397026
1420.0,80.205315,69.69451,77.019516,94.441795
1420.5,80.23918,69.719444,77.04665,94.486946
1421.0,80.27303,69.74433,77.07379,94.53216
1421.5,80.30684,69.76922,77.100914,94.57726
1422.0,80.3409,69.7942,77.12817,94.62279
1422.5,80.37549,69.8193,77.15569,94.669304
1423.0,80.41091,69.8446,77.183586,94.7172
1423.5,80.447266,69.87015,77.21178,94.76633
1424.0,80.48446,69.89591,77.24017,94.816475
1424.5,80.522446,69.92184,77.26873,94.86751
1425.0,80.56135,69.94799,77.29744,94.91948
1425.5,80.60125,69.974434,77.32633,94.97243
1426.0,80.64208,70.00113,77.35537,95.02625
1426.5,80.68378,70.02799,77.38451,95.08093
1427.0,80.72641,70.05508,77.41377,95.13653
1427.5,80.76991,70.08239,77.44317,95.19295
1428.0,80.81367,70.109764,77.472595,95.249596
1428.5,80.857315,70.13708,77.50201,95.30616
1429.0,80.90116,70.164474,77.53146,95.36288
1429.5,80.94533,70.19203,77.561005,95.41986
1430.0,80.98942,70.21963,77.590576,95.47675
1430.5,81.03317,70.24712,77.62011,95.53333
1431.0,81.07674,70.27458,77.64964,95.58974
1431.5,81.12021,70.30206,77.679184,95.646034
1432.0,81.163475,70.32956,77.70875,95.702126
1432.5,81.20642,70.35704,77.738335,95.75789
1433.0,81.248726,70.3844,77.767876,95.81308
1433.5,81.29014,70.411514,77.79733,95.867516
1434.0,81.33054,70.4383,77.82665,95.9211
1434.5,81.36998,70.46472,77.85581,95.97386
1435.0,81.40889,70.490944,77.88488,96.026184
1435.5,81.44767,70.51714,77.913956,96.0784
1436.0,81.48663,70.5434,77.94306,96.13077
1436.5,81.525986,70.569756,77.972206,96.183464
1437.0,81.565956,70.596245,78.00141,96.23671
1437.5,81.606575,70.62285,78.030655,96.290535
1438.0,81.64734,70.64941,78.059875,96.3445
1438.5,81.68789,70.67583,78.08901,96.39827
1439.0,81.72805,70.70202,78.11803,96.451706
1439.5,81.76775,70.72792,78.14688,96.50473
1440.0,81.80726,70.7536,78.17559,96.55758
1440.5,81.84669,70.7791,78.20417,96.610344
1441.0,81.8859,70.80438,78.23261,96.66289
1441.5,81.92483,70.82948,78.260925,96.71513
1442.0,81.963326,70.85438,78.2891,96.76695
1442.5,82.00129,70.87899,78.317085,96.818184
1443.0,82.03875,70.90334,78.34488,96.86888
1443.5,82.07587,70.927536,78.37256,96.91923
1444.0,82.113014,70.95169,78.400215,96.969574
1444.5,82.150375,70.9758,78.42781,97.0201
1445.0,82.18794,70.999855,78.45535,97.070816
1445.5,82.22565,71.02384,78.482834,97.121635
1446.0,82.263176,71.0477,78.510216,97.17226
1446.5,82.30039,71.071465,78.53753,97.222534
1447.0,82.33717,71.09508,78.56474,97.27235
1447.5,82.37335,71.11839,78.59173,97.32149
1448.0,82.4088,71.14136,78.61845,97.36982
1448.5,82.44359,71.16402,78.64495,97.417435
1449.0,82.47806,71.18651,78.6713,97.46468
1449.5,82.512375,71.208855,78.697525,97.51167
1450.0,82.54644,71.23103,78.72357,97.55832
1450.5,82.58017,71.25302,78.74944,97.60452
1451.0,82.613304,71.27473,78.77506,97.64999
1451.5,82.64558,71.296074,78.80038,97.69445
1452.0,82.67668,71.31693,78.82529,97.73757
1452.5,82.706566,71.33728,78.84978,97.77927
1453.0,82.73594,71.35744,78.87413,97.82044
1453.5,82.76546,71.377716,78.89867,97.86192
1454.0,82.795425,71.39826,78.923485,97.90403
1454.5,82.82594,71.41908,78.94858,97.94683
1455.0,82.856995,71.44016,78.97389,97.990265
1455.5,82.88855,71.46147,78.99942,98.03429
1456.0,82.92058,71.483,79.025116,98.07885
1456.5,82.95303,71.504684,79.05096,98.12386
1457.0,82.98581,71.52653,79.07692,98.16926
1457.5,83.01897,71.54855,79.103035,98.21509
1458.0,83.052864,71.57093,79.129425,98.26171
1458.5,83.08776,71.59376,79.15615,98.30942
1459.0,83.123795,71.61708,79.18325,98.35833
1459.5,83.16095,71.640884,79.2107,98.40842
1460.0,83.198715,71.66495,79.238335,98.45915
1460.5,83.23676,71.68907,79.26603,98.510185
1461.0,83.27517,71.71324,79.293755,98.56162
1461.5,83.31403,71.73746,79.32152,98.61355
1462.0,83.35354,71.76182,79.34939,98.66618
1462.5,83.3938,71.78646,79.37747,98.719635
1463.0,83.4346,71.811386,79.40576,98.77364
1463.5,83.475815,71.8366,79.43426,98.82806
1464.0,83.5175,71.8621,79.46297,98.88296
1464.5,83.55969,71.887825,79.49183,98.938354
1465.0,83.60247,71.913765,79.52084,98.99439
1465.5,83.6459,71.939896,79.55,99.05113
1466.0,83.68996,71.966194,79.57929,99.1086
1466.5,83.734535,71.99262,79.60869,99.16666
1467.0,83.77922,72.01905,79.6381,99.22486
1467.5,83.82378,72.04541,79.667465,99.28293
1468.0,83.86833,72.07176,79.69683,99.34101
1468.5,83.91296,72.09814,79.72623,99.39916
1469.0,83.95751,72.1245,79.75561,99.45722
1469.5,84.001816,72.15076,79.784935,99.515015
1470.0,84.045555,72.17678,79.81411,99.572205
1470.5,84.088554,72.20247,79.84305,99.6286
1471.0,84.13101,72.227875,79.87177,99.68441
1471.5,84.173164,72.253075,79.900345,99.739876
1472.0,84.215256,72.278175,79.92886,99.79531
1472.5,84.25752,72.3033,79.9574,99.850945
1473.0,84.30001,72.32845,79.98597,99.90686
1473.5,84.34266,72.35362,80.01456,99.96296
1474.0,84.38514,72.37872,80.04309,100.01886
1474.5,84.42722,72.40373,80.07157,100.0743
1475.0,84.468605,72.42856,80.09993,100.12896
1475.5,84.5091,72.45313,80.12811,100.18263
1476.0,84.548965,72.47756,80.1562,100.235596
1476.5,84.58846,72.50197,80.18427,100.288155
1477.0,84.627785,72.526375,80.212364,100.34051
1477.5,84.66694,72.55067,80.24037,100.39268
1478.0,84.70587,72.57483,80.26827,100.44458
1478.5,84.74463,72.59892,80.29613,100.49631
1479.0,84.78327,72.622986,80.323975,100.54791
1479.5,84.82173,72.64697,80.351776,100.599304
1480.0,84.859566,72.670715,80.37938,100.64998
1480.5,84.89644,72.69404,80.406624,100.69951
1481.0,84.932365,72.716995,80.43356,100.74794
1481.5,84.967445,72.7397,80.46036,100.79552
1482.0,85.0015,72.7621,80.48697,100.84206
1482.5,85.03429,72.78404,80.51325,100.88724
1483.0,85.06571,72.80552,80.53918,100.93093
1483.5,85.09583,72.826645,80.56472,100.97292
1484.0,85.12461,72.84738,80.589806,101.01308
1484.5,85.15191,72.86759,80.61432,101.05116
1485.0,85.17776,72.887245,80.638214,101.08721
1485.5,85.20236,72.9064,80.6616,101.121506
1486.0,85.22631,72.92526,80.68467,101.154884
1486.5,85.249954,72.94393,80.70753,101.18783
1487.0,85.27334,72.96238,80.73014,101.22036
1487.5,85.2964,72.980545,80.752426,101.25238
1488.0,85.3193,72.998535,80.77449,101.28409
1488.5,85.342316,73.01655,80.79661,101.316
1489.0,85.36537,73.034546,80.81871,101.34797
1489.5,85.38821,73.05239,80.840614,101.37957
1490.0,85.411026,73.070175,80.86246,101.411125
1490.5,85.43417,73.08813,80.884514,101.44321
1491.0,85.45741,73.10615,80.90666,101.47544
1491.5,85.48038,73.124,80.928604,101.50723
1492.0,85.50338,73.14183,80.95052,101.53906
1492.5,85.52683,73.159874,80.97271,101.571594
1493.0,85.55065,73.178154,80.995186,101.6047
1493.5,85.574814,73.1967,81.01796,101.638306
1494.0,85.59941,73.2155,81.04102,101.67258
1494.5,85.62433,73.2344,81.06424,101.70733
1495.0,85.64925,73.25326,81.08741,101.74209
1495.5,85.673996,73.272,81.11046,101.776596
1496.0,85.69839,73.29052,81.13325,101.810524
1496.5,85.72219,73.3087,81.1556,101.84352
1497.0,85.74539,73.32651,81.17745,101.87547
1497.5,85.767876,73.34387,81.19867,101.90611
1498.0,85.78944,73.36076,81.21919,101.93515
1498.5,85.8102,73.3773,81.23921,101.96287
1499.0,85.83079,73.393745,81.25914,101.9903
1499.5,85.85173,73.41038,81.27936,102.0184
1500.0,85.87288,73.42715,81.299774,102.046906
1500.5,85.89378,73.44382,81.320076,102.07504
1501.0,85.913895,73.46015,81.3399,102.10186
1501.5,85.93289,73.47599,81.35899,102.126785
1502.0,85.95123,73.491516,81.37764,102.15057
1502.5,85.96942,73.50698,81.396194,102.1741
1503.0,85.98727,73.52233,81.4146,102.197136
1503.5,86.00461,73.537476,81.43274,102.21935
1504.0,86.021545,73.55242,81.450554,102.240814
1504.5,86.03784,73.56705,81.467766,102.2609
1505.0,86.052864,73.58112,81.48402,102.27854
1505.5,86.06656,73.594635,81.499306,102.29365
1506.0,86.079636,73.60788,81.51402,102.307365
1506.5,86.09258,73.621056,81.52843,102.32048
1507.0,86.10566,73.634254,81.54279,102.33364
1507.5,86.119354,73.64769,81.557594,102.34803
1508.0,86.13373,73.661385,81.572845,102.36368
1508.5,86.14833,73.67514,81.58816,102.37961
1509.0,86.16255,73.68875,81.603134,102.39468
1509.5,86.17614,73.70212,81.61761,102.408424
1510.0,86.18937,73.71534,81.63168,102.4212
1510.5,86.202415,73.72849,81.64542,102.43319
1511.0,86.215294,73.74159,81.65881,102.44441
1511.5,86.22798,73.754616,81.67189,102.45488
1512.0,86.240456,73.767555,81.68475,102.4648
1512.5,86.25282,73.78046,81.69763,102.47472
1513.0,86.26502,73.793274,81.71058,102.48469
1513.5,86.276924,73.805984,81.72356,102.4946
1514.0,86.28826,73.81847,81.73632,102.50376
1514.5,86.29852,73.83051,81.74838,102.51098
1515.0,86.30715,73.84192,81.7593,102.515045
1515.5,86.31387,73.852554,81.7688,102.51526
1516.0,86.31944,73.86272,81.777405,102.51308
1516.5,86.32498,73.87287,81.78601,102.510895
1517.0,86.331375,73.88337,81.79521,102.510345
1517.5,86.3388,73.89428,81.80511,102.511765
1518.0,86.3464,73.90526,81.81514,102.513565
1518.5,86.3534,73.916,81.82478,102.51427
1519.0,86.35971,73.92647,81.833824,102.51341
1519.5,86.36528,73.93664,81.842155,102.51068
1520.0,86.37023,73.94659,81.84979,102.506195
1520.5,86.37465,73.95634,81.85678,102.500046
1521.0,86.37829,73.9658,81.86295,102.491776
1521.5,86.38094,73.97487,81.86819,102.48099
1522.0,86.38286,73.98364,81.87268,102.46826
1522.5,86.38453,73.992325,81.87691,102.45484
1523.0,86.38627,74.00105,81.88104,102.44123
1523.5,86.38804,74.00982,81.88496,102.427055
1524.0,86.38972,74.018585,81.88851,102.41197
1524.5,86.39128,74.02734,81.89167,102.39587
1525.0,86.393005,74.03621,81.8947,102.37944
1525.5,86.395386,74.04536,81.898026,102.36391
1526.0,86.398544,74.05484,81.90169,102.34938
1526.5,86.40228,74.064606,81.90541,102.33508
1527.0,86.40688,74.07475,81.9094,102.3216
1527.5,86.4126,74.08534,81.91393,102.30975
1528.0,86.41866,74.096085,81.91856,102.29818
1528.5,86.42418,74.106636,81.922615,102.28503
1529.0,86.428444,74.116745,81.925674,102.26903
1529.5,86.43141,74.12636,81.92775,102.250206
1530.0,86.434,74.13585,81.92946,102.23035
1530.5,86.43685,74.145454,81.93122,102.210655
1531.0,86.44021,74.15527,81.93322,102.191635
1531.5,86.44434,74.16539,81.93567,102.17395
1532.0,86.44979,74.175995,81.93896,102.15872
1532.5,86.45701,74.18723,81.94342,102.146935
1533.0,86.466255,74.19923,81.94914,102.13882
1533.5,86.47735,74.21192,81.95597,102.13386
1534.0,86.48912,74.22487,81.963165,102.12998
1534.5,86.500755,74.237755,81.970146,102.12549
1535.0,86.51244,74.2507,81.97694,102.12042
1535.5,86.524376,74.2638,81.98361,102.11494
1536.0,86.536476,74.27702,81.99014,102.108955
1536.5,86.548515,74.290245,81.99643,102.102234
1537.0,86.559715,74.30312,82.00214,102.09387
1537.5,86.57013,74.31564,82.00746,102.08447
1538.0,86.58043,74.32811,82.01275,102.07498
1538.5,86.59141,74.340836,82.0185,102.066864
1539.0,86.603226,74.35388,82.02479,102.0603
1539.5,86.61569,74.36721,82.03143,102.05477
1540.0,86.6285,74.3807,82.03821,102.04959
1540.5,86.64121,74.39417,82.04482,102.04389
1541.0,86.65286,74.407234,82.05069,102.03606
1541.5,86.66324,74.41976,82.05574,102.02592
1542.0,86.67235,74.43188,82.05976,102.012695
1542.5,86.68029,74.44365,82.06276,101.99642
1543.0,86.68701,74.455055,82.06477,101.977196
1543.5,86.69281,74.46616,82.066124,101.95605
1544.0,86.69823,74.47713,82.06725,101.93428
1544.5,86.70346,74.48801,82.06831,101.91237
1545.0,86.70835,74.49875,82.06925,101.89018
1545.5,86.71284,74.50931,82.070114,101.86785
1546.0,86.716774,74.519615,82.0708,101.84515
1546.5,86.72005,74.52964,82.07123,101.82177
1547.0,86.72275,74.53943,82.07137,101.797615
1547.5,86.72499,74.54904,82.07121,101.772606
1548.0,86.72751,74.55876,82.07122,101.74812
1548.5,86.730736,74.56872,82.0717,101.72505
1549.0,86.73429,74.57878,82.072464,101.70282
1549.5,86.73803,74.588875,82.07347,101.68139
1550.0,86.74171,74.59894,82.0745,101.66007
1550.5,86.744965,74.608864,82.07517,101.637695
1551.0,86.747955,74.61874,82.07551,101.614296
1551.5,86.7507,74.62856,82.07548,101.589775
1552.0,86.75277,74.63819,82.07481,101.563324
1552.5,86.75421,74.64764,82.07361,101.53527
1553.0,86.75579,74.657135,82.07241,101.507256
1553.5,86.757744,74.66678,82.07138,101.479706
1554.0,86.75955,74.6764,82.07015,101.45155
1554.5,86.76113,74.68596,82.0687,101.42271
1555.0,86.76312,74.695656,82.067474,101.39452
1555.5,86.76567,74.70554,82.06653,101.367165
1556.0,86.76827,74.71547,82.06557,101.33976
1556.5,86.77068,74.72532,82.06454,101.312195
1557.0,86.77266,74.73498,82.06331,101.28415
1557.5,86.77414,74.74443,82.06186,101.25554
1558.0,86.77574,74.75388,82.060646,101.22774
1558.5,86.77788,74.763466,82.05998,101.20165
1559.0,86.78018,74.77306,82.059586,101.17644
1559.5,86.7823,74.782585,82.05913,101.1511
1560.0,86.784515,74.79212,82.058754,101.12604
1560.5,86.786835,74.80168,82.05845,101.10124
1561.0,86.788246,74.81094,82.05745,101.07439
1561.5,86.78811,74.819725,82.055145,101.04444
1562.0,86.787155,74.82826,82.052155,101.01664
1562.5,86.786095,74.83675,82.04906,100.98917
1563.0,86.784386,74.845,82.045494,100.96309
1563.5,86.78189,74.85296,82.04216,100.93863
1564.0,86.77946,74.8609,82.038704,100.91379
1564.5,86.77767,74.86906,82.03521,100.887474
1565.0,86.77713,74.87763,82.032646,100.85845
1565.5,86.77819,74.88674,82.03128,100.83071
1566.0,86.78061,74.8963,82.030975,100.80617
1566.5,86.78434,74.90627,82.031715,100.784775
1567.0,86.78984,74.916824,82.03375,100.76728
1567.5,86.79728,74.92806,82.03713,100.7537
1568.0,86.8059,74.939705,82.04135,100.7426
1568.5,86.814995,74.951485,82.04592,100.73255
1569.0,86.824295,74.96331,82.05066,100.72301
1569.5,86.83362,74.97511,82.055466,100.713715
1570.0,86.842735,74.98677,82.06029,100.70455
1570.5,86.85149,74.998245,82.06505,100.695244
1571.0,86.85951,75.00947,82.069405,100.68481
1571.5,86.866646,75.02039,82.0732,100.67278
1572.0,86.87307,75.031075,82.07653,100.65941
1572.5,86.87916,75.04165,82.07963,100.64536
1573.0,86.88582,75.052414,82.08312,100.63248
1573.5,86.89383,75.06365,82.08754,100.622284
1574.0,86.90321,75.07539,82.09287,100.61476
1574.5,86.91353,75.08748,82.098785,100.60893
1575.0,86.924,75.09959,82.10487,100.60365
1575.5,86.93444,75.111626,82.1111,100.5988
1576.0,86.94525,75.12378,82.11769,100.595055
1576.5,86.95692,75.13625,82.12495,100.59322
1577.0,86.97009,75.14932,82.13318,100.59418
1577.5,86.9851,75.16312,82.14252,100.5983
1578.0,87.00189,75.17763,82.15285,100.60526
1578.5,87.02016,75.192764,82.16391,100.61431
1579.0,87.03942,75.20833,82.175415,100.62455
1579.5,87.0592,75.22414,82.187065,100.63517
1580.0,87.07884,75.239914,82.19855,100.64528
1580.5,87.098045,75.255516,82.20975,100.6546
1581.0,87.11679,75.27093,82.22072,100.66327
1581.5,87.13495,75.28607,82.23143,100.671265
1582.0,87.151955,75.30072,82.24162,100.6778
1582.5,87.16749,75.31475,82.25113,100.6824
1583.0,87.181915,75.328285,82.260185,100.685776
1583.5,87.19568,75.34151,82.26913,100.68884
1584.0,87.20899,75.35451,82.278076,100.69196
1584.5,87.22208,75.36737,82.2871,100.695335
1585.0,87.23566,75.3804,82.29658,100.699974
1585.5,87.25023,75.39381,82.30674,100.706604
1586.0,87.26541,75.40745,82.317314,100.71443
1586.5,87.28072,75.42114,82.327934,100.72238
1587.0,87.29597,75.43484,82.33837,100.72981
1587.5,87.310776,75.44838,82.348366,100.735985
1588.0,87.32437,75.46147,82.357475,100.73965
1588.5,87.33669,75.474045,82.36576,100.74097
1589.0,87.347466,75.4861,82.37289,100.73897
1589.5,87.35726,75.49781,82.37934,100.73502
1590.0,87.36652,75.50934,82.385376,100.72987
1590.5,87.37538,75.520744,82.391,100.723495
1591.0,87.38429,75.53219,82.39642,100.71652
1591.5,87.39357,75.5438,82.40183,100.70945
1592.0,87.4032,75.55557,82.40729,100.70248
1592.5,87.41325,75.56752,82.41294,100.69606
1593.0,87.42364,75.579575,82.418785,100.69023
1593.5,87.43416,75.591675,82.42475,100.68476
1594.0,87.444565,75.60369,82.43075,100.67946
1594.5,87.455055,75.61569,82.43696,100.6748
1595.0,87.46616,75.62794,82.44359,100.67137
1595.5,87.47815,75.64056,82.45066,100.66917
1596.0,87.491455,75.65376,82.45834,100.66868
1596.5,87.50609,75.66755,82.46666,100.669876
1597.0,87.52111,75.68151,82.47513,100.671555
1597.5,87.53602,75.69539,82.48361,100.67328
1598.0,87.5502,75.70895,82.49177,100.674126
1598.5,87.56312,75.72197,82.499214,100.673004
1599.0,87.574684,75.73442,82.50588,100.669716
1599.5,87.58503,75.7464,82.51176,100.664154
1600.0,87.59464,75.75813,82.517,100.656685
1600.5,87.60402,75.76983,82.521835,100.647964
1601.0,87.613304,75.78157,82.52635,100.6382
1601.5,87.62249,75.79336,82.53053,100.62734
1602.0,87.6313,75.805046,82.53428,100.615105
1602.5,87.639824,75.81666,82.5377,100.601875
1603.0,87.64861,75.82842,82.54117,100.588715
1603.5,87.6579,75.840416,82.54486,100.57617
1604.0,87.66697,75.85235,82.548355,100.56301
1604.5,87.675224,75.86396,82.55122,100.54802
1605.0,87.68275,75.87531,82.553505,100.531265
1605.5,87.68979,75.8865,82.555374,100.51328
1606.0,87.69647,75.89757,82.55691,100.49423
1606.5,87.70296,75.908615,82.55816,100.474236
1607.0,87.70986,75.91993,82.559494,100.45429
1607.5,87.7173,75.931564,82.56099,100.43464
1608.0,87.7241,75.942986,82.561935,100.41328
1608.5,87.72968,75.95396,82.56196,100.38916
1609.0,87.7351,75.96495,82.56169,100.36397
1609.5,87.740906,75.97623,82.56148,100.3387
1610.0,87.74665,75.98754,82.56112,100.31287
1610.5,87.752304,75.998825,82.56067,100.28677
1611.0,87.758415,76.010284,82.56053,100.26162
1611.5,87.76544,76.02211,82.56104,100.238434
1612.0,87.77348,76.03434,82.562256,100.217316
1612.5,87.78214,76.04683,82.56387,100.19739
1613.0,87.79072,76.05925,82.56548,100.17756
1613.5,87.79884,76.07139,82.566956,100.15753
1614.0,87.80585,76.082954,82.56787,100.13617
1614.5,87.81146,76.09383,82.56807,100.11295
1615.0,87.81619,76.1043,82.56777,100.08843
1615.5,87.820786,76.11467,82.567505,100.06418
1616.0,87.82584,76.12515,82.56769,100.04137
1616.5,87.83188,76.135994,82.568634,100.0209
1617.0,87.83923,76.14736,82.57048,100.0031
1617.5,87.84781,76.15925,82.573074,99.98741
1618.0,87.85712,76.17148,82.57605,99.972725
1618.5,87.86689,76.18399,82.57918,99.95833
1619.0,87.877335,76.196884,82.58254,99.94437
1619.5,87.88866,76.21028,82.586266,99.93113
1620.0,87.90132,76.224365,82.590675,99.91961
1620.5,87.91554,76.23914,82.59599,99.91055
1621.0,87.93046,76.25421,82.601746,99.90273
1621.5,87.94565,76.26937,82.60769,99.89554
1622.0,87.9615,76.28483,82.614044,99.88945
1622.5,87.97805,76.300644,82.62076,99.88422
1623.0,87.995094,76.31674,82.627716,99.87955
1623.5,88.01249,76.333,82.634865,99.8754
1624.0,88.02971,76.34915,82.64193,99.87107
1624.5,88.04642,76.36502,82.64877,99.86628
1625.0,88.062416,76.38049,82.655266,99.860695
1625.5,88.07747,76.39549,82.66125,99.85385
1626.0,88.09148,76.41,82.66663,99.84544
1626.5,88.10434,76.424,82.67135,99.83521
1627.0,88.11617,76.43753,82.67546,99.82336
1627.5,88.12746,76.45078,82.6793,99.81083
1628.0,88.13914,76.4642,82.68337,99.79898
1628.5,88.151505,76.47799,82.68779,99.78795
1629.0,88.16429,76.49205,82.69235,99.77717
1629.5,88.177284,76.50625,82.69694,99.7663
1630.0,88.18997,76.5204,82.70123,99.754456
1630.5,88.20179,76.534256,82.70486,99.74056
1631.0,88.212135,76.547516,82.70745,99.72366
1631.5,88.22107,76.560196,82.709114,99.7041
1632.0,88.22973,76.572784,82.71057,99.68388
1632.5,88.238556,76.58546,82.712105,99.66387
1633.0,88.24671,76.5978,82.71325,99.64288
1633.5,88.25386,76.60963,82.71388,99.62062
1634.0,88.26029,76.62107,82.71419,99.59766
1634.5,88.2663,76.63225,82.71434,99.57443
1635.0,88.27246,76.64345,82.71469,99.55193
1635.5,88.27898,76.65475,82.71537,99.53051
1636.0,88.2852,76.66585,82.71595,99.508965
1636.5,88.290565,76.67654,82.71606,99.48622
1637.0,88.295105,76.686806,82.71576,99.46244
1637.5,88.29914,76.69676,82.7153,99.43844
1638.0,88.302765,76.7065,82.714714,99.4142
1638.5,88.30595,76.71609,82.713844,99.38921
1639.0,88.308815,76.725586,82.71276,99.36363
1639.5,88.31137,76.734985,82.71145,99.33739
1640.0,88.31335,76.7442,82.70983,99.31034
1640.5,88.31524,76.75335,82.70843,99.28415
1641.0,88.31783,76.76265,82.70782,99.26054
1641.5,88.32149,76.77224,82.708176,99.23996
1642.0,88.32575,76.78204,82.708855,99.220276
1642.5,88.32913,76.79162,82.70849,99.19717
1643.0,88.33174,76.80095,82.70737,99.17168
1643.5,88.335884,76.810776,82.70751,99.150116
1644.0,88.34179,76.82127,82.70892,99.132355
1644.5,88.34739,76.83179,82.709785,99.11263
1645.0,88.35148,76.84184,82.70926,99.08852
1645.5,88.35442,76.8515,82.70774,99.061295
1646.0,88.356926,76.86107,82.70573,99.03495
1646.5,88.35936,76.87071,82.70348,99.00961
1647.0,88.3618,76.88047,82.70104,98.985176
1647.5,88.36438,76.89041,82.69849,98.96152
1648.0,88.36786,76.90088,82.696304,98.937294
1648.5,88.37294,76.91217,82.69502,98.91103
1649.0,88.38012,76.92447,82.694984,98.88609
1649.5,88.389496,76.937775,82.69631,98.8649
1650.0,88.40036,76.951744,82.698586,98.846344
1650.5,88.41218,76.966125,82.70148,98.82956
1651.0,88.42474,76.980835,82.70486,98.81413
1651.5,88.43808,76.99591,82.708725,98.799995
1652.0,88.45307,77.01172,82.713646,98.788765
1652.5,88.47044,77.028534,82.720146,98.78195
1653.0,88.49026,77.04641,82.72824,98.779594
1653.5,88.51186,77.06511,82.737495,98.78028
1654.0,88.533585,77.08392,82.74678,98.78091
1654.5,88.5543,77.102356,82.75535,98.77939
1655.0,88.57376,77.120285,82.76306,98.77544
1655.5,88.59198,77.13765,82.76997,98.76935
1656.0,88.60888,77.154366,82.776085,98.76127
1656.5,88.624504,77.17041,82.781494,98.75151
1657.0,88.639084,77.18586,82.786354,98.7406
1657.5,88.65308,77.200935,82.791016,98.729485
1658.0,88.66766,77.21615,82.79618,98.720055
1658.5,88.683525,77.23183,82.80225,98.713394
1659.0,88.70109,77.24815,82.80952,98.710236
1659.5,88.72033,77.265076,82.81796,98.71067
1660.0,88.74003,77.28206,82.82684,98.71264
1660.5,88.7596,77.29887,82.8358,98.71508
1661.0,88.77966,77.3158,82.845184,98.71893
1661.5,88.80058,77.333015,82.8552,98.72471
1662.0,88.82211,77.35043,82.86567,98.73187
1662.5,88.843895,77.36792,82.87633,98.73966
1663.0,88.86524,77.38522,82.88673,98.746735
1663.5,88.88559,77.40214,82.896454,98.75186
1664.0,88.90474,77.41859,82.90538,98.754684
1664.5,88.92254,77.43447,82.91345,98.755104
1665.0,88.938675,77.449615,82.92053,98.75286
1665.5,88.953415,77.46409,82.926865,98.7487
1666.0,88.96756,77.47824,82.93293,98.74396
1666.5,88.98142,77.49225,82.938866,98.738914
1667.0,88.9952,77.50618,82.94481,98.73399
1667.5,89.00933,77.520195,82.951096,98.73021
1668.0,89.02416,77.53444,82.95793,98.72811
1668.5,89.03956,77.54888,82.96518,98.72727
1669.0,89.055016,77.5633,82.97255,98.726875
1669.5,89.07022,77.57756,82.97989,98.72653
1670.0,89.084854,77.591484,82.98704,98.72586
1670.5,89.09863,77.60495,82.9939,98.72459
1671.0,89.111206,77.6178,83.000305,98.722275
1671.5,89.122444,77.629974,83.00622,98.71882
1672.0,89.13251,77.64154,83.0118,98.71464
1672.5,89.141495,77.65259,83.01708,98.70981
1673.0,89.149124,77.66308,83.02175,98.70337
1673.5,89.1554,77.67305,83.02581,98.69525
1674.0,89.1605,77.68253,83.02928,98.68554
1674.5,89.16457,77.691635,83.03221,98.6743
1675.0,89.16811,77.70052,83.03483,98.662186
1675.5,89.171555,77.70939,83.037346,98.649796
1676.0,89.17538,77.7184,83.04001,98.63781
1676.5,89.17966,77.72759,83.042786,98.62615
1677.0,89.18411,77.73686,83.04554,98.614365
1677.5,89.188644,77.74616,83.04829,98.60261
1678.0,89.19278,77.75533,83.05075,98.59002
1678.5,89.19619,77.76427,83.05266,98.575806
1679.0,89.19946,77.77316,83.05443,98.56119
1679.5,89.20322,77.7822,83.05657,98.547676
1680.0,89.20738,77.79138,83.05899,98.53502
1680.5,89.21154,77.800575,83.061295,98.521996
1681.0,89.215355,77.80968,83.06319,98.507706
1681.5,89.21874,77.81869,83.06456,98.49182
1682.0,89.22237,77.82779,83.065926,98.47584
1682.5,89.227165,77.83733,83.067955,98.46174
1683.0,89.23384,77.84766,83.07106,98.45066
1683.5,89.24255,77.85884,83.07529,98.442665
1684.0,89.253105,77.87082,83.08052,98.43745
1684.5,89.26548,77.88358,83.086784,98.43508
1685.0,89.28006,77.89725,83.09435,98.43639
1685.5,89.29731,77.91198,83.103584,98.44247
1686.0,89.31761,77.9279,83.11472,98.454
1686.5,89.34109,77.94509,83.127846,98.471214
1687.0,89.3676,77.9635,83.14281,98.493614
1687.5,89.396736,77.98303,83.159294,98.52023
1688.0,89.42812,78.003525,83.17714,98.550545
1688.5,89.461525,78.02482,83.19624,98.5845
1689.0,89.49608,78.04656,83.2161,98.62061
1689.5,89.53086,78.06842,83.236084,98.65701
1690.0,89.56505,78.09008,83.25567,98.69217
1690.5,89.59804,78.11128,83.27445,98.724976
1691.0,89.62925,78.1318,83.2921,98.754486
1691.5,89.6583,78.15146,83.30838,98.780075
1692.0,89.6849,78.17016,83.32309,98.80116
1692.5,89.70869,78.18776,83.33598,98.817024
1693.0,89.72957,78.20421,83.34702,98.82759
1693.5,89.74795,78.219635,83.35652,98.83382
1694.0,89.76474,78.23443,83.36503,98.83719
1694.5,89.780495,78.24884,83.37282,98.83844
1695.0,89.795616,78.263054,83.38009,98.83806
1695.5,89.81052,78.27729,83.387054,98.836555
1696.0,89.82591,78.29188,83.39416,98.83515
1696.5,89.84215,78.30693,83.40163,98.8345
1697.0,89.858536,78.32215,83.40905,98.8335
1697.5,89.874725,78.33741,83.416214,98.831505
1698.0,89.89149,78.35299,83.42363,98.829994
1698.5,89.90927,78.369026,83.43167,98.830185
1699.0,89.924355,78.38216,83.438644,98.82824
1699.5,89.93997,78.39595,83.44586,98.82687
1700.0,89.955185,78.40985,83.45278,98.82471
1700.5,89.96938,78.42349,83.45907,98.82084
1701.0,89.982506,78.43678,83.464714,98.815285
1701.5,89.99455,78.44965,83.46976,98.80817
1702.0,90.00554,78.46209,83.47424,98.79967
1702.5,90.01559,78.47409,83.47829,98.79013
1703.0,90.024826,78.48572,83.48202,98.779884
1703.5,90.033455,78.497025,83.48553,98.76925
1704.0,90.04192,78.5082,83.48913,98.75906
1704.5,90.05058,78.51937,83.493065,98.750046
1705.0,90.05953,78.53057,83.49744,98.7425
1705.5,90.06897,78.54188,83.50238,98.7368
1706.0,90.07938,78.5535,83.5082,98.73378
1706.5,90.091286,78.56564,83.51522,98.73435
1707.0,90.10535,78.5786,83.52377,98.73944
1707.5,90.12146,78.59231,83.53374,98.74866
1708.0,90.138565,78.60634,83.54456,98.76044
1708.5,90.15602,78.620415,83.55597,98.77399
1709.0,90.173355,78.63435,83.56773,98.78866
1709.5,90.19043,78.64809,83.57979,98.804214
1710.0,90.207504,78.66176,83.59219,98.82081
1710.5,90.22438,78.67529,83.60471,98.83774
1711.0,90.24032,78.688416,83.6169,98.85374
1711.5,90.255165,78.70109,83.62863,98.86847
1712.0,90.26996,78.7137,83.64049,98.88353
1712.5,90.28554,78.72659,83.65297,98.9004
1713.0,90.30163,78.73966,83.665855,98.91838
1713.5,90.317825,78.75278,83.67871,98.9363
1714.0,90.33455,78.76614,83.691635,98.954414
1714.5,90.35207,78.77988,83.70473,98.97299
1715.0,90.37019,78.7939,83.71788,98.99173
1715.5,90.388885,78.808205,83.73112,99.01066
1716.0,90.408585,78.82294,83.74474,99.03071
1716.5,90.42961,78.83819,83.7591,99.05285
1717.0,90.451584,78.8538,83.774,99.076584
1717.5,90.47385,78.86951,83.78906,99.100784
1718.0,90.49534,78.88493,83.803665,99.123665
1718.5,90.51531,78.89978,83.81732,99.14381
1719.0,90.53397,78.91412,83.83019,99.161705
1719.5,90.55166,78.92806,83.84262,99.178345
1720.0,90.567955,78.94142,83.85443,99.193214
1720.5,90.582695,78.95415,83.865486,99.20595
1721.0,90.596825,78.96661,83.87629,99.21794
1721.5,90.611305,78.97921,83.8874,99.23081
1722.0,90.62698,78.992256,83.89925,99.24581
1722.5,90.6442,79.005905,83.91199,99.26338
1723.0,90.662674,79.020035,83.92543,99.28295
1723.5,90.68181,79.03443,83.93919,99.30343
1724.0,90.700836,79.048775,83.95294,99.32386
1724.5,90.719475,79.062935,83.96667,99.34423
1725.0,90.73768,79.07687,83.98049,99.36484
1725.5,90.75553,79.09062,83.994576,99.386116
1726.0,90.77302,79.104164,84.00894,99.40808
1726.5,90.79002,79.117485,84.02347,99.43042
1727.0,90.80649,79.13055,84.03805,99.45277
1727.5,90.82241,79.14337,84.05269,99.47517
1728.0,90.83739,79.155846,84.06705,99.49664
1728.5,90.85188,79.16813,84.08147,99.5181
1729.0,90.866684,79.18051,84.09628,99.54059
1729.5,90.88195,79.19305,84.11138,99.56392
1730.0,90.89741,79.20566,84.126465,99.58729
1730.5,90.91271,79.21821,84.14121,99.609795
1731.0,90.92781,79.23069,84.155685,99.63159
1731.5,90.94318,79.24326,84.17035,99.65392
1732.0,90.959274,79.256096,84.18553,99.67772
1732.5,90.9764,79.26931,84.20143,99.70349
1733.0,90.994675,79.282936,84.21808,99.73138
1733.5,91.0141,79.297,84.2354,99.7612
1734.0,91.03468,79.311485,84.25335,99.79285
1734.5,91.05625,79.32634,84.271805,99.82597
1735.0,91.07821,79.34133,84.2905,99.85977
1735.5,91.10016,79.35632,84.30926,99.89372
1736.0,91.1219,79.37122,84.32801,99.92758
1736.5,91.1434,79.38603,84.34679,99.9614
1737.0,91.165016,79.40086,84.36585,99.995926
1737.5,91.18727,79.415924,84.38558,100.032196
1738.0,91.210365,79.43127,84.40599,100.070335
1738.5,91.23388,79.446754,84.42674,100.109375
1739.0,91.25678,79.46202,84.44719,100.14751
1739.5,91.27825,79.47676,84.4668,100.1832
1740.0,91.29832,79.49099,84.48554,100.21644
1740.5,91.317245,79.5048,84.50365,100.24778
1741.0,91.33488,79.518166,84.52086,100.27659
1741.5,91.35136,79.53115,84.53717,100.30289
1742.0,91.36744,79.544,84.55302,100.32794
1742.5,91.383965,79.557014,84.56891,100.35326
1743.0,91.4015,79.57042,84.58518,100.37974
1743.5,91.420364,79.584335,84.602005,100.4079
1744.0,91.440735,79.59883,84.61944,100.43793
1744.5,91.462364,79.61381,84.63735,100.46942
1745.0,91.484505,79.62898,84.65548,100.50159
1745.5,91.50681,79.64422,84.67381,100.53429
1746.0,91.52913,79.659424,84.69237,100.56754
1746.5,91.55148,79.67462,84.71125,100.601555
1747.0,91.57394,79.68985,84.730385,100.63623
1747.5,91.59631,79.70503,84.749565,100.67096
1748.0,91.618515,79.72015,84.76866,100.70543
1748.5,91.64035,79.73513,84.7876,100.73942
1749.0,91.661476,79.74983,84.80628,100.77258
1749.5,91.68189,79.76425,84.82484,100.805214
1750.0,91.70187,79.778496,84.84345,100.83783
1750.5,91.721596,79.79263,84.86224,100.870766
1751.0,91.74089,79.80659,84.88106,100.903595
1751.5,91.75904,79.82015,84.89917,100.934364
1752.0,91.77592,79.833275,84.91642,100.96268
1752.5,91.7919,79.8461,84.933075,100.98928
1753.0,91.80792,79.85893,84.94972,101.01587
1753.5,91.82449,79.871956,84.96672,101.043465
1754.0,91.84106,79.88497,84.98379,101.07121
1754.5,91.85716,79.897835,85.00064,101.09825
1755.0,91.87299,79.91061,85.01728,101.124695
1755.5,91.888466,79.92326,85.03361,101.150276
1756.0,91.90306,79.93561,85.04927,101.17401
1756.5,91.91636,79.94749,85.06402,101.19516
1757.0,91.9284,79.95892,85.07793,101.21393
1757.5,91.939476,79.96999,85.09129,101.23109
1758.0,91.94961,79.98071,85.10409,101.24658
1758.5,91.95874,79.99106,85.116165,101.26008
1759.0,91.96727,80.0012,85.12761,101.271904
1759.5,91.975395,80.011215,85.13843,101.28212
1760.0,91.983574,80.02126,85.149,101.29179
1760.5,91.992584,80.03162,85.16003,101.30279
1761.0,92.00302,80.04249,85.17203,101.31658
1761.5,92.01523,80.05397,85.1853,101.33398
1762.0,92.02886,80.065956,85.19967,101.35443
1762.5,92.04363,80.07834,85.214874,101.37723
1763.0,92.05969,80.09118,85.23081,101.40215
1763.5,92.0771,80.104515,85.24734,101.42886
1764.0,92.09591,80.11839,85.264435,101.45732
1764.5,92.11593,80.13272,85.282,101.48726
1765.0,92.13647,80.14724,85.29987,101.51808
1765.5,92.15757,80.161934,85.31828,101.55034
1766.0,92.179436,80.17691,85.33721,101.58404
1766.5,92.20159,80.192,85.356155,101.617874
1767.0,92.22319,80.206894,85.37463,101.650406
1767.5,92.24401,80.22152,85.3925,101.68122
1768.0,92.26459,80.23609,85.40995,101.71091
1768.5,92.28494,80.25062,85.42693,101.73936
1769.0,92.304634,80.264915,85.44339,101.76635
1769.5,92.323944,80.27905,85.45972,101.79292
1770.0,92.343124,80.293144,85.47601,101.81938
1770.5,92.36212,80.30718,85.49204,101.84512
1771.0,92.38162,80.32145,85.508156,101.87113
1771.5,92.40207,80.336075,85.52469,101.89841
1772.0,92.42254,80.35071,85.5412,101.92564
1772.5,92.44224,80.36507,85.55719,101.95137
1773.0,92.4613,80.3792,85.57272,101.9758
1773.5,92.48024,80.39331,85.58811,101.99982
1774.0,92.49977,80.407646,85.60373,102.024506
1774.5,92.52005,80.42229,85.61963,102.05003
1775.0,92.54056,80.43702,85.635635,102.075874
1775.5,92.56105,80.45172,85.65174,102.102005
1776.0,92.58102,80.46621,85.66768,102.12759
1776.5,92.60003,80.48035,85.68308,102.15161
1777.0,92.618546,80.4943,85.69814,102.17465
1777.5,92.63716,80.50831,85.71321,102.19769
1778.0,92.65662,80.52263,85.728745,102.22211
1778.5,92.677475,80.53746,85.74516,102.249054
1779.0,92.69949,80.55271,85.76236,102.27823
1779.5,92.72217,80.56819,85.780014,102.3087
1780.0,92.74495,80.583694,85.797844,102.33964
1780.5,92.76772,80.599174,85.815796,102.37088
1781.0,92.790726,80.614746,85.833916,102.40258
1781.5,92.813965,80.63042,85.852066,102.43441
1782.0,92.837265,80.64613,85.8701,102.46589
1782.5,92.860504,80.661865,85.8879,102.49674
1783.0,92.884026,80.67773,85.90573,102.5277
1783.5,92.90826,80.69383,85.92397,102.55985
1784.0,92.9328,80.71006,85.94241,102.59256
1784.5,92.95713,80.72623,85.96061,102.62458
1785.0,92.981514,80.74245,85.978714,102.65633
1785.5,93.006584,80.758934,85.99716,102.68907
1786.0,93.03289,80.77589,86.01621,102.723625
1786.5,93.06059,80.79339,86.035904,102.760025
1787.0,93.08986,80.8115,86.056305,102.79855
1787.5,93.12084,80.83027,86.077545,102.83959
1788.0,93.15364,80.849724,86.09975,102.88347
1788.5,93.18806,80.86977,86.122856,102.930115
1789.0,93.223076,80.89,86.14639,102.97801
1789.5,93.25787,80.91014,86.169876,103.02571
1790.0,93.292114,80.93005,86.193146,103.07272
1790.5,93.32581,80.94974,86.21627,103.119255
1791.0,93.35905,80.96923,86.23923,103.16523
1791.5,93.39154,80.98847,86.261734,103.209854
1792.0,93.42286,81.0073,86.28351,103.25228
1792.5,93.45303,81.02574,86.304565,103.292534
1793.0,93.48282,81.04408,86.32525,103.33169
1793.5,93.51269,81.062515,86.345795,103.37039
1794.0,93.54284,81.08109,86.36636,103.40913
1794.5,93.57329,81.0998,86.38704,103.448166
1795.0,93.603226,81.11833,86.4074,103.486275
1795.5,93.63204,81.136475,86.42704,103.52224
1796.0,93.65982,81.15427,86.44596,103.55606
1796.5,93.6869,81.17186,86.46431,103.58817
1797.0,93.714035,81.18953,86.48254,103.61986
1797.5,93.74176,81.207466,86.50097,103.65212
1798.0,93.769936,81.22561,86.51959,103.68487
1798.5,93.798225,81.24382,86.53822,103.7176
1799.0,93.82616,81.26187,86.55668,103.74985
1799.5,93.85365,81.27972,86.57506,103.781876
1800.0,93.88072,81.297325,86.59342,103.81392
1800.5,93.907455,81.31474,86.61185,103.84612
1801.0,93.93431,81.33214,86.630615,103.87932
1801.5,93.96179,81.349686,86.65005,103.914474
1802.0,93.990105,81.367485,86.67018,103.95166
1802.5,94.01902,81.38548,86.69075,103.990105
1803.0,94.04833,81.4036,86.711624,104.02943
1803.5,94.07789,81.421776,86.73278,104.069565
1804.0,94.10718,81.43981,86.75405,104.109955
1804.5,94.13617,81.457695,86.77546,104.15064
1805.0,94.16537,81.47561,86.79722,104.19228
1805.5,94.195015,81.49367,86.81938,104.23504
1806.0,94.224945,81.51181,86.841774,104.27846
1806.5,94.25502,81.53001,86.864204,104.32198
1807.0,94.28556,81.54838,86.88683,104.36613
1807.5,94.317,81.56707,86.90997,104.41178
1808.0,94.34941,81.586105,86.93365,104.459045
1808.5,94.38281,81.60551,86.957794,104.50776
1809.0,94.4174,81.625374,86.98243,104.557976
1809.5,94.453,81.64566,87.0074,104.609276
1810.0,94.488914,81.6661,87.03239,104.660645
1810.5,94.52475,81.68653,87.05725,104.711655
1811.0,94.56061,81.70697,87.08214,104.76271
1811.5,94.59654,81.7274,87.10724,104.814316
1812.0,94.632126,81.747665,87.132385,104.86598
1812.5,94.66685,81.76758,87.15734,104.91689
1813.0,94.69911,81.78662,87.180824,104.963394
1813.5,94.7266,81.80407,87.20088,104.99997
1814.0,94.74907,81.81974,87.21751,105.02665
1814.5,94.766846,81.8338,87.23092,105.04408
1815.0,94.78038,81.846405,87.24149,105.053246
1815.5,94.78993,81.85759,87.24943,105.05476
1816.0,94.79582,81.867455,87.25486,105.049
1816.5,94.79864,81.87622,87.25803,105.03665
1817.0,94.79894,81.88411,87.25928,105.01859
1817.5,94.79733,81.89132,87.25901,104.99607
1818.0,94.79437,81.898026,87.2577,104.97047
1818.5,94.79089,81.90451,87.256065,104.943954
1819.0,94.78725,81.91094,87.254265,104.916954
1819.5,94.78309,81.91731,87.251785,104.88781
1820.0,94.77833,81.92361,87.2485,104.85876
1820.5,94.77319,81.929855,87.24473,104.83129
1821.0,94.76797,81.93602,87.24095,104.80381
1821.5,94.76268,81.94211,87.23722,104.77612
1822.0,94.75722,81.94816,87.23327,104.74919
1822.5,94.75199,81.95432,87.22939,104.722084
1823.0,94.747475,81.96075,87.22598,104.69363
1823.5,94.74388,81.96752,87.223175,104.66345
1824.0,94.74117,81.97463,87.22089,104.63475
1824.5,94.73894,81.98196,87.218765,104.606476
1825.0,94.73663,81.9893,87.21647,104.577614
1825.5,94.73438,81.99666,87.21425,104.54905
1826.0,94.732574,82.00411,87.21251,104.522026
1826.5,94.73161,82.01178,87.21159,104.4976
1827.0,94.73113,82.0196,87.21109,104.47443
1827.5,94.73003,82.02729,87.209854,104.44895
1828.0,94.72816,82.03479,87.20792,104.421295
1828.5,94.72652,82.0423,87.20628,104.3947
1829.0,94.72571,82.05003,87.205444,104.37057
1829.5,94.72506,82.0578,87.204704,104.34676
1830.0,94.7239,82.06541,87.20354,104.32172
1830.5,94.72249,82.07289,87.202255,104.29637
1831.0,94.72153,82.0805,87.201355,104.27225
1831.5,94.72113,82.088295,87.200874,104.24938
1832.0,94.72126,82.09625,87.200775,104.2277
1832.5,94.72204,82.104416,87.20121,104.207634
1833.0,94.7236,82.11281,87.20231,104.18964
1833.5,94.726166,82.1215,87.20427,104.174255
1834.0,94.72957,82.13045,87.2069,104.1609
1834.5,94.73338,82.13954,87.209755,104.14819
1835.0,94.73763,82.14878,87.212814,104.136086
1835.5,94.74238,82.15819,87.21615,104.124794
1836.0,94.747345,82.167656,87.21963,104.11392
1836.5,94.75234,82.177124,87.22316,104.10326
1837.0,94.75737,82.1866,87.226814,104.09298
1837.5,94.76267,82.19613,87.23083,104.0838
1838.0,94.76857,82.20583,87.23538,104.076294
1838.5,94.77508,82.21571,87.24045,104.07028
1839.0,94.781975,82.225716,87.24579,104.06515
1839.5,94.789,82.235756,87.25119,104.06016
1840.0,94.79603,82.245804,87.25652,104.05498
1840.5,94.80291,82.255806,87.26166,104.04922
1841.0,94.809395,82.265686,87.26649,104.04254
1841.5,94.81539,82.275406,87.270996,104.03496
1842.0,94.82077,82.28491,87.27514,104.026344
1842.5,94.82555,82.294205,87.278946,104.01675
1843.0,94.8299,82.30335,87.28249,104.00643
1843.5,94.833755,82.312325,87.2857,103.99511
1844.0,94.837036,82.32109,87.28853,103.98272
1844.5,94.83995,82.329704,87.29121,103.96992
1845.0,94.84287,82.33829,87.29406,103.9577
1845.5,94.8461,82.34693,87.297386,103.9469
1846.0,94.849815,82.355705,87.30139,103.93814
1846.5,94.85425,82.36468,87.30632,103.93208
1847.0,94.85954,82.3739,87.31233,103.92912
1847.5,94.86574,82.38341,87.31947,103.92939
1848.0,94.87283,82.39319,87.32776,103.93281
1848.5,94.880714,82.40321,87.33711,103.93916
1849.0,94.88911,82.413376,87.34732,103.94779
1849.5,94.89775,82.42359,87.35817,103.958084
1850.0,94.90668,82.43387,87.3696,103.96985
1850.5,94.91581,82.4442,87.38151,103.98286
1851.0,94.924965,82.454506,87.393745,103.99661
1851.5,94.93415,82.464806,87.406265,104.01105
1852.0,94.94345,82.475136,87.41893,104.02586
1852.5,94.95269,82.48544,87.4314,104.040215
1853.0,94.96162,82.49566,87.44328,104.05313
1853.5,94.96974,82.50562,87.4541,104.063225
1854.0,94.97673,82.5152,87.463684,104.06999
1854.5,94.982864,82.524475,87.47238,104.07437
1855.0,94.98845,82.53356,87.4804,104.07694
1855.5,94.993385,82.542435,87.48762,104.07732
1856.0,94.99755,82.55105,87.49402,104.07545
1856.5,95.00115,82.559456,87.49986,104.07202
1857.0,95.00437,82.56772,87.50535,104.06761
1857.5,95.00723,82.57585,87.510506,104.06231
1858.0,95.0097,82.58382,87.51538,104.05625
1858.5,95.01181,82.59161,87.520134,104.049835
1859.0,95.013824,82.59934,87.52509,104.04398
1859.5,95.01636,82.607216,87.53086,104.04035
1860.0,95.01945,82.615265,87.53742,104.03885
1860.5,95.02263,82.62333,87.544235,104.03805
1861.0,95.02565,82.6313,87.550995,104.03711
1861.5,95.02836,82.63915,87.5575,104.03548
1862.0,95.03088,82.64693,87.56384,104.03341
1862.5,95.03364,82.65478,87.57037,104.03188
1863.0,95.03678,82.66279,87.57712,104.03097
1863.5,95.03989,82.67081,87.58365,104.02951
1864.0,95.04248,82.678635,87.58968,104.026726
1864.5,95.04446,82.68622,87.59528,104.022705
1865.0,95.04573,82.6935,87.60045,104.01747
1865.5,95.04628,82.70046,87.605225,104.01113
1866.0,95.046326,82.7072,87.609764,104.00412
1866.5,95.04612,82.71382,87.61425,103.99697
1867.0,95.04596,82.720436,87.618866,103.99015
1867.5,95.04599,82.72712,87.62367,103.98388
1868.0,95.046005,82.73381,87.62843,103.97746
1868.5,95.045425,82.74027,87.63259,103.969444
1869.0,95.044174,82.74645,87.63624,103.96
1869.5,95.04289,82.75259,87.64012,103.95118
1870.0,95.04176,82.75873,87.6444,103.94342
1870.5,95.04067,82.76486,87.648926,103.93632
1871.0,95.0397,82.77104,87.65358,103.929565
1871.5,95.03869,82.77721,87.65808,103.92242
1872.0,95.03736,82.78328,87.66208,103.91394
1872.5,95.035416,82.789154,87.66524,103.90318
1873.0,95.0328,82.79482,87.66746,103.88983
1873.5,95.02941,82.80025,87.66868,103.87368
1874.0,95.02497,82.8053,87.668785,103.854355
1874.5,95.01971,82.81004,87.66804,103.83264
1875.0,95.01418,82.81472,87.66689,103.809784
1875.5,95.00841,82.819336,87.665306,103.78566
1876.0,95.00205,82.82376,87.6631,103.75973
1876.5,94.99529,82.82802,87.66052,103.73275
1877.0,94.98832,82.83223,87.65764,103.7049
1877.5,94.98113,82.83641,87.6544,103.675964
1878.0,94.973724,82.84055,87.65083,103.64757
1878.5,94.96597,82.84458,87.64688,103.62038
1879.0,94.95793,82.84848,87.64272,103.59381
1879.5,94.949905,82.85234,87.6387,103.56679
1880.0,94.94229,82.85633,87.63505,103.538704
1880.5,94.934685,82.86036,87.63129,103.51098
1881.0,94.92674,82.864265,87.627205,103.48422
1881.5,94.91849,82.868034,87.6229,103.45817
1882.0,94.9101,82.87177,87.6184,103.432724
1882.5,94.9018,82.87556,87.61391,103.4073
1883.0,94.89333,82.879295,87.60957,103.382454
1883.5,94.884735,82.882965,87.60534,103.35791
1884.0,94.876236,82.886635,87.60094,103.33284
1884.5,94.867935,82.89033,87.596634,103.30683
1885.0,94.85954,82.89392,87.59243,103.280495
1885.5,94.85101,82.89739,87.588264,103.25398
1886.0,94.842445,82.900826,87.58415,103.22728
1886.5,94.83399,82.90425,87.58024,103.19996
1887.0,94.82556,82.90761,87.57657,103.17186
1887.5,94.8172,82.9109,87.57328,103.1436
1888.0,94.80922,82.91424,87.57071,103.117455
1888.5,94.80205,82.91782,87.56921,103.0944
1889.0,94.79574,82.921715,87.568726,103.07425
1889.5,94.78981,82.92572,87.56873,103.05551
1890.0,94.78389,82.92968,87.568924,103.037346
1890.5,94.77814,82.93367,87.569435,103.020096
1891.0,94.772514,82.93771,87.57004,103.00312
1891.5,94.76627,82.94153,87.56987,102.984024
1892.0,94.75881,82.94488,87.568474,102.96148
1892.5,94.75037,82.94781,87.56618,102.936424
1893.0,94.74141,82.95055,87.56334,102.90985
1893.5,94.73207,82.95313,87.56008,102.88211
1894.0,94.72221,82.955475,87.55644,102.85374
1894.5,94.71193,82.95758,87.55263,102.82582
1895.0,94.701294,82.95948,87.548706,102.79815
1895.5,94.69014,82.9611,87.54453,102.77117
1896.0,94.67819,82.9623,87.54012,102.74545
1896.5,94.66552,82.96311,87.53603,102.72058
1897.0,94.65229,82.963585,87.53211,102.69614
1897.5,94.6386,82.96378,87.52826,102.671776
1898.0,94.6245,82.963715,87.524475,102.647575
1898.5,94.60982,82.96332,87.52092,102.62398
1899.0,94.59457,82.96259,87.5176,102.60098
1899.5,94.579575,82.96191,87.51365,102.57619
1900.0,94.56532,82.961494,87.509605,102.548515
1900.5,94.55179,82.96136,87.50657,102.52194
1901.0,94.5393,82.96165,87.50484,102.498795
1901.5,94.528404,82.96263,87.50492,102.4803
1902.0,94.51912,82.96431,87.50681,102.46637
1902.5,94.51111,82.96652,87.51019,102.45613
1903.0,94.50404,82.96911,87.51482,102.44888
1903.5,94.49779,82.972,87.52057,102.44428
1904.0,94.49238,82.975235,87.52744,102.44226
1904.5,94.4879,82.97885,87.53546,102.44285
1905.0,94.484055,82.98271,87.54432,102.445305
1905.5,94.48039,82.986626,87.55358,102.44861
1906.0,94.47662,82.99046,87.562935,102.45204
1906.5,94.472466,82.9941,87.57206,102.45489
1907.0,94.467606,82.99741,87.58064,102.45643
1907.5,94.461815,83.00028,87.5884,102.45603
1908.0,94.4552,83.002785,87.5953,102.453674
1908.5,94.44777,83.00494,87.60132,102.449265
1909.0,94.439835,83.00686,87.60682,102.44366
1909.5,94.43221,83.00892,87.61259,102.43872
1910.0,94.42548,83.0114,87.61911,102.435646
1910.5,94.41992,83.014404,87.626595,102.434906
1911.0,94.41559,83.01799,87.63503,102.43653
1911.5,94.412315,83.022064,87.644264,102.44012
1912.0,94.409615,83.02641,87.653854,102.44467
1912.5,94.406876,83.03076,87.66325,102.44886
1913.0,94.40401,83.035065,87.67233,102.45242
1913.5,94.40127,83.03945,87.68129,102.45586
1914.0,94.39843,83.043816,87.68985,102.45848
1914.5,94.39469,83.04781,87.697235,102.458405
1915.0,94.38957,83.05121,87.70317,102.45484
1915.5,94.383064,83.053986,87.70781,102.44808
1916.0,94.375435,83.05624,87.71154,102.439026
1916.5,94.36734,83.05824,87.71499,102.429245
1917.0,94.35911,83.060196,87.71833,102.41922
1917.5,94.35036,83.06191,87.72114,102.4079
1918.0,94.3411,83.063385,87.72358,102.39563
1918.5,94.33197,83.06487,87.72635,102.38415
1919.0,94.32367,83.0667,87.73018,102.375175
1919.5,94.31712,83.06929,87.73585,102.370575
1920.0,94.312325,83.07265,87.74322,102.36998
1920.5,94.30838,83.076385,87.75146,102.371445
1921.0,94.30516,83.08043,87.76051,102.37477
1921.5,94.303116,83.08499,87.7708,102.38082
1922.0,94.30208,83.09,87.78215,102.38919
1922.5,94.3017,83.09529,87.79425,102.39913
1923.0,94.30167,83.10074,87.80671,102.409874
1923.5,94.30148,83.106125,87.81899,102.420296
1924.0,94.30083,83.11128,87.83076,102.42963
1924.5,94.29944,83.11611,87.84174,102.43727
1925.0,94.29711,83.1205,87.85185,102.44292
1925.5,94.294044,83.12456,87.861275,102.44701
1926.0,94.29066,83.12846,87.87031,102.45025
1926.5,94.28728,83.13239,87.879196,102.45327
1927.0,94.284134,83.136444,87.88813,102.456535
1927.5,94.28148,83.14074,87.89734,102.46055
1928.0,94.27943,83.14532,87.906906,102.46552
1928.5,94.27802,83.1502,87.916824,102.4715
1929.0,94.27685,83.15521,87.926636,102.47739
1929.5,94.27497,83.15995,87.935455,102.48106
1930.0,94.27188,83.16417,87.9429,102.4815
1930.5,94.26762,83.16788,87.94909,102.47892
1931.0,94.26218,83.171074,87.95409,102.47343
1931.5,94.25565,83.1738,87.95794,102.46512
1932.0,94.24832,83.176186,87.960846,102.454506
1932.5,94.24042,83.178345,87.96298,102.44202
1933.0,94.23177,83.18019,87.96413,102.427
1933.5,94.222,83.181595,87.9638,102.40823
1934.0,94.21118,83.1826,87.96198,102.3855
1934.5,94.19955,83.18332,87.958984,102.3596
1935.0,94.18723,83.18375,87.95516,102.3315
1935.5,94.174484,83.18397,87.950905,102.30439
1936.0,94.16143,83.18403,87.94643,102.27785
1936.5,94.14811,83.183945,87.941765,102.25178
1937.0,94.13492,83.1839,87.93729,102.2252
1937.5,94.122475,83.18417,87.93357,102.19767
1938.0,94.110725,83.184746,87.93048,102.1719
1938.5,94.09923,83.18544,87.92751,102.14649
1939.0,94.08797,83.18628,87.92454,102.12108
1939.5,94.07679,83.187195,87.92137,102.095184
1940.0,94.065216,83.18795,87.91774,102.06801
1940.5,94.053276,83.18854,87.91372,102.04034
1941.0,94.04112,83.189064,87.90938,102.01363
1941.5,94.02893,83.1896,87.90481,101.9876
1942.0,94.01684,83.190216,87.90017,101.96183
1942.5,94.00494,83.19093,87.895546,101.93605
1943.0,93.9932,83.191765,87.890915,101.910355
1943.5,93.98159,83.19266,87.886284,101.8847
1944.0,93.969734,83.193436,87.881645,101.85964
1944.5,93.95738,83.19398,87.87737,101.83562
1945.0,93.94461,83.194305,87.8734,101.812454
1945.5,93.93163,83.19453,87.869545,101.78964
1946.0,93.91906,83.19491,87.86533,101.76584
1946.5,93.90691,83.19549,87.860794,101.74109
1947.0,93.894966,83.19614,87.85606,101.71577
1947.5,93.88321,83.19684,87.8516,101.68964
1948.0,93.87151,83.19754,87.847305,101.66308
1948.5,93.859474,83.198074,87.842766,101.6372
1949.0,93.846886,83.198326,87.83819,101.61235
1949.5,93.83378,83.198296,87.83386,101.5882
1950.0,93.82001,83.1979,87.82984,101.56485
1950.5,93.805595,83.19715,87.826126,101.54233
1951.0,93.791,83.19629,87.82244,101.51988
1951.5,93.77628,83.19534,87.818794,101.49753
1952.0,93.761116,83.19416,87.81543,101.47597
1952.5,93.745865,83.19274,87.812325,101.45513
1953.0,93.73066,83.191284,87.80921,101.43428
1953.5,93.71538,83.19,87.80579,101.412605
1954.0,93.70088,83.189095,87.80178,101.38929
1954.5,93.68707,83.188515,87.79725,101.3646
1955.0,93.67335,83.18799,87.79271,101.33993
1955.5,93.65942,83.18736,87.788414,101.31595
1956.0,93.6453,83.18666,87.78435,101.29265
1956.5,93.631134,83.18594,87.78036,101.2696
1957.0,93.61728,83.18536,87.7761,101.24584
1957.5,93.604256,83.185135,87.771645,101.21982
1958.0,93.59173,83.185104,87.76775,101.192795
1958.5,93.579056,83.18499,87.763824,101.16568
1959.0,93.56654,83.18494,87.7601,101.13915
1959.5,93.55477,83.1852,87.75716,101.114746
1960.0,93.54362,83.185715,87.75495,101.092354
1960.5,93.53293,83.18641,87.75333,101.07149
1961.0,93.522514,83.18722,87.75197,101.05137
1961.5,93.511894,83.18794,87.75031,101.030495
1962.0,93.50046,83.18832,87.747765,101.00725
1962.5,93.48821,83.188354,87.74431,100.981544
1963.0,93.47536,83.188156,87.74001,100.95537
1963.5,93.462166,83.187874,87.735374,100.93098
1964.0,93.44898,83.18764,87.73102,100.90747
1964.5,93.43603,83.18755,87.726685,100.88407
1965.0,93.42316,83.18751,87.72238,100.86074
1965.5,93.410126,83.18739,87.71826,100.83797
1966.0,93.39683,83.187164,87.71441,100.81598
1966.5,93.38327,83.1868,87.71076,100.79458
1967.0,93.3695,83.18632,87.707214,100.77345
1967.5,93.35569,83.18578,87.7036,100.75211
1968.0,93.34181,83.18521,87.70001,100.73087
1968.5,93.3278,83.18456,87.69654,100.709984
1969.0,93.313644,83.18384,87.693115,100.68923
1969.5,93.29936,83.183,87.68965,100.66832
1970.0,93.284645,83.181915,87.68631,100.64772
1970.5,93.26997,83.18076,87.682594,100.62604
1971.0,93.25554,83.179665,87.678375,100.60295
1971.5,93.24105,83.178505,87.67404,100.57952
1972.0,93.22666,83.17736,87.669556,100.55566
1972.5,93.21247,83.1763,87.66481,100.53109
1973.0,93.19845,83.17528,87.66027,100.505615
1973.5,93.18502,83.1745,87.65649,100.47951
1974.0,93.172386,83.174065,87.65348,100.4555
1974.5,93.16002,83.17376,87.65072,100.43218
1975.0,93.14731,83.173256,87.647736,100.408295
1975.5,93.133995,83.17245,87.64441,100.38351
1976.0,93.120186,83.17136,87.64086,100.35816
1976.5,93.10609,83.17009,87.63734,100.332855
1977.0,93.09186,83.16871,87.63397,100.307976
1977.5,93.077515,83.16724,87.6308,100.28358
1978.0,93.063126,83.1657,87.62787,100.2598
1978.5,93.048836,83.16418,87.62529,100.23691
1979.0,93.03397,83.16235,87.622246,100.21284
1979.5,93.019135,83.15997,87.61794,100.18696
1980.0,93.00503,83.1573,87.61344,100.16333
1980.5,92.99124,83.15453,87.60937,100.140884
1981.0,92.97779,83.151634,87.60568,100.11946
1981.5,92.96473,83.148575,87.60237,100.0991
1982.0,92.95196,83.1454,87.59941,100.07971
1982.5,92.93939,83.14218,87.59677,100.061226
1983.0,92.92693,83.139,87.59442,100.04361
1983.5,92.91431,83.13596,87.59216,100.02632
1984.0,92.90085,83.133385,87.58941,100.007675
1984.5,92.88606,83.13148,87.58567,99.98639
1985.0,92.87182,83.13022,87.58085,99.96218
1985.5,92.85883,83.129555,87.57703,99.9365
1986.0,92.846985,83.12941,87.57421,99.91352
1986.5,92.83626,83.12978,87.57239,99.89323
1987.0,92.82667,83.13067,87.57154,99.87553
1987.5,92.818016,83.131996,87.57145,99.859886
1988.0,92.81037,83.133766,87.572205,99.8465
1988.5,92.80391,83.136055,87.57403,99.83592
1989.0,92.79852,83.13882,87.576904,99.82805
1989.5,92.79414,83.14201,87.58078,99.82277
1990.0,92.79076,83.14564,87.58557,99.819824
1990.5,92.78826,83.14965,87.59111,99.81883
1991.0,92.78642,83.15395,87.59708,99.81902
1991.5,92.78489,83.15842,87.60305,99.819336
1992.0,92.78356,83.16299,87.60888,99.81941
1992.5,92.782364,83.16764,87.61451,99.819084
1993.0,92.78136,83.17239,87.620094,99.81872
1993.5,92.78078,83.17733,87.62598,99.81918
1994.0,92.780266,83.18229,87.631935,99.819855
1994.5,92.7792,83.187004,87.637474,99.81941
1995.0,92.77748,83.19143,87.64252,99.81766
1995.5,92.77546,83.19572,87.64738,99.81541
1996.0,92.77374,83.200134,87.65248,99.81379
1996.5,92.77267,83.20483,87.65807,99.813484
1997.0,92.77249,83.20989,87.664406,99.81514
1997.5,92.77359,83.2155,87.67184,99.81964
1998.0,92.77626,83.22176,87.68061,99.82759
1998.5,92.78062,83.22873,87.69079,99.83917
1999.0,92.786575,83.23638,87.70234,99.85423
1999.5,92.79395,83.24464,87.715164,99.8724
2000.0,92.80224,83.253296,87.72889,99.8927
2000.5,92.8111,83.262215,87.743225,99.91438
2001.0,92.820854,83.27153,87.75831,99.93789
2001.5,92.83178,83.281395,87.774315,99.963615
2002.0,92.843445,83.29162,87.79096,99.99081
2002.5,92.85537,83.30199,87.807884,100.018585
2003.0,92.867584,83.3125,87.825096,100.04697
2003.5,92.88027,83.32327,87.842735,100.07628
2004.0,92.893394,83.33428,87.860794,100.10643
2004.5,92.90686,83.3455,87.879166,100.13722
2005.0,92.920494,83.3568,87.89767,100.16831
2005.5,92.93395,83.36799,87.91601,100.19906
2006.0,92.94716,83.37905,87.93415,100.22935
2006.5,92.960365,83.39013,87.95234,100.259674
2007.0,92.973854,83.40136,87.97077,100.290504
2007.5,92.987915,83.4129,87.98963,100.322296
2008.0,93.00279,83.42485,88.00901,100.35532
2008.5,93.018364,83.43714,88.02879,100.38941
2009.0,93.03444,83.4497,88.0489,100.42424
2009.5,93.05092,83.462494,88.0693,100.45969
2010.0,93.06764,83.47548,88.089935,100.495514
2010.5,93.0845,83.48859,88.11075,100.53156
2011.0,93.101425,83.501785,88.131676,100.56772
2011.5,93.11843,83.515045,88.15269,100.604
2012.0,93.13582,83.52852,88.17393,100.64081
2012.5,93.15386,83.54236,88.195526,100.67847
2013.0,93.17255,83.55657,88.21748,100.71695
2013.5,93.19182,83.571144,88.23977,100.756165
2014.0,93.211586,83.585976,88.262314,100.796036
2014.5,93.23178,83.601,88.28505,100.836494
2015.0,93.252426,83.61617,88.30795,100.877594
2015.5,93.27338,83.63142,88.33094,100.919136
2016.0,93.29435,83.646645,88.35393,100.96071
2016.5,93.3154,83.661964,88.37698,101.002335
2017.0,93.33676,83.6775,88.40023,101.04432
2017.5,93.35851,83.69324,88.42366,101.08679
2018.0,93.38067,83.70918,88.4473,101.12979
2018.5,93.40321,83.725334,88.47113,101.17331
2019.0,93.42618,83.74171,88.495155,101.21733
2019.5,93.44964,83.75839,88.51944,101.26188
2020.0,93.473595,83.775406,88.54397,101.30696
2020.5,93.49789,83.79265,88.56867,101.352394
2021.0,93.52218,83.809975,88.59338,101.39768
2021.5,93.54641,83.82739,88.618095,101.44267
2022.0,93.570786,83.844986,88.64287,101.48764
2022.5,93.59534,83.862785,88.66772,101.53259
2023.0,93.61983,83.88067,88.692535,101.57719
2023.5,93.64407,83.89852,88.71724,101.62129
2024.0,93.668076,83.91632,88.74181,101.66486
2024.5,93.691895,83.93414,88.76629,101.707924
2025.0,93.71575,83.95207,88.79074,101.75078
2025.5,93.739685,83.97014,88.8152,101.79346
2026.0,93.763504,83.9882,88.83958,101.8358
2026.5,93.78702,84.006096,88.86384,101.87777
2027.0,93.810036,84.02368,88.88791,101.919266
2027.5,93.832436,84.04084,88.91176,101.96025
2028.0,93.854164,84.05755,88.93535,102.00066
2028.5,93.87524,84.07381,88.95867,102.04048
2029.0,93.89573,84.08967,88.98175,102.07979
2029.5,93.91579,84.10521,89.00465,102.11872
2030.0,93.93559,84.120514,89.02742,102.157524
2030.5,93.955246,84.13559,89.050064,102.19631
2031.0,93.974945,84.15059,89.0727,102.23532
2031.5,93.99502,84.165726,89.09549,102.27486
2032.0,94.01558,84.18106,89.11851,102.31512
2032.5,94.03662,84.196556,89.1417,102.35609
2033.0,94.058105,84.21215,89.16505,102.39775
2033.5,94.07999,84.22779,89.18848,102.440025
2034.0,94.10227,84.243484,89.212,102.482895
2034.5,94.12503,84.259285,89.23567,102.526474
2035.0,94.14833,84.27521,89.259514,102.57083
2035.5,94.17214,84.29121,89.283485,102.615944
2036.0,94.196526,84.30735,89.30765,102.66188
2036.5,94.22156,84.32372,89.33209,102.70873
2037.0,94.24707,84.340294,89.356766,102.75626
2037.5,94.272835,84.35695,89.38154,102.80412
2038.0,94.298615,84.37363,89.40633,102.851974
2038.5,94.32421,84.390274,89.43106,102.899536
2039.0,94.34936,84.406746,89.45559,102.946434
2039.5,94.37396,84.42297,89.47984,102.992546
2040.0,94.39846,84.439125,89.50402,103.03849
2040.5,94.423225,84.45543,89.528366,103.0848
2041.0,94.44834,84.47193,89.55292,103.13157
2041.5,94.47374,84.48861,89.57764,103.1787
2042.0,94.49926,84.50539,89.602455,103.22598
2042.5,94.524704,84.52216,89.627266,103.27313
2043.0,94.5498,84.53881,89.651924,103.319756
2043.5,94.57439,84.55523,89.67633,103.36565
2044.0,94.59854,84.57146,89.70052,103.41091
2044.5,94.62235,84.587524,89.72454,103.45567
2045.0,94.64592,84.60353,89.748474,103.50007
2045.5,94.669464,84.619606,89.77247,103.54438
2046.0,94.69328,84.63592,89.79667,103.589
2046.5,94.71755,84.65257,89.82116,103.63413
2047.0,94.74233,84.6696,89.84596,103.67983
2047.5,94.76764,84.687004,89.871056,103.726105
2048.0,94.79335,84.70466,89.89637,103.77286
2048.5,94.81929,84.72239,89.92179,103.81995
2049.0,94.84532,84.74013,89.94725,103.867195
2049.5,94.87154,84.757935,89.97279,103.91471
2050.0,94.89817,84.77591,89.998535,103.96283
2050.5,94.9252,84.79402,90.024445,104.01151
2051.0,94.9523,84.812164,90.05038,104.06026
2051.5,94.97926,84.83027,90.07626,104.10879
2052.0,95.00606,84.84835,90.1021,104.15703
2052.5,95.03262,84.8664,90.127846,104.20486
2053.0,95.0588,84.88435,90.15345,104.252075
2053.5,95.0846,84.902176,90.1789,104.29872
2054.0,95.11033,84.92,90.20433,104.345215
2054.5,95.13619,84.93794,90.22984,104.3918
2055.0,95.162224,84.95602,90.25545,104.43851
2055.5,95.1884,84.97418,90.28111,104.48537
2056.0,95.214775,84.99247,90.30688,104.532455
2056.5,95.2415,85.01097,90.33281,104.57991
2057.0,95.26875,85.02973,90.358986,104.62806
2057.5,95.29663,85.04871,90.38543,104.67713
2058.0,95.325165,85.06787,90.412155,104.72722
2058.5,95.35439,85.08718,90.43916,104.778435
2059.0,95.38435,85.10662,90.46646,104.83085
2059.5,95.41489,85.12613,90.49394,104.884125
2060.0,95.44556,85.14555,90.521454,104.93773
2060.5,95.47619,85.16487,90.548935,104.99138
2061.0,95.50685,85.1841,90.57637,105.04509
2061.5,95.53757,85.20321,90.60374,105.09887
2062.0,95.56845,85.2223,90.63109,105.1528
2062.5,95.59969,85.24151,90.658554,105.20711
2063.0,95.63147,85.260925,90.68617,105.26197
2063.5,95.66385,85.28055,90.71395,105.31744
2064.0,95.696915,85.30043,90.74193,105.3736
2064.5,95.73065,85.32059,90.7701,105.430435
2065.0,95.76481,85.34091,90.798416,105.4877
2065.5,95.799286,85.36135,90.82681,105.54528
2066.0,95.83419,85.38196,90.85535,105.60329
2066.5,95.86962,85.4028,90.884056,105.661835
2067.0,95.905594,85.42387,90.91293,105.72092
2067.5,95.94201,85.44505,90.9419,105.78041
2068.0,95.978714,85.46632,90.97092,105.84018
2068.5,96.015724,85.487656,91.0,105.90024
2069.0,96.053215,85.509155,91.0292,105.960785
2069.5,96.09115,85.53081,91.05851,106.02176
2070.0,96.12921,85.5525,91.08786,106.082855
2070.5,96.1672,85.57416,91.11719,106.14386
2071.0,96.20509,85.59578,91.14651,106.20475
2071.5,96.242935,85.6174,91.17583,106.26558
2072.0,96.280785,85.63904,91.205154,106.326416
2072.5,96.31859,85.660645,91.23448,106.387184
2073.0,96.3562,85.68223,91.26379,106.447754
2073.5,96.3937,85.70386,91.29314,106.50823
2074.0,96.43129,85.72557,91.32257,106.5688
2074.5,96.46911,85.74736,91.35206,106.629585
2075.0,96.50737,85.7693,91.38165,106.69079
2075.5,96.54616,85.791466,91.411415,106.752525
2076.0,96.58533,85.813805,91.44131,106.81464
2076.5,96.62473,85.83625,91.4713,106.87698
2077.0,96.66431,85.85877,91.50134,106.93951
2077.5,96.70402,85.881355,91.53144,107.00215
2078.0,96.743866,85.90404,91.561615,107.064926
2078.5,96.78388,85.92686,91.5919,107.12787
2079.0,96.82406,85.949814,91.622284,107.190956
2079.5,96.86428,85.97281,91.652695,107.25407
2080.0,96.9043,85.99574,91.683075,107.31697
2080.5,96.94409,86.018555,91.71337,107.379654
2081.0,96.98388,86.0413,91.74362,107.44228
2081.5,97.02367,86.06396,91.7738,107.50488
2082.0,97.06319,86.08641,91.80383,107.56718
2082.5,97.1023,86.108574,91.83365,107.629036
2083.0,97.14109,86.13054,91.86332,107.69054
2083.5,97.17978,86.15245,91.89295,107.75193
2084.0,97.218735,86.174515,91.92269,107.81356
2084.5,97.258064,86.19681,91.952614,107.87559
2085.0,97.297615,86.21926,91.982666,107.937836
2085.5,97.33724,86.2418,92.012794,108.00016
2086.0,97.37689,86.2644,92.04297,108.062515
2086.5,97.41652,86.28705,92.0732,108.12484
2087.0,97.456,86.309746,92.10346,108.18702
2087.5,97.49535,86.3325,92.13378,108.24908
2088.0,97.53473,86.35537,92.16419,108.31115
2088.5,97.57411,86.378365,92.19468,108.37322
2089.0,97.613235,86.40138,92.2252,108.435036
2089.5,97.65199,86.42433,92.25568,108.49649
2090.0,97.69049,86.44725,92.28615,108.557686
2090.5,97.7288,86.470184,92.316635,108.61871
2091.0,97.766914,86.49311,92.34712,108.67954
2091.5,97.80483,86.51596,92.37756,108.74017
2092.0,97.8426,86.53875,92.40798,108.80065
2092.5,97.880226,86.56149,92.43838,108.86099
2093.0,97.91771,86.58423,92.468765,108.92118
2093.5,97.95517,86.60705,92.499214,108.981346
2094.0,97.992935,86.63008,92.52979,109.04176
2094.5,98.031006,86.653336,92.56051,109.102425
2095.0,98.06906,86.67667,92.59127,109.16305
2095.5,98.10693,86.69999,92.62204,109.223495
2096.0,98.14469,86.72326,92.65279,109.283844
2096.5,98.182465,86.74647,92.683495,109.344185
2097.0,98.220474,86.76964,92.71419,109.40474
2097.5,98.258766,86.79275,92.74486,109.46556
2098.0,98.2972,86.815796,92.77549,109.52651
2098.5,98.335754,86.838844,92.80612,109.58756
2099.0,98.37441,86.86191,92.83677,109.64869
2099.5,98.41312,86.88499,92.86743,109.70985
2100.0,98.45172,86.90803,92.89807,109.7709
2100.5,98.490265,86.93102,92.92869,109.83187
2101.0,98.528984,86.954025,92.95932,109.89301
2101.5,98.567955,86.97706,92.989975,109.95439
2102.0,98.607086,87.00011,93.020645,110.01591
2102.5,98.64638,87.02323,93.05138,110.077545
2103.0,98.68596,87.046524,93.0822,110.13944
2103.5,98.72585,87.07001,93.11315,110.201584
2104.0,98.765945,87.09367,93.1442,110.26386
2104.5,98.80608,87.11748,93.17533,110.32613
2105.0,98.84604,87.141304,93.20649,110.38822
2105.5,98.88569,87.16508,93.23762,110.450005
2106.0,98.925,87.18876,93.268684,110.51148
2106.5,98.964066,87.21234,93.29971,110.57271
2107.0,99.003006,87.23585,93.330696,110.63383
2107.5,99.04183,87.25923,93.36161,110.69485
2108.0,99.080414,87.28245,93.392426,110.75563
2108.5,99.11876,87.30549,93.42315,110.81621
2109.0,99.15707,87.328476,93.45383,110.87674
2109.5,99.1955,87.35152,93.48456,110.93738
2110.0,99.23412,87.37463,93.515335,110.99819
2110.5,99.27282,87.39775,93.54612,111.05906
2111.0,99.311325,87.420746,93.57683,111.119736
2111.5,99.34961,87.443565,93.60742,111.180176
2112.0,99.38797,87.46629,93.63794,111.24066
2112.5,99.426414,87.48894,93.668396,111.301186
2113.0,99.46463,87.511406,93.698715,111.36142
2113.5,99.5026,87.5337,93.72891,111.42138
2114.0,99.54065,87.555954,93.75906,111.48139
2114.5,99.578865,87.57819,93.78922,111.541534
2115.0,99.61704,87.600365,93.819305,111.6016
2115.5,99.65511,87.62239,93.849304,111.661545
2116.0,99.69324,87.64436,93.87925,111.72153
2116.5,99.73142,87.66631,93.90919,111.78154
2117.0,99.76934,87.688156,93.93903,111.84125
2117.5,99.806816,87.70981,93.96875,111.90048
2118.0,99.8438,87.73124,93.9983,111.95918
2118.5,99.880356,87.75245,94.02767,112.0174
2119.0,99.916725,87.77356,94.056984,112.075424
2119.5,99.95317,87.794754,94.08636,112.133514
2120.0,99.98986,87.81614,94.11589,112.19188
2120.5,100.02688,87.837776,94.145645,112.25061
2121.0,100.064125,87.85961,94.17555,112.3096
2121.5,100.10147,87.88151,94.205505,112.36868
2122.0,100.13892,87.90342,94.23547,112.42784
2122.5,100.176384,87.92534,94.26544,112.48699
2123.0,100.21358,87.94718,94.29536,112.54586
2123.5,100.250435,87.96894,94.32522,112.60437
2124.0,100.28708,87.99064,94.35504,112.66265
2124.5,100.32363,88.01233,94.38486,112.720825
2125.0,100.36026,88.034035,94.41469,112.77907
2125.5,100.39704,88.05578,94.44455,112.83745
2126.0,100.43392,88.07754,94.47443,112.89592
2126.5,100.470795,88.09928,94.504295,112.954346
2127.0,100.5074,88.12094,94.5341,113.01249
2127.5,100.54377,88.142555,94.56389,113.070404
2128.0,100.58026,88.164276,94.593765,113.128456
2128.5,100.61699,88.18618,94.62379,113.186775
2129.0,100.6538,88.208244,94.65396,113.245224
2129.5,100.69058,88.23048,94.684265,113.30369
2130.0,100.72727,88.25286,94.71471,113.3621
2130.5,100.763794,88.27539,94.74527,113.42038
2131.0,100.800026,88.29802,94.77592,113.47841
2131.5,100.83576,88.32072,94.80649,113.535706
2132.0,100.870834,88.34339,94.83682,113.59181
2132.5,100.90532,88.36598,94.86693,113.646935
2133.0,100.9396,88.38854,94.89698,113.70175
2133.5,100.973976,88.4111,94.92709,113.7568
2134.0,101.0087,88.433685,94.95737,113.812485
2134.5,101.04383,88.45634,94.98779,113.868805
2135.0,101.07933,88.47906,95.01835,113.925644
2135.5,101.11512,88.50188,95.04902,113.982864
2136.0,101.15105,88.52479,95.079796,114.04031
2136.5,101.18713,88.54784,95.110695,114.09795
2137.0,101.22354,88.571106,95.141754,114.15592
2137.5,101.26025,88.5946,95.17296,114.21418
2138.0,101.29698,88.61823,95.204254,114.27244
2138.5,101.33357,88.641975,95.235466,114.330185
2139.0,101.370026,88.665794,95.26661,114.38751
2139.5,101.40648,88.68961,95.29775,114.44482
2140.0,101.44321,88.71348,95.32901,114.50255
2140.5,101.480316,88.73746,95.3604,114.56076
2141.0,101.51774,88.76153,95.39189,114.61934
2141.5,101.55548,88.78568,95.42347,114.67826
2142.0,101.59367,88.80998,95.455154,114.73762
2142.5,101.63243,88.8345,95.48697,114.79744
2143.0,101.67181,88.859245,95.518906,114.85777
2143.5,101.711716,88.88412,95.550934,114.91859
2144.0,101.75197,88.90902,95.58299,114.97973
2144.5,101.79253,88.9339,95.61505,115.041176
2145.0,101.83352,88.95882,95.647156,115.10303
2145.5,101.87494,88.98385,95.67932,115.16524
2146.0,101.916466,89.00894,95.71153,115.22752
2146.5,101.958,89.03406,95.74375,115.289795
2147.0,101.99964,89.059204,95.776,115.35216
2147.5,102.041504,89.084404,95.80828,115.4147
2148.0,102.08378,89.10973,95.84063,115.4776
2148.5,102.12655,89.13524,95.873085,115.540886
2149.0,102.16984,89.16094,95.90563,115.60455
2149.5,102.21352,89.186844,95.93826,115.66847
2150.0,102.25737,89.21289,95.97094,115.73242
2150.5,102.301346,89.23909,96.00367,115.796326
2151.0,102.345535,89.26546,96.03645,115.860306
2151.5,102.389885,89.29192,96.069275,115.92433
2152.0,102.43414,89.31845,96.10212,115.988205
2152.5,102.47815,89.34502,96.134964,116.05176
2153.0,102.52173,89.37156,96.167786,116.11489
2153.5,102.56491,89.39802,96.20058,116.17769
2154.0,102.6079,89.42439,96.233345,116.24037
2154.5,102.65087,89.45066,96.26609,116.3031
2155.0,102.69387,89.476845,96.29883,116.36596
2155.5,102.73688,89.50294,96.33156,116.42891
2156.0,102.779724,89.528915,96.36425,116.49179
2156.5,102.822426,89.55481,96.39693,116.5546
2157.0,102.865234,89.580696,96.42962,116.61754
2157.5,102.90831,89.606636,96.46236,116.68072
2158.0,102.95177,89.63266,96.49514,116.744194
2158.5,102.9956,89.658806,96.527985,116.807976
2159.0,103.03979,89.685074,96.560875,116.87198
2159.5,103.08422,89.71147,96.5938,116.93609
2160.0,103.12869,89.737976,96.62676,117.000114
2160.5,103.17322,89.764626,96.65976,117.06403
2161.0,103.21799,89.79145,96.69281,117.128006
2161.5,103.26295,89.818405,96.7259,117.19203
2162.0,103.307816,89.84543,96.758995,117.25587
2162.5,103.352425,89.87251,96.7921,117.31934
2163.0,103.396675,89.89964,96.82518,117.38237
2163.5,103.44056,89.92679,96.85823,117.44495
2164.0,103.48413,89.95394,96.89128,117.507195
2164.5,103.52756,89.981064,96.92433,117.56937
2165.0,103.57113,90.00823,96.957405,117.631615
2165.5,103.61487,90.035515,96.99049,117.693855
2166.0,103.65851,90.06289,97.023575,117.75585
2166.5,103.70197,90.09033,97.056656,117.81756
2167.0,103.74533,90.11781,97.08974,117.87908
2167.5,103.78869,90.1453,97.122826,117.94058
2168.0,103.83214,90.17279,97.155914,118.002174
2168.5,103.87579,90.20029,97.189026,118.06395
2169.0,103.91972,90.2278,97.222176,118.12601
2169.5,103.96394,90.25533,97.255356,118.18837
2170.0,104.008415,90.28289,97.28856,118.250916
2170.5,104.053024,90.310524,97.32178,118.31348
2171.0,104.097664,90.338196,97.354996,118.37601
2171.5,104.1424,90.36586,97.38823,118.43864
2172.0,104.187485,90.39356,97.42151,118.5016
2172.5,104.23294,90.42128,97.454834,118.564964
2173.0,104.278564,90.449005,97.48819,118.62852
2173.5,104.324135,90.47672,97.521545,118.69203
2174.0,104.369446,90.50439,97.55488,118.75532
2174.5,104.41437,90.53195,97.588196,118.81832
2175.0,104.45883,90.55938,97.62149,118.88105
2175.5,104.50282,90.586624,97.65474,118.94349
2176.0,104.5464,90.61374,97.68795,119.00568
2176.5,104.589676,90.64081,97.721146,119.0676
2177.0,104.63269,90.66789,97.754326,119.1292
2177.5,104.67546,90.695015,97.7875,119.19049
2178.0,104.71795,90.72213,97.82065,119.25146
2178.5,104.76011,90.74918,97.85377,119.31214
2179.0,104.801956,90.77616,97.88686,119.372574
2179.5,104.8435,90.80309,97.91993,119.43274
2180.0,104.8848,90.83,97.95299,119.49266
2180.5,104.925835,90.85687,97.986015,119.55232
2181.0,104.966484,90.883705,98.01902,119.61162
2181.5,105.006836,90.91055,98.05201,119.67059
2182.0,105.047226,90.9375,98.08502,119.729485
2182.5,105.0877,90.96454,98.11806,119.788345
2183.0,105.12801,90.99154,98.15108,119.847084
2183.5,105.16807,91.01841,98.18406,119.90568
2184.0,105.20792,91.04513,98.21702,119.964195
2184.5,105.24763,91.07171,98.24995,120.02273
2185.0,105.28729,91.098145,98.282875,120.081375
2185.5,105.32699,91.124466,98.315796,120.1402
2186.0,105.36681,91.1507,98.34872,120.19923
2186.5,105.40682,91.17693,98.38166,120.25846
2187.0,105.44701,91.20319,98.414635,120.317856
2187.5,105.48729,91.22948,98.44764,120.37733
2188.0,105.52743,91.25572,98.48063,120.43669
2188.5,105.56736,91.28185,98.51359,120.495926
2189.0,105.60724,91.30795,98.54653,120.55513
2189.5,105.64707,91.33405,98.57949,120.61429
2190.0,105.686676,91.360085,98.61242,120.67326
2190.5,105.72591,91.385956,98.645294,120.73197
2191.0,105.76462,91.411606,98.67797,120.79004
2191.5,105.80279,91.43703,98.71041,120.84736
2192.0,105.840614,91.46225,98.74271,120.90429
2192.5,105.87821,91.487274,98.77492,120.96107
2193.0,105.915665,91.51216,98.807076,121.01779
2193.5,105.95315,91.537,98.839264,121.07463
2194.0,105.99092,91.56193,98.871574,121.1319
2194.5,106.02901,91.587,98.90402,121.18956
2195.0,106.06721,91.61218,98.93654,121.24727
2195.5,106.10533,91.63749,98.969,121.304596
2196.0,106.14336,91.66291,99.00138,121.36146
2196.5,106.18123,91.68847,99.03365,121.41769
2197.0,106.21887,91.71398,99.06582,121.47352
2197.5,106.25625,91.73916,99.0979,121.52935
2198.0,106.2932,91.76386,99.12985,121.58515
2198.5,106.32968,91.788055,99.16162,121.640816
2199.0,106.36571,91.81179,99.19321,121.69624
2199.5,106.4013,91.8352,99.22461,121.751335
2200.0,106.43647,91.85833,99.25584,121.80598
2200.5,106.47131,91.88125,99.286934,121.8603
2201.0,106.50612,91.90409,99.318016,121.91467
2201.5,106.541,91.92695,99.349144,121.96916
2202.0,106.57587,91.94981,99.380264,122.02362
2202.5,106.61078,91.97266,99.41141,122.07815
2203.0,106.64594,91.99557,99.44267,122.13309
2203.5,106.68155,92.01864,99.47412,122.18861
2204.0,106.71773,92.04198,99.50578,122.24475
2204.5,106.754425,92.065605,99.53766,122.30144
2205.0,106.791306,92.0894,99.56967,122.358345
2205.5,106.828156,92.11326,99.60174,122.41525
2206.0,106.864845,92.137115,99.633766,122.47188
2206.5,106.90144,92.161026,99.66574,122.528244
2207.0,106.93832,92.185165,99.69784,122.58475
2207.5,106.97553,92.20972,99.73004,122.64123
2208.0,107.01285,92.234665,99.762215,122.69715
2208.5,107.05017,92.25989,99.79434,122.752525
2209.0,107.08765,92.28531,99.826515,122.80786
2209.5,107.12526,92.31078,99.858765,122.86337
2210.0,107.16279,92.33626,99.89097,122.918724
2210.5,107.200195,92.36174,99.92312,122.9738
2211.0,107.23766,92.38721,99.955315,123.029015
2211.5,107.27513,92.41258,99.98753,123.08441
2212.0,107.31229,92.43781,100.01963,123.13943
2212.5,107.34892,92.46288,100.05148,123.19357
2213.0,107.38491,92.48773,100.08303,123.24667
2213.5,107.42035,92.51231,100.11435,123.29907
2214.0,107.45553,92.53666,100.14558,123.35137
2214.5,107.490715,92.56087,100.17686,123.40398
2215.0,107.52617,92.58513,100.20827,123.45705
2215.5,107.56185,92.609665,100.23974,123.51005
2216.0,107.5974,92.6344,100.27107,123.56226
2216.5,107.63277,92.65918,100.30228,123.61393
2217.0,107.66818,92.68395,100.33353,123.665726
2217.5,107.703735,92.70867,100.364876,123.71799
2218.0,107.73941,92.73332,100.39633,123.7707
2218.5,107.77532,92.75795,100.427925,123.82397
2219.0,107.81163,92.782616,100.45974,123.8781
2219.5,107.848465,92.80734,100.49182,123.93324
2220.0,107.88581,92.83212,100.524124,123.989296
2220.5,107.923546,92.856926,100.55658,124.04599
2221.0,107.96138,92.88168,100.589096,124.10301
2221.5,107.999275,92.90639,100.621666,124.16023
2222.0,108.0374,92.93114,100.65431,124.21775
2222.5,108.07573,92.95599,100.68704,124.27548
2223.0,108.11401,92.98088,100.71979,124.333176
2223.5,108.152245,93.00576,100.752556,124.39084
2224.0,108.19064,93.03071,100.78538,124.44865
2224.5,108.22922,93.05576,100.81824,124.50657
2225.0,108.2678,93.0809,100.85114,124.564445
2225.5,108.30633,93.10612,100.88408,124.62224
2226.0,108.344925,93.13148,100.917076,124.68001
2226.5,108.3835,93.15699,100.950035,124.73743
2227.0,108.42177,93.1826,100.98281,124.793945
2227.5,108.459595,93.20824,101.01532,124.84938
2228.0,108.49695,93.23384,101.04758,124.9038
2228.5,108.534004,93.259415,101.079666,124.957535
2229.0,108.571075,93.28499,101.11177,125.011314
2229.5,108.60818,93.31056,101.1439,125.06515
2230.0,108.64496,93.33605,101.17586,125.11841
2230.5,108.68131,93.3614,101.20761,125.170944
2231.0,108.7173,93.38654,101.23923,125.22309
2231.5,108.753136,93.41143,101.27084,125.27544
2232.0,108.78912,93.436226,101.30257,125.32834
2232.5,108.825424,93.461136,101.33444,125.38171
2233.0,108.86209,93.48621,101.366486,125.43555
2233.5,108.89916,93.51143,101.39873,125.49004
2234.0,108.93669,93.536736,101.431206,125.54536
2234.5,108.97472,93.56213,101.46389,125.60151
2235.0,109.01334,93.58766,101.496765,125.65844
2235.5,109.05262,93.613365,101.52982,125.7161
2236.0,109.09257,93.63924,101.563034,125.77445
2236.5,109.13313,93.66525,101.59637,125.83342
2237.0,109.17424,93.691414,101.62981,125.892876
2237.5,109.21582,93.71776,101.66334,125.952705
2238.0,109.25784,93.74426,101.69695,126.01289
2238.5,109.30019,93.77083,101.73064,126.073395
2239.0,109.34272,93.7974,101.764336,126.13406
2239.5,109.385284,93.824036,101.79806,126.19474
2240.0,109.427795,93.85069,101.831795,126.25533
2240.5,109.470245,93.87734,101.86554,126.315865
2241.0,109.51273,93.904,101.8993,126.37645
2241.5,109.555244,93.930664,101.93306,126.437035
2242.0,109.5976,93.95731,101.96682,126.49746
2242.5,109.639786,93.98398,102.00057,126.557686
2243.0,109.68195,94.01068,102.03433,126.617836
2243.5,109.72411,94.03738,102.0681,126.67799
2244.0,109.7662,94.064026,102.10186,126.7381
2244.5,109.80811,94.0906,102.1356,126.798096
2245.0,109.84974,94.11705,102.1693,126.85789
2245.5,109.891106,94.14337,102.20295,126.9175
2246.0,109.93239,94.16963,102.23658,126.97709
2246.5,109.97376,94.1959,102.27023,127.036736
2247.0,110.01538,94.222244,102.303925,127.096596
2247.5,110.05733,94.24866,102.33766,127.15674
2248.0,110.09966,94.27516,102.37145,127.21717
2248.5,110.14235,94.30176,102.4053,127.27791
2249.0,110.18536,94.32846,102.439186,127.33886
2249.5,110.22869,94.35532,102.47313,127.399956
2250.0,110.27242,94.38238,102.507126,127.46124
2250.5,110.31648,94.40957,102.541176,127.52272
2251.0,110.36072,94.43682,102.57524,127.58429
2251.5,110.40501,94.46408,102.60932,127.64591
2252.0,110.44924,94.491325,102.64341,127.70748
2252.5,110.49345,94.51861,102.6775,127.76897
2253.0,110.537766,94.54598,102.71163,127.83048
2253.5,110.58221,94.57347,102.74577,127.891945
2254.0,110.62664,94.60106,102.779915,127.95323
2254.5,110.67104,94.628746,102.81406,128.01434
2255.0,110.715546,94.65652,102.848206,128.07541
2255.5,110.76009,94.68429,102.88237,128.13654
2256.0,110.80446,94.71202,102.91654,128.19754
2256.5,110.84866,94.73975,102.95069,128.25833
2257.0,110.892975,94.76755,102.984856,128.31915
2257.5,110.9375,94.79539,103.01904,128.38014
2258.0,110.98218,94.82323,103.05326,128.4413
2258.5,111.02694,94.85104,103.087494,128.50261
2259.0,111.071686,94.878784,103.12174,128.564
2259.5,111.116394,94.90642,103.15599,128.62552
2260.0,111.16121,94.93401,103.190254,128.68721
2260.5,111.20608,94.96162,103.22454,128.74893
2261.0,111.25084,94.98921,103.25883,128.81058
2261.5,111.29538,95.016716,103.29308,128.87207
2262.0,111.33961,95.04408,103.327324,128.93341
2262.5,111.38356,95.07128,103.36153,128.99466
2263.0,111.427376,95.09834,103.39569,129.0559
2263.5,111.47116,95.12532,103.42984,129.11717
2264.0,111.51496,95.15223,103.464,129.17853
2264.5,111.55879,95.17909,103.49814,129.23996
2265.0,111.602715,95.20595,103.53229,129.30148
2265.5,111.6468,95.23288,103.56648,129.36311
2266.0,111.6912,95.2599,103.60073,129.42497
2266.5,111.73583,95.28697,103.635,129.48705
2267.0,111.78037,95.31398,103.669266,129.54907
2267.5,111.82471,95.34087,103.70348,129.611
2268.0,111.86892,95.367676,103.7377,129.67287
2268.5,111.913,95.394424,103.771904,129.73466
2269.0,111.956825,95.421135,103.806076,129.79619
2269.5,112.00034,95.44785,103.84024,129.8574
2270.0,112.04357,95.47456,103.8744,129.91832
2270.5,112.08649,95.501236,103.90852,129.97891
2271.0,112.12906,95.52784,103.94262,130.03922
2271.5,112.17121,95.55434,103.97667,130.09915
2272.0,112.21282,95.58065,104.01063,130.15865
2272.5,112.25394,95.60674,104.04451,130.2178
2273.0,112.294785,95.632706,104.07834,130.27678
2273.5,112.33561,95.65868,104.11218,130.3357
2274.0,112.37669,95.6848,104.14609,130.39478
2274.5,112.41805,95.71109,104.18006,130.45401
2275.0,112.45954,95.737495,104.21407,130.51328
2275.5,112.5011,95.763954,104.248116,130.57257
2276.0,112.54288,95.79049,104.2822,130.63203
2276.5,112.58503,95.81716,104.316345,130.69174
2277.0,112.62766,95.844,104.350555,130.75179
2277.5,112.67069,95.87097,104.38483,130.81212
2278.0,112.71386,95.89802,104.419136,130.8725
2278.5,112.75713,95.925156,104.45347,130.93288
2279.0,112.80073,95.9524,104.48784,130.99347
2279.5,112.844696,95.979675,104.52224,131.0544
2280.0,112.88885,96.006966,104.55667,131.11554
2280.5,112.93306,96.03425,104.59111,131.17673
2281.0,112.97718,96.0615,104.62555,131.23787
2281.5,113.02105,96.08867,104.659966,131.2988
2282.0,113.06451,96.11571,104.69433,131.35942
2282.5,113.10747,96.14262,104.72865,131.41966
2283.0,113.150024,96.16944,104.762924,131.47955
2283.5,113.192345,96.19625,104.79719,131.53918
2284.0,113.23469,96.22316,104.83147,131.59875
2284.5,113.27716,96.25022,104.86579,131.65828
2285.0,113.319756,96.27743,104.90013,131.71773
2285.5,113.36249,96.304726,104.9345,131.77722
2286.0,113.40543,96.33213,104.968895,131.83675
2286.5,113.44857,96.35968,105.00331,131.89629
2287.0,113.49187,96.38739,105.03775,131.9558
2287.5,113.53526,96.415245,105.07221,132.01518
2288.0,113.57864,96.443245,105.10669,132.07433
2288.5,113.62203,96.47142,105.14116,132.13324
2289.0,113.665596,96.49978,105.17565,132.19205
2289.5,113.70947,96.52829,105.21016,132.25093
2290.0,113.75381,96.55695,105.244705,132.31003
2290.5,113.79867,96.585754,105.27929,132.36945
2291.0,113.84405,96.614716,105.313896,132.4291
2291.5,113.89001,96.6439,105.34852,132.48894
2292.0,113.93658,96.67329,105.38313,132.54893
2292.5,113.98379,96.70285,105.41776,132.60924
2293.0,114.031555,96.73251,105.452415,132.6699
2293.5,114.079704,96.76219,105.4871,132.73094
2294.0,114.12791,96.7918,105.5218,132.79218
2294.5,114.17593,96.82132,105.556526,132.85344
2295.0,114.22361,96.85072,105.59125,132.9146
2295.5,114.27102,96.88004,105.625984,132.97563
2296.0,114.318405,96.90931,105.66075,133.03676
2296.5,114.36579,96.93849,105.69552,133.09805
2297.0,114.41295,96.96757,105.73031,133.15932
2297.5,114.459816,96.996574,105.76509,133.22041
2298.0,114.50647,97.02556,105.79988,133.28134
2298.5,114.55298,97.05454,105.83466,133.3421
2299.0,114.59932,97.08349,105.869446,133.40276
2299.5,114.64559,97.11238,105.904236,133.46342
2300.0,114.69189,97.141205,105.93903,133.52423
2300.5,114.73836,97.16997,105.973854,133.58533
2301.0,114.785126,97.198715,106.0087,133.64674
2301.5,114.83213,97.227486,106.043564,133.70837
2302.0,114.87914,97.25626,106.07843,133.76999
2302.5,114.92613,97.28509,106.11331,133.83151
2303.0,114.97328,97.31398,106.14821,133.89307
2303.5,115.02073,97.34298,106.18311,133.95476
2304.0,115.06861,97.37206,106.21804,134.01672
2304.5,115.11694,97.40118,106.25298,134.0791
2305.0,115.16562,97.43027,106.28796,134.14189
2305.5,115.21452,97.45929,106.32297,134.20511
2306.0,115.2635,97.48821,106.35802,134.26862
2306.5,115.31253,97.517105,106.393074,134.33224
2307.0,115.36183,97.54603,106.42815,134.39609
2307.5,115.41147,97.57498,106.46324,134.46025
2308.0,115.46137,97.60397,106.49834,134.5246
2308.5,115.51153,97.63304,106.53343,134.58904
2309.0,115.56201,97.6622,106.56851,134.6536
2309.5,115.61288,97.691444,106.6036,134.71837
2310.0,115.66412,97.72073,106.63867,134.78343
2310.5,115.71564,97.75002,106.67377,134.8488
2311.0,115.767136,97.77926,106.708885,134.91429
2311.5,115.818535,97.80846,106.74402,134.97977
2312.0,115.86989,97.83768,106.779144,135.04512
2312.5,115.92115,97.86695,106.81426,135.11023
2313.0,115.972176,97.89628,106.84937,135.17494
2313.5,116.02296,97.92564,106.884476,135.23933
2314.0,116.07365,97.955,106.919586,135.30357
2314.5,116.12432,97.98434,106.954704,135.36789
2315.0,116.17503,98.01365,106.98984,135.4323
2315.5,116.22569,98.04295,107.02498,135.49669
2316.0,116.27612,98.07221,107.060135,135.56091
2316.5,116.326164,98.1014,107.0953,135.62488
2317.0,116.375694,98.13049,107.13047,135.68848
2317.5,116.42469,98.15948,107.165634,135.75172
2318.0,116.473236,98.188354,107.2008,135.81468
2318.5,116.52148,98.21711,107.23598,135.87755
2319.0,116.56965,98.245804,107.27117,135.94048
2319.5,116.617836,98.27449,107.30636,136.0034
2320.0,116.66596,98.303185,107.34155,136.06625
2320.5,116.71403,98.33187,107.37674,136.129
2321.0,116.76207,98.360535,107.411934,136.19177
2321.5,116.810135,98.38912,107.44716,136.25475
2322.0,116.85821,98.41763,107.4824,136.31787
2322.5,116.90621,98.44606,107.51765,136.38109
2323.0,116.954025,98.47442,107.55291,136.44421
2323.5,117.0016,98.50277,107.58817,136.50711
2324.0,117.048935,98.53114,107.62341,136.56966
2324.5,117.09597,98.55957,107.65862,136.6318
2325.0,117.14263,98.58804,107.69382,136.69344
2325.5,117.18885,98.61656,107.72898,136.7545
2326.0,117.2346,98.645096,107.76412,136.81505
2326.5,117.27983,98.67358,107.79924,136.87514
2327.0,117.32447,98.70194,107.83433,136.93478
2327.5,117.368576,98.73016,107.86938,136.99406
2328.0,117.41234,98.75829,107.904396,137.05312
2328.5,117.455925,98.786385,107.93941,137.11201
2329.0,117.49947,98.81449,107.97442,137.17084
2329.5,117.54307,98.84265,108.009445,137.22963
2330.0,117.58672,98.87085,108.04447,137.28842
2330.5,117.630424,98.89907,108.079506,137.34723
2331.0,117.67415,98.92728,108.114555,137.40608
2331.5,117.71778,98.9554,108.14959,137.46494
2332.0,117.7611,98.9834,108.1846,137.52362
2332.5,117.80411,99.01132,108.2196,137.58208
2333.0,117.84702,99.03922,108.254585,137.64049
2333.5,117.88999,99.06708,108.2896,137.699
2334.0,117.93307,99.09491,108.32464,137.7577
2334.5,117.97638,99.12274,108.359695,137.81667
2335.0,118.02012,99.15061,108.39481,137.87608
2335.5,118.06441,99.1785,108.42999,137.93605
2336.0,118.10928,99.20645,108.46523,137.99658
2336.5,118.15463,99.23449,108.50052,138.05746
2337.0,118.20005,99.26258,108.535805,138.11836
2337.5,118.24546,99.290695,108.57109,138.1792
2338.0,118.291,99.31886,108.606384,138.24004
2338.5,118.33669,99.34712,108.641685,138.30089
2339.0,118.38244,99.37542,108.67698,138.36168
2339.5,118.42812,99.403725,108.71228,138.42238
2340.0,118.47359,99.43198,108.74757,138.48294
2340.5,118.51872,99.46008,108.78284,138.54335
2341.0,118.56339,99.488,108.81808,138.60355
2341.5,118.60752,99.51566,108.85327,138.66348
2342.0,118.651054,99.54307,108.88839,138.7231
2342.5,118.694046,99.57021,108.92343,138.7824
2343.0,118.73665,99.5972,108.958435,138.84145
2343.5,118.779076,99.624146,108.99342,138.90039
2344.0,118.82156,99.65112,109.028435,138.95937
2344.5,118.86425,99.67815,109.063484,139.01852
2345.0,118.907234,99.70525,109.09858,139.07793
2345.5,118.950615,99.732506,109.133736,139.13757
2346.0,118.99446,99.7599,109.168945,139.19753
2346.5,119.03886,99.78743,109.20422,139.25795
2347.0,119.08388,99.81504,109.23956,139.31894
2347.5,119.12942,99.842705,109.27496,139.38045
2348.0,119.175125,99.87037,109.31038,139.44212
2348.5,119.22094,99.898056,109.3458,139.50389
2349.0,119.26701,99.92582,109.38127,139.56581
2349.5,119.31347,99.953674,109.41677,139.62804
2350.0,119.36039,99.981606,109.45232,139.69066
2350.5,119.40778,100.009605,109.4879,139.7537
2351.0,119.455635,100.0377,109.52352,139.81711
2351.5,119.50382,100.06585,109.559166,139.88078
2352.0,119.552124,100.09403,109.59482,139.94456
2352.5,119.600365,100.1222,109.63049,140.00829
2353.0,119.64836,100.15032,109.666145,140.0718
2353.5,119.69611,100.17838,109.70179,140.13512
2354.0,119.743835,100.206436,109.73744,140.19844
2354.5,119.7917,100.2345,109.77311,140.26189
2355.0,119.83986,100.262596,109.8088,140.32562
2355.5,119.88822,100.2907,109.84452,140.38956
2356.0,119.93649,100.31876,109.88023,140.45346
2356.5,119.984566,100.34677,109.91594,140.51723
2357.0,120.032524,100.374725,109.95163,140.58093
2357.5,120.08034,100.402626,109.98732,140.64453
2358.0,120.12787,100.430466,110.02299,140.7079
2358.5,120.175125,100.45823,110.05863,140.77104
2359.0,120.22222,100.48595,110.09428,140.83408
2359.5,120.26922,100.513626,110.129906,140.89702
2360.0,120.31606,100.54126,110.16553,140.95985
2360.5,120.36271,100.56884,110.20113,141.02252
2361.0,120.40908,100.59636,110.23672,141.08493
2361.5,120.45515,100.62379,110.27228,141.1471
2362.0,120.50093,100.65115,110.307816,141.20903
2362.5,120.546486,100.67847,110.34332,141.27075
2363.0,120.591866,100.705734,110.37882,141.33235
2363.5,120.6372,100.732956,110.41433,141.39394
2364.0,120.682655,100.7602,110.44985,141.45566
2364.5,120.72821,100.787445,110.48539,141.51746
2365.0,120.77361,100.814674,110.52092,141.57913
2365.5,120.81888,100.84188,110.55645,141.64066
2366.0,120.864174,100.86908,110.59198,141.70224
2366.5,120.90967,100.896324,110.62754,141.76402
2367.0,120.95551,100.92362,110.663155,141.82611
2367.5,121.0018,100.951004,110.69881,141.88861
2368.0,121.048546,100.978455,110.73451,141.95152
2368.5,121.095634,101.00598,110.77026,142.01476
2369.0,121.142876,101.03352,110.80602,142.07812
2369.5,121.190285,101.06108,110.84181,142.14166
2370.0,121.23807,101.0887,110.87765,142.20555
2370.5,121.28618,101.11637,110.91351,142.26976
2371.0,121.334366,101.14404,110.949394,142.33408
2371.5,121.38257,101.1717,110.98529,142.39844
2372.0,121.430954,101.19936,111.02121,142.463
2372.5,121.479485,101.22701,111.05714,142.5278
2373.0,121.52797,101.25455,111.093056,142.59267
2373.5,121.57639,101.28195,111.12896,142.65765
2374.0,121.624886,101.30925,111.164856,142.72292
2374.5,121.673416,101.33643,111.20075,142.78839
2375.0,121.72177,101.36344,111.23661,142.85385
2375.5,121.76988,101.39025,111.27241,142.9193
2376.0,121.8179,101.4169,111.30817,142.98482
2376.5,121.865974,101.44344,111.34393,143.05057
2377.0,121.91435,101.46999,111.37973,143.11673
2377.5,121.96301,101.49663,111.41557,143.18318
2378.0,122.01174,101.52333,111.45146,143.24962
2378.5,122.06042,101.550064,111.48734,143.31589
2379.0,122.10896,101.57683,111.523224,143.38194
2379.5,122.15738,101.60357,111.55909,143.44785
2380.0,122.20577,101.63028,111.59496,143.51375
2380.5,122.25409,101.65694,111.63082,143.57962
2381.0,122.30222,101.68349,111.66664,143.6454
2381.5,122.35018,101.709915,111.70243,143.71106
2382.0,122.398056,101.736275,111.73819,143.77672
2382.5,122.441956,101.759026,111.77232,143.83868
2383.0,122.48664,101.78274,111.80687,143.90129
2383.5,122.531784,101.80713,111.84171,143.96422
2384.0,122.57733,101.832054,111.8768,144.02745
2384.5,122.62321,101.85742,111.91206,144.09085
2385.0,122.669304,101.88314,111.947464,144.15433
2385.5,122.71567,101.90919,111.983,144.21788
2386.0,122.76243,101.93551,112.018654,144.28174
2386.5,122.80953,101.96198,112.0544,144.34592
2387.0,122.8567,101.988495,112.09016,144.41019
2387.5,122.903755,102.014984,112.12592,144.47438
2388.0,122.95054,102.041374,112.16165,144.53836
2388.5,122.99705,102.067635,112.19732,144.60213
2389.0,123.04338,102.0938,112.232956,144.66579
2389.5,123.08958,102.11991,112.26858,144.72932
2390.0,123.13558,102.145996,112.304184,144.79265
2390.5,123.18136,102.172104,112.33978,144.85565
2391.0,123.22687,102.198265,112.37538,144.91826
2391.5,123.27223,102.22454,112.410995,144.98059
2392.0,123.31772,102.25099,112.446686,145.04286
2392.5,123.36348,102.27767,112.48247,145.10522
2393.0,123.40957,102.304565,112.51831,145.16772
2393.5,123.456024,102.33165,112.55423,145.23042
2394.0,123.5029,102.358925,112.59022,145.29338
2394.5,123.55025,102.38638,112.62625,145.35663
2395.0,123.598145,102.41401,112.66235,145.42027
2395.5,123.64652,102.441765,112.69851,145.4843
2396.0,123.695145,102.46959,112.734695,145.54855
2396.5,123.744026,102.49747,112.77091,145.61302
2397.0,123.79328,102.52546,112.80717,145.67778
2397.5,123.84287,102.55358,112.843445,145.74269
2398.0,123.89257,102.58179,112.879715,145.80757
2398.5,123.94229,102.610016,112.91601,145.87244
2399.0,123.99207,102.63826,112.95229,145.93735
2399.5,124.04189,102.66652,112.988594,146.00224
2400.0,124.09165,102.69476,113.0249,146.06712
2400.5,124.141335,102.72293,113.061226,146.13208
2401.0,124.19097,102.75103,113.09757,146.19714
2401.5,124.24062,102.77909,113.133934,146.26228
2402.0,124.29036,102.80713,113.1703,146.3276
2402.5,124.340126,102.8351,113.20669,146.39311
2403.0,124.3898,102.86295,113.24306,146.45868
2403.5,124.43935,102.89072,113.27941,146.52423
2404.0,124.48881,102.918434,113.31577,146.58974
2404.5,124.53825,102.94618,113.35216,146.6552
2405.0,124.58781,102.974,113.38855,146.72069
2405.5,124.63751,103.00187,113.42497,146.78625
2406.0,124.68736,103.02976,113.461395,146.85197
2406.5,124.737236,103.05763,113.49784,146.91777
2407.0,124.7869,103.085434,113.53427,146.98341
2407.5,124.83631,103.1132,113.570694,147.04877
2408.0,124.88564,103.141,113.60711,147.11394
2408.5,124.93494,103.168884,113.643524,147.1789
2409.0,124.98423,103.19684,113.67993,147.24368
2409.5,125.033485,103.224815,113.71634,147.30835
2410.0,125.082634,103.25278,113.75275,147.37292
2410.5,125.131676,103.2807,113.78916,147.43744
2411.0,125.18064,103.30855,113.825584,147.50197
2411.5,125.229515,103.336296,113.86199,147.56654
2412.0,125.278244,103.363945,113.898384,147.6311
2412.5,125.326836,103.391495,113.93475,147.69562
2413.0,125.3753,103.41901,113.97112,147.76004
2413.5,125.42379,103.44656,114.00752,147.82443
2414.0,125.47255,103.47425,114.04394,147.88893
2414.5,125.521675,103.5021,114.08039,147.95361
2415.0,125.57119,103.53012,114.116875,148.01846
2415.5,125.620995,103.558334,114.15337,148.0833
2416.0,125.670876,103.5867,114.18987,148.1479
2416.5,125.720505,103.61515,114.226364,148.21202
2417.0,125.76947,103.64333,114.26281,148.27583
2417.5,125.81742,103.67065,114.298996,148.33943
2418.0,125.86394,103.69687,114.33466,148.40218
2418.5,125.908806,103.722145,114.369774,148.46352
2419.0,125.95191,103.74657,114.4043,148.52309
2419.5,125.99316,103.77021,114.438225,148.58064
2420.0,126.032425,103.79306,114.47148,148.63599
2420.5,126.06957,103.81508,114.50395,148.68881
2421.0,126.10452,103.83629,114.535614,148.739
2421.5,126.13731,103.85673,114.56653,148.78659
2422.0,126.16793,103.87646,114.59668,148.83159
2422.5,126.19641,103.8955,114.62597,148.87372
2423.0,126.2227,103.91383,114.65431,148.9128
2423.5,126.247154,103.93155,114.6818,148.94919
2424.0,126.27033,103.94882,114.70865,148.98363
2424.5,126.2925,103.96574,114.73496,149.01654
2425.0,126.31365,103.98229,114.76071,149.04782
2425.5,126.33383,103.998505,114.78591,149.07753
2426.0,126.35339,104.0145,114.810776,149.10625
2426.5,126.37279,104.03049,114.83567,149.13484
2427.0,126.39235,104.046585,114.86077,149.16382
2427.5,126.41226,104.06286,114.8862,149.19348
2428.0,126.43269,104.07939,114.912056,149.22406
2428.5,126.453674,104.09622,114.93838,149.25563
2429.0,126.47489,104.11322,114.96499,149.28766
2429.5,126.4961,104.13026,114.99167,149.31975
2430.0,126.51738,104.14734,115.018425,149.35197
2430.5,126.5388,104.16452,115.045334,149.38446
2431.0,126.56019,104.18173,115.072296,149.41695
2431.5,126.58134,104.19888,115.099205,149.44911
2432.0,126.602,104.21585,115.125885,149.48058
2432.5,126.62197,104.23251,115.15217,149.51099
2433.0,126.64131,104.24889,115.17805,149.54039
2433.5,126.66016,104.26506,115.20364,149.56902
2434.0,126.67868,104.28109,115.229095,149.5972
2434.5,126.69709,104.297104,115.25453,149.62524
2435.0,126.715515,104.31315,115.28007,149.65338
2435.5,126.73397,104.32924,115.305695,149.68161
2436.0,126.75215,104.34523,115.33121,149.70947
2436.5,126.76962,104.36088,115.35624,149.73616
2437.0,126.786255,104.37615,115.38071,149.76144
2437.5,126.802185,104.39111,115.40474,149.78563
2438.0,126.81747,104.4058,115.42837,149.80876
2438.5,126.832115,104.42018,115.45155,149.83081
2439.0,126.84619,104.43431,115.47427,149.8518
2439.5,126.85971,104.44817,115.49649,149.87167
2440.0,126.87274,104.46182,115.518295,149.89056
2440.5,126.88551,104.47536,115.53986,149.90892
2441.0,126.89834,104.48891,115.561485,149.92743
2441.5,126.91161,104.502655,115.58348,149.94681
2442.0,126.925644,104.51672,115.60608,149.9676
2442.5,126.94066,104.53123,115.62945,149.99017
2443.0,126.956856,104.54629,115.6537,150.01479
2443.5,126.9743,104.56197,115.67888,150.04144
2444.0,126.99281,104.57825,115.70486,150.06978
2444.5,127.01225,104.59506,115.7315,150.0995
2445.0,127.03258,104.6124,115.75873,150.13046
2445.5,127.05358,104.63016,115.7864,150.16234
2446.0,127.07494,104.64819,115.81433,150.19467
2446.5,127.09638,104.66634,115.84237,150.2271
2447.0,127.11758,104.68439,115.870346,150.25925
2447.5,127.13835,104.70219,115.89812,150.29091
2448.0,127.15883,104.719795,115.92574,150.32225
2448.5,127.17917,104.737305,115.95329,150.35342
2449.0,127.19934,104.754745,115.98078,150.38438
2449.5,127.21931,104.77212,116.00821,150.41512
2450.0,127.23906,104.78941,116.03558,150.44553
2450.5,127.25868,104.80669,116.06294,150.47575
2451.0,127.27835,104.82403,116.09035,150.506
2451.5,127.29823,104.84152,116.11788,150.53644
2452.0,127.31849,104.85925,116.1456,150.56726
2452.5,127.33923,104.87734,116.17355,150.59851
2453.0,127.360535,104.895805,116.201744,150.63023
2453.5,127.38226,104.9146,116.230095,150.6622
2454.0,127.40415,104.93357,116.2585,150.69412
2454.5,127.42609,104.95264,116.28692,150.72597
2455.0,127.44808,104.97176,116.31537,150.7578
2455.5,127.47012,104.990974,116.34382,150.78957
2456.0,127.49212,105.010185,116.37224,150.82115
2456.5,127.51395,105.02936,116.40057,150.85245
2457.0,127.53544,105.04835,116.428795,150.88335
2457.5,127.55648,105.06705,116.45684,150.91383
2458.0,127.577,105.085464,116.4847,150.94379
2458.5,127.597046,105.103645,116.512344,150.97305
2459.0,127.61659,105.121574,116.53979,151.00171
2459.5,127.6357,105.139244,116.56706,151.02992
2460.0,127.65448,105.15671,116.59423,151.05785
2460.5,127.67309,105.17405,116.62133,151.0856
2461.0,127.69153,105.19129,116.64835,151.11322
2461.5,127.70973,105.20835,116.67529,151.14072
2462.0,127.72768,105.225204,116.70212,151.168
2462.5,127.74537,105.2419,116.72883,151.19507
2463.0,127.76283,105.25844,116.75545,151.22192
2463.5,127.78011,105.27487,116.782,151.24863
2464.0,127.79733,105.29124,116.80851,151.27527
2464.5,127.81453,105.3076,116.83502,151.30188
2465.0,127.831696,105.324,116.86152,151.32835
2465.5,127.84888,105.34043,116.88802,151.35469
2466.0,127.866066,105.35692,116.91452,151.3809
2466.5,127.88316,105.37338,116.94099,151.40698
2467.0,127.90006,105.38975,116.96737,151.43277
2467.5,127.916824,105.40606,116.99369,151.45834
2468.0,127.93356,105.42233,117.02001,151.48395
2468.5,127.9502,105.438484,117.04629,151.50958
2469.0,127.96656,105.45441,117.07242,151.535
2469.5,127.982605,105.470085,117.09836,151.56018
2470.0,127.99853,105.48563,117.12419,151.5853
2470.5,128.01445,105.50113,117.14997,151.61046
2471.0,128.03033,105.51658,117.175735,151.63562
2471.5,128.04623,105.53201,117.201485,151.66083
2472.0,128.06212,105.547424,117.227196,151.68602
2472.5,128.07791,105.562744,117.2528,151.7111
2473.0,128.09369,105.57802,117.27833,151.73615
2473.5,128.1095,105.5933,117.30386,151.76125
2474.0,128.12524,105.608536,117.329346,151.78622
2474.5,128.14081,105.62367,117.35471,151.81099
2475.0,128.1563,105.63874,117.379974,151.8356
2475.5,128.17177,105.65376,117.40513,151.86012
2476.0,128.18727,105.66875,117.430176,151.88463
2476.5,128.2027,105.68365,117.45502,151.90887
2477.0,128.21793,105.69842,117.479645,151.93274
2477.5,128.233,105.713104,117.50414,151.95636
2478.0,128.24808,105.72779,117.52864,151.97998
2478.5,128.2634,105.7426,117.55333,152.004
2479.0,128.27904,105.757545,117.57819,152.02847
2479.5,128.2947,105.77251,117.603065,152.053
2480.0,128.31021,105.7874,117.62786,152.0773
2480.5,128.32568,105.802284,117.6527,152.10161
2481.0,128.3411,105.817154,117.677536,152.12585
2481.5,128.35625,105.83187,117.70219,152.14967
2482.0,128.3711,105.84643,117.7266,152.17299
2482.5,128.38562,105.86082,117.75078,152.19577
2483.0,128.39983,105.87505,117.77475,152.21806
2483.5,128.41385,105.8892,117.79863,152.24011
2484.0,128.42766,105.90326,117.82237,152.26183
2484.5,128.44116,105.917145,117.845856,152.28297
2485.0,128.45445,105.93092,117.86914,152.30373
2485.5,128.46773,105.9447,117.89241,152.32443
2486.0,128.481,105.958496,117.91569,152.34518
2486.5,128.49426,105.972275,117.93896,152.36589
2487.0,128.50743,105.98601,117.96217,152.38644
2487.5,128.52042,105.99965,117.98522,152.40668
2488.0,128.53328,106.01323,118.00821,152.42673
2488.5,128.54628,106.02688,118.03133,152.44704
2489.0,128.55954,106.04066,118.05464,152.46779
2489.5,128.57306,106.05456,118.07811,152.48894
2490.0,128.58694,106.06863,118.10179,152.51062
2490.5,128.60129,106.0829,118.125725,152.53294
2491.0,128.6161,106.09741,118.14996,152.556
2491.5,128.63148,106.112206,118.17457,152.57991
2492.0,128.64743,106.1273,118.199524,152.60464
2492.5,128.6639,106.142654,118.22481,152.63016
2493.0,128.68073,106.15819,118.2503,152.65619
2493.5,128.69772,106.173775,118.27583,152.68242
2494.0,128.71486,106.189415,118.30139,152.7088
2494.5,128.7322,106.20514,118.32704,152.73546
2495.0,128.7497,106.22096,118.352806,152.76236
2495.5,128.76726,106.23684,118.378654,152.78938
2496.0,128.7848,106.25273,118.40456,152.81639
2496.5,128.80235,106.26867,118.43054,152.84343
2497.0,128.81996,106.28467,118.456604,152.87057
2497.5,128.8375,106.300606,118.48261,152.89758
2498.0,128.85472,106.31639,118.50847,152.92421
2498.5,128.87163,106.332,118.53415,152.95038
2499.0,128.88828,106.347466,118.55963,152.97617
2499.5,128.9047,106.36277,118.584915,153.00159
2500.0,128.92097,106.37797,118.61002,153.02672
2500.5,128.93723,106.39311,118.635,153.05173
2501.0,128.95361,106.40829,118.65996,153.07686
2501.5,128.9703,106.42359,118.68506,153.10242
2502.0,128.98737,106.43906,118.71033,153.12845
2502.5,129.00464,106.454636,118.735756,153.15483
2503.0,129.022,106.47028,118.7613,153.18138
2503.5,129.03944,106.48602,118.78698,153.20808
2504.0,129.05685,106.501785,118.81271,153.2348
2504.5,129.07408,106.517456,118.83837,153.26126
2505.0,129.09116,106.53305,118.86393,153.28748
2505.5,129.10823,106.54863,118.88947,153.31369
2506.0,129.12534,106.56421,118.914986,153.33992
2506.5,129.1423,106.57968,118.940315,153.36588
2507.0,129.15918,106.595085,118.965515,153.39162
2507.5,129.17607,106.610504,118.99075,153.4174
2508.0,129.19281,106.625854,119.015945,153.44301
2508.5,129.20912,106.64099,119.04087,153.46797
2509.0,129.22488,106.65586,119.06545,153.4921
2509.5,129.24008,106.67045,119.089676,153.51534
2510.0,129.25468,106.68475,119.11352,153.53767
2510.5,129.26878,106.698814,119.13702,153.55917
2511.0,129.28261,106.712746,119.16034,153.58028
2511.5,129.29637,106.72665,119.18366,153.60132
2512.0,129.3099,106.74045,119.206894,153.62206
2512.5,129.32306,106.754074,119.22991,153.64223
2513.0,129.33592,106.76757,119.25274,153.66193
2513.5,129.34879,106.78105,119.275536,153.6816
2514.0,129.36174,106.794586,119.29834,153.70134
2514.5,129.37466,106.80809,119.32102,153.72093
2515.0,129.38742,106.82151,119.343506,153.74011
2515.5,129.40001,106.834854,119.365814,153.75896
2516.0,129.41241,106.8481,119.387886,153.77733
2516.5,129.42456,106.86122,119.40963,153.79506
2517.0,129.43657,106.87429,119.4311,153.8123
2517.5,129.44852,106.88731,119.45235,153.82916
2518.0,129.46042,106.900314,119.473495,153.84586
2518.5,129.4724,106.91334,119.4947,153.86273
2519.0,129.48438,106.926384,119.51601,153.87973
2519.5,129.4963,106.9394,119.53739,153.8968
2520.0,129.50809,106.95235,119.55873,153.9137
2520.5,129.51962,106.96519,119.579865,153.93015
2521.0,129.53096,106.977936,119.60072,153.94601
2521.5,129.54207,106.9906,119.62121,153.96115
2522.0,129.55295,107.00317,119.64129,153.97552
2522.5,129.5636,107.01565,119.66101,153.98917
2523.0,129.57385,107.02796,119.68023,154.0017
2523.5,129.58356,107.04007,119.69881,154.01283
2524.0,129.59308,107.05211,119.71701,154.02321
2524.5,129.60272,107.064186,119.73517,154.03358
2525.0,129.61221,107.07622,119.753136,154.04356
2525.5,129.62125,107.088066,119.7706,154.05238
2526.0,129.62973,107.09971,119.787476,154.0598
2526.5,129.63782,107.11121,119.80385,154.06606
2527.0,129.64584,107.122696,119.81994,154.07178
2527.5,129.6539,107.1342,119.8359,154.07727
2528.0,129.66179,107.14563,119.8516,154.08218
2528.5,129.66924,107.156906,119.86684,154.08595
2529.0,129.6761,107.16796,119.881424,154.08817
2529.5,129.68234,107.17879,119.895256,154.08853
2530.0,129.68826,107.1895,119.90855,154.08762
2530.5,129.694,107.20016,119.92153,154.08598
2531.0,129.69945,107.21069,119.934235,154.0837
2531.5,129.70467,107.22114,119.9468,154.08102
2532.0,129.70972,107.23151,119.95924,154.07805
2532.5,129.71461,107.241806,119.97153,154.07469
2533.0,129.71924,107.252014,119.98347,154.07051
2533.5,129.72319,107.26197,119.99469,154.06444
2534.0,129.72604,107.27149,120.004776,154.05544
2534.5,129.72755,107.280495,120.0135,154.04282
2535.0,129.72804,107.289085,120.021225,154.02753
2535.5,129.72797,107.29743,120.028534,154.01117
2536.0,129.7273,107.305504,120.03543,153.99374
2536.5,129.72595,107.31328,120.04181,153.97493
2537.0,129.7241,107.32083,120.0477,153.95479
2537.5,129.72192,107.32825,120.05327,153.9338
2538.0,129.71947,107.33552,120.058655,153.91238
2538.5,129.71674,107.34265,120.06391,153.89064
2539.0,129.71384,107.34969,120.06908,153.86868
2539.5,129.71078,107.35664,120.0742,153.84665
2540.0,129.70737,107.3634,120.07916,153.82419
2540.5,129.7036,107.36997,120.083954,153.80128
2541.0,129.6996,107.37642,120.08864,153.77814
2541.5,129.6955,107.38281,120.09328,153.75488
2542.0,129.69133,107.38915,120.097885,153.73161
2542.5,129.68718,107.39551,120.10254,153.70847
2543.0,129.68315,107.40191,120.107285,153.68558
2543.5,129.6793,107.40838,120.11217,153.66315
2544.0,129.67575,107.414986,120.11732,153.64145
2544.5,129.67227,107.4216,120.12253,153.61996
2545.0,129.66884,107.428215,120.127914,153.59898
2545.5,129.66602,107.43508,120.13404,153.57996
2546.0,129.66403,107.4423,120.14099,153.5631
2546.5,129.6624,107.44965,120.1483,153.54721
2547.0,129.66043,107.45685,120.155334,153.53064
2547.5,129.65767,107.46371,120.161644,153.51216
2548.0,129.6542,107.47025,120.16725,153.49187
2548.5,129.65022,107.476555,120.172356,153.47025
2549.0,129.64583,107.48267,120.17706,153.44759
2549.5,129.64142,107.48878,120.18183,153.42514
2550.0,129.63707,107.49489,120.186745,153.40309
2550.5,129.6324,107.50086,120.19142,153.38045
2551.0,129.62735,107.50663,120.19586,153.35724
2551.5,129.62198,107.51222,120.20024,153.33385
2552.0,129.61626,107.51761,120.204544,153.31026
2552.5,129.6102,107.52281,120.20876,153.28645
2553.0,129.60378,107.52782,120.212875,153.2624
2553.5,129.59712,107.53268,120.21693,153.23819
2554.0,129.59033,107.537476,120.22096,153.21394
2554.5,129.58345,107.542206,120.224976,153.18967
2555.0,129.57642,107.54685,120.22892,153.16522
2555.5,129.57007,107.55179,120.23366,153.14284
2556.0,129.56482,107.55721,120.2396,153.12354
2556.5,129.56052,107.56304,120.246574,153.10683
2557.0,129.55681,107.56912,120.25418,153.09175
2557.5,129.55331,107.575294,120.26199,153.07724
2558.0,129.54993,107.58152,120.269775,153.06273
2558.5,129.5464,107.58769,120.27726,153.04753
2559.0,129.54228,107.593605,120.28401,153.0305
2559.5,129.5374,107.59919,120.289955,153.01146
2560.0,129.53183,107.60442,120.29527,152.99084
2560.5,129.52643,107.60971,120.30091,152.97107
2561.0,129.52196,107.61541,120.307526,152.95378
2561.5,129.51814,107.6214,120.314804,152.93819
2562.0,129.51472,107.62755,120.32248,152.92363
2562.5,129.51163,107.63384,120.33047,152.9099
2563.0,129.5087,107.640205,120.33856,152.89647
2563.5,129.50575,107.64658,120.346535,152.88278
2564.0,129.50296,107.653046,120.354485,152.86911
2564.5,129.50066,107.65974,120.36271,152.85625
2565.0,129.49902,107.66672,120.37133,152.84445
2565.5,129.49788,107.673935,120.38021,152.8334
2566.0,129.49698,107.68126,120.38919,152.82266
2566.5,129.49625,107.688675,120.398186,152.81206
2567.0,129.4957,107.69619,120.40725,152.80164
2567.5,129.4953,107.70376,120.41632,152.79132
2568.0,129.49506,107.711395,120.4255,152.78131
2568.5,129.49516,107.719185,120.43499,152.77211
2569.0,129.49538,107.72703,120.44458,152.76321
2569.5,129.49527,107.734726,120.453835,152.75345
2570.0,129.49478,107.74229,120.46267,152.74265
2570.5,129.4942,107.74981,120.47136,152.7315
2571.0,129.49336,107.75723,120.47969,152.71951
2571.5,129.49184,107.7644,120.487144,152.70525
2572.0,129.48978,107.77136,120.49387,152.68916
2572.5,129.4872,107.77811,120.49998,152.67146
2573.0,129.48409,107.784615,120.50556,152.65239
2573.5,129.48068,107.790985,120.51102,152.63304
2574.0,129.47719,107.79728,120.51663,152.61409
2574.5,129.4738,107.80357,120.52263,152.59613
2575.0,129.47089,107.81004,120.52943,152.58018
2575.5,129.46906,107.81695,120.53757,152.5676
2576.0,129.46844,107.82434,120.54714,152.55853
2576.5,129.46902,107.832214,120.558014,152.55266
2577.0,129.47058,107.84049,120.56986,152.54921
2577.5,129.47267,107.84897,120.582214,152.54704
2578.0,129.47498,107.85753,120.59475,152.54541
2578.5,129.4773,107.86607,120.607315,152.54388
2579.0,129.47935,107.874504,120.61962,152.54176
2579.5,129.48082,107.88267,120.6313,152.53816
2580.0,129.48172,107.890594,120.64238,152.53307
2580.5,129.48216,107.89833,120.65302,152.52693
2581.0,129.48209,107.90583,120.66326,152.51979
2581.5,129.48148,107.913086,120.673096,152.51163
2582.0,129.48044,107.92014,120.68255,152.50252
2582.5,129.47887,107.92698,120.69153,152.49222
2583.0,129.47707,107.933685,120.70037,152.4816
2583.5,129.47571,107.94058,120.70976,152.47232
2584.0,129.47488,107.947685,120.7198,152.46457
2584.5,129.47423,107.95485,120.73014,152.45755
2585.0,129.47394,107.96214,120.74098,152.45174
2585.5,129.4745,107.96977,120.75287,152.4483
2586.0,129.47609,107.9778,120.76601,152.44775
2586.5,129.47899,107.98633,120.78056,152.45042
2587.0,129.48314,107.99538,120.796326,152.4559
2587.5,129.48807,108.004745,120.812836,152.46315
2588.0,129.49342,108.01428,120.82976,152.47136
2588.5,129.49889,108.02386,120.84685,152.47995
2589.0,129.50453,108.03349,120.86421,152.48912
2589.5,129.51077,108.04336,120.88224,152.49971
2590.0,129.51768,108.05352,120.900986,152.51184
2590.5,129.52515,108.06391,120.92036,152.5252
2591.0,129.5332,108.074554,120.940384,152.53987
2591.5,129.54198,108.08555,120.96119,152.55603
2592.0,129.55151,108.09691,120.9827,152.57356
2592.5,129.56174,108.10865,121.00481,152.59222
2593.0,129.5724,108.120636,121.027306,152.6116
2593.5,129.58316,108.13266,121.04992,152.63124
2594.0,129.59381,108.144615,121.07243,152.6508
2594.5,129.6042,108.15642,121.09469,152.66994
2595.0,129.61435,108.16809,121.1167,152.68864
2595.5,129.62444,108.17971,121.13859,152.70721
2596.0,129.63455,108.191345,121.16047,152.72583
2596.5,129.64473,108.203,121.18243,152.7446
2597.0,129.65494,108.214676,121.204445,152.76344
2597.5,129.66505,108.2263,121.22644,152.78221
2598.0,129.67496,108.2378,121.248314,152.80069
2598.5,129.68462,108.249176,121.27003,152.81876
2599.0,129.69421,108.26051,121.291664,152.83669
2599.5,129.70401,108.27196,121.31341,152.85492
2600.0,129.71419,108.28358,121.33534,152.87367
2600.5,129.72469,108.29536,121.35744,152.89287
2601.0,129.7354,108.30724,121.37968,152.91238
2601.5,129.74632,108.31924,121.40206,152.93222
2602.0,129.75749,108.33136,121.42465,152.95244
2602.5,129.76897,108.34365,121.447464,152.97314
2603.0,129.78073,108.356094,121.4705,152.99425
2603.5,129.79265,108.36864,121.49366,153.0156
2604.0,129.80467,108.38123,121.51693,153.03708
2604.5,129.81674,108.39388,121.54028,153.05865
2605.0,129.82857,108.40639,121.563515,153.07988
2605.5,129.83974,108.41853,121.58629,153.10014
2606.0,129.85071,108.430565,121.60889,153.12007
2606.5,129.86227,108.442924,121.63188,153.14075
2607.0,129.87415,108.45547,121.6551,153.16183
2607.5,129.88557,108.467735,121.67795,153.1823
2608.0,129.89653,108.47971,121.70035,153.20193
2608.5,129.90735,108.49161,121.72258,153.22137
2609.0,129.91808,108.50346,121.74471,153.24066
2609.5,129.92863,108.51523,121.766685,153.25969
2610.0,129.9391,108.52693,121.78853,153.27849
2610.5,129.94954,108.53863,121.8103,153.29724
2611.0,129.95992,108.550285,121.83202,153.31587
2611.5,129.9703,108.56194,121.85373,153.3345
2612.0,129.98128,108.5739,121.87585,153.35406
2612.5,129.99347,108.58649,121.89876,153.37526
2613.0,130.00636,108.59949,121.92217,153.3974
2613.5,130.01915,108.612404,121.94553,153.41948
2614.0,130.03194,108.62532,121.9689,153.4416
2614.5,130.04529,108.63856,121.99264,153.46442
2615.0,130.05893,108.65199,122.01659,153.48758
2615.5,130.07228,108.66523,122.04033,153.51044
2616.0,130.08557,108.67841,122.063995,153.53325
2616.5,130.09944,108.69193,122.08799,153.55675
2617.0,130.11395,108.705864,122.11234,153.5809
2617.5,130.12897,108.72012,122.13695,153.6055
2618.0,130.14436,108.73466,122.16174,153.63042
2618.5,130.16011,108.74943,122.1867,153.65562
2619.0,130.17613,108.76437,122.21178,153.6811
2619.5,130.19243,108.77948,122.23699,153.70697
2620.0,130.20897,108.7947,122.26234,153.73322
2620.5,130.22578,108.81004,122.287796,153.7599
2621.0,130.24292,108.82551,122.31339,153.78708
2621.5,130.26033,108.84107,122.3391,153.81471
2622.0,130.27798,108.85671,122.3649,153.84274
2622.5,130.29568,108.87229,122.390656,153.87097
2623.0,130.31334,108.88777,122.41629,153.8992
2623.5,130.33089,108.90312,122.4418,153.92735
2624.0,130.34824,108.91832,122.467125,153.95523
2624.5,130.3653,108.9333,122.49215,153.98267
2625.0,130.38202,108.948044,122.51684,154.00954
2625.5,130.39842,108.962585,122.541176,154.03581
2626.0,130.4145,108.97694,122.565186,154.06152
2626.5,130.43044,108.99118,122.58897,154.08687
2627.0,130.4463,109.005356,122.61253,154.11194
2627.5,130.46208,109.01945,122.635826,154.13667
2628.0,130.47777,109.033455,122.6588,154.16093
2628.5,130.49333,109.047356,122.68141,154.18465
2629.0,130.50864,109.06111,122.70357,154.20752
2629.5,130.52356,109.07468,122.72509,154.22923
2630.0,130.53818,109.08809,122.74604,154.24983
2630.5,130.55243,109.10134,122.76641,154.2693
2631.0,130.56648,109.1145,122.786476,154.28813
2631.5,130.58084,109.12777,122.80676,154.30759
2632.0,130.5956,109.14118,122.82729,154.32773
2632.5,130.6103,109.15457,122.84764,154.34755
2633.0,130.62482,109.16788,122.86774,154.36682
2633.5,130.63924,109.181145,122.88779,154.38599
2634.0,130.6535,109.194336,122.90776,154.4049
2634.5,130.66737,109.20739,122.927475,154.42314
2635.0,130.68106,109.220375,122.94716,154.44121
2635.5,130.6951,109.23349,122.96727,154.46019
2636.0,130.70955,109.24676,122.987816,154.48018
2636.5,130.72409,109.260056,123.00849,154.50043
2637.0,130.73848,109.2733,123.02904,154.52039
2637.5,130.75253,109.28641,123.04933,154.53969
2638.0,130.76643,109.299446,123.06949,154.55869
2638.5,130.78046,109.31253,123.089775,154.57799
2639.0,130.79465,109.32566,123.11024,154.59766
2639.5,130.80899,109.33883,123.1308,154.61763
2640.0,130.82352,109.352066,123.15146,154.63788
2640.5,130.83817,109.36533,123.172165,154.65831
2641.0,130.85286,109.37861,123.19287,154.67877
2641.5,130.86769,109.39193,123.21364,154.69943
2642.0,130.8826,109.405266,123.23439,154.72012
2642.5,130.89745,109.41858,123.25492,154.7404
2643.0,130.91226,109.4319,123.27528,154.76039
2643.5,130.92712,109.44521,123.29559,154.7803
2644.0,130.94212,109.45859,123.3161,154.80063
2644.5,130.95752,109.47213,123.33711,154.82207
2645.0,130.97351,109.48594,123.358894,154.84503
2645.5,130.99043,109.50017,123.38164,154.87
2646.0,131.00809,109.51475,123.4051,154.89647
2646.5,131.02585,109.52937,123.4287,154.92325
2647.0,131.04346,109.543945,123.45225,154.94983
2647.5,131.06094,109.55847,123.4758,154.97635
2648.0,131.0784,109.573006,123.49944,155.00294
2648.5,131.09586,109.58756,123.523186,155.02965
2649.0,131.1134,109.60219,123.547134,155.05667
2649.5,131.13112,109.616936,123.57137,155.08412
2650.0,131.149,109.63181,123.59588,155.11198
2650.5,131.16716,109.646866,123.6207,155.14035
2651.0,131.18561,109.662094,123.64577,155.16922
2651.5,131.2042,109.677376,123.67091,155.19829
2652.0,131.22284,109.69266,123.69603,155.2274
2652.5,131.24147,109.7079,123.721054,155.25642
2653.0,131.26016,109.72315,123.74605,155.28548
2653.5,131.27899,109.73848,123.77116,155.31477
2654.0,131.2981,109.75397,123.796486,155.3445
2654.5,131.31749,109.76967,123.82211,155.3747
2655.0,131.33711,109.785545,123.847984,155.4052
2655.5,131.35693,109.801605,123.87408,155.43602
2656.0,131.37701,109.817825,123.90035,155.46722
2656.5,131.3973,109.83412,123.9267,155.49867
2657.0,131.41762,109.850395,123.952995,155.53017
2657.5,131.43771,109.86646,123.97904,155.56128
2658.0,131.45744,109.88233,124.00484,155.59187
2658.5,131.47702,109.89814,124.0306,155.62227
2659.0,131.4964,109.91389,124.05635,155.65247
2659.5,131.51562,109.92957,124.082054,155.68245
2660.0,131.53465,109.945145,124.1076,155.71214
2660.5,131.55327,109.96045,124.13275,155.74109
2661.0,131.57126,109.975395,124.15737,155.76894
2661.5,131.58853,109.989975,124.18141,155.79556
2662.0,131.60526,110.0043,124.2051,155.82133
2662.5,131.62192,110.01863,124.22888,155.84714
2663.0,131.63875,110.03307,124.25291,155.87335
2663.5,131.6558,110.04765,124.27716,155.9
2664.0,131.67313,110.06236,124.301636,155.92706
2664.5,131.6906,110.07716,124.32624,155.9544
2665.0,131.70824,110.09207,124.351,155.98204
2665.5,131.72615,110.10713,124.375984,156.01009
2666.0,131.7442,110.122314,124.40115,156.0384
2666.5,131.7623,110.13752,124.42638,156.06679
2667.0,131.7803,110.15269,124.45155,156.09505
2667.5,131.79796,110.167656,124.476494,156.12277
2668.0,131.81517,110.18242,124.501205,156.14992
2668.5,131.83212,110.19708,124.525856,156.17674
2669.0,131.84898,110.211754,124.550606,156.20352
2669.5,131.86604,110.226585,124.57559,156.23055
2670.0,131.88327,110.241554,124.60075,156.25783
2670.5,131.90047,110.25649,124.625885,156.28506
2671.0,131.91751,110.27133,124.650894,156.31213
2671.5,131.93439,110.28607,124.6758,156.33896
2672.0,131.951,110.30068,124.70057,156.36545
2672.5,131.96733,110.315155,124.725235,156.39156
2673.0,131.98337,110.32952,124.749825,156.41733
2673.5,131.99933,110.34389,124.77447,156.443
2674.0,132.01544,110.35836,124.79924,156.46886
2674.5,132.03166,110.37291,124.824104,156.49483
2675.0,132.04768,110.3874,124.84892,156.52055
2675.5,132.06345,110.401726,124.87361,156.54596
2676.0,132.0793,110.4161,124.89835,156.57147
2676.5,132.0956,110.43078,124.923325,156.59737
2677.0,132.11205,110.44558,124.94841,156.62337
2677.5,132.12817,110.46019,124.97332,156.64902
2678.0,132.1437,110.47441,124.99788,156.67395
2678.5,132.15852,110.48821,125.021996,156.69798
2679.0,132.17253,110.50155,125.04556,156.72083
2679.5,132.1857,110.514435,125.06849,156.74237
2680.0,132.19861,110.52717,125.09117,156.76349
2680.5,132.21199,110.54015,125.11419,156.78537
2681.0,132.22618,110.553566,125.13777,156.8084
2681.5,132.2412,110.567474,125.161896,156.83238
2682.0,132.25656,110.581635,125.1863,156.8568
2682.5,132.27187,110.59574,125.2107,156.88124
2683.0,132.28716,110.60982,125.23509,156.90578
2683.5,132.30276,110.624054,125.25965,156.93076
2684.0,132.31865,110.638405,125.28432,156.95615
2684.5,132.3346,110.65272,125.3089,156.98158
2685.0,132.35048,110.66697,125.333336,157.00693
2685.5,132.36633,110.68115,125.35764,157.03217
2686.0,132.38223,110.695335,125.38192,157.05743
2686.5,132.39836,110.709656,125.40636,157.08305
2687.0,132.41476,110.72414,125.431,157.1091
2687.5,132.43146,110.73878,125.45581,157.1355
2688.0,132.44836,110.75351,125.48071,157.16217
2688.5,132.46529,110.76822,125.50554,157.18883
2689.0,132.48215,110.782875,125.530266,157.21538
2689.5,132.49895,110.79746,125.554886,157.24179
2690.0,132.51575,110.81204,125.57949,157.26819
2690.5,132.53278,110.82677,125.60429,157.29494
2691.0,132.55013,110.84168,125.629295,157.32213
2691.5,132.56767,110.85671,125.65446,157.34958
2692.0,132.58528,110.8718,125.67969,157.3771
2692.5,132.60286,110.88691,125.70492,157.40462
2693.0,132.62042,110.902,125.73013,157.43208
2693.5,132.63794,110.91705,125.75527,157.45947
2694.0,132.6554,110.93203,125.78025,157.4867
2694.5,132.67253,110.94678,125.804855,157.5133
2695.0,132.68929,110.96133,125.82914,157.53929
2695.5,132.70609,110.9759,125.85344,157.56534
2696.0,132.72318,110.990616,125.877914,157.59183
2696.5,132.74043,111.005424,125.90251,157.61856
2697.0,132.75781,111.0203,125.92722,157.6455
2697.5,132.77547,111.03537,125.952194,157.67285
2698.0,132.79335,111.050606,125.977394,157.70058
2698.5,132.81128,111.06585,126.00265,157.72835
2699.0,132.82912,111.08106,126.02787,157.75604
2699.5,132.84686,111.09624,126.053085,157.78365
2700.0,132.86455,111.111404,126.07831,157.81114
2700.5,132.88228,111.126625,126.10363,157.8387
2701.0,132.9001,111.14193,126.12906,157.86636
2701.5,132.91797,111.157295,126.15456,157.89406
2702.0,132.93587,111.1727,126.1801,157.92178
2702.5,132.95381,111.18814,126.20568,157.94954
2703.0,132.97179,111.20361,126.23129,157.97733
2703.5,132.98979,111.21911,126.25692,158.00511
2704.0,133.00781,111.23463,126.28256,158.03294
2704.5,133.02586,111.25016,126.30823,158.06078
2705.0,133.04391,111.26571,126.33389,158.08862
2705.5,133.06201,111.281265,126.35957,158.11649
2706.0,133.08011,111.29683,126.38526,158.14435
2706.5,133.0982,111.312416,126.41095,158.17224
2707.0,133.11633,111.327995,126.43664,158.20012
2707.5,133.13445,111.343575,126.462326,158.228
2708.0,133.15256,111.359146,126.48802,158.25587
2708.5,133.17056,111.374626,126.513626,158.2836
2709.0,133.18723,111.389244,126.53802,158.30902
2709.5,133.2026,111.40312,126.56129,158.3322
2710.0,133.21703,111.41648,126.583694,158.35367
2710.5,133.23112,111.42966,126.60565,158.37444
2711.0,133.24548,111.4429,126.62748,158.39531
2711.5,133.26053,111.45639,126.64944,158.41699
2712.0,133.27661,111.47026,126.67172,158.44
2712.5,133.29399,111.484566,126.694466,158.46475
2713.0,133.31282,111.499344,126.71778,158.49156
2713.5,133.33327,111.51462,126.74175,158.52069
2714.0,133.35545,111.53037,126.76644,158.55241
2714.5,133.3795,111.54662,126.791916,158.5869
2715.0,133.40549,111.563385,126.81818,158.62413
2715.5,133.4335,111.58068,126.84521,158.66403
2716.0,133.46355,111.598526,126.87298,158.70663
2716.5,133.49567,111.616936,126.901505,158.75192
2717.0,133.52986,111.63589,126.930786,158.79988
2717.5,133.56615,111.65539,126.960815,158.85056
2718.0,133.60448,111.67544,126.991585,158.90396
2718.5,133.64484,111.69605,127.02309,158.96008
2719.0,133.68721,111.717224,127.05532,159.01895
2719.5,133.73155,111.73898,127.088295,159.08063
2720.0,133.77786,111.76135,127.122025,159.14513
2720.5,133.82582,111.784294,127.15639,159.21214
2721.0,133.87497,111.80765,127.19122,159.28094
2721.5,133.92493,111.83131,127.22639,159.35104
2722.0,133.97546,111.855194,127.261795,159.42206
2722.5,134.02641,111.87926,127.29738,159.49373
2723.0,134.07767,111.90343,127.333084,159.56587
2723.5,134.12914,111.927704,127.36888,159.63832
2724.0,134.18074,111.95204,127.40474,159.711
2724.5,134.2324,111.97643,127.44063,159.7838
2725.0,134.28413,112.00085,127.47655,159.85663
2725.5,134.33588,112.02528,127.51248,159.9295
2726.0,134.38765,112.04976,127.54843,160.00238
2726.5,134.43944,112.07424,127.5844,160.07529
2727.0,134.49126,112.098755,127.62038,160.1482
2727.5,134.54308,112.123276,127.656364,160.2211
2728.0,134.5949,112.1478,127.69235,160.29399
2728.5,134.64671,112.17233,127.728355,160.36688
2729.0,134.69852,112.19686,127.76436,160.43974
2729.5,134.75032,112.2214,127.80037,160.51257
2730.0,134.80211,112.245926,127.83638,160.5854
2730.5,134.8539,112.27048,127.8724,160.65819
2731.0,134.90569,112.29502,127.90842,160.73097
2731.5,134.95746,112.319565,127.94444,160.80373
2732.0,135.00923,112.34411,127.980484,160.87646
2732.5,135.06099,112.36865,128.01653,160.94917
2733.0,135.11275,112.3932,128.05257,161.02188
2733.5,135.1645,112.41775,128.08862,161.09454
2734.0,135.21625,112.44229,128.12466,161.1672
2734.5,135.26799,112.466835,128.16072,161.23982
2735.0,135.31972,112.491394,128.19678,161.31244
2735.5,135.37144,112.51595,128.23283,161.38503
2736.0,135.42317,112.540504,128.2689,161.4576
2736.5,135.47488,112.56508,128.305,161.53015
2737.0,135.5266,112.589645,128.34108,161.60269
2737.5,135.5783,112.614204,128.37717,161.6752
2738.0,135.62999,112.63876,128.41325,161.7477
2738.5,135.68166,112.66331,128.44936,161.82014
2739.0,135.7333,112.68785,128.48546,161.89258
2739.5,135.78494,112.71239,128.52155,161.965
2740.0,135.83658,112.736916,128.55765,162.03737
2740.5,135.8882,112.76145,128.59375,162.10973
2741.0,135.93982,112.78598,128.62987,162.18207
2741.5,135.99142,112.81053,128.66599,162.2544
2742.0,136.04303,112.835075,128.7021,162.32669
2742.5,136.09464,112.85962,128.73824,162.39899
2743.0,136.14624,112.88418,128.77437,162.47125
2743.5,136.19785,112.908745,128.81052,162.54352
2744.0,136.24947,112.93331,128.84666,162.61575
2744.5,136.30107,112.95789,128.88281,162.68799
2745.0,136.35266,112.982475,128.91898,162.7602
2745.5,136.40427,113.007065,128.95515,162.8324
2746.0,136.45587,113.03168,128.99133,162.90459
2746.5,136.50749,113.05629,129.02753,162.97678
2747.0,136.55911,113.08092,129.06374,163.04897
2747.5,136.61075,113.10556,129.09996,163.12114
2748.0,136.66237,113.13021,129.13618,163.1933
2748.5,136.71402,113.15488,129.17242,163.26546
2749.0,136.76564,113.17954,129.20866,163.33759
2749.5,136.81728,113.20421,129.24492,163.40971
2750.0,136.8689,113.22888,129.28116,163.48181
2750.5,136.92052,113.253555,129.31743,163.5539
2751.0,136.97212,113.27824,129.3537,163.62596
2751.5,137.02374,113.302925,129.38998,163.69803
2752.0,137.07535,113.327614,129.42627,163.77007
2752.5,137.12695,113.352295,129.46255,163.84209
2753.0,137.17854,113.37698,129.49884,163.91406
2753.5,137.2301,113.401665,129.53513,163.98601
2754.0,137.28168,113.42634,129.57143,164.05794
2754.5,137.33324,113.45102,129.60773,164.12984
2755.0,137.3848,113.47571,129.64404,164.20174
2755.5,137.43636,113.500404,129.68034,164.2736
2756.0,137.48792,113.5251,129.71667,164.34547
2756.5,137.53946,113.549805,129.75299,164.41733
2757.0,137.591,113.57451,129.78932,164.48917
2757.5,137.64253,113.599205,129.82567,164.56096
2758.0,137.69403,113.62389,129.862,164.63274
2758.5,137.74553,113.64858,129.89833,164.70448
2759.0,137.79703,113.673256,129.93468,164.7762
2759.5,137.8485,113.69794,129.97102,164.84792
2760.0,137.89996,113.722626,130.00739,164.91962
2760.5,137.95143,113.7473,130.04373,164.99129
2761.0,138.00287,113.771965,130.08008,165.06291
2761.5,138.05429,113.796616,130.11642,165.1345
2762.0,138.1057,113.82128,130.15279,165.20607
2762.5,138.15712,113.84595,130.18915,165.27763
2763.0,138.20854,113.870636,130.22551,165.3492
2763.5,138.25996,113.895325,130.2619,165.42073
2764.0,138.3114,113.92002,130.2983,165.49226
2764.5,138.36282,113.94473,130.33469,165.56378
2765.0,138.41425,113.969444,130.3711,165.63527
2765.5,138.46567,113.99417,130.40752,165.70676
2766.0,138.51707,114.01889,130.44392,165.77821
2766.5,138.5685,114.04362,130.48036,165.84966
2767.0,138.6199,114.068344,130.51678,165.92107
2767.5,138.6713,114.09306,130.55322,165.99246
2768.0,138.72267,114.11779,130.58965,166.06383
2768.5,138.77405,114.14252,130.6261,166.1352
2769.0,138.82541,114.16724,130.66254,166.20651
2769.5,138.87679,114.19196,130.69899,166.27783
2770.0,138.92813,114.21668,130.73543,166.34912
2770.5,138.97948,114.24141,130.77188,166.4204
2771.0,139.0308,114.266136,130.80833,166.49164
2771.5,139.08215,114.29087,130.8448,166.56288
2772.0,139.13348,114.315605,130.88127,166.6341
2772.5,139.18481,114.340355,130.91777,166.7053
2773.0,139.23616,114.36511,130.95425,166.7765
2773.5,139.2875,114.389885,130.99075,166.84769
2774.0,139.33884,114.41464,131.02725,166.91885
2774.5,139.39015,114.43941,131.06377,166.98999
2775.0,139.44147,114.464165,131.10028,167.0611
2775.5,139.49277,114.48894,131.1368,167.1322
2776.0,139.54407,114.51371,131.17331,167.20328
2776.5,139.59538,114.53849,131.20985,167.27434
2777.0,139.64668,114.563286,131.24638,167.3454
2777.5,139.69798,114.58807,131.28294,167.41644
2778.0,139.74927,114.612854,131.31949,167.48746
2778.5,139.80054,114.637634,131.35603,167.55843
2779.0,139.85179,114.66242,131.3926,167.62938
2779.5,139.90306,114.6872,131.42915,167.70033
2780.0,139.95432,114.71199,131.46571,167.77126
2780.5,140.00557,114.73677,131.50229,167.84216
2781.0,140.05682,114.761566,131.53886,167.91307
2781.5,140.10806,114.78636,131.57545,167.98393
2782.0,140.1593,114.81116,131.61205,168.0548
2782.5,140.21053,114.83595,131.64862,168.12563
2783.0,140.26176,114.86076,131.68523,168.19646
2783.5,140.31299,114.88557,131.72182,168.26724
2784.0,140.36421,114.910385,131.75842,168.33804
2784.5,140.41542,114.935196,131.79504,168.40878
2785.0,140.46661,114.96001,131.83167,168.47952
2785.5,140.5178,114.98481,131.86827,168.55023
2786.0,140.56898,115.00962,131.90489,168.62093
2786.5,140.62015,115.034424,131.94151,168.69157
2787.0,140.6713,115.05922,131.97815,168.76222
2787.5,140.72244,115.084015,132.01477,168.83282
2788.0,140.77357,115.10881,132.05139,168.90343
2788.5,140.82469,115.133606,132.08803,168.97398
2789.0,140.87581,115.1584,132.12468,169.04454
2789.5,140.92693,115.1832,132.16132,169.1151
2790.0,140.97803,115.20799,132.19798,169.18561
2790.5,141.02913,115.23279,132.23463,169.25612
2791.0,141.08023,115.25758,132.27129,169.3266
2791.5,141.1313,115.28238,132.30795,169.39705
2792.0,141.18239,115.307175,132.34464,169.4675
2792.5,141.23346,115.331985,132.3813,169.53792
2793.0,141.28453,115.35679,132.41798,169.60832
2793.5,141.3356,115.38161,132.45468,169.67871
2794.0,141.38666,115.40643,132.49138,169.74908
2794.5,141.43773,115.43126,132.52808,169.81944
2795.0,141.48878,115.45609,132.56479,169.88977
2795.5,141.53984,115.48093,132.6015,169.9601
2796.0,141.5909,115.50575,132.63821,170.0304
2796.5,141.64195,115.5306,132.67494,170.1007
2797.0,141.693,115.55544,132.71167,170.17094
2797.5,141.74403,115.580284,132.7484,170.2412
2798.0,141.79504,115.605125,132.78513,170.31142
2798.5,141.84607,115.629974,132.82187,170.38162
2799.0,141.89708,115.654816,132.85861,170.4518
2799.5,141.94809,115.67966,132.89536,170.52196
2800.0,141.99908,115.70451,132.93211,170.5921
2800.5,142.0501,115.72938,132.96887,170.66225
2801.0,142.1011,115.75425,133.00565,170.73236
2801.5,142.1521,115.77911,133.04242,170.80247
2802.0,142.20308,115.80398,133.0792,170.87256
2802.5,142.25406,115.82885,133.11598,170.94261
2803.0,142.30504,115.853714,133.15277,171.01266
2803.5,142.35602,115.87859,133.18958,171.0827
2804.0,142.40698,115.90347,133.22636,171.15271
2804.5,142.45795,115.92836,133.26318,171.22272
2805.0,142.50891,115.953255,133.29999,171.2927
2805.5,142.55984,115.978134,133.3368,171.36261
2806.0,142.61078,116.003,133.37361,171.43253
2806.5,142.66168,116.02787,133.41042,171.50238
2807.0,142.71259,116.052734,133.44724,171.57225
2807.5,142.76346,116.07759,133.48404,171.64206
2808.0,142.81433,116.10245,133.52086,171.71187
2808.5,142.8652,116.127304,133.55768,171.78165
2809.0,142.91608,116.15217,133.5945,171.85143
2809.5,142.96693,116.17703,133.63133,171.92117
2810.0,143.0178,116.20191,133.66818,171.99092
2810.5,143.06866,116.22679,133.70503,172.06064
2811.0,143.1195,116.25167,133.7419,172.13036
2811.5,143.17036,116.276566,133.77875,172.20004
2812.0,143.22122,116.30145,133.81563,172.26974
2812.5,143.27206,116.32635,133.8525,172.3394
2813.0,143.3229,116.35125,133.88937,172.40906
2813.5,143.37373,116.37615,133.92625,172.47868
2814.0,143.42458,116.401054,133.96315,172.5483
2814.5,143.4754,116.42596,134.00005,172.61789
2815.0,143.52621,116.45087,134.03694,172.68747
2815.5,143.57704,116.475784,134.07384,172.75703
2816.0,143.62785,116.5007,134.11075,172.82658
2816.5,143.67867,116.52561,134.14767,172.89612
2817.0,143.72946,116.55053,134.18459,172.9656
2817.5,143.78026,116.575455,134.22151,173.0351
2818.0,143.83104,116.60038,134.25844,173.10455
2818.5,143.88182,116.625305,134.29536,173.17401
2819.0,143.93259,116.65024,134.3323,173.24344
2819.5,143.98337,116.67516,134.36925,173.31285
2820.0,144.03412,116.70009,134.40619,173.38223
2820.5,144.08487,116.72501,134.44313,173.45158
2821.0,144.1356,116.74993,134.48007,173.5209
2821.5,144.18633,116.77484,134.51703,173.59023
2822.0,144.23705,116.79976,134.55399,173.65952
2822.5,144.28775,116.824684,134.59094,173.72879
2823.0,144.33846,116.84961,134.6279,173.79803
2823.5,144.38916,116.87453,134.66487,173.86726
2824.0,144.43983,116.89945,134.70184,173.93646
2824.5,144.49052,116.92438,134.73882,174.00566
2825.0,144.5412,116.94931,134.77579,174.07483
2825.5,144.59189,116.97424,134.81279,174.144
2826.0,144.64256,116.99918,134.84978,174.21313
2826.5,144.69324,117.02414,134.88678,174.28226
2827.0,144.74393,117.04909,134.92378,174.35138
2827.5,144.79459,117.074036,134.9608,174.42047
2828.0,144.84523,117.098976,134.9978,174.48955
2828.5,144.89586,117.12392,135.03482,174.5586
2829.0,144.9465,117.148865,135.07185,174.62762
2829.5,144.99713,117.17381,135.10887,174.69666
2830.0,145.04776,117.19877,135.14592,174.76564
2830.5,145.09837,117.22372,135.18295,174.83463
2831.0,145.14899,117.248665,135.21999,174.90358
2831.5,145.19957,117.273605,135.25703,174.9725
2832.0,145.25015,117.298546,135.29407,175.04141
2832.5,145.30072,117.32348,135.3311,175.11028
2833.0,145.35129,117.34842,135.36816,175.17915
2833.5,145.40184,117.37337,135.40521,175.24799
2834.0,145.45242,117.39832,135.44228,175.31683
2834.5,145.50298,117.42329,135.47932,175.38565
2835.0,145.55353,117.44825,135.5164,175.45447
2835.5,145.60408,117.473206,135.55348,175.52324
2836.0,145.65465,117.498184,135.59056,175.59203
2836.5,145.70518,117.523155,135.62766,175.66078
2837.0,145.75574,117.548134,135.66475,175.72952
2837.5,145.80626,117.573105,135.70184,175.79825
2838.0,145.8568,117.59808,135.73895,175.86694
2838.5,145.9073,117.623055,135.77606,175.93562
2839.0,145.95781,117.648026,135.81317,176.00429
2839.5,146.00833,117.673004,135.8503,176.07294
2840.0,146.05882,117.697975,135.88742,176.14154
2840.5,146.10931,117.72295,135.92455,176.21014
2841.0,146.15979,117.74794,135.96167,176.27872
2841.5,146.21027,117.77293,135.9988,176.34727
2842.0,146.26073,117.7979,136.03593,176.41582
2842.5,146.31117,117.822876,136.07306,176.48433
2843.0,146.36162,117.84785,136.1102,176.5528
2843.5,146.41203,117.872826,136.14734,176.62126
2844.0,146.46245,117.89778,136.18446,176.6897
2844.5,146.51288,117.92276,136.22162,176.75812
2845.0,146.5633,117.94775,136.25877,176.82654
2845.5,146.61372,117.97273,136.29594,176.89496
2846.0,146.66412,117.99773,136.33311,176.96333
2846.5,146.71454,118.02273,136.3703,177.0317
2847.0,146.76494,118.047714,136.40747,177.10002
2847.5,146.81532,118.0727,136.44466,177.16835
2848.0,146.8657,118.09769,136.48183,177.23663
2848.5,146.91608,118.12269,136.51903,177.30493
2849.0,146.96646,118.14768,136.55621,177.3732
2849.5,147.01683,118.17268,136.59343,177.44147
2850.0,147.06718,118.19768,136.63062,177.50967
2850.5,147.11752,118.222664,136.66782,177.57788
2851.0,147.16785,118.24765,136.70503,177.64604
2851.5,147.21817,118.27265,136.74223,177.71419
2852.0,147.2685,118.297646,136.77945,177.78233
2852.5,147.31883,118.32266,136.81668,177.85048
2853.0,147.36916,118.34767,136.85391,177.9186
2853.5,147.41948,118.37269,136.89114,177.98672
2854.0,147.46979,118.3977,136.92839,178.0548
2854.5,147.52008,118.422714,136.96564,178.12285
2855.0,147.57037,118.44772,137.00287,178.19089
2855.5,147.62064,118.47273,137.04012,178.25888
2856.0,147.67091,118.49774,137.07736,178.32687
2856.5,147.72118,118.52275,137.1146,178.39482
2857.0,147.77142,118.54776,137.15186,178.46275
2857.5,147.82166,118.57277,137.1891,178.53067
2858.0,147.87189,118.59778,137.22635,178.59857
2858.5,147.9221,118.62278,137.26361,178.66644
2859.0,147.97232,118.64778,137.30087,178.73428
2859.5,148.02252,118.672775,137.33813,178.80211
2860.0,148.07272,118.697784,137.37541,178.86993
2860.5,148.12292,118.72279,137.41269,178.93771
2861.0,148.17311,118.74782,137.44998,179.00551
2861.5,148.22331,118.77284,137.48727,179.07329
2862.0,148.27351,118.797874,137.52457,179.14105
2862.5,148.3237,118.82291,137.56187,179.2088
2863.0,148.37389,118.847946,137.59917,179.27652
2863.5,148.42407,118.87298,137.63649,179.34424
2864.0,148.47426,118.898026,137.67381,179.41194
2864.5,148.52444,118.92308,137.71114,179.47963
2865.0,148.57462,118.948135,137.74846,179.5473
2865.5,148.62479,118.9732,137.7858,179.61494
2866.0,148.67496,118.99825,137.82314,179.68259
2866.5,148.7251,119.02331,137.86047,179.7502
2867.0,148.77525,119.04837,137.89783,179.8178
2867.5,148.8254,119.073425,137.93518,179.88538
2868.0,148.87552,119.09849,137.97252,179.95293
2868.5,148.92564,119.12354,138.00987,180.02045
2869.0,148.97574,119.14859,138.04721,180.08795
2869.5,149.02585,119.173645,138.08458,180.15543
2870.0,149.07594,119.1987,138.12193,180.2229
2870.5,149.12602,119.22376,138.15932,180.29034
2871.0,149.1761,119.24881,138.19667,180.35776
2871.5,149.22615,119.27385,138.23404,180.42514
2872.0,149.2762,119.2989,138.27141,180.4925
2872.5,149.32625,119.323944,138.30878,180.55984
2873.0,149.37627,119.348976,138.34615,180.62714
2873.5,149.42628,119.374016,138.38351,180.69444
2874.0,149.47629,119.39905,138.4209,180.7617
2874.5,149.52629,119.42408,138.45828,180.82896
2875.0,149.57628,119.44911,138.49567,180.8962
2875.5,149.62627,119.47415,138.53305,180.96341
2876.0,149.67624,119.49918,138.57043,181.0306
2876.5,149.72621,119.524216,138.60782,181.09776
2877.0,149.77617,119.54926,138.64522,181.16492
2877.5,149.82613,119.574295,138.68262,181.23206
2878.0,149.87607,119.59933,138.72002,181.29918
2878.5,149.92601,119.624374,138.75743,181.36627
2879.0,149.97594,119.64942,138.79485,181.43335
2879.5,150.02586,119.67447,138.83228,181.5004
2880.0,150.07579,119.69952,138.86969,181.56744
2880.5,150.1257,119.72456,138.9071,181.63446
2881.0,150.17561,119.7496,138.94455,181.70148
2881.5,150.22552,119.77465,138.98198,181.76845
2882.0,150.27542,119.79971,139.01942,181.83542
2882.5,150.32532,119.82477,139.05685,181.90237
2883.0,150.3752,119.84982,139.0943,181.96931
2883.5,150.42508,119.874886,139.13174,182.03622
2884.0,150.47496,119.89994,139.16919,182.10312
2884.5,150.52483,119.924995,139.20665,182.17
2885.0,150.57468,119.95006,139.24411,182.23686
2885.5,150.62454,119.97511,139.28159,182.3037
2886.0,150.6744,120.00018,139.31906,182.37054
2886.5,150.72423,120.02525,139.35654,182.43736
2887.0,150.77408,120.05032,139.39403,182.50417
2887.5,150.82391,120.0754,139.43152,182.57095
2888.0,150.87375,120.10049,139.46901,182.63774
2888.5,150.9236,120.12558,139.50652,182.70451
2889.0,150.97343,120.15067,139.54402,182.77126
2889.5,151.02327,120.17578,139.58154,182.83798
2890.0,151.0731,120.20088,139.61905,182.90471
2890.5,151.12292,120.22599,139.65659,182.9714
2891.0,151.17274,120.2511,139.6941,183.03809
2891.5,151.22255,120.2762,139.73163,183.10474
2892.0,151.27234,120.30131,139.76917,183.17139
2892.5,151.32214,120.32641,139.8067,183.238
2893.0,151.37192,120.35152,139.84424,183.30461
2893.5,151.4217,120.376625,139.88179,183.3712
2894.0,151.47147,120.401726,139.91933,183.43776
2894.5,151.52121,120.42682,139.95686,183.50429
2895.0,151.57092,120.451904,139.9944,183.57077
2895.5,151.62065,120.47698,140.03195,183.63724
2896.0,151.67035,120.50207,140.06949,183.70367
2896.5,151.72005,120.52714,140.10704,183.7701
2897.0,151.76971,120.55221,140.14458,183.83649
2897.5,151.81941,120.577286,140.18213,183.90288
2898.0,151.86908,120.60237,140.21968,183.96924
2898.5,151.91876,120.62745,140.25723,184.03558
2899.0,151.96841,120.652534,140.2948,184.10191
2899.5,152.01808,120.67761,140.33238,184.16823
2900.0,152.06773,120.7027,140.36995,184.23453
2900.5,152.11739,120.72779,140.40753,184.30081
2901.0,152.16702,120.752884,140.44511,184.36707
2901.5,152.21666,120.77798,140.4827,184.43332
2902.0,152.26628,120.80307,140.5203,184.49954
2902.5,152.31592,120.82816,140.55789,184.56577
2903.0,152.36552,120.85326,140.59549,184.63197
2903.5,152.41513,120.87835,140.63309,184.69814
2904.0,152.46474,120.90346,140.6707,184.7643
2904.5,152.51434,120.92856,140.7083,184.83044
2905.0,152.56393,120.95367,140.74591,184.89658
2905.5,152.61351,120.978775,140.78352,184.96268
2906.0,152.66309,121.003876,140.82115,185.02878
2906.5,152.71266,121.02899,140.85876,185.09486
2907.0,152.76224,121.054115,140.89641,185.16092
2907.5,152.81178,121.07923,140.93404,185.22696
2908.0,152.86134,121.10435,140.97168,185.29298
2908.5,152.91089,121.12946,141.00932,185.35898
2909.0,152.96043,121.15458,141.04697,185.42496
2909.5,153.00996,121.1797,141.08461,185.49092
2910.0,153.0595,121.20482,141.12227,185.55687
2910.5,153.10901,121.22992,141.15991,185.62277
2911.0,153.15851,121.25503,141.19757,185.68867
2911.5,153.20801,121.28014,141.23523,185.75455
2912.0,153.2575,121.30526,141.2729,185.82042
2912.5,153.30699,121.33038,141.31058,185.88626
2913.0,153.35648,121.3555,141.34824,185.95209
2913.5,153.40594,121.380615,141.38591,186.0179
2914.0,153.4554,121.40573,141.4236,186.08368
2914.5,153.50487,121.43085,141.46127,186.14944
2915.0,153.5543,121.45597,141.49896,186.2152
2915.5,153.60376,121.48109,141.53665,186.28093
2916.0,153.6532,121.5062,141.57434,186.34663
2916.5,153.70262,121.531334,141.61205,186.41234
2917.0,153.75206,121.55646,141.64973,186.47801
2917.5,153.80148,121.58159,141.68744,186.54369
2918.0,153.85089,121.60672,141.72514,186.60933
2918.5,153.90028,121.63185,141.76285,186.67496
2919.0,153.94968,121.656975,141.80055,186.74055
2919.5,153.99907,121.682106,141.83827,186.80614
2920.0,154.04845,121.70722,141.87599,186.87169
2920.5,154.09781,121.732346,141.91371,186.93723
2921.0,154.14716,121.75746,141.95143,187.00273
2921.5,154.19652,121.78259,141.98917,187.06824
2922.0,154.24585,121.80771,142.02689,187.13371
2922.5,154.2952,121.832825,142.06462,187.19916
2923.0,154.34453,121.85794,142.10236,187.2646
2923.5,154.39384,121.88306,142.14009,187.33002
2924.0,154.44313,121.908165,142.17783,187.3954
2924.5,154.49242,121.93327,142.21555,187.46075
2925.0,154.54169,121.958374,142.25328,187.52608
2925.5,154.59094,121.98347,142.29102,187.5914
2926.0,154.64018,122.00856,142.32875,187.65668
2926.5,154.68944,122.03367,142.36649,187.72195
2927.0,154.73866,122.05878,142.40424,187.78722
2927.5,154.7879,122.08387,142.44197,187.85245
2928.0,154.83711,122.10896,142.47972,187.91765
2928.5,154.88632,122.134056,142.51747,187.98283
2929.0,154.93553,122.15916,142.55522,188.048
2929.5,154.98473,122.184265,142.59299,188.11316
2930.0,155.03392,122.20937,142.63075,188.17831
2930.5,155.08311,122.234474,142.66852,188.24344
2931.0,155.1323,122.25958,142.7063,188.30855
2931.5,155.18147,122.28468,142.74408,188.37364
2932.0,155.23064,122.30979,142.78186,188.43872
2932.5,155.27979,122.3349,142.81963,188.50375
2933.0,155.32895,122.360016,142.85742,188.5688
2933.5,155.37811,122.38513,142.8952,188.6338
2934.0,155.42728,122.41026,142.93301,188.69882
2934.5,155.47643,122.435394,142.97081,188.76382
2935.0,155.52557,122.46052,143.00862,188.8288
2935.5,155.57472,122.485664,143.04643,188.89377
2936.0,155.62386,122.5108,143.08426,188.95872
2936.5,155.67297,122.535934,143.12207,189.02365
2937.0,155.7221,122.56106,143.1599,189.08856
2937.5,155.77121,122.58619,143.19772,189.15344
2938.0,155.82033,122.61133,143.23557,189.21832
2938.5,155.86942,122.636475,143.27339,189.28317
2939.0,155.9185,122.661606,143.31123,189.348
2939.5,155.96758,122.68673,143.34904,189.41281
2940.0,156.01663,122.71186,143.38689,189.47758
2940.5,156.06569,122.73698,143.42473,189.54234
2941.0,156.11473,122.76209,143.46255,189.60707
2941.5,156.16376,122.78722,143.5004,189.67178
2942.0,156.2128,122.81234,143.53825,189.7365
2942.5,156.26183,122.83747,143.5761,189.8012
2943.0,156.31085,122.86261,143.61395,189.86588
2943.5,156.3599,122.88776,143.65182,189.93054
2944.0,156.4089,122.912895,143.68968,189.9952
2944.5,156.45793,122.938034,143.72755,190.05983
2945.0,156.50693,122.96318,143.76543,190.12444
2945.5,156.55594,122.98832,143.80331,190.18904
2946.0,156.60493,123.01346,143.84119,190.25362
2946.5,156.65392,123.038605,143.87907,190.31818
2947.0,156.70288,123.06373,143.91695,190.3827
2947.5,156.75183,123.088875,143.95482,190.44722
2948.0,156.8008,123.11401,143.9927,190.51172
2948.5,156.84975,123.13915,144.03061,190.5762
2949.0,156.89868,123.16428,144.0685,190.64064
2949.5,156.94762,123.18942,144.10638,190.70508
2950.0,156.99654,123.21457,144.14429,190.7695
2950.5,157.04546,123.23971,144.18219,190.83391
2951.0,157.09438,123.26485,144.22011,190.8983
2951.5,157.14326,123.28999,144.25801,190.96268
2952.0,157.19215,123.31513,144.29591,191.02701
2952.5,157.24104,123.34027,144.33383,191.09134
2953.0,157.28992,123.36542,144.37175,191.15564
2953.5,157.33879,123.39056,144.40967,191.21992
2954.0,157.38763,123.415695,144.44759,191.2842
2954.5,157.4365,123.44084,144.4855,191.34845
2955.0,157.48534,123.465965,144.52344,191.41266
2955.5,157.53416,123.4911,144.56136,191.47687
2956.0,157.58298,123.51623,144.59929,191.54105
2956.5,157.63177,123.54135,144.63722,191.60521
2957.0,157.68057,123.56648,144.67514,191.66934
2957.5,157.72937,123.59161,144.71307,191.73346
2958.0,157.77815,123.616745,144.751,191.79756
2958.5,157.82693,123.64188,144.78896,191.86165
2959.0,157.87572,123.667,144.8269,191.92572
2959.5,157.92448,123.69215,144.86484,191.98976
2960.0,157.97325,123.717285,144.9028,192.05382
2960.5,158.022,123.742424,144.94077,192.11783
2961.0,158.07077,123.76758,144.97873,192.18185
2961.5,158.1195,123.79272,145.01668,192.24583
2962.0,158.16826,123.81786,145.05466,192.3098
2962.5,158.21698,123.843,145.09262,192.37373
2963.0,158.26572,123.86814,145.1306,192.43767
2963.5,158.31444,123.89329,145.16856,192.50159
2964.0,158.36316,123.91844,145.20654,192.56549
2964.5,158.41187,123.94359,145.24452,192.62936
2965.0,158.46057,123.96874,145.28252,192.69324
2965.5,158.50926,123.9939,145.32051,192.75708
2966.0,158.55795,124.01905,145.3585,192.82092
2966.5,158.60664,124.044205,145.3965,192.88474
2967.0,158.6553,124.06936,145.4345,192.94852
2967.5,158.70396,124.09451,145.4725,193.01228
2968.0,158.75262,124.11965,145.51051,193.07602
2968.5,158.80124,124.14479,145.5485,193.13972
2969.0,158.84985,124.16994,145.58649,193.20341
2969.5,158.89847,124.19506,145.62448,193.26707
2970.0,158.94707,124.22019,145.66249,193.3307
2970.5,158.99565,124.24532,145.70049,193.39432
2971.0,159.04424,124.270454,145.7385,193.45792
2971.5,159.09279,124.29558,145.7765,193.52148
2972.0,159.14136,124.32071,145.8145,193.58504
2972.5,159.18991,124.34584,145.85251,193.64857
2973.0,159.23845,124.37097,145.8905,193.7121
2973.5,159.28697,124.39609,145.92853,193.77559
2974.0,159.3355,124.4212,145.96654,193.83905
2974.5,159.38402,124.44632,146.00456,193.90251
2975.0,159.43251,124.471436,146.04257,193.96594
2975.5,159.481,124.49655,146.0806,194.02936
2976.0,159.52948,124.521675,146.11862,194.09274
2976.5,159.57797,124.54679,146.15665,194.15613
2977.0,159.62643,124.57191,146.19467,194.2195
2977.5,159.67491,124.59702,146.2327,194.28284
2978.0,159.72336,124.62214,146.27072,194.34616
2978.5,159.7718,124.64726,146.30876,194.40945
2979.0,159.82025,124.67238,146.3468,194.47273
2979.5,159.86868,124.697495,146.38484,194.536
2980.0,159.9171,124.72261,146.42288,194.59923
2980.5,159.96553,124.74773,146.46092,194.66246
2981.0,160.01393,124.77285,146.49898,194.72566
2981.5,160.06233,124.797966,146.53703,194.78886
2982.0,160.11072,124.82308,146.57509,194.85204
2982.5,160.15912,124.8482,146.61313,194.91519
2983.0,160.20749,124.873314,146.6512,194.97832
2983.5,160.25586,124.89844,146.68925,195.04144
2984.0,160.30423,124.92355,146.72733,195.10454
2984.5,160.35257,124.94867,146.76538,195.16762
2985.0,160.40092,124.973785,146.80345,195.23068
2985.5,160.44926,124.9989,146.84152,195.29372
2986.0,160.49759,125.02402,146.87961,195.35674
2986.5,160.54593,125.04914,146.91768,195.41974
2987.0,160.59424,125.07426,146.95575,195.48273
2987.5,160.64255,125.09937,146.99384,195.5457
2988.0,160.69084,125.12449,147.03192,195.60866
2988.5,160.73914,125.149605,147.07,195.67159
2989.0,160.78743,125.17473,147.1081,195.7345
2989.5,160.83571,125.199844,147.14618,195.7974
2990.0,160.88399,125.22496,147.18428,195.86028
2990.5,160.93225,125.25008,147.22238,195.92313
2991.0,160.98051,125.27519,147.26047,195.98596
2991.5,161.02875,125.30031,147.29857,196.04877
2992.0,161.077,125.32543,147.33667,196.11157
2992.5,161.12521,125.35055,147.37477,196.17435
2993.0,161.17343,125.37566,147.41289,196.2371
2993.5,161.22165,125.40078,147.45099,196.29985
2994.0,161.26985,125.425896,147.4891,196.36258
2994.5,161.31805,125.45102,147.52722,196.42528
2995.0,161.36624,125.476135,147.56534,196.48798
2995.5,161.41443,125.50125,147.60347,196.55064
2996.0,161.4626,125.52637,147.64159,196.6133
2996.5,161.51077,125.55148,147.67972,196.67593
2997.0,161.55894,125.57661,147.71785,196.73856
2997.5,161.6071,125.60172,147.75598,196.80115
2998.0,161.65524,125.62684,147.79411,196.86374
2998.5,161.70338,125.651955,147.83224,196.9263
2999.0,161.75151,125.67707,147.87039,196.98883
2999.5,161.79964,125.702194,147.90854,197.05136
3000.0,161.84775,125.72731,147.94667,197.11386
3000.5,161.89584,125.752426,147.98482,197.17635
3001.0,161.94394,125.77754,148.02296,197.2388
3001.5,161.99202,125.80266,148.06111,197.30124
3002.0,162.0401,125.827774,148.09926,197.36368
3002.5,162.08818,125.8529,148.13742,197.42609
3003.0,162.13625,125.87801,148.17557,197.48848
3003.5,162.18431,125.90313,148.21373,197.55086
3004.0,162.23236,125.928246,148.25189,197.6132
3004.5,162.28041,125.95336,148.29007,197.67555
3005.0,162.32843,125.978485,148.32822,197.73785
3005.5,162.37646,126.003586,148.3664,197.80016
3006.0,162.42448,126.028694,148.40456,197.86243
3006.5,162.47249,126.053795,148.44273,197.9247
3007.0,162.52048,126.0789,148.48091,197.98694
3007.5,162.56848,126.10402,148.51909,198.04916
3008.0,162.61646,126.12913,148.55727,198.11137
3008.5,162.66444,126.154236,148.59546,198.17355
3009.0,162.7124,126.17934,148.63364,198.23572
3009.5,162.76035,126.204445,148.67181,198.29785
3010.0,162.8083,126.229546,148.71,198.35999
3010.5,162.85623,126.25464,148.74818,198.4221
3011.0,162.90416,126.27974,148.78638,198.48418
3011.5,162.95207,126.30483,148.82457,198.54625
3012.0,162.99998,126.329926,148.86276,198.6083
3012.5,163.04788,126.35502,148.90096,198.67033
3013.0,163.09578,126.38011,148.93916,198.73235
3013.5,163.14368,126.405205,148.97736,198.79433
3014.0,163.19154,126.4303,149.01556,198.85631
3014.5,163.23941,126.45539,149.05376,198.91826
3015.0,163.28728,126.480484,149.09196,198.9802
3015.5,163.33511,126.50558,149.13017,199.04211
3016.0,163.38297,126.53067,149.16837,199.10402
3016.5,163.4308,126.55576,149.20657,199.1659
3017.0,163.47862,126.58086,149.2448,199.22777
3017.5,163.52644,126.60595,149.283,199.2896
3018.0,163.57425,126.63104,149.32123,199.35143
3018.5,163.62206,126.656136,149.35944,199.41322
3019.0,163.66986,126.68123,149.39767,199.47502
3019.5,163.71764,126.70633,149.43588,199.53677
3020.0,163.76541,126.73142,149.47412,199.59853
3020.5,163.81319,126.7565,149.51234,199.66025
3021.0,163.86095,126.781586,149.55057,199.72197
3021.5,163.9087,126.80666,149.5888,199.78366
3022.0,163.95645,126.83175,149.62703,199.84534
3022.5,164.00418,126.85683,149.66525,199.907
3023.0,164.05191,126.88191,149.7035,199.96863
3023.5,164.09964,126.90699,149.74174,200.03026
3024.0,164.14735,126.932076,149.77998,200.09186
3024.5,164.19507,126.95715,149.81824,200.15344
3025.0,164.24275,126.98224,149.85648,200.21501
3025.5,164.29045,127.00732,149.89473,200.27654
3026.0,164.33813,127.0324,149.93298,200.33807
3026.5,164.38582,127.05748,149.97124,200.3996
3027.0,164.43349,127.082565,150.00949,200.46107
3027.5,164.48116,127.10764,150.04774,200.52257
3028.0,164.5288,127.13273,150.086,200.584
3028.5,164.57645,127.15781,150.12427,200.64545
3029.0,164.62408,127.18289,150.16252,200.70686
3029.5,164.6717,127.20797,150.20079,200.76825
3030.0,164.71931,127.233055,150.23904,200.82962
3030.5,164.76694,127.25813,150.27731,200.89099
3031.0,164.81453,127.28322,150.31558,200.95233
3031.5,164.86214,127.3083,150.35387,201.01366
3032.0,164.90971,127.33338,150.39214,201.07495
3032.5,164.95729,127.35846,150.43042,201.13626
3033.0,165.00487,127.383545,150.46869,201.19753
3033.5,165.05243,127.40862,150.50697,201.25877
3034.0,165.09998,127.43371,150.54526,201.32
3034.5,165.14752,127.458786,150.58354,201.38123
3035.0,165.19505,127.48387,150.62183,201.44243
3035.5,165.24258,127.50895,150.66011,201.50362
3036.0,165.2901,127.534035,150.6984,201.56476
3036.5,165.33762,127.559105,150.7367,201.62592
3037.0,165.38512,127.58417,150.77498,201.68704
3037.5,165.43262,127.60925,150.81328,201.74815
3038.0,165.48012,127.63434,150.85158,201.80923
3038.5,165.52759,127.65942,150.8899,201.87032
3039.0,165.57507,127.684494,150.92819,201.93138
3039.5,165.62254,127.70958,150.96649,201.99242
3040.0,165.67,127.734665,151.0048,202.05342
3040.5,165.71745,127.75973,151.04312,202.11441
3041.0,165.7649,127.7848,151.08144,202.1754
3041.5,165.81233,127.80987,151.11975,202.23636
3042.0,165.85974,127.83494,151.15807,202.2973
3042.5,165.90715,127.86001,151.19637,202.35822
3043.0,165.95456,127.88508,151.23468,202.41914
3043.5,166.00197,127.91015,151.273,202.48001
3044.0,166.04935,127.93522,151.31133,202.54088
3044.5,166.09673,127.96029,151.34964,202.60172
3045.0,166.1441,127.98536,151.38797,202.66254
3045.5,166.19145,128.01042,151.42628,202.72334
3046.0,166.23882,128.03549,151.46461,202.78413
3046.5,166.28616,128.06056,151.50294,202.84491
3047.0,166.33353,128.08563,151.54128,202.90569
3047.5,166.38086,128.1107,151.57962,202.96643
3048.0,166.42819,128.13577,151.61795,203.02716
3048.5,166.47551,128.16084,151.6563,203.08786
3049.0,166.52283,128.18591,151.69463,203.14856
3049.5,166.57013,128.21098,151.73297,203.20921
3050.0,166.61743,128.23605,151.77132,203.26987
3050.5,166.66472,128.26112,151.80966,203.33049
3051.0,166.712,128.2862,151.84802,203.39113
3051.5,166.7593,128.31126,151.88637,203.45172
3052.0,166.80655,128.33633,151.92473,203.51231
3052.5,166.85382,128.3614,151.96309,203.57288
3053.0,166.90108,128.38647,152.00145,203.63342
3053.5,166.94833,128.41154,152.03981,203.69397
3054.0,166.99557,128.43661,152.07817,203.75447
3054.5,167.0428,128.46169,152.11653,203.81496
3055.0,167.09003,128.48676,152.15489,203.87543
3055.5,167.13724,128.51183,152.19327,203.93588
3056.0,167.18445,128.5369,152.23164,203.99632
3056.5,167.23166,128.56197,152.27002,204.05676
3057.0,167.27885,128.58704,152.3084,204.11717
3057.5,167.32605,128.6121,152.34677,204.17757
3058.0,167.37323,128.63718,152.38515,204.23795
3058.5,167.42041,128.66225,152.42354,204.29831
3059.0,167.46758,128.68732,152.46193,204.35864
3059.5,167.51472,128.71239,152.5003,204.41898
3060.0,167.56187,128.73746,152.5387,204.47926
3060.5,167.60901,128.76251,152.57707,204.53954
3061.0,167.65613,128.78758,152.61546,204.5998
3061.5,167.70326,128.81265,152.65385,204.66003
3062.0,167.75037,128.83772,152.69226,204.72026
3062.5,167.79749,128.8628,152.73065,204.78046
3063.0,167.84457,128.88786,152.76906,204.84064
3063.5,167.89166,128.91292,152.80745,204.90082
3064.0,167.93875,128.93797,152.84584,204.96097
3064.5,167.98582,128.96303,152.88425,205.02109
3065.0,168.03288,128.98808,152.92264,205.0812
3065.5,168.07996,129.01314,152.96104,205.14131
3066.0,168.127,129.03821,152.99947,205.20139
3066.5,168.17404,129.06326,153.03787,205.26144
3067.0,168.22107,129.08832,153.07628,205.32147
3067.5,168.26808,129.11337,153.11469,205.38152
3068.0,168.3151,129.13843,153.15309,205.44153
3068.5,168.36209,129.16348,153.19151,205.50151
3069.0,168.40909,129.18852,153.22992,205.56148
3069.5,168.45607,129.21358,153.26833,205.62141
3070.0,168.50305,129.23862,153.30675,205.68135
3070.5,168.55002,129.26366,153.34517,205.74126
3071.0,168.59698,129.28871,153.38359,205.80115
3071.5,168.64394,129.31375,153.42201,205.86102
3072.0,168.69089,129.3388,153.46043,205.92088
3072.5,168.73782,129.36385,153.49886,205.98073
3073.0,168.78474,129.38889,153.5373,206.04054
3073.5,168.83167,129.41393,153.57571,206.10034
3074.0,168.87857,129.43896,153.61414,206.16011
3074.5,168.92546,129.46399,153.65256,206.21986
3075.0,168.97235,129.48903,153.691,206.27962
3075.5,169.01923,129.51407,153.72943,206.33934
3076.0,169.0661,129.5391,153.76785,206.39903
3076.5,169.11296,129.56413,153.80629,206.45871
3077.0,169.15982,129.58916,153.84474,206.51839
3077.5,169.20665,129.6142,153.88318,206.57803
3078.0,169.2535,129.63924,153.92162,206.63766
3078.5,169.30032,129.66426,153.96005,206.69727
3079.0,169.34714,129.68927,153.99849,206.75688
3079.5,169.39394,129.7143,154.03694,206.81645
3080.0,169.44073,129.73932,154.07538,206.87602
3080.5,169.48752,129.76434,154.11383,206.93555
3081.0,169.5343,129.78937,154.15227,206.99506
3081.5,169.58107,129.81439,154.19072,207.05457
3082.0,169.62784,129.8394,154.22916,207.11406
3082.5,169.67459,129.86443,154.26762,207.17351
3083.0,169.72134,129.88945,154.30608,207.23296
3083.5,169.76808,129.91447,154.34453,207.29239
3084.0,169.81482,129.9395,154.383,207.3518
3084.5,169.86154,129.96452,154.42145,207.4112
3085.0,169.90826,129.98953,154.4599,207.47057
3085.5,169.95497,130.01454,154.49837,207.52992
3086.0,170.00166,130.03955,154.53682,207.58926
3086.5,170.04836,130.06456,154.57529,207.64859
3087.0,170.09503,130.08957,154.61374,207.70789
3087.5,170.1417,130.11458,154.65222,207.76718
3088.0,170.18835,130.13959,154.69067,207.82645
3088.5,170.23502,130.1646,154.72914,207.8857
3089.0,170.28166,130.1896,154.76761,207.94492
3089.5,170.32831,130.21461,154.80608,208.00414
3090.0,170.37492,130.23962,154.84454,208.06334
3090.5,170.42155,130.26463,154.88303,208.12251
3091.0,170.46817,130.28964,154.9215,208.18167
3091.5,170.51477,130.31464,154.95998,208.24081
3092.0,170.56137,130.33963,154.99846,208.29994
3092.5,170.60796,130.36464,155.03694,208.35905
3093.0,170.65454,130.38963,155.07542,208.41814
3093.5,170.70111,130.41463,155.1139,208.4772
3094.0,170.74768,130.43962,155.15237,208.53627
3094.5,170.79422,130.46463,155.19086,208.5953
3095.0,170.84076,130.48962,155.22934,208.65431
3095.5,170.8873,130.51462,155.26784,208.71329
3096.0,170.93384,130.53963,155.30632,208.77228
3096.5,170.98035,130.56462,155.34482,208.83124
3097.0,171.02686,130.58961,155.38332,208.8902
3097.5,171.07336,130.61461,155.4218,208.94914
3098.0,171.11986,130.63959,155.4603,209.00806
3098.5,171.16634,130.66458,155.4988,209.06694
3099.0,171.21281,130.68956,155.53728,209.12581
3099.5,171.25928,130.71455,155.57578,209.18465
3100.0,171.30574,130.73953,155.61429,209.24348
3100.5,171.35219,130.76453,155.65277,209.3023
3101.0,171.39862,130.7895,155.69128,209.3611
3101.5,171.44505,130.8145,155.72978,209.41988
3102.0,171.49149,130.83948,155.76828,209.47864
3102.5,171.53792,130.86447,155.8068,209.53738
3103.0,171.58432,130.88945,155.84529,209.59612
3103.5,171.63072,130.91443,155.8838,209.65482
3104.0,171.67711,130.9394,155.92232,209.7135
3104.5,171.7235,130.96437,155.96082,209.77219
3105.0,171.76987,130.98935,155.99934,209.83083
3105.5,171.81622,131.01433,156.03786,209.88947
3106.0,171.8626,131.03929,156.07637,209.94809
3106.5,171.90894,131.06427,156.11488,210.00668
3107.0,171.95529,131.08925,156.15341,210.06528
3107.5,172.00162,131.11423,156.19193,210.12383
3108.0,172.04794,131.13919,156.23044,210.18237
3108.5,172.09427,131.16415,156.26895,210.2409
3109.0,172.14058,131.18912,156.30746,210.29942
3109.5,172.18687,131.21408,156.346,210.35791
3110.0,172.23317,131.23904,156.38452,210.41638
3110.5,172.27945,131.264,156.42305,210.47485
3111.0,172.32573,131.28897,156.46158,210.53328
3111.5,172.372,131.31393,156.5001,210.5917
3112.0,172.41824,131.3389,156.53864,210.65012
3112.5,172.46451,131.36386,156.57716,210.7085
3113.0,172.51074,131.38882,156.61569,210.76686
3113.5,172.55699,131.41379,156.65424,210.82523
3114.0,172.60321,131.43875,156.69276,210.88358
3114.5,172.64944,131.4637,156.73131,210.9419
3115.0,172.69565,131.48866,156.76985,211.00018
3115.5,172.74185,131.51363,156.8084,211.05847
3116.0,172.78806,131.53857,156.84692,211.11671
3116.5,172.83423,131.56354,156.88547,211.17496
3117.0,172.8804,131.58849,156.92401,211.23318
3117.5,172.92657,131.61343,156.96255,211.29141
3118.0,172.97273,131.63838,157.00108,211.34958
3118.5,173.01889,131.66333,157.03964,211.40776
3119.0,173.06503,131.68828,157.0782,211.46591
3119.5,173.11116,131.71324,157.11674,211.52406
3120.0,173.15729,131.73819,157.1553,211.58218
3120.5,173.20341,131.76314,157.19385,211.64029
3121.0,173.24951,131.78807,157.2324,211.69836
3121.5,173.29562,131.81302,157.27095,211.75644
3122.0,173.3417,131.83795,157.30951,211.8145
3122.5,173.38777,131.86288,157.34805,211.87253
3123.0,173.43385,131.88783,157.38661,211.93054
3123.5,173.47992,131.91277,157.42517,211.98853
3124.0,173.52597,131.93771,157.46371,212.04651
3124.5,173.572,131.96265,157.50227,212.10446
3125.0,173.61804,131.98758,157.54082,212.1624
3125.5,173.66406,132.01253,157.57938,212.2203
3126.0,173.71008,132.03745,157.61794,212.27823
3126.5,173.75609,132.06238,157.6565,212.3361
3127.0,173.8021,132.0873,157.69505,212.39398
3127.5,173.84808,132.11223,157.73361,212.45181
3128.0,173.89406,132.13716,157.77219,212.50966
3128.5,173.94003,132.16208,157.81075,212.56747
3129.0,173.986,132.18701,157.8493,212.62526
3129.5,174.03195,132.21193,157.88788,212.68303
3130.0,174.07791,132.23686,157.92644,212.7408
3130.5,174.12384,132.26178,157.96501,212.79855
3131.0,174.16977,132.2867,158.00359,212.85626
3131.5,174.21568,132.3116,158.04214,212.91397
3132.0,174.26161,132.33652,158.08072,212.97166
3132.5,174.30751,132.36143,158.11928,213.02934
3133.0,174.35341,132.38635,158.15787,213.08699
3133.5,174.39929,132.41127,158.19644,213.1446
3134.0,174.44518,132.43619,158.23502,213.20224
3134.5,174.49104,132.46109,158.27359,213.25984
3135.0,174.53693,132.48601,158.31216,213.31741
3135.5,174.58278,132.51093,158.35074,213.375
3136.0,174.62863,132.53584,158.38933,213.43256
3136.5,174.67447,132.56076,158.4279,213.49008
3137.0,174.7203,132.58566,158.46649,213.54759
3137.5,174.76613,132.61057,158.50508,213.60509
3138.0,174.81194,132.63547,158.54367,213.66258
3138.5,174.85774,132.66037,158.58226,213.72003
3139.0,174.90353,132.68527,158.62085,213.77747
3139.5,174.94933,132.71017,158.65944,213.8349
3140.0,174.9951,132.73508,158.69803,213.89232
3140.5,175.04088,132.75998,158.7366,213.9497
3141.0,175.08664,132.78488,158.77519,214.00706
3141.5,175.1324,132.80978,158.81378,214.06444
3142.0,175.17813,132.83467,158.85237,214.12177
3142.5,175.22388,132.85956,158.89096,214.1791
3143.0,175.2696,132.88446,158.92955,214.23637
3143.5,175.31532,132.90935,158.96815,214.29367
3144.0,175.36102,132.93423,159.00674,214.35094
3144.5,175.40672,132.95912,159.04533,214.40819
3145.0,175.45242,132.98402,159.08392,214.46541
3145.5,175.49811,133.00891,159.12253,214.52263
3146.0,175.54378,133.0338,159.16113,214.57982
3146.5,175.58945,133.05869,159.19972,214.637
3147.0,175.6351,133.08356,159.23833,214.69414
3147.5,175.68074,133.10844,159.27693,214.7513
3148.0,175.72638,133.13332,159.31552,214.80841
3148.5,175.77202,133.15819,159.35413,214.86552
3149.0,175.81763,133.18307,159.39273,214.92259
3149.5,175.86325,133.20795,159.43134,214.97968
3150.0,175.90886,133.23283,159.46994,215.03673
3150.5,175.95447,133.2577,159.50854,215.09375
3151.0,176.00005,133.2826,159.54715,215.15076
3151.5,176.04564,133.30746,159.58575,215.20776
3152.0,176.0912,133.33235,159.62437,215.26476
3152.5,176.13676,133.35721,159.66298,215.32173
3153.0,176.18231,133.38208,159.7016,215.3787
3153.5,176.22787,133.40695,159.7402,215.43562
3154.0,176.2734,133.43182,159.77882,215.49254
3154.5,176.31894,133.45668,159.81743,215.54942
3155.0,176.36444,133.48155,159.85605,215.60631
3155.5,176.40996,133.50642,159.89465,215.66318
3156.0,176.45546,133.53128,159.93327,215.72002
3156.5,176.50095,133.55615,159.97188,215.77682
3157.0,176.54645,133.58101,160.0105,215.83363
3157.5,176.59192,133.60587,160.04912,215.89043
3158.0,176.63739,133.63072,160.08774,215.9472
3158.5,176.68286,133.65558,160.12636,216.00397
3159.0,176.7283,133.68042,160.16498,216.06071
3159.5,176.77376,133.70528,160.20358,216.11743
3160.0,176.81918,133.73013,160.24222,216.17413
3160.5,176.8646,133.75497,160.28084,216.2308
3161.0,176.91002,133.77983,160.31946,216.28748
3161.5,176.95543,133.80467,160.35808,216.34412
3162.0,177.00082,133.82953,160.39671,216.40074
3162.5,177.0462,133.85437,160.43533,216.45734
3163.0,177.09158,133.87921,160.47395,216.51395
3163.5,177.13696,133.90405,160.51257,216.57053
3164.0,177.18233,133.9289,160.55121,216.62709
3164.5,177.22769,133.95374,160.58983,216.68365
3165.0,177.27304,133.97858,160.62845,216.74017
3165.5,177.31837,134.00342,160.66707,216.79669
3166.0,177.36371,134.02826,160.7057,216.8532
3166.5,177.40901,134.05309,160.74434,216.90967
3167.0,177.45433,134.07791,160.78297,216.96613
3167.5,177.49963,134.10275,160.8216,217.02257
3168.0,177.54492,134.12758,160.86023,217.079
3168.5,177.59021,134.1524,160.89885,217.1354
3169.0,177.6355,134.17725,160.93748,217.19179
3169.5,177.68076,134.20207,160.9761,217.24815
3170.0,177.72601,134.22691,161.01474,217.30452
3170.5,177.77127,134.25172,161.05339,217.36086
3171.0,177.81651,134.27655,161.09203,217.41718
3171.5,177.86174,134.30136,161.13066,217.47346
3172.0,177.90697,134.32619,161.1693,217.52975
3172.5,177.95218,134.351,161.20793,217.58601
3173.0,177.99739,134.37582,161.24657,217.64226
3173.5,178.04259,134.40063,161.2852,217.6985
3174.0,178.08778,134.42543,161.32384,217.75471
3174.5,178.13297,134.45024,161.36247,217.81091
3175.0,178.17813,134.47505,161.40111,217.8671
3175.5,178.22328,134.49986,161.43974,217.92323
3176.0,178.26845,134.52467,161.47838,217.97939
3176.5,178.31358,134.54947,161.51701,218.0355
3177.0,178.35872,134.57428,161.55565,218.09161
3177.5,178.40385,134.59909,161.5943,218.1477
3178.0,178.44897,134.6239,161.63293,218.20378
3178.5,178.49408,134.6487,161.67159,218.25984
3179.0,178.53918,134.6735,161.71022,218.31586
3179.5,178.58427,134.69829,161.74886,218.37189
3180.0,178.62936,134.72308,161.78749,218.4279
3180.5,178.67444,134.74788,161.82614,218.48387
3181.0,178.7195,134.77267,161.86479,218.53984
3181.5,178.76456,134.79747,161.90344,218.5958
3182.0,178.8096,134.82225,161.9421,218.65172
3182.5,178.85464,134.84703,161.98074,218.70763
3183.0,178.89967,134.87181,162.01938,218.76352
3183.5,178.9447,134.8966,162.05803,218.8194
3184.0,178.98972,134.92139,162.09668,218.87526
3184.5,179.03473,134.94617,162.13533,218.93112
3185.0,179.07971,134.97095,162.17398,218.98697
3185.5,179.1247,134.99573,162.21262,219.04279
3186.0,179.16968,135.02051,162.25127,219.09857
3186.5,179.21465,135.04527,162.28992,219.15436
3187.0,179.25961,135.07005,162.32857,219.21013
3187.5,179.30457,135.09482,162.36722,219.26587
3188.0,179.3495,135.1196,162.40587,219.32158
3188.5,179.39444,135.14436,162.44453,219.3773
3189.0,179.43936,135.16914,162.48318,219.433
3189.5,179.48428,135.19391,162.52184,219.48866
3190.0,179.52919,135.21867,162.5605,219.54431
3190.5,179.5741,135.24344,162.59915,219.59996
3191.0,179.61899,135.2682,162.63782,219.65558
3191.5,179.66388,135.29295,162.67648,219.71118
3192.0,179.70874,135.31772,162.71513,219.76675
3192.5,179.7536,135.34248,162.7538,219.82234
3193.0,179.79846,135.36723,162.79245,219.87788
3193.5,179.8433,135.392,162.83112,219.93341
3194.0,179.88814,135.41675,162.86978,219.98894
3194.5,179.93297,135.4415,162.90843,220.04445
3195.0,179.97778,135.46625,162.9471,220.09993
3195.5,180.0226,135.491,162.98575,220.15538
3196.0,180.06741,135.51573,163.02441,220.21085
3196.5,180.11221,135.54048,163.06308,220.26627
3197.0,180.157,135.56523,163.10173,220.32169
3197.5,180.20177,135.58998,163.1404,220.37706
3198.0,180.24655,135.61472,163.17905,220.43245
3198.5,180.2913,135.63945,163.21771,220.48781
3199.0,180.33606,135.66418,163.25638,220.54317
3199.5,180.3808,135.68892,163.29503,220.59851
3200.0,180.42554,135.71365,163.33371,220.65382
3200.5,180.47026,135.7384,163.37236,220.7091
3201.0,180.51498,135.76314,163.41103,220.7644
3201.5,180.55968,135.78786,163.44969,220.81967
3202.0,180.60439,135.81258,163.48836,220.87491
3202.5,180.64908,135.83731,163.52702,220.93013
3203.0,180.69376,135.86203,163.56569,220.98534
3203.5,180.73843,135.88675,163.60437,221.04053
3204.0,180.78311,135.91148,163.64304,221.0957
3204.5,180.82776,135.9362,163.6817,221.15085
3205.0,180.8724,135.9609,163.72037,221.206
3205.5,180.91704,135.98563,163.75903,221.26112
3206.0,180.96167,136.01035,163.7977,221.31624
3206.5,181.00629,136.03506,163.83636,221.37134
3207.0,181.0509,136.05977,163.87505,221.42642
3207.5,181.09549,136.08449,163.91371,221.48146
3208.0,181.14009,136.10919,163.9524,221.53651
3208.5,181.18468,136.13391,163.99106,221.59154
3209.0,181.22926,136.15862,164.02972,221.64655
3209.5,181.27383,136.18333,164.0684,221.70152
3210.0,181.31839,136.20804,164.10707,221.7565
3210.5,181.36295,136.23276,164.14574,221.81146
3211.0,181.4075,136.25746,164.18442,221.8664
3211.5,181.45204,136.28217,164.22308,221.92133
3212.0,181.49657,136.30685,164.26176,221.97623
3212.5,181.54108,136.33156,164.30043,222.03111
3213.0,181.58557,136.35626,164.3391,222.08598
3213.5,181.63008,136.38095,164.37778,222.14084
3214.0,181.67456,136.40564,164.41644,222.19568
3214.5,181.71904,136.43033,164.45511,222.25049
3215.0,181.7635,136.45502,164.49379,222.30527
3215.5,181.80797,136.4797,164.53246,222.36006
3216.0,181.85242,136.5044,164.57114,222.41483
3216.5,181.89687,136.52907,164.6098,222.46957
3217.0,181.9413,136.55374,164.64847,222.52429
3217.5,181.98572,136.57841,164.68715,222.57901
3218.0,182.03014,136.60309,164.72581,222.6337
3218.5,182.07455,136.62778,164.76448,222.68837
3219.0,182.11894,136.65245,164.80316,222.74301
3219.5,182.16333,136.67712,164.84183,222.79765
3220.0,182.20772,136.70178,164.88051,222.85228
3220.5,182.25209,136.72646,164.91919,222.9069
3221.0,182.29645,136.75111,164.95786,222.9615
3221.5,182.3408,136.77579,164.99654,223.01607
3222.0,182.38515,136.80045,165.03522,223.07062
3222.5,182.42949,136.8251,165.0739,223.12517
3223.0,182.47383,136.84978,165.11256,223.1797
3223.5,182.51814,136.87444,165.15125,223.2342
3224.0,182.56245,136.89911,165.18993,223.28868
3224.5,182.60675,136.92375,165.22859,223.34315
3225.0,182.65106,136.94841,165.26726,223.39761
3225.5,182.69534,136.97305,165.30595,223.45204
3226.0,182.73961,136.99771,165.34462,223.50645
3226.5,182.78387,137.02237,165.3833,223.56085
3227.0,182.82812,137.04701,165.42198,223.61523
3227.5,182.87238,137.07166,165.46066,223.66962
3228.0,182.91661,137.0963,165.49934,223.72398
3228.5,182.96085,137.12094,165.53802,223.77832
3229.0,183.00507,137.14558,165.57669,223.83263
3229.5,183.04927,137.17023,165.61539,223.88695
3230.0,183.09348,137.19485,165.65405,223.94122
3230.5,183.13766,137.2195,165.69272,223.9955
3231.0,183.18185,137.24413,165.7314,224.04973
3231.5,183.22604,137.26875,165.77007,224.10397
3232.0,183.2702,137.29338,165.80873,224.15819
3232.5,183.31436,137.31801,165.84741,224.21239
3233.0,183.3585,137.34265,165.88608,224.26656
3233.5,183.40265,137.36728,165.92476,224.32072
3234.0,183.44678,137.39189,165.96344,224.37486
3234.5,183.49089,137.4165,166.0021,224.42899
3235.0,183.535,137.44112,166.04077,224.48311
3235.5,183.57912,137.46574,166.07945,224.5372
3236.0,183.6232,137.49036,166.11813,224.59131
3236.5,183.6673,137.51497,166.15681,224.64537
3237.0,183.71138,137.5396,166.1955,224.69943
3237.5,183.75545,137.5642,166.23418,224.75345
3238.0,183.7995,137.5888,166.27286,224.80748
3238.5,183.84355,137.6134,166.31152,224.86145
3239.0,183.88759,137.63802,166.3502,224.91544
3239.5,183.93163,137.66261,166.38889,224.96939
3240.0,183.97565,137.68723,166.42757,225.02335
3240.5,184.01965,137.71182,166.46623,225.07727
3241.0,184.06367,137.73642,166.50491,225.13118
3241.5,184.10767,137.761,166.5436,225.18506
3242.0,184.15166,137.7856,166.58228,225.23894
3242.5,184.19563,137.8102,166.62094,225.2928
3243.0,184.23961,137.8348,166.65962,225.34663
3243.5,184.28357,137.85938,166.6983,225.40045
3244.0,184.32751,137.88394,166.73698,225.45425
3244.5,184.37146,137.90852,166.77567,225.50804
3245.0,184.4154,137.9331,166.81435,225.56183
3245.5,184.45934,137.95769,166.85303,225.6156
3246.0,184.50325,137.98227,166.89172,225.66934
3246.5,184.54718,138.00685,166.9304,225.72308
3247.0,184.59108,138.03143,166.96909,225.7768
3247.5,184.63498,138.05602,167.00777,225.83049
3248.0,184.67886,138.0806,167.04645,225.88417
3248.5,184.72275,138.10516,167.08513,225.93784
3249.0,184.76662,138.12973,167.12383,225.99149
3249.5,184.81047,138.1543,167.16249,226.0451
3250.0,184.85431,138.17888,167.20117,226.09872
3250.5,184.89815,138.20343,167.23984,226.15233
3251.0,184.94199,138.22798,167.27853,226.2059
3251.5,184.98581,138.25255,167.3172,226.25945
3252.0,185.02962,138.2771,167.35588,226.31299
3252.5,185.07343,138.30167,167.39456,226.36652
3253.0,185.11722,138.32622,167.43324,226.42001
3253.5,185.16101,138.35077,167.47192,226.47353
3254.0,185.20477,138.37534,167.5106,226.527
3254.5,185.24855,138.39987,167.54927,226.58046
3255.0,185.29231,138.42442,167.58795,226.63388
3255.5,185.33606,138.44896,167.62662,226.68732
3256.0,185.3798,138.47351,167.66528,226.74072
3256.5,185.42354,138.49806,167.70398,226.7941
3257.0,185.46727,138.5226,167.74265,226.84749
3257.5,185.51099,138.54715,167.78131,226.90083
3258.0,185.55469,138.57169,167.81999,226.95418
3258.5,185.59839,138.5962,167.85867,227.0075
3259.0,185.64207,138.62074,167.89734,227.06082
3259.5,185.68576,138.64528,167.93602,227.1141
3260.0,185.72942,138.66982,167.97469,227.16737
3260.5,185.77309,138.69435,168.01337,227.22063
3261.0,185.81674,138.71887,168.05205,227.27386
3261.5,185.86038,138.7434,168.09073,227.32709
3262.0,185.904,138.76791,168.1294,227.3803
3262.5,185.94765,138.79243,168.16806,227.43349
3263.0,185.99126,138.81696,168.20674,227.48666
3263.5,186.03487,138.84146,168.2454,227.53983
3264.0,186.07846,138.86597,168.28409,227.59297
3264.5,186.12206,138.89049,168.32275,227.64609
3265.0,186.16563,138.915,168.36142,227.69919
3265.5,186.2092,138.9395,168.4001,227.75227
3266.0,186.25276,138.964,168.43877,227.80536
3266.5,186.29631,138.9885,168.47745,227.8584
3267.0,186.33984,139.01299,168.51611,227.91142
3267.5,186.38338,139.03749,168.55478,227.96445
3268.0,186.4269,139.06198,168.59346,228.01746
3268.5,186.47043,139.08649,168.63213,228.07045
3269.0,186.51393,139.11098,168.67079,228.12343
3269.5,186.55743,139.13548,168.70947,228.17638
3270.0,186.60092,139.15997,168.74814,228.22931
3270.5,186.64441,139.18445,168.7868,228.28224
3271.0,186.68788,139.20894,168.82549,228.33514
3271.5,186.73134,139.23343,168.86415,228.38805
3272.0,186.7748,139.2579,168.90283,228.4409
3272.5,186.81824,139.2824,168.9415,228.49376
3273.0,186.86168,139.30687,168.98016,228.5466
3273.5,186.9051,139.33134,169.01884,228.59943
3274.0,186.94853,139.35582,169.05751,228.65224
3274.5,186.99194,139.3803,169.09619,228.70502
3275.0,187.03534,139.40475,169.13486,228.75778
3275.5,187.07874,139.42923,169.17352,228.81055
3276.0,187.12212,139.4537,169.2122,228.86328
3276.5,187.1655,139.47816,169.25087,228.91603
3277.0,187.20886,139.50264,169.28954,228.96873
3277.5,187.25223,139.52711,169.32822,229.02145
3278.0,187.2956,139.55157,169.36688,229.07414
3278.5,187.33894,139.57603,169.40555,229.12682
3279.0,187.38226,139.60051,169.44423,229.17946
3279.5,187.42558,139.62497,169.4829,229.23207
3280.0,187.4689,139.64941,169.52158,229.2847
3280.5,187.5122,139.67386,169.56024,229.33728
3281.0,187.55551,139.69832,169.5989,229.38986
3281.5,187.59879,139.72276,169.63759,229.44243
3282.0,187.64207,139.74721,169.67625,229.49498
3282.5,187.68535,139.77167,169.71494,229.5475
3283.0,187.7286,139.7961,169.7536,229.6
3283.5,187.77185,139.82054,169.79225,229.6525
3284.0,187.8151,139.84497,169.83092,229.70497
3284.5,187.85832,139.86942,169.86958,229.75743
3285.0,187.90155,139.89384,169.90825,229.80988
3285.5,187.94476,139.91827,169.94691,229.8623
3286.0,187.98796,139.94269,169.98557,229.91472
3286.5,188.03114,139.96712,170.02423,229.96709
3287.0,188.07434,139.99155,170.06288,230.01947
3287.5,188.11752,140.01598,170.10155,230.07184
3288.0,188.16068,140.04039,170.14021,230.12416
3288.5,188.20384,140.0648,170.17886,230.1765
3289.0,188.247,140.08922,170.21753,230.2288
3289.5,188.29013,140.11363,170.25618,230.2811
3290.0,188.33327,140.13806,170.29486,230.33337
3290.5,188.3764,140.16248,170.33351,230.38564
3291.0,188.41953,140.18689,170.37218,230.4379
3291.5,188.46263,140.2113,170.41084,230.49014
3292.0,188.50574,140.23572,170.4495,230.54234
3292.5,188.54881,140.26012,170.48816,230.59454
3293.0,188.5919,140.28452,170.52681,230.64673
3293.5,188.63496,140.30891,170.56548,230.6989
3294.0,188.67804,140.33331,170.60413,230.75107
3294.5,188.72108,140.35771,170.64279,230.80318
3295.0,188.76413,140.3821,170.68146,230.8553
3295.5,188.80716,140.4065,170.72011,230.9074
3296.0,188.85019,140.43088,170.75877,230.95946
3296.5,188.8932,140.45528,170.79742,231.01154
3297.0,188.9362,140.47966,170.83607,231.06358
3297.5,188.9792,140.50404,170.87473,231.1156
3298.0,189.0222,140.52841,170.91339,231.16763
3298.5,189.06517,140.5528,170.95203,231.21962
3299.0,189.10814,140.57718,170.99068,231.2716
3299.5,189.15111,140.60155,171.02933,231.32355
3300.0,189.19406,140.62592,171.06798,231.3755
3300.5,189.237,140.65028,171.10663,231.42743
3301.0,189.27994,140.67465,171.14528,231.47935
3301.5,189.32288,140.69904,171.18393,231.53127
3302.0,189.3658,140.72339,171.2226,231.58316
3302.5,189.40872,140.74776,171.26125,231.63504
3303.0,189.45163,140.77213,171.29988,231.6869
3303.5,189.4945,140.79648,171.33853,231.73874
3304.0,189.5374,140.82083,171.37718,231.79054
3304.5,189.58026,140.84518,171.41583,231.84235
3305.0,189.62312,140.86955,171.45448,231.89413
3305.5,189.66599,140.89389,171.49312,231.94589
3306.0,189.70883,140.91823,171.53177,231.99765
3306.5,189.75166,140.94257,171.57042,232.0494
3307.0,189.79448,140.96692,171.60907,232.1011
3307.5,189.8373,140.99126,171.64772,232.1528
3308.0,189.88008,141.0156,171.68636,232.20448
3308.5,189.92288,141.03992,171.72499,232.25615
3309.0,189.96567,141.06425,171.76364,232.30779
3309.5,190.00845,141.08858,171.80228,232.35944
3310.0,190.05122,141.11292,171.84093,232.41106
3310.5,190.09398,141.13724,171.87956,232.46265
3311.0,190.13673,141.16156,171.9182,232.51424
3311.5,190.17947,141.18588,171.95683,232.56581
3312.0,190.2222,141.21019,171.99547,232.61736
3312.5,190.26492,141.2345,172.0341,232.6689
3313.0,190.30763,141.2588,172.07274,232.72043
3313.5,190.35034,141.28311,172.11137,232.77193
3314.0,190.39304,141.30742,172.15001,232.8234
3314.5,190.43573,141.33173,172.18864,232.87488
3315.0,190.47841,141.35603,172.2273,232.92632
3315.5,190.52109,141.38034,172.26593,232.97777
3316.0,190.56375,141.40465,172.30457,233.0292
3316.5,190.6064,141.42894,172.3432,233.0806
3317.0,190.64905,141.45323,172.38182,233.13199
3317.5,190.69168,141.47752,172.42046,233.18336
3318.0,190.73428,141.5018,172.45908,233.23471
3318.5,190.7769,141.5261,172.49771,233.28607
3319.0,190.81952,141.55037,172.53633,233.3374
3319.5,190.86212,141.57466,172.57497,233.3887
3320.0,190.90471,141.59894,172.6136,233.43999
3320.5,190.9473,141.62323,172.65224,233.49127
3321.0,190.98987,141.6475,172.69086,233.54254
3321.5,191.03244,141.67178,172.72949,233.5938
3322.0,191.075,141.69608,172.76811,233.64503
3322.5,191.11754,141.72034,172.80675,233.69624
3323.0,191.16006,141.74461,172.84538,233.74744
3323.5,191.2026,141.76889,172.884,233.79863
3324.0,191.24512,141.79315,172.92262,233.8498
3324.5,191.28763,141.81743,172.96124,233.90096
3325.0,191.33012,141.8417,172.99988,233.95209
3325.5,191.37262,141.86597,173.0385,234.0032
3326.0,191.4151,141.89023,173.07712,234.0543
3326.5,191.45758,141.91449,173.11574,234.1054
3327.0,191.50005,141.93875,173.15437,234.15646
3327.5,191.54251,141.96301,173.193,234.2075
3328.0,191.58496,141.98726,173.23161,234.25856
3328.5,191.6274,142.0115,173.27023,234.30957
3329.0,191.66982,142.03575,173.30887,234.36058
3329.5,191.71225,142.06001,173.34749,234.41158
3330.0,191.75467,142.08426,173.3861,234.46255
3330.5,191.79706,142.10849,173.42471,234.5135
3331.0,191.83946,142.13272,173.46332,234.56442
3331.5,191.88184,142.15695,173.50194,234.61536
3332.0,191.92421,142.1812,173.54054,234.66626
3332.5,191.96657,142.20543,173.57916,234.71713
3333.0,192.00893,142.22966,173.61777,234.768
3333.5,192.05127,142.25389,173.65639,234.81886
3334.0,192.09361,142.2781,173.69499,234.86972
3334.5,192.13594,142.30234,173.7336,234.92055
3335.0,192.17827,142.32655,173.77222,234.97136
3335.5,192.22058,142.35078,173.81082,235.02216
3336.0,192.2629,142.375,173.84944,235.07295
3336.5,192.30518,142.39922,173.88805,235.1237
3337.0,192.34747,142.42343,173.92667,235.17447
3337.5,192.38974,142.44763,173.96527,235.2252
3338.0,192.432,142.47185,174.00389,235.27591
3338.5,192.47427,142.49606,174.04248,235.3266
3339.0,192.51651,142.52028,174.0811,235.37729
3339.5,192.55875,142.54448,174.1197,235.42795
3340.0,192.60098,142.56866,174.15831,235.47862
3340.5,192.64322,142.59286,174.19691,235.52925
3341.0,192.68542,142.61707,174.2355,235.57986
3341.5,192.72763,142.64127,174.27411,235.63046
3342.0,192.76982,142.66545,174.31271,235.68106
3342.5,192.81201,142.68964,174.35132,235.73163
3343.0,192.85419,142.71382,174.38991,235.7822
3343.5,192.89635,142.738,174.42851,235.83273
3344.0,192.93852,142.76219,174.46712,235.88326
3344.5,192.98067,142.78638,174.50569,235.93376
3345.0,193.02281,142.81055,174.5443,235.98425
3345.5,193.06494,142.83472,174.58289,236.03473
3346.0,193.10707,142.8589,174.62149,236.0852
3346.5,193.14919,142.88307,174.66008,236.13565
3347.0,193.19128,142.90726,174.69867,236.18608
3347.5,193.23338,142.93141,174.73726,236.23648
3348.0,193.27547,142.95558,174.77585,236.28688
3348.5,193.31754,142.97974,174.81444,236.33725
3349.0,193.3596,143.00389,174.85303,236.3876
3349.5,193.40166,143.02805,174.89162,236.43796
3350.0,193.44371,143.0522,174.9302,236.4883
3350.5,193.48576,143.07635,174.9688,236.5386
3351.0,193.5278,143.1005,175.00739,236.58891
3351.5,193.56981,143.12465,175.04596,236.63919
3352.0,193.61183,143.14879,175.08455,236.68945
3352.5,193.65382,143.17293,175.12314,236.7397
3353.0,193.69582,143.19707,175.16171,236.78995
3353.5,193.73781,143.2212,175.2003,236.84015
3354.0,193.77979,143.24535,175.23888,236.89037
3354.5,193.82175,143.26949,175.27745,236.94055
3355.0,193.86371,143.29361,175.31602,236.9907
3355.5,193.90565,143.31773,175.3546,237.04088
3356.0,193.9476,143.34187,175.39319,237.09102
3356.5,193.98955,143.36601,175.43178,237.14116
3357.0,194.0315,143.39015,175.47035,237.19127
3357.5,194.07341,143.41428,175.50893,237.2414
3358.0,194.11533,143.43842,175.5475,237.29147
3358.5,194.15723,143.46254,175.58607,237.34155
3359.0,194.19913,143.48665,175.62466,237.39159
3359.5,194.241,143.51077,175.66324,237.44164
3360.0,194.28287,143.53488,175.70181,237.49165
3360.5,194.32474,143.55899,175.74039,237.54166
3361.0,194.3666,143.5831,175.77895,237.59163
3361.5,194.40843,143.6072,175.81752,237.6416
3362.0,194.45026,143.6313,175.8561,237.69154
3362.5,194.4921,143.6554,175.89465,237.74147
3363.0,194.5339,143.67949,175.93321,237.7914
3363.5,194.57571,143.70358,175.97179,237.8413
3364.0,194.61751,143.72768,176.01035,237.89117
3364.5,194.6593,143.75177,176.0489,237.94106
3365.0,194.70108,143.77586,176.08748,237.9909
3365.5,194.74286,143.79994,176.12604,238.04076
3366.0,194.78462,143.82404,176.1646,238.09059
3366.5,194.82637,143.84811,176.20317,238.1404
3367.0,194.86812,143.8722,176.24171,238.19017
3367.5,194.90985,143.89627,176.28029,238.23996
3368.0,194.95158,143.92035,176.31883,238.28972
3368.5,194.9933,143.94443,176.3574,238.33948
3369.0,195.03502,143.9685,176.39595,238.3892
3369.5,195.07672,143.99257,176.43451,238.43893
3370.0,195.11841,144.01663,176.47307,238.48865
3370.5,195.1601,144.04071,176.51163,238.53833
3371.0,195.20178,144.06476,176.55017,238.588
3371.5,195.24344,144.08882,176.58873,238.63766
3372.0,195.2851,144.11287,176.62727,238.6873
3372.5,195.32674,144.13692,176.66582,238.73691
3373.0,195.36836,144.16096,176.70436,238.7865
3373.5,195.40999,144.18501,176.7429,238.83609
3374.0,195.4516,144.20905,176.78143,238.88567
3374.5,195.49321,144.2331,176.81998,238.93523
3375.0,195.5348,144.25713,176.85852,238.98477
3375.5,195.5764,144.28116,176.89706,239.0343
3376.0,195.61798,144.30519,176.93561,239.08379
3376.5,195.65956,144.32922,176.97414,239.13329
3377.0,195.70111,144.35326,177.01268,239.18275
3377.5,195.74266,144.37727,177.05122,239.23222
3378.0,195.78421,144.4013,177.08977,239.28168
3378.5,195.82574,144.42532,177.1283,239.3311
3379.0,195.86726,144.44934,177.16682,239.38051
3379.5,195.90878,144.47336,177.20535,239.4299
3380.0,195.95029,144.49738,177.24388,239.47928
3380.5,195.9918,144.52141,177.28241,239.52866
3381.0,196.0333,144.54541,177.32094,239.578
3381.5,196.07478,144.56943,177.35947,239.62733
3382.0,196.11626,144.59343,177.398,239.67667
3382.5,196.15773,144.61743,177.43652,239.72597
3383.0,196.19919,144.64145,177.47505,239.77525
3383.5,196.24065,144.66545,177.51358,239.82454
3384.0,196.28209,144.68945,177.55211,239.8738
3384.5,196.32353,144.71346,177.59064,239.92305
3385.0,196.36496,144.73747,177.62917,239.97227
3385.5,196.40639,144.76147,177.6677,240.02151
3386.0,196.4478,144.78546,177.70622,240.07072
3386.5,196.4892,144.80946,177.74475,240.1199
3387.0,196.5306,144.83345,177.78328,240.1691
3387.5,196.57198,144.85744,177.8218,240.21826
3388.0,196.61334,144.88141,177.8603,240.2674
3388.5,196.65471,144.9054,177.89882,240.31653
3389.0,196.69606,144.92937,177.93735,240.36565
3389.5,196.73741,144.95334,177.97586,240.41473
3390.0,196.77875,144.97733,178.01437,240.46384
3390.5,196.82008,145.0013,178.05289,240.5129
3391.0,196.8614,145.02527,178.0914,240.56194
3391.5,196.90271,145.04922,178.12991,240.61096
3392.0,196.944,145.07318,178.16841,240.65997
3392.5,196.98528,145.09714,178.20692,240.70897
3393.0,197.02655,145.12108,178.24542,240.75793
3393.5,197.06781,145.14503,178.28394,240.80688
3394.0,197.10907,145.16899,178.32243,240.85583
3394.5,197.15031,145.19292,178.36093,240.90475
3395.0,197.19154,145.21686,178.39944,240.95369
3395.5,197.23277,145.2408,178.43794,241.00258
3396.0,197.27399,145.26474,178.47643,241.05145
3396.5,197.31519,145.28867,178.51492,241.10031
3397.0,197.35638,145.31258,178.55342,241.14917
3397.5,197.39757,145.3365,178.5919,241.198
3398.0,197.43874,145.36043,178.6304,241.24683
3398.5,197.4799,145.38435,178.66888,241.29562
3399.0,197.52107,145.40828,178.70737,241.3444
3399.5,197.56223,145.43219,178.74585,241.39316
3400.0,197.60336,145.4561,178.78433,241.44193
3400.5,197.64449,145.48001,178.82281,241.49065
3401.0,197.68561,145.50392,178.8613,241.53938
3401.5,197.72673,145.52783,178.89978,241.58809
3402.0,197.76782,145.55173,178.93826,241.63678
3402.5,197.80891,145.57564,178.97675,241.68544
3403.0,197.85,145.59953,179.01521,241.7341
3403.5,197.8911,145.62343,179.0537,241.78273
3404.0,197.93216,145.64732,179.09218,241.83138
3404.5,197.97322,145.67122,179.13065,241.87999
3405.0,198.01427,145.6951,179.16911,241.92857
3405.5,198.05531,145.719,179.20758,241.97717
3406.0,198.09634,145.74287,179.24606,242.02573
3406.5,198.13736,145.76677,179.28453,242.07428
3407.0,198.17839,145.79065,179.323,242.12282
3407.5,198.21939,145.81453,179.36147,242.17134
3408.0,198.26039,145.83841,179.39993,242.21985
3408.5,198.30138,145.86227,179.4384,242.26834
3409.0,198.34236,145.88615,179.47687,242.31682
3409.5,198.38333,145.91002,179.51532,242.3653
3410.0,198.42429,145.93388,179.5538,242.41374
3410.5,198.46524,145.95776,179.59225,242.46216
3411.0,198.5062,145.98163,179.63072,242.51057
3411.5,198.54712,146.00548,179.66917,242.55898
3412.0,198.58804,146.02933,179.70764,242.60736
3412.5,198.62897,146.05318,179.7461,242.65573
3413.0,198.66988,146.07704,179.78455,242.70409
3413.5,198.71077,146.10089,179.823,242.75241
3414.0,198.75166,146.12473,179.86147,242.80074
3414.5,198.79254,146.14857,179.8999,242.84904
3415.0,198.8334,146.17241,179.93835,242.89732
3415.5,198.87427,146.19626,179.97679,242.9456
3416.0,198.91513,146.2201,180.01524,242.99385
3416.5,198.95596,146.24391,180.05368,243.04211
3417.0,198.9968,146.26775,180.09213,243.09035
3417.5,199.03763,146.29158,180.13058,243.13855
3418.0,199.07845,146.31541,180.16902,243.18674
3418.5,199.11925,146.33923,180.20747,243.23492
3419.0,199.16003,146.36304,180.2459,243.28308
3419.5,199.20084,146.38686,180.28433,243.33124
3420.0,199.24161,146.41068,180.32277,243.37938
3420.5,199.28238,146.4345,180.3612,243.42752
3421.0,199.32314,146.4583,180.39963,243.47563
3421.5,199.36389,146.48212,180.43806,243.52371
3422.0,199.40465,146.50592,180.4765,243.57178
3422.5,199.44539,146.52972,180.51494,243.61984
3423.0,199.48611,146.55353,180.55336,243.6679
3423.5,199.52684,146.57732,180.5918,243.71593
3424.0,199.56755,146.60112,180.63022,243.76395
3424.5,199.60825,146.62491,180.66864,243.81194
3425.0,199.64893,146.64871,180.70706,243.85994
3425.5,199.68962,146.6725,180.74548,243.9079
3426.0,199.73029,146.69629,180.7839,243.95586
3426.5,199.77095,146.72006,180.82233,244.0038
3427.0,199.8116,146.74385,180.86075,244.05171
3427.5,199.85016,146.76575,180.89824,244.09769
3428.0,199.88846,146.78743,180.93562,244.14342
3428.5,199.92741,146.8097,180.9733,244.18974
3429.0,199.96683,146.8324,181.01117,244.2365
3429.5,200.00658,146.8554,181.04921,244.28355
3430.0,200.04657,146.8786,181.08734,244.33081
3430.5,200.08672,146.90196,181.12556,244.37823
3431.0,200.12698,146.92543,181.16382,244.42575
3431.5,200.16733,146.94899,181.20212,244.47334
3432.0,200.20773,146.97261,181.24045,244.52095
3432.5,200.24817,146.99626,181.27881,244.5686
3433.0,200.28864,147.01993,181.31717,244.61627
3433.5,200.32912,147.04364,181.35553,244.66396
3434.0,200.3696,147.06734,181.3939,244.71161
3434.5,200.41008,147.09106,181.4323,244.75928
3435.0,200.45056,147.11479,181.47067,244.80693
3435.5,200.49104,147.13852,181.50906,244.8546
3436.0,200.53152,147.16223,181.54745,244.90222
3436.5,200.57202,147.18596,181.58583,244.94986
3437.0,200.61247,147.20969,181.62422,244.99748
3437.5,200.65294,147.2334,181.66261,245.04509
3438.0,200.69339,147.25713,181.70099,245.09268
3438.5,200.73386,147.28085,181.73938,245.14024
3439.0,200.77429,147.30457,181.77777,245.1878
3439.5,200.81473,147.3283,181.81615,245.23535
3440.0,200.85513,147.352,181.85454,245.28288
3440.5,200.89555,147.37572,181.89291,245.3304
3441.0,200.93596,147.39943,181.93127,245.3779
3441.5,200.97635,147.42314,181.96965,245.42538
3442.0,201.01674,147.44684,182.00803,245.47285
3442.5,201.0571,147.47054,182.0464,245.52031
3443.0,201.09746,147.49423,182.08478,245.56775
3443.5,201.13783,147.51793,182.12315,245.61517
3444.0,201.17816,147.54163,182.16153,245.6626
3444.5,201.2185,147.56532,182.19989,245.70999
3445.0,201.25885,147.589,182.23825,245.75737
3445.5,201.29916,147.61269,182.27661,245.80472
3446.0,201.33948,147.63638,182.31497,245.85207
3446.5,201.37978,147.66005,182.35333,245.89938
3447.0,201.42007,147.68373,182.3917,245.94672
3447.5,201.46034,147.7074,182.43004,245.99402
3448.0,201.50061,147.73106,182.4684,246.04129
3448.5,201.54088,147.75473,182.50674,246.08855
3449.0,201.58112,147.7784,182.5451,246.1358
3449.5,201.62137,147.80205,182.58345,246.18304
3450.0,201.6616,147.82571,182.6218,246.23027
3450.5,201.70183,147.84937,182.66016,246.27748
3451.0,201.74205,147.87302,182.6985,246.32468
3451.5,201.78227,147.89667,182.73685,246.37187
3452.0,201.82248,147.92032,182.77519,246.41905
3452.5,201.86267,147.94397,182.81354,246.4662
3453.0,201.90286,147.96762,182.85188,246.51334
3453.5,201.94304,147.99127,182.89023,246.56046
3454.0,201.98322,148.01491,182.92856,246.60756
3454.5,202.02336,148.03856,182.9669,246.65465
3455.0,202.0635,148.0622,183.00523,246.70174
3455.5,202.10367,148.08583,183.04356,246.74881
3456.0,202.14378,148.10947,183.0819,246.79587
3456.5,202.18391,148.13309,183.12022,246.84291
3457.0,202.22404,148.15671,183.15857,246.88992
3457.5,202.26414,148.18034,183.19688,246.93692
3458.0,202.30424,148.20396,183.23521,246.98392
3458.5,202.34433,148.22757,183.27354,247.03088
3459.0,202.3844,148.25119,183.31187,247.07785
3459.5,202.42448,148.27481,183.35019,247.12479
3460.0,202.46454,148.29842,183.38852,247.17174
3460.5,202.5046,148.32202,183.42683,247.21866
3461.0,202.54462,148.34563,183.46516,247.26555
3461.5,202.58466,148.36923,183.50348,247.31242
3462.0,202.62468,148.39284,183.5418,247.3593
3462.5,202.66469,148.41644,183.5801,247.40614
3463.0,202.7047,148.44003,183.61841,247.453
3463.5,202.74467,148.46362,183.65672,247.49982
3464.0,202.78465,148.48721,183.69504,247.54663
3464.5,202.82465,148.51079,183.73334,247.59343
3465.0,202.8646,148.53436,183.77164,247.6402
3465.5,202.90456,148.55795,183.80994,247.68695
3466.0,202.94452,148.58153,183.84824,247.73372
3466.5,202.98445,148.6051,183.88654,247.78044
3467.0,203.02438,148.62866,183.92484,247.82715
3467.5,203.0643,148.65224,183.96315,247.87386
3468.0,203.10422,148.6758,184.00145,247.92053
3468.5,203.14412,148.69937,184.03973,247.96722
3469.0,203.184,148.72293,184.07803,248.01389
3469.5,203.22389,148.74649,184.11632,248.06052
3470.0,203.26378,148.77005,184.1546,248.10715
3470.5,203.30365,148.79361,184.1929,248.15376
3471.0,203.3435,148.81715,184.23119,248.20036
3471.5,203.38335,148.8407,184.26947,248.24695
3472.0,203.42319,148.86424,184.30775,248.29352
3472.5,203.46303,148.88779,184.34604,248.34009
3473.0,203.50284,148.91132,184.38431,248.38663
3473.5,203.54266,148.93486,184.42259,248.43314
3474.0,203.58246,148.95839,184.46086,248.47963
3474.5,203.62225,148.98192,184.49911,248.52612
3475.0,203.66203,149.00545,184.53738,248.57259
3475.5,203.70181,149.02898,184.57565,248.61905
3476.0,203.74158,149.0525,184.61392,248.6655
3476.5,203.78134,149.07602,184.65219,248.71194
3477.0,203.82109,149.09955,184.69044,248.75836
3477.5,203.86082,149.12306,184.72871,248.80478
3478.0,203.90056,149.14658,184.76697,248.85118
3478.5,203.94028,149.17007,184.80524,248.89755
3479.0,203.98,149.19359,184.84349,248.94391
3479.5,204.01968,149.21709,184.88174,248.99025
3480.0,204.05939,149.24057,184.92,249.03658
3480.5,204.09909,149.26407,184.95825,249.0829
3481.0,204.13876,149.28757,184.9965,249.1292
3481.5,204.17844,149.31105,185.03476,249.17548
3482.0,204.21808,149.33453,185.07301,249.22176
3482.5,204.25772,149.35802,185.11125,249.268
3483.0,204.29735,149.3815,185.14949,249.31424
3483.5,204.33698,149.40497,185.18773,249.36047
3484.0,204.3766,149.42844,185.22598,249.40668
3484.5,204.4162,149.4519,185.26422,249.45288
3485.0,204.45581,149.47539,185.30244,249.49905
3485.5,204.4954,149.49884,185.34068,249.54521
3486.0,204.53499,149.52231,185.3789,249.59137
3486.5,204.57455,149.54576,185.41714,249.63751
3487.0,204.61412,149.56923,185.45537,249.68362
3487.5,204.65367,149.59268,185.4936,249.72974
3488.0,204.69322,149.61613,185.53183,249.77582
3488.5,204.73277,149.63959,185.57007,249.8219
3489.0,204.77231,149.66302,185.60828,249.86797
3489.5,204.81183,149.68648,185.6465,249.91403
3490.0,204.85135,149.70993,185.68472,249.96007
3490.5,204.89085,149.73338,185.72293,250.0061
3491.0,204.93036,149.7568,185.76115,250.05212
3491.5,204.96983,149.78024,185.79938,250.09811
3492.0,205.00932,149.80368,185.83759,250.14407
3492.5,205.04878,149.82712,185.87578,250.19005
3493.0,205.08823,149.85054,185.91399,250.236
3493.5,205.12769,149.87396,185.9522,250.28194
3494.0,205.16713,149.89738,185.9904,250.32785
3494.5,205.20656,149.92079,186.02861,250.37375
3495.0,205.24597,149.94421,186.06682,250.41965
3495.5,205.28539,149.96762,186.10503,250.46552
3496.0,205.3248,149.99103,186.14322,250.51138
3496.5,205.36418,150.01445,186.18141,250.55724
3497.0,205.40356,150.03784,186.2196,250.60306
3497.5,205.44295,150.06125,186.2578,250.64888
3498.0,205.48232,150.08466,186.29599,250.69469
3498.5,205.52168,150.10805,186.33418,250.74046
3499.0,205.56102,150.13144,186.37236,250.78624
3499.5,205.60036,150.15483,186.41055,250.83199
3500.0,205.6397,150.17822,186.44873,250.87773
3500.5,205.67902,150.2016,186.48691,250.92346
3501.0,205.71832,150.22499,186.5251,250.96918
3501.5,205.75761,150.24837,186.56328,251.01488
3502.0,205.7969,150.27174,186.60144,251.06056
3502.5,205.8362,150.2951,186.63962,251.10622
3503.0,205.87547,150.31847,186.6778,251.15187
3503.5,205.91473,150.34183,186.71596,251.19751
3504.0,205.95401,150.3652,186.75414,251.24313
3504.5,205.99324,150.38855,186.7923,251.28874
3505.0,206.03249,150.41191,186.83047,251.33434
3505.5,206.07172,150.43526,186.86864,251.37991
3506.0,206.11093,150.4586,186.90678,251.42548
3506.5,206.15015,150.48196,186.94495,251.47102
3507.0,206.18935,150.50531,186.98311,251.51656
3507.5,206.22855,150.52864,187.02126,251.56207
3508.0,206.26772,150.55199,187.05942,251.60759
3508.5,206.30688,150.57533,187.09756,251.65308
3509.0,206.34605,150.59866,187.13571,251.69856
3509.5,206.38521,150.622,187.17386,251.74403
3510.0,206.42436,150.64532,187.212,251.78947
3510.5,206.4635,150.66866,187.25015,251.83492
3511.0,206.50262,150.69199,187.2883,251.88034
3511.5,206.54175,150.7153,187.32643,251.92574
3512.0,206.58087,150.73862,187.36456,251.97113
3512.5,206.61998,150.76193,187.4027,252.0165
3513.0,206.65907,150.78525,187.44084,252.06187
3513.5,206.69815,150.80855,187.47896,252.10721
3514.0,206.73723,150.83185,187.51709,252.15254
3514.5,206.77629,150.85515,187.55522,252.19785
3515.0,206.81534,150.87845,187.59334,252.24313
3515.5,206.85439,150.90173,187.63147,252.2884
3516.0,206.89342,150.92503,187.66959,252.3337
3516.5,206.93245,150.9483,187.7077,252.37894
3517.0,206.97148,150.97159,187.74582,252.4242
3517.5,207.01048,150.99487,187.78394,252.46942
3518.0,207.04948,151.01816,187.82204,252.51465
3518.5,207.08847,151.04144,187.86015,252.55984
3519.0,207.12746,151.06471,187.89827,252.60503
3519.5,207.16643,151.08798,187.93637,252.6502
3520.0,207.20538,151.11125,187.97449,252.69537
3520.5,207.24435,151.13452,188.01259,252.74051
3521.0,207.28331,151.15778,188.05069,252.78563
3521.5,207.32224,151.18103,188.08879,252.83075
3522.0,207.36118,151.20428,188.12689,252.87585
3522.5,207.40009,151.22754,188.16498,252.92094
3523.0,207.439,151.2508,188.20308,252.966
3523.5,207.4779,151.27403,188.24117,253.01106
3524.0,207.51678,151.29729,188.27927,253.05609
3524.5,207.55568,151.32053,188.31735,253.1011
3525.0,207.59456,151.34378,188.35544,253.14612
3525.5,207.63342,151.367,188.39352,253.19112
3526.0,207.67229,151.39024,188.43161,253.2361
3526.5,207.71112,151.41348,188.46968,253.28107
3527.0,207.74997,151.43669,188.50777,253.32603
3527.5,207.7888,151.45992,188.54584,253.37097
3528.0,207.82762,151.48314,188.58391,253.4159
3528.5,207.86642,151.50636,188.62198,253.46082
3529.0,207.90523,151.52959,188.66006,253.5057
3529.5,207.94402,151.5528,188.69812,253.55058
3530.0,207.9828,151.576,188.73619,253.59544
3530.5,208.02158,151.59921,188.77425,253.64029
3531.0,208.06033,151.62242,188.81232,253.68513
3531.5,208.0991,151.64563,188.85037,253.72997
3532.0,208.13785,151.66884,188.88844,253.77478
3532.5,208.17659,151.69203,188.9265,253.81958
3533.0,208.2153,151.71523,188.96454,253.86436
3533.5,208.25403,151.73842,189.0026,253.90913
3534.0,208.29274,151.7616,189.04065,253.95389
3534.5,208.33144,151.78479,189.0787,253.99861
3535.0,208.37013,151.80797,189.11674,254.04333
3535.5,208.40883,151.83113,189.1548,254.08804
3536.0,208.44751,151.85431,189.19284,254.13275
3536.5,208.48618,151.87749,189.23088,254.17743
3537.0,208.52483,151.90067,189.26892,254.2221
3537.5,208.56348,151.92383,189.30696,254.26677
3538.0,208.60211,151.94699,189.345,254.3114
3538.5,208.64076,151.97015,189.38304,254.35603
3539.0,208.67938,151.99332,189.42107,254.40063
3539.5,208.71802,152.01648,189.45909,254.44524
3540.0,208.7566,152.03964,189.49713,254.48982
3540.5,208.79521,152.0628,189.53516,254.53441
3541.0,208.83382,152.08595,189.57318,254.57898
3541.5,208.87239,152.1091,189.6112,254.6235
3542.0,208.91096,152.13225,189.64923,254.66805
3542.5,208.94952,152.15538,189.68724,254.71255
3543.0,208.98807,152.17853,189.72525,254.75705
3543.5,209.02663,152.20166,189.76328,254.80153
3544.0,209.06516,152.22481,189.80128,254.84601
3544.5,209.10368,152.24794,189.83931,254.89047
3545.0,209.14221,152.27109,189.8773,254.9349
3545.5,209.18074,152.2942,189.91533,254.97935
3546.0,209.21924,152.31734,189.95332,255.02377
3546.5,209.25775,152.34045,189.99133,255.06818
3547.0,209.29623,152.36357,190.02933,255.11258
3547.5,209.3347,152.38669,190.06734,255.15695
3548.0,209.37317,152.4098,190.10533,255.20131
3548.5,209.41162,152.43292,190.14334,255.24567
3549.0,209.45007,152.45604,190.18132,255.28998
3549.5,209.48854,152.47914,190.21931,255.3343
3550.0,209.52696,152.50224,190.25731,255.3786
3550.5,209.5654,152.52534,190.2953,255.4229
3551.0,209.6038,152.54843,190.33328,255.46718
3551.5,209.64221,152.57152,190.37126,255.51144
3552.0,209.6806,152.59462,190.40924,255.5557
3552.5,209.719,152.6177,190.44722,255.59995
3553.0,209.75737,152.6408,190.4852,255.64418
3553.5,209.79576,152.66388,190.52318,255.68839
3554.0,209.83412,152.68695,190.56116,255.73259
3554.5,209.87248,152.71004,190.59914,255.77676
3555.0,209.91083,152.73311,190.6371,255.82094
3555.5,209.94916,152.7562,190.67506,255.8651
3556.0,209.9875,152.77925,190.71304,255.90923
3556.5,210.02582,152.80232,190.751,255.95335
3557.0,210.06412,152.8254,190.78896,255.99747
3557.5,210.10242,152.84845,190.82692,256.04156
3558.0,210.1407,152.8715,190.86487,256.08566
3558.5,210.179,152.89456,190.90283,256.12973
3559.0,210.21725,152.91762,190.94078,256.17377
3559.5,210.25552,152.94067,190.97873,256.2178
3560.0,210.29376,152.96371,191.01668,256.26184
3560.5,210.33202,152.98676,191.05461,256.30585
3561.0,210.37025,153.0098,191.09256,256.34982
3561.5,210.4085,153.03284,191.13051,256.3938
3562.0,210.44672,153.05588,191.16844,256.43777
3562.5,210.48494,153.0789,191.20639,256.48175
3563.0,210.52313,153.10193,191.24432,256.5257
3563.5,210.56133,153.12497,191.28224,256.5696
3564.0,210.59952,153.14798,191.32018,256.61353
3564.5,210.6377,153.171,191.35811,256.65744
3565.0,210.67586,153.19402,191.39603,256.70132
3565.5,210.71404,153.21704,191.43396,256.7452
3566.0,210.75218,153.24005,191.4719,256.78906
3566.5,210.79033,153.26306,191.50981,256.83292
3567.0,210.82845,153.28606,191.54773,256.87674
3567.5,210.86658,153.30907,191.58565,256.92056
3568.0,210.9047,153.33206,191.62355,256.96436
3568.5,210.9428,153.35506,191.66147,257.00815
3569.0,210.9809,153.37805,191.69937,257.0519
3569.5,211.019,153.40105,191.73729,257.0957
3570.0,211.05707,153.42404,191.77519,257.13943
3570.5,211.09514,153.44704,191.8131,257.18317
3571.0,211.13322,153.47002,191.851,257.2269
3571.5,211.17126,153.493,191.88889,257.2706
3572.0,211.20932,153.51598,191.92679,257.3143
3572.5,211.24734,153.53896,191.96469,257.35797
3573.0,211.28537,153.56192,192.00258,257.40164
3573.5,211.32341,153.5849,192.04048,257.44528
3574.0,211.3614,153.60786,192.07837,257.48892
3574.5,211.39941,153.63083,192.11624,257.53256
3575.0,211.4374,153.6538,192.15413,257.57614
3575.5,211.47537,153.67674,192.19202,257.61975
3576.0,211.51335,153.69969,192.22989,257.66333
3576.5,211.55132,153.72264,192.26776,257.7069
3577.0,211.58926,153.74559,192.30563,257.75046
3577.5,211.62723,153.76854,192.3435,257.794
3578.0,211.66516,153.79147,192.38138,257.83752
3578.5,211.70308,153.8144,192.41925,257.88104
3579.0,211.741,153.83734,192.45712,257.92453
3579.5,211.7789,153.86029,192.49498,257.96802
3580.0,211.81682,153.88321,192.53284,258.01147
3580.5,211.85469,153.90613,192.5707,258.05496
3581.0,211.89258,153.92906,192.60857,258.0984
3581.5,211.93047,153.95198,192.64641,258.1418
3582.0,211.96832,153.9749,192.68425,258.18524
3582.5,212.0062,153.99782,192.7221,258.22864
3583.0,212.04402,154.02072,192.75995,258.27203
3583.5,212.08186,154.04362,192.79779,258.3154
3584.0,212.1197,154.06653,192.83563,258.35876
3584.5,212.15752,154.08943,192.87346,258.4021
3585.0,212.19533,154.11232,192.9113,258.44543
3585.5,212.23311,154.13522,192.94914,258.48874
3586.0,212.2709,154.15811,192.98698,258.53204
3586.5,212.30869,154.181,193.0248,258.57535
3587.0,212.34647,154.20389,193.06262,258.61862
3587.5,212.38422,154.22678,193.10045,258.66187
3588.0,212.422,154.24965,193.13828,258.7051
3588.5,212.45973,154.27254,193.1761,258.74835
3589.0,212.49747,154.29541,193.21393,258.79156
3589.5,212.53519,154.31828,193.25174,258.83478
3590.0,212.5729,154.34116,193.28955,258.87796
3590.5,212.61063,154.36401,193.32736,258.92114
3591.0,212.64835,154.38687,193.36517,258.96432
3591.5,212.68604,154.40974,193.403,259.00748
3592.0,212.72372,154.4326,193.44081,259.0506
3592.5,212.7614,154.45544,193.4786,259.09375
3593.0,212.79907,154.4783,193.5164,259.13684
3593.5,212.83672,154.50116,193.5542,259.17993
3594.0,212.87436,154.52399,193.592,259.22302
3594.5,212.91202,154.54683,193.62979,259.26605
3595.0,212.94963,154.56967,193.66757,259.3091
3595.5,212.98726,154.5925,193.70537,259.35217
3596.0,213.02487,154.61533,193.74316,259.3952
3596.5,213.06247,154.63815,193.78093,259.4382
3597.0,213.10008,154.66098,193.81871,259.4812
3597.5,213.13765,154.6838,193.85649,259.5242
3598.0,213.17523,154.70662,193.89427,259.56717
3598.5,213.2128,154.72943,193.93204,259.61014
3599.0,213.25035,154.75226,193.96982,259.65308
3599.5,213.2879,154.77505,194.00758,259.696
3600.0,213.32545,154.79787,194.04535,259.73892
3600.5,213.36298,154.82066,194.08311,259.7818
3601.0,213.40051,154.84348,194.12088,259.8247
3601.5,213.438,154.86627,194.15863,259.86758
3602.0,213.47551,154.88905,194.1964,259.91043
3602.5,213.51302,154.91185,194.23416,259.95328
3603.0,213.55049,154.93465,194.27191,259.99612
3603.5,213.58798,154.95744,194.30966,260.03894
3604.0,213.62546,154.98022,194.34741,260.08176
3604.5,213.6629,155.003,194.38516,260.12457
3605.0,213.70036,155.02579,194.4229,260.16736
3605.5,213.73782,155.04855,194.46065,260.21014
3606.0,213.77525,155.07133,194.49838,260.25287
3606.5,213.81268,155.0941,194.53613,260.29562
3607.0,213.85011,155.11687,194.57387,260.33835
3607.5,213.88753,155.13963,194.6116,260.38107
3608.0,213.92493,155.1624,194.64932,260.42377
3608.5,213.96231,155.18515,194.68706,260.46646
3609.0,213.9997,155.2079,194.7248,260.50912
3609.5,214.03708,155.23067,194.7625,260.5518
3610.0,214.07445,155.25342,194.80022,260.59445
3610.5,214.1118,155.27615,194.83794,260.63705
3611.0,214.14917,155.2989,194.87566,260.6797
3611.5,214.18651,155.32164,194.91338,260.7223
3612.0,214.22383,155.34438,194.9511,260.7649
3612.5,214.26115,155.36711,194.9888,260.80746
3613.0,214.29846,155.38985,195.0265,260.85004
3613.5,214.33577,155.41257,195.06421,260.89258
3614.0,214.37306,155.43529,195.10191,260.93512
3614.5,214.41035,155.45801,195.13962,260.97766
3615.0,214.44765,155.48073,195.17732,261.02017
3615.5,214.48491,155.50343,195.21501,261.06265
3616.0,214.52217,155.52615,195.2527,261.10513
3616.5,214.55942,155.54886,195.2904,261.14758
3617.0,214.59665,155.57156,195.3281,261.19006
3617.5,214.6339,155.59427,195.36577,261.23248
3618.0,214.67111,155.61696,195.40346,261.27493
3618.5,214.70833,155.63966,195.44113,261.31735
3619.0,214.74554,155.66235,195.47882,261.35977
3619.5,214.78275,155.68504,195.5165,261.40216
3620.0,214.81993,155.70773,195.55417,261.44452
3620.5,214.8571,155.73041,195.59183,261.48688
3621.0,214.89427,155.75308,195.6295,261.52924
3621.5,214.93144,155.77576,195.66716,261.57156
3622.0,214.96858,155.79843,195.70482,261.6139
3622.5,215.00574,155.8211,195.74248,261.6562
3623.0,215.04285,155.84377,195.78014,261.6985
3623.5,215.07997,155.86642,195.8178,261.74075
3624.0,215.1171,155.8891,195.85544,261.78302
3624.5,215.15419,155.91176,195.89308,261.8253
3625.0,215.1913,155.93442,195.93073,261.86752
3625.5,215.2284,155.95706,195.96838,261.90976
3626.0,215.26547,155.97972,196.00603,261.95197
3626.5,215.30254,156.00237,196.04367,261.99417
3627.0,215.33961,156.02501,196.0813,262.03635
3627.5,215.37666,156.04765,196.11894,262.07852
3628.0,215.41371,156.0703,196.15657,262.12067
3628.5,215.45076,156.09293,196.19421,262.16284
3629.0,215.4878,156.11555,196.23183,262.20496
3629.5,215.52481,156.13818,196.26945,262.24707
3630.0,215.56181,156.16081,196.30707,262.28918
3630.5,215.59882,156.18344,196.3447,262.33127
3631.0,215.63582,156.20605,196.38231,262.37335
3631.5,215.6728,156.22867,196.41992,262.4154
3632.0,215.70978,156.25128,196.45753,262.45746
3632.5,215.74677,156.2739,196.49513,262.4995
3633.0,215.78372,156.2965,196.53275,262.54153
3633.5,215.82066,156.31909,196.57036,262.58356
3634.0,215.8576,156.34169,196.60796,262.62552
3634.5,215.89453,156.36429,196.64555,262.6675
3635.0,215.93146,156.38687,196.68315,262.70947
3635.5,215.96837,156.40947,196.72075,262.75143
3636.0,216.00528,156.43205,196.75835,262.79337
3636.5,216.04219,156.45464,196.79593,262.83533
3637.0,216.07907,156.47722,196.83351,262.87723
3637.5,216.11595,156.49979,196.87111,262.91913
3638.0,216.15282,156.52237,196.90868,262.96103
3638.5,216.18967,156.54495,196.94626,263.00293
3639.0,216.22653,156.56752,196.98384,263.0448
3639.5,216.26337,156.59009,197.02141,263.08664
3640.0,216.3002,156.61264,197.05899,263.12848
3640.5,216.33704,156.63521,197.09656,263.1703
3641.0,216.37386,156.65776,197.13412,263.2121
3641.5,216.41066,156.68031,197.17169,263.2539
3642.0,216.44745,156.70287,197.20924,263.2957
3642.5,216.48424,156.7254,197.24681,263.33746
3643.0,216.52103,156.74796,197.28436,263.3792
3643.5,216.55782,156.7705,197.32193,263.42096
3644.0,216.59457,156.79303,197.35948,263.46268
3644.5,216.63135,156.81558,197.39703,263.5044
3645.0,216.66808,156.8381,197.43459,263.5461
3645.5,216.70482,156.86064,197.47214,263.5878
3646.0,216.74156,156.88316,197.50967,263.6295
3646.5,216.77827,156.90569,197.54721,263.67117
3647.0,216.815,156.9282,197.58475,263.7128
3647.5,216.85172,156.95073,197.62228,263.75446
3648.0,216.8884,156.97324,197.65982,263.79608
3648.5,216.9251,156.99574,197.69734,263.8377
3649.0,216.96176,157.01825,197.73486,263.8793
3649.5,216.99843,157.04076,197.7724,263.92087
3650.0,217.0351,157.06326,197.80992,263.96246
3650.5,217.07175,157.08577,197.84744,264.00403
3651.0,217.1084,157.10826,197.88496,264.04556
3651.5,217.14503,157.13075,197.92249,264.0871
3652.0,217.18166,157.15324,197.95999,264.1286
3652.5,217.21828,157.17574,197.99751,264.17014
3653.0,217.25488,157.19821,198.03502,264.2116
3653.5,217.29147,157.2207,198.07251,264.25308
3654.0,217.32806,157.24318,198.11002,264.29456
3654.5,217.36464,157.26566,198.14752,264.336
3655.0,217.40121,157.28812,198.18501,264.37744
3655.5,217.43779,157.3106,198.2225,264.41888
3656.0,217.47433,157.33305,198.26,264.4603
3656.5,217.5109,157.35551,198.29749,264.5017
3657.0,217.54742,157.37798,198.33496,264.5431
3657.5,217.58394,157.40044,198.37245,264.58447
3658.0,217.62047,157.42288,198.40993,264.62582
3658.5,217.65697,157.44533,198.4474,264.66718
3659.0,217.69347,157.46777,198.48488,264.70853
3659.5,217.72998,157.49022,198.52235,264.74985
3660.0,217.76645,157.51265,198.55981,264.79117
3660.5,217.80293,157.5351,198.59729,264.83246
3661.0,217.8394,157.55753,198.63475,264.87375
3661.5,217.87585,157.57996,198.67223,264.915
3662.0,217.91232,157.60239,198.70969,264.9563
3662.5,217.94875,157.6248,198.74713,264.99753
3663.0,217.98518,157.64723,198.78459,265.03876
3663.5,218.0216,157.66965,198.82204,265.08
3664.0,218.05801,157.69205,198.85948,265.1212
3664.5,218.09442,157.71446,198.89693,265.16238
3665.0,218.13083,157.73688,198.93436,265.20355
3665.5,218.1672,157.75928,198.9718,265.24472
3666.0,218.2036,157.78168,199.00925,265.2859
3666.5,218.23997,157.80408,199.04668,265.32703
3667.0,218.27634,157.82648,199.08412,265.36816
3667.5,218.3127,157.84888,199.12155,265.40924
3668.0,218.34903,157.87126,199.15898,265.45035
3668.5,218.38536,157.89365,199.1964,265.49142
3669.0,218.42169,157.91603,199.23383,265.53253
3669.5,218.45801,157.93842,199.27124,265.57358
3670.0,218.49432,157.96078,199.30865,265.61462
3670.5,218.53062,157.98315,199.34607,265.65567
3671.0,218.56693,158.00554,199.38347,265.6967
3671.5,218.60321,158.0279,199.42088,265.7377
3672.0,218.6395,158.05026,199.45828,265.77872
3672.5,218.67575,158.07263,199.49568,265.8197
3673.0,218.71202,158.09499,199.53308,265.86066
3673.5,218.74826,158.11734,199.57048,265.9016
3674.0,218.7845,158.1397,199.60788,265.94254
3674.5,218.82074,158.16205,199.64526,265.9835
3675.0,218.85695,158.18439,199.68266,266.0244
3675.5,218.89317,158.20673,199.72005,266.0653
3676.0,218.92938,158.22906,199.75743,266.1062
3676.5,218.96558,158.2514,199.79482,266.14706
3677.0,219.00177,158.27373,199.8322,266.18793
3677.5,219.03793,158.29607,199.86957,266.22876
3678.0,219.07411,158.31839,199.90695,266.26962
3678.5,219.11028,158.3407,199.94432,266.31042
3679.0,219.14642,158.36302,199.98169,266.35126
3679.5,219.18256,158.38533,200.01904,266.39203
3680.0,219.2187,158.40765,200.05641,266.43283
3680.5,219.25482,158.42996,200.09377,266.4736
3681.0,219.29095,158.45226,200.13113,266.51437
3681.5,219.32704,158.47456,200.16849,266.5551
3682.0,219.36314,158.49687,200.20586,266.59586
3682.5,219.39923,158.51917,200.2432,266.6366
3683.0,219.43533,158.54146,200.28055,266.6773
3683.5,219.4714,158.56375,200.31789,266.71802
3684.0,219.50746,158.58603,200.35522,266.75867
3684.5,219.5435,158.6083,200.39256,266.79932
3685.0,219.57953,158.63055,200.42987,266.83997
3685.5,219.61546,158.65274,200.46716,266.88052
3686.0,219.65129,158.6748,200.5044,266.92096
3686.5,219.68701,158.6968,200.5416,266.9613
3687.0,219.72263,158.71869,200.57874,267.0016
3687.5,219.75815,158.74052,200.61586,267.04175
3688.0,219.79361,158.76228,200.65295,267.08185
3688.5,219.82901,158.784,200.69,267.12192
3689.0,219.86436,158.80566,200.72705,267.16193
3689.5,219.89967,158.82732,200.76408,267.20187
3690.0,219.93497,158.84895,200.80112,267.24182
3690.5,219.97025,158.87057,200.83812,267.28174
3691.0,220.00551,158.8922,200.87512,267.32166
3691.5,220.04077,158.91382,200.91212,267.36157
3692.0,220.07607,158.93546,200.94914,267.4015
3692.5,220.11134,158.95709,200.98618,267.4414
3693.0,220.14665,158.97878,201.0232,267.48132
3693.5,220.18199,159.00047,201.06024,267.52127
3694.0,220.21732,159.02217,201.09729,267.5612
3694.5,220.25264,159.04387,201.13432,267.6011
3695.0,220.28792,159.06555,201.17136,267.641
3695.5,220.32315,159.08719,201.20836,267.68085
3696.0,220.35823,159.10867,201.24529,267.72052
3696.5,220.39308,159.12996,201.28212,267.76
3697.0,220.4277,159.15105,201.31886,267.79932
3697.5,220.46204,159.17188,201.35548,267.83835
3698.0,220.49608,159.19241,201.39198,267.87708
3698.5,220.52985,159.21269,201.42834,267.9156
3699.0,220.56337,159.23276,201.4646,267.95386
3699.5,220.59653,159.25252,201.50073,267.99185
3700.0,220.62941,159.27202,201.53673,268.02954
3700.5,220.66202,159.29126,201.5726,268.06702
3701.0,220.69432,159.31024,201.60835,268.10422
3701.5,220.72635,159.32896,201.64397,268.14114
3702.0,220.75813,159.34744,201.67949,268.17786
3702.5,220.78967,159.3657,201.7149,268.21436
3703.0,220.82097,159.38376,201.75021,268.25064
3703.5,220.85208,159.40166,201.78545,268.28674
3704.0,220.88306,159.41939,201.82062,268.3227
3704.5,220.91386,159.437,201.85571,268.35852
3705.0,220.94452,159.45448,201.89073,268.3942
3705.5,220.97507,159.47185,201.9257,268.42978
3706.0,221.00551,159.48912,201.96063,268.46527
3706.5,221.03586,159.50632,201.99554,268.50067
3707.0,221.06612,159.52344,202.0304,268.53598
3707.5,221.0963,159.54048,202.0652,268.5712
3708.0,221.12637,159.55742,202.09996,268.6063
3708.5,221.15636,159.57431,202.1347,268.64136
3709.0,221.18633,159.59117,202.16942,268.6764
3709.5,221.21632,159.60806,202.20416,268.7114
3710.0,221.24637,159.625,202.23889,268.74646
3710.5,221.27644,159.64198,202.27368,268.7816
3711.0,221.30661,159.65904,202.30849,268.81677
3711.5,221.33691,159.67622,202.34334,268.85205
3712.0,221.36734,159.69353,202.37825,268.88742
3712.5,221.39787,159.71097,202.41322,268.9229
3713.0,221.42863,159.72859,202.44827,268.9586
3713.5,221.45958,159.74641,202.48341,268.99442
3714.0,221.49069,159.76439,202.51863,269.0304
3714.5,221.52194,159.78249,202.55391,269.0665
3715.0,221.5533,159.80069,202.58923,269.10266
3715.5,221.5847,159.81895,202.62456,269.1389
3716.0,221.6161,159.8372,202.6599,269.1751
3716.5,221.64748,159.85545,202.69522,269.2113
3717.0,221.67879,159.87364,202.73053,269.2474
3717.5,221.71002,159.89175,202.7658,269.28345
3718.0,221.74113,159.90976,202.80101,269.3194
3718.5,221.77213,159.92766,202.83618,269.3552
3719.0,221.803,159.94547,202.87129,269.39093
3719.5,221.83376,159.96315,202.90634,269.4265
3720.0,221.8644,159.98074,202.94135,269.462
3720.5,221.89491,159.99825,202.9763,269.4974
3721.0,221.92535,160.01564,203.01123,269.5327
3721.5,221.95575,160.033,203.04613,269.56796
3722.0,221.98615,160.05038,203.08104,269.60324
3722.5,222.01656,160.06778,203.11594,269.6385
3723.0,222.04697,160.0852,203.15085,269.67377
3723.5,222.07748,160.10269,203.18579,269.70908
3724.0,222.10805,160.12025,203.22078,269.74448
3724.5,222.13872,160.1379,203.25577,269.7799
3725.0,222.16942,160.1556,203.2908,269.81543
3725.5,222.20018,160.17334,203.32584,269.85095
3726.0,222.23094,160.19109,203.36089,269.88647
3726.5,222.26169,160.20883,203.39594,269.922
3727.0,222.29237,160.22652,203.43097,269.95746
3727.5,222.32297,160.24413,203.46594,269.9928
3728.0,222.35345,160.26164,203.50087,270.02808
3728.5,222.38385,160.27907,203.53577,270.06326
3729.0,222.41414,160.29642,203.57063,270.09833
3729.5,222.44434,160.31367,203.60544,270.13333
3730.0,222.47446,160.33087,203.6402,270.16824
3730.5,222.50455,160.34802,203.67496,270.20312
3731.0,222.5346,160.36517,203.7097,270.238
3731.5,222.56467,160.38234,203.74446,270.27286
3732.0,222.5948,160.39957,203.77925,270.30777
3732.5,222.62502,160.41687,203.81406,270.34274
3733.0,222.65532,160.43427,203.8489,270.37778
3733.5,222.6857,160.45174,203.88379,270.4129
3734.0,222.71617,160.4693,203.91872,270.4481
3734.5,222.74673,160.48694,203.95367,270.48334
3735.0,222.77734,160.50462,203.98865,270.51865
3735.5,222.80795,160.52232,204.02362,270.55396
3736.0,222.83855,160.54002,204.0586,270.58923
3736.5,222.86908,160.55766,204.09355,270.62445
3737.0,222.89954,160.57524,204.12845,270.65958
3737.5,222.9299,160.59273,204.16333,270.69467
3738.0,222.96024,160.61017,204.1982,270.72968
3738.5,222.99046,160.62756,204.233,270.7646
3739.0,223.02055,160.64479,204.26775,270.79938
3739.5,223.0505,160.6619,204.30243,270.83405
3740.0,223.08026,160.67883,204.33702,270.86853
3740.5,223.10986,160.69565,204.37157,270.90286
3741.0,223.13937,160.71237,204.40607,270.93713
3741.5,223.16882,160.72903,204.44055,270.9713
3742.0,223.19827,160.7457,204.47499,271.0055
3742.5,223.22777,160.76242,204.50948,271.0397
3743.0,223.25731,160.77919,204.54398,271.07397
3743.5,223.2869,160.796,204.57849,271.10828
3744.0,223.31657,160.81291,204.61307,271.14264
3744.5,223.3463,160.82988,204.64766,271.17706
3745.0,223.37608,160.8469,204.68225,271.21152
3745.5,223.40587,160.8639,204.71687,271.24597
3746.0,223.43564,160.88092,204.75146,271.2804
3746.5,223.46538,160.8979,204.78606,271.3148
3747.0,223.49503,160.91483,204.8206,271.34912
3747.5,223.5246,160.93166,204.8551,271.38336
3748.0,223.55405,160.94838,204.88956,271.41748
3748.5,223.5834,160.96504,204.92398,271.4515
3749.0,223.61272,160.98164,204.95839,271.48553
3749.5,223.64197,160.99821,204.99277,271.51947
3750.0,223.6712,161.01476,205.02713,271.55338
3750.5,223.70045,161.03133,205.06151,271.5873
3751.0,223.72978,161.04797,205.09592,271.62128
3751.5,223.75917,161.0647,205.13034,271.65533
3752.0,223.78867,161.08151,205.16481,271.68945
3752.5,223.81825,161.0984,205.19934,271.72363
3753.0,223.84796,161.11542,205.2339,271.7579
3753.5,223.87775,161.1325,205.26851,271.79227
3754.0,223.9076,161.14964,205.30312,271.82666
3754.5,223.93747,161.16684,205.33777,271.8611
3755.0,223.96736,161.18405,205.3724,271.89554
3755.5,223.99728,161.20128,205.40704,271.93
3756.0,224.02718,161.21849,205.4417,271.96445
3756.5,224.05698,161.23563,205.47629,271.9988
3757.0,224.08667,161.25264,205.51083,272.03305
3757.5,224.11618,161.26952,205.5453,272.0671
3758.0,224.14555,161.28625,205.57973,272.10107
3758.5,224.1748,161.30289,205.61409,272.1349
3759.0,224.20392,161.31941,205.64839,272.1686
3759.5,224.23294,161.33583,205.68266,272.20224
3760.0,224.26183,161.35216,205.71687,272.23572
3760.5,224.29063,161.36838,205.751,272.26913
3761.0,224.31932,161.3845,205.78511,272.3024
3761.5,224.3479,161.40053,205.81918,272.3356
3762.0,224.37642,161.41652,205.8532,272.36874
3762.5,224.4049,161.43248,205.88722,272.40182
3763.0,224.4334,161.44844,205.92125,272.43494
3763.5,224.46191,161.46443,205.95526,272.46808
3764.0,224.49045,161.48044,205.98929,272.5012
3764.5,224.519,161.49648,206.02333,272.53433
3765.0,224.54755,161.51251,206.05739,272.56747
3765.5,224.57611,161.52856,206.09143,272.60062
3766.0,224.60466,161.5446,206.12547,272.63373
3766.5,224.63316,161.56062,206.1595,272.6668
3767.0,224.66164,161.5766,206.1935,272.69986
3767.5,224.69,161.5925,206.22745,272.73282
3768.0,224.71829,161.6083,206.26137,272.7657
3768.5,224.74649,161.62407,206.29526,272.7985
3769.0,224.77464,161.63979,206.3291,272.83124
3769.5,224.80278,161.65547,206.36296,272.86395
3770.0,224.83089,161.67114,206.39679,272.89664
3770.5,224.85898,161.68678,206.43063,272.9293
3771.0,224.88705,161.70242,206.46446,272.9619
3771.5,224.91522,161.71815,206.4983,272.99463
3772.0,224.94345,161.73396,206.5322,273.0274
3772.5,224.97177,161.74985,206.56612,273.06027
3773.0,225.00018,161.76582,206.6001,273.0932
3773.5,225.02869,161.78189,206.6341,273.1262
3774.0,225.05722,161.798,206.66812,273.15924
3774.5,225.08583,161.81416,206.70216,273.19232
3775.0,225.11447,161.83037,206.73624,273.2254
3775.5,225.1431,161.84657,206.7703,273.25848
3776.0,225.1717,161.86278,206.80435,273.2916
3776.5,225.20027,161.87894,206.83836,273.32462
3777.0,225.22879,161.89505,206.87238,273.35757
3777.5,225.25725,161.9111,206.90634,273.3905
3778.0,225.28558,161.92706,206.94028,273.4233
3778.5,225.31378,161.9429,206.97415,273.456
3779.0,225.34192,161.95866,207.00798,273.48862
3779.5,225.36998,161.97438,207.0418,273.52115
3780.0,225.398,161.99004,207.07558,273.55362
3780.5,225.42593,162.00565,207.10933,273.58606
3781.0,225.45386,162.02124,207.14307,273.61847
3781.5,225.48177,162.03682,207.1768,273.65085
3782.0,225.50967,162.0524,207.21051,273.68323
3782.5,225.53757,162.068,207.24423,273.71558
3783.0,225.56548,162.0836,207.27797,273.74796
3783.5,225.59348,162.09927,207.31172,273.7804
3784.0,225.62154,162.11502,207.3455,273.8129
3784.5,225.64964,162.13081,207.37932,273.84543
3785.0,225.6778,162.14667,207.41315,273.878
3785.5,225.70596,162.16252,207.44698,273.91058
3786.0,225.73409,162.17834,207.48079,273.9431
3786.5,225.76215,162.1941,207.51457,273.9756
3787.0,225.79015,162.20982,207.54834,274.008
3787.5,225.81808,162.22548,207.58206,274.04034
3788.0,225.84598,162.2411,207.61578,274.07263
3788.5,225.87381,162.25665,207.64944,274.10486
3789.0,225.90155,162.27217,207.68309,274.13702
3789.5,225.92926,162.28761,207.7167,274.16913
3790.0,225.9569,162.30301,207.75029,274.20117
3790.5,225.98448,162.31836,207.78386,274.2332
3791.0,226.01201,162.3337,207.81741,274.26514
3791.5,226.03958,162.34901,207.85095,274.29706
3792.0,226.06714,162.36436,207.8845,274.329
3792.5,226.09473,162.37973,207.91808,274.361
3793.0,226.12233,162.39513,207.95164,274.39297
3793.5,226.14996,162.41055,207.98523,274.42502
3794.0,226.17763,162.42603,208.01883,274.45706
3794.5,226.2053,162.4415,208.05241,274.4891
3795.0,226.233,162.457,208.08601,274.52115
3795.5,226.26071,162.4725,208.11963,274.5532
3796.0,226.28842,162.48802,208.15323,274.58524
3796.5,226.3161,162.50351,208.18681,274.61728
3797.0,226.34375,162.519,208.22038,274.64926
3797.5,226.37135,162.53442,208.25395,274.6812
3798.0,226.3989,162.5498,208.28748,274.71307
3798.5,226.42636,162.56512,208.32097,274.7449
3799.0,226.45378,162.5804,208.35445,274.77667
3799.5,226.48112,162.59561,208.3879,274.80838
3800.0,226.50845,162.61081,208.42133,274.84006
3800.5,226.53572,162.62596,208.45476,274.87167
3801.0,226.56297,162.64108,208.48816,274.90326
3801.5,226.59023,162.65622,208.52156,274.93484
3802.0,226.61748,162.67134,208.55493,274.9664
3802.5,226.64473,162.6865,208.58833,274.998
3803.0,226.67201,162.70166,208.62173,275.0296
3803.5,226.69933,162.71686,208.65517,275.06122
3804.0,226.7267,162.73212,208.6886,275.0929
3804.5,226.75409,162.74742,208.72205,275.12457
3805.0,226.78151,162.76274,208.7555,275.15625
3805.5,226.80893,162.77806,208.78897,275.18796
3806.0,226.83635,162.79338,208.82242,275.21967
3806.5,226.86374,162.8087,208.85587,275.25134
3807.0,226.89114,162.82402,208.88931,275.283
3807.5,226.91846,162.83928,208.92274,275.3146
3808.0,226.94574,162.85449,208.95612,275.34613
3808.5,226.97293,162.86964,208.98947,275.3776
3809.0,227.00008,162.88472,209.02281,275.409
3809.5,227.02713,162.89975,209.05612,275.44034
3810.0,227.05414,162.91473,209.08937,275.47162
3810.5,227.08113,162.92969,209.12263,275.50287
3811.0,227.10808,162.94463,209.15587,275.5341
3811.5,227.13501,162.95955,209.1891,275.56528
3812.0,227.16196,162.97449,209.22234,275.5965
3812.5,227.18892,162.98946,209.25557,275.62775
3813.0,227.21593,163.00446,209.28883,275.659
3813.5,227.24297,163.01949,209.3221,275.69025
3814.0,227.27003,163.03456,209.35538,275.72156
3814.5,227.29713,163.04967,209.38869,275.75287
3815.0,227.32425,163.06477,209.422,275.78418
3815.5,227.35135,163.07991,209.45529,275.81552
3816.0,227.37846,163.09503,209.4886,275.8468
3816.5,227.40555,163.11014,209.5219,275.87808
3817.0,227.43259,163.1252,209.55515,275.90936
3817.5,227.45958,163.14024,209.58838,275.94055
3818.0,227.48651,163.15523,209.6216,275.97168
3818.5,227.51338,163.17015,209.65479,276.00278
3819.0,227.5402,163.18503,209.68794,276.03378
3819.5,227.56699,163.19986,209.72108,276.06476
3820.0,227.5937,163.21468,209.75421,276.09567
3820.5,227.6204,163.22945,209.78732,276.1266
3821.0,227.6471,163.24422,209.82042,276.15744
3821.5,227.67377,163.25897,209.8535,276.1883
3822.0,227.70045,163.27373,209.8866,276.21915
3822.5,227.72713,163.28851,209.9197,276.25
3823.0,227.75383,163.30331,209.9528,276.28088
3823.5,227.78058,163.31818,209.98593,276.31177
3824.0,227.80737,163.33305,210.01906,276.3427
3824.5,227.8342,163.34798,210.0522,276.37366
3825.0,227.86102,163.36292,210.08537,276.40463
3825.5,227.88786,163.37785,210.11853,276.4356
3826.0,227.91469,163.39279,210.15167,276.46655
3826.5,227.94151,163.40773,210.18481,276.4975
3827.0,227.96829,163.42264,210.21793,276.5284
3827.5,227.99501,163.4375,210.25102,276.55927
3828.0,228.0217,163.45232,210.28412,276.59006
3828.5,228.04832,163.46709,210.31715,276.62082
3829.0,228.0749,163.48183,210.35017,276.65152
3829.5,228.10144,163.49652,210.3832,276.6822
3830.0,228.12793,163.51118,210.4162,276.7128
3830.5,228.15437,163.5258,210.44917,276.74338
3831.0,228.18079,163.5404,210.48212,276.7739
3831.5,228.20718,163.555,210.51508,276.8044
3832.0,228.23358,163.56956,210.54799,276.83493
3832.5,228.25995,163.58414,210.58092,276.8654
3833.0,228.28633,163.59872,210.61388,276.89587
3833.5,228.31276,163.61334,210.64682,276.92636
3834.0,228.3392,163.62798,210.67976,276.95688
3834.5,228.36563,163.64264,210.71272,276.9874
3835.0,228.3921,163.65732,210.7457,277.01794
3835.5,228.41856,163.67201,210.77867,277.0485
3836.0,228.44502,163.68669,210.81165,277.07904
3836.5,228.47147,163.70137,210.84459,277.10956
3837.0,228.4979,163.71602,210.87753,277.14005
3837.5,228.52428,163.73065,210.91046,277.1705
3838.0,228.55063,163.74525,210.94336,277.20093
3838.5,228.57695,163.75981,210.97624,277.2313
3839.0,228.60323,163.77435,211.00912,277.26163
3839.5,228.62947,163.78885,211.04198,277.29193
3840.0,228.6557,163.80334,211.07483,277.3222
3840.5,228.6819,163.81781,211.10767,277.35242
3841.0,228.70807,163.83228,211.14049,277.38266
3841.5,228.73424,163.84673,211.1733,277.41287
3842.0,228.76039,163.86116,211.2061,277.44305
3842.5,228.78654,163.87561,211.2389,277.47324
3843.0,228.8127,163.89005,211.27171,277.50342
3843.5,228.83885,163.90451,211.30452,277.5336
3844.0,228.86502,163.91899,211.33733,277.5638
3844.5,228.89124,163.93349,211.37016,277.59402
3845.0,228.91743,163.94801,211.40298,277.62424
3845.5,228.94363,163.96252,211.43582,277.65442
3846.0,228.96983,163.97707,211.46864,277.68463
3846.5,228.99603,163.99158,211.50145,277.7148
3847.0,229.02222,164.00609,211.53426,277.745
3847.5,229.04837,164.02058,211.56705,277.77512
3848.0,229.07451,164.03506,211.59982,277.80524
3848.5,229.10062,164.0495,211.63258,277.83533
3849.0,229.1267,164.06393,211.66534,277.8654
3849.5,229.15273,164.07832,211.69807,277.89542
3850.0,229.17874,164.09268,211.73079,277.92538
3850.5,229.2047,164.10703,211.7635,277.95532
3851.0,229.23067,164.12135,211.79619,277.98523
3851.5,229.2566,164.13567,211.82887,278.01517
3852.0,229.28255,164.15,211.86156,278.04507
3852.5,229.3085,164.16435,211.89426,278.075
3853.0,229.3345,164.17873,211.92696,278.10492
3853.5,229.3605,164.19312,211.95967,278.13486
3854.0,229.38652,164.20753,211.99239,278.16483
3854.5,229.41255,164.22197,212.0251,278.1948
3855.0,229.43861,164.23642,212.05783,278.22476
3855.5,229.46468,164.25087,212.09056,278.25473
3856.0,229.49074,164.26534,212.12328,278.2847
3856.5,229.51677,164.27979,212.15599,278.31464
3857.0,229.54279,164.29422,212.18869,278.34457
3857.5,229.56877,164.30862,212.22139,278.37445
3858.0,229.59473,164.32303,212.25407,278.40433
3858.5,229.62067,164.3374,212.28673,278.43414
3859.0,229.64656,164.35173,212.31937,278.46396
3859.5,229.67242,164.36606,212.35202,278.49374
3860.0,229.69827,164.38034,212.38463,278.52347
3860.5,229.72409,164.39462,212.41725,278.55316
3861.0,229.7499,164.40887,212.44983,278.58286
3861.5,229.7757,164.42313,212.48242,278.61255
3862.0,229.80148,164.43741,212.51501,278.6422
3862.5,229.82729,164.45168,212.5476,278.6719
3863.0,229.8531,164.46597,212.5802,278.7016
3863.5,229.87895,164.4803,212.61282,278.7313
3864.0,229.90482,164.49466,212.64543,278.76102
3864.5,229.93071,164.50903,212.67807,278.79077
3865.0,229.9566,164.52342,212.7107,278.8205
3865.5,229.9825,164.53781,212.74333,278.85022
3866.0,230.00839,164.5522,212.77594,278.87994
3866.5,230.03429,164.56659,212.80856,278.90967
3867.0,230.06015,164.58095,212.84117,278.93936
3867.5,230.08597,164.59529,212.87376,278.96902
3868.0,230.11177,164.6096,212.90634,278.99863
3868.5,230.13751,164.62389,212.9389,279.02823
3869.0,230.16324,164.63815,212.97145,279.05777
3869.5,230.18893,164.65239,213.00397,279.08728
3870.0,230.21461,164.66661,213.03648,279.11676
3870.5,230.24028,164.68082,213.06898,279.14624
3871.0,230.26593,164.695,213.10149,279.17572
3871.5,230.29158,164.70923,213.13397,279.20517
3872.0,230.31723,164.72343,213.16647,279.23462
3872.5,230.34291,164.73767,213.19897,279.2641
3873.0,230.36859,164.7519,213.23148,279.29355
3873.5,230.39429,164.76619,213.26399,279.32306
3874.0,230.42001,164.7805,213.29651,279.35254
3874.5,230.44577,164.79482,213.32903,279.38205
3875.0,230.47151,164.80914,213.36157,279.4116
3875.5,230.49727,164.82349,213.39412,279.4411
3876.0,230.52301,164.83781,213.42664,279.47058
3876.5,230.54874,164.85214,213.45915,279.5001
3877.0,230.57445,164.86646,213.49165,279.5295
3877.5,230.6001,164.88072,213.52415,279.55896
3878.0,230.62573,164.89496,213.55663,279.58832
3878.5,230.65134,164.90918,213.58907,279.61768
3879.0,230.67691,164.92339,213.62152,279.647
3879.5,230.70245,164.93756,213.65395,279.6763
3880.0,230.72798,164.95172,213.68637,279.70557
3880.5,230.7535,164.96587,213.71877,279.73483
3881.0,230.779,164.98001,213.75117,279.76407
3881.5,230.80452,164.99417,213.78357,279.79327
3882.0,230.83003,165.00832,213.81598,279.8225
3882.5,230.85553,165.02249,213.84837,279.85175
3883.0,230.88107,165.03668,213.8808,279.881
3883.5,230.9066,165.05089,213.91322,279.91025
3884.0,230.93219,165.06514,213.94565,279.93954
3884.5,230.9578,165.07939,213.9781,279.96884
3885.0,230.9834,165.09366,214.01054,279.99814
3885.5,231.00899,165.10791,214.04297,280.0274
3886.0,231.03456,165.12216,214.0754,280.05667
3886.5,231.0601,165.1364,214.1078,280.0859
3887.0,231.08562,165.1506,214.1402,280.1151
3887.5,231.1111,165.1648,214.17258,280.14426
3888.0,231.13657,165.17896,214.20496,280.1734
3888.5,231.162,165.1931,214.2373,280.2025
3889.0,231.18741,165.20723,214.26967,280.2316
3889.5,231.2128,165.22133,214.30199,280.26065
3890.0,231.23817,165.23543,214.33432,280.2897
3890.5,231.26352,165.2495,214.36662,280.31873
3891.0,231.28888,165.2636,214.39893,280.34772
3891.5,231.31425,165.27768,214.43124,280.37674
3892.0,231.33961,165.29178,214.46355,280.40576
3892.5,231.36502,165.30591,214.49588,280.4348
3893.0,231.39043,165.32007,214.5282,280.46384
3893.5,231.41585,165.33423,214.56053,280.4929
3894.0,231.44125,165.3484,214.59286,280.52194
3894.5,231.4667,165.36258,214.6252,280.551
3895.0,231.49214,165.37677,214.65752,280.58008
3895.5,231.51758,165.39096,214.68985,280.6091
3896.0,231.543,165.40515,214.72218,280.63815
3896.5,231.56839,165.41931,214.75449,280.66714
3897.0,231.59375,165.43347,214.78679,280.69614
3897.5,231.6191,165.44759,214.81908,280.72507
3898.0,231.64441,165.4617,214.85135,280.754
3898.5,231.66971,165.47578,214.8836,280.7829
3899.0,231.69498,165.48985,214.91588,280.81177
3899.5,231.72023,165.5039,214.9481,280.8406
3900.0,231.74545,165.51794,214.98035,280.86945
3900.5,231.77068,165.532,215.01257,280.89825
3901.0,231.79591,165.54605,215.04482,280.9271
3901.5,231.82114,165.5601,215.07704,280.9559
3902.0,231.84637,165.57417,215.10928,280.98474
3902.5,231.87166,165.58826,215.14151,281.01355
3903.0,231.89693,165.60236,215.17375,281.04242
3903.5,231.92223,165.61649,215.20598,281.07126
3904.0,231.94751,165.63063,215.23824,281.1001
3904.5,231.97284,165.64478,215.2705,281.12897
3905.0,231.99814,165.65892,215.30273,281.1578
3905.5,232.02344,165.67307,215.33496,281.1866
3906.0,232.0487,165.68721,215.3672,281.21545
3906.5,232.07394,165.70132,215.39941,281.24426
3907.0,232.09918,165.71541,215.43163,281.273
3907.5,232.12437,165.72948,215.4638,281.30173
3908.0,232.14955,165.74352,215.49599,281.33044
3908.5,232.17471,165.75754,215.52815,281.35913
3909.0,232.19983,165.77155,215.56032,281.3878
3909.5,232.22495,165.78555,215.59245,281.4164
3910.0,232.25005,165.79955,215.62459,281.44504
3910.5,232.27515,165.81354,215.65674,281.47363
3911.0,232.30026,165.82755,215.68887,281.50226
3911.5,232.32536,165.84157,215.72101,281.53088
3912.0,232.3505,165.85559,215.75314,281.5595
3912.5,232.37564,165.86966,215.7853,281.58813
3913.0,232.4008,165.88371,215.81743,281.6168
3913.5,232.42598,165.8978,215.8496,281.64545
3914.0,232.45116,165.9119,215.88176,281.6741
3914.5,232.47633,165.92598,215.91391,281.70276
3915.0,232.50148,165.94006,215.94606,281.73138
3915.5,232.52664,165.95416,215.9782,281.76
3916.0,232.55176,165.96825,216.01033,281.78864
3916.5,232.57689,165.9823,216.04247,281.81723
3917.0,232.60197,165.99635,216.07458,281.84576
3917.5,232.62703,166.01036,216.10667,281.87427
3918.0,232.65207,166.02437,216.13876,281.90277
3918.5,232.67708,166.03835,216.17084,281.93124
3919.0,232.70209,166.05232,216.2029,281.9597
3919.5,232.72708,166.06628,216.23497,281.98813
3920.0,232.75206,166.08026,216.26704,282.01657
3920.5,232.77705,166.09424,216.2991,282.045
3921.0,232.80203,166.10822,216.33115,282.07343
3921.5,232.82704,166.12221,216.36322,282.10187
3922.0,232.85205,166.13623,216.39528,282.1303
3922.5,232.87709,166.15025,216.42735,282.15878
3923.0,232.90211,166.1643,216.45941,282.18723
3923.5,232.92719,166.17834,216.49149,282.2157
3924.0,232.95224,166.1924,216.52356,282.24417
3924.5,232.9773,166.20647,216.55562,282.2726
3925.0,233.00235,166.22054,216.58769,282.30106
3925.5,233.02739,166.23459,216.61975,282.3295
3926.0,233.05241,166.24863,216.6518,282.35794
3926.5,233.07742,166.26266,216.68384,282.38632
3927.0,233.10242,166.27667,216.71587,282.4147
3927.5,233.12738,166.29065,216.74788,282.44305
3928.0,233.1523,166.30463,216.77988,282.47134
3928.5,233.17722,166.31857,216.81187,282.49963
3929.0,233.2021,166.3325,216.84384,282.52786
3929.5,233.22696,166.34644,216.87581,282.55612
3930.0,233.25183,166.36037,216.90779,282.58435
3930.5,233.27667,166.37428,216.93976,282.61258
3931.0,233.30154,166.38823,216.97173,282.6408
3931.5,233.32643,166.40219,217.00371,282.66907
3932.0,233.35135,166.41617,217.03568,282.69733
3932.5,233.37627,166.43016,217.06767,282.7256
3933.0,233.4012,166.44418,217.09967,282.75388
3933.5,233.42615,166.4582,217.13167,282.78214
3934.0,233.45111,166.47226,217.16367,282.81042
3934.5,233.47607,166.4863,217.19565,282.8387
3935.0,233.50102,166.50034,217.22765,282.86697
3935.5,233.52597,166.51437,217.25963,282.89523
3936.0,233.55089,166.52838,217.2916,282.92346
3936.5,233.57574,166.54236,217.32355,282.95166
3937.0,233.60059,166.55632,217.35548,282.97983
3937.5,233.62541,166.57025,217.38742,283.00797
3938.0,233.6502,166.58417,217.41931,283.03607
3938.5,233.67497,166.59807,217.45122,283.06412
3939.0,233.69972,166.61195,217.48311,283.0922
3939.5,233.72447,166.62584,217.51498,283.12024
3940.0,233.74922,166.63974,217.54689,283.14832
3940.5,233.77399,166.65366,217.57877,283.17636
3941.0,233.79877,166.66757,217.61067,283.20444
3941.5,233.82353,166.6815,217.64256,283.23248
3942.0,233.84833,166.69545,217.67447,283.2606
3942.5,233.87312,166.70943,217.70638,283.28867
3943.0,233.89795,166.7234,217.73827,283.31674
3943.5,233.92276,166.7374,217.77017,283.34485
3944.0,233.94762,166.7514,217.8021,283.37292
3944.5,233.97243,166.7654,217.834,283.401
3945.0,233.99725,166.77939,217.86589,283.42908
3945.5,234.02205,166.79337,217.89777,283.45712
3946.0,234.04681,166.80731,217.92966,283.48514
3946.5,234.07156,166.82126,217.96153,283.51312
3947.0,234.09628,166.83519,217.99338,283.54108
3947.5,234.12099,166.8491,218.0252,283.56903
3948.0,234.14566,166.863,218.05704,283.59695
3948.5,234.17035,166.87689,218.08887,283.62488
3949.0,234.19502,166.89078,218.1207,283.65277
3949.5,234.2197,166.90466,218.15253,283.68066
3950.0,234.24437,166.91856,218.18436,283.70856
3950.5,234.26904,166.93248,218.21619,283.73645
3951.0,234.29375,166.9464,218.24802,283.76437
3951.5,234.31845,166.96033,218.27985,283.79227
3952.0,234.34317,166.97429,218.31166,283.8202
3952.5,234.36789,166.98824,218.34349,283.8481
3953.0,234.39262,167.00221,218.37532,283.87607
3953.5,234.41734,167.01619,218.40715,283.904
3954.0,234.4421,167.03018,218.43898,283.9319
3954.5,234.46681,167.04416,218.47081,283.9598
3955.0,234.49155,167.05814,218.50264,283.9877
3955.5,234.51624,167.0721,218.53444,284.0156
3956.0,234.54091,167.08603,218.56625,284.04343
3956.5,234.56557,167.09995,218.59804,284.07126
3957.0,234.5902,167.11386,218.6298,284.09906
3957.5,234.6148,167.12776,218.66158,284.12683
3958.0,234.6394,167.14165,218.69333,284.1546
3958.5,234.66399,167.15553,218.72508,284.18237
3959.0,234.68857,167.1694,218.75684,284.2101
3959.5,234.71315,167.18327,218.78857,284.23782
3960.0,234.73773,167.19717,218.82033,284.26556
3960.5,234.76231,167.21107,218.8521,284.2933
3961.0,234.78691,167.22498,218.88385,284.32108
3961.5,234.81152,167.2389,218.9156,284.34882
3962.0,234.83615,167.25284,218.94736,284.3766
3962.5,234.86078,167.26678,218.97913,284.40433
3963.0,234.8854,167.28075,219.01088,284.43207
3963.5,234.91003,167.29471,219.04263,284.45984
3964.0,234.93466,167.30867,219.07439,284.48758
3964.5,234.95929,167.32262,219.10616,284.51532
3965.0,234.9839,167.33658,219.13788,284.54306
3965.5,235.0085,167.35051,219.16962,284.57077
3966.0,235.03308,167.36443,219.20135,284.59845
3966.5,235.05765,167.37834,219.23306,284.6261
3967.0,235.08217,167.39224,219.26477,284.65375
3967.5,235.1067,167.40613,219.29645,284.6814
3968.0,235.13121,167.42001,219.32814,284.709
3968.5,235.15573,167.4339,219.35983,284.7366
3969.0,235.18024,167.44777,219.39151,284.76422
3969.5,235.20474,167.46165,219.4232,284.7918
3970.0,235.22925,167.47554,219.45488,284.8194
3970.5,235.25377,167.48944,219.48657,284.847
3971.0,235.27827,167.50334,219.51825,284.87457
3971.5,235.30278,167.51726,219.54994,284.90213
3972.0,235.32732,167.53117,219.58163,284.92972
3972.5,235.35185,167.54512,219.61331,284.95734
3973.0,235.37639,167.55907,219.645,284.98495
3973.5,235.40091,167.57301,219.67668,285.01254
3974.0,235.42545,167.58696,219.70837,285.04013
3974.5,235.44998,167.6009,219.74005,285.06772
3975.0,235.47449,167.61484,219.77171,285.09528
3975.5,235.499,167.62878,219.80338,285.12283
3976.0,235.52348,167.64268,219.83502,285.1504
3976.5,235.54794,167.65659,219.86665,285.1779
3977.0,235.5724,167.67047,219.8983,285.20538
3977.5,235.59685,167.68436,219.92993,285.23288
3978.0,235.62129,167.69826,219.96155,285.26035
3978.5,235.64572,167.71214,219.99316,285.2878
3979.0,235.67017,167.72603,220.02478,285.31528
3979.5,235.6946,167.73993,220.0564,285.34274
3980.0,235.71904,167.75383,220.08801,285.3702
3980.5,235.74347,167.76775,220.11961,285.39767
3981.0,235.76791,167.78166,220.15123,285.42514
3981.5,235.79237,167.7956,220.18285,285.4526
3982.0,235.81683,167.80952,220.21446,285.48007
3982.5,235.8413,167.82346,220.24608,285.50754
3983.0,235.86575,167.8374,220.2777,285.53497
3983.5,235.89023,167.85135,220.30931,285.5624
3984.0,235.91469,167.8653,220.34091,285.58987
3984.5,235.93915,167.87924,220.37253,285.6173
3985.0,235.96358,167.89319,220.40413,285.6447
3985.5,235.98802,167.9071,220.43571,285.67212
3986.0,236.01244,167.92104,220.4673,285.69952
3986.5,236.03685,167.93494,220.4989,285.72687
3987.0,236.06123,167.94885,220.53046,285.75424
3987.5,236.08563,167.96277,220.56203,285.7816
3988.0,236.11002,167.97668,220.5936,285.80893
3988.5,236.13441,167.99059,220.62517,285.83627
3989.0,236.1588,168.0045,220.65672,285.8636
3989.5,236.1832,168.01842,220.6883,285.8909
3990.0,236.20755,168.03232,220.71983,285.91824
3990.5,236.23195,168.04625,220.7514,285.94556
3991.0,236.25633,168.06017,220.78294,285.97287
3991.5,236.28073,168.07411,220.81451,286.0002
3992.0,236.30511,168.08804,220.84605,286.02753
3992.5,236.32951,168.10199,220.8776,286.05484
3993.0,236.3539,168.11594,220.90915,286.08218
3993.5,236.3783,168.1299,220.94069,286.1095
3994.0,236.40268,168.14384,220.97223,286.13678
3994.5,236.42705,168.15779,221.00377,286.1641
3995.0,236.45142,168.17172,221.0353,286.19138
3995.5,236.47575,168.18565,221.0668,286.21863
3996.0,236.50009,168.19957,221.09833,286.24588
3996.5,236.52441,168.21349,221.12985,286.2731
3997.0,236.54874,168.2274,221.16135,286.30032
3997.5,236.57306,168.2413,221.19284,286.3275
3998.0,236.59735,168.2552,221.22433,286.35474
3998.5,236.62164,168.2691,221.25583,286.38193
3999.0,236.64594,168.283,221.28732,286.40912
3999.5,236.67023,168.29692,221.31882,286.4363
4000.0,236.69452,168.31084,221.35031,286.46347
4000.5,236.71883,168.32474,221.3818,286.49066
4001.0,236.74312,168.33867,221.41328,286.51782
4001.5,236.76741,168.35258,221.44478,286.545
4002.0,236.7917,168.36653,221.47624,286.5722
4002.5,236.81602,168.38046,221.50774,286.59937
4003.0,236.84035,168.39441,221.53922,286.62656
4003.5,236.86465,168.40836,221.57068,286.65372
4004.0,236.88896,168.42229,221.60216,286.68088
4004.5,236.91325,168.43623,221.63362,286.708
4005.0,236.93753,168.45015,221.66507,286.73514
4005.5,236.96179,168.46408,221.69652,286.76224
4006.0,236.98604,168.47798,221.72797,286.7893
4006.5,237.01028,168.49188,221.75941,286.8164
4007.0,237.03452,168.50578,221.79083,286.84348
4007.5,237.05873,168.51968,221.82227,286.8705
4008.0,237.08296,168.53358,221.85368,286.89758
4008.5,237.10718,168.54749,221.8851,286.92462
4009.0,237.13141,168.56139,221.91653,286.95166
4009.5,237.15562,168.5753,221.94795,286.9787
4010.0,237.17986,168.5892,221.97939,287.00574
4010.5,237.20407,168.60313,222.0108,287.03278
4011.0,237.2283,168.61707,222.04222,287.0598
4011.5,237.25252,168.63098,222.07365,287.08685
4012.0,237.27675,168.64491,222.10507,287.1139
4012.5,237.30096,168.65886,222.1365,287.14093
4013.0,237.3252,168.6728,222.16792,287.16797
4013.5,237.34941,168.68674,222.19933,287.19498
4014.0,237.37364,168.70067,222.23071,287.222
4014.5,237.39784,168.7146,222.26212,287.24896
4015.0,237.42204,168.72853,222.29352,287.27597
4015.5,237.44621,168.74245,222.32489,287.30292
4016.0,237.47038,168.75636,222.35628,287.32986
4016.5,237.49457,168.77028,222.38765,287.3568
4017.0,237.51872,168.78418,222.41902,287.38376
4017.5,237.54286,168.79808,222.45038,287.41068
4018.0,237.56702,168.81198,222.48172,287.4376
4018.5,237.59117,168.8259,222.51308,287.4645
4019.0,237.61533,168.83981,222.54443,287.49142
4019.5,237.63948,168.85373,222.57579,287.5183
4020.0,237.66362,168.86763,222.60713,287.5452
4020.5,237.68777,168.88156,222.63849,287.57208
4021.0,237.71193,168.8955,222.66985,287.599
4021.5,237.73608,168.90942,222.70119,287.6259
4022.0,237.76025,168.92337,222.73254,287.65277
4022.5,237.78444,168.93733,222.7639,287.6797
4023.0,237.80861,168.95128,222.79524,287.70657
4023.5,237.83278,168.96524,222.8266,287.73346
4024.0,237.85696,168.9792,222.85796,287.76035
4024.5,237.88112,168.99315,222.88928,287.78723
4025.0,237.90524,169.00708,222.92061,287.81406
4025.5,237.92937,169.02103,222.95193,287.8409
4026.0,237.95348,169.03494,222.98325,287.86774
4026.5,237.97757,169.04886,223.01454,287.89453
4027.0,238.00168,169.06277,223.04585,287.92133
4027.5,238.02576,169.07668,223.07715,287.94812
4028.0,238.04984,169.09059,223.10846,287.9749
4028.5,238.07391,169.10452,223.13977,288.0017
4029.0,238.098,169.11844,223.17107,288.02847
4029.5,238.12209,169.13237,223.20235,288.05527
4030.0,238.14618,169.1463,223.23366,288.08203
4030.5,238.17029,169.16025,223.26494,288.1088
4031.0,238.1944,169.1742,223.29623,288.1356
4031.5,238.2185,169.18816,223.32755,288.16238
4032.0,238.24263,169.20212,223.35884,288.18918
4032.5,238.26672,169.2161,223.39015,288.21594
4033.0,238.29086,169.23007,223.42145,288.24274
4033.5,238.31496,169.24405,223.45273,288.2695
4034.0,238.33907,169.25803,223.48401,288.29626
4034.5,238.36317,169.27199,223.51529,288.32303
4035.0,238.38725,169.28595,223.54657,288.34976
4035.5,238.41133,169.29991,223.57784,288.3765
4036.0,238.4354,169.31386,223.60909,288.40323
4036.5,238.45944,169.3278,223.64035,288.42993
4037.0,238.48347,169.34174,223.6716,288.4566
4037.5,238.5075,169.35568,223.70284,288.48328
4038.0,238.53154,169.3696,223.73407,288.50995
4038.5,238.55557,169.38354,223.7653,288.5366
4039.0,238.5796,169.39748,223.79654,288.56326
4039.5,238.60364,169.41142,223.82777,288.5899
4040.0,238.62767,169.42537,223.859,288.61658
4040.5,238.6517,169.43933,223.89023,288.64322
4041.0,238.67574,169.4533,223.92146,288.66986
4041.5,238.69977,169.46724,223.9527,288.69653
4042.0,238.7238,169.4812,223.98393,288.72318
4042.5,238.74783,169.49516,224.01514,288.74982
4043.0,238.77187,169.50912,224.04636,288.77646
4043.5,238.79588,169.52309,224.07756,288.80304
4044.0,238.81989,169.53705,224.10876,288.82965
4044.5,238.84389,169.55101,224.13998,288.85626
4045.0,238.8679,169.56496,224.17119,288.88287
4045.5,238.8919,169.57892,224.20238,288.90945
4046.0,238.9159,169.59288,224.23355,288.93604
4046.5,238.93988,169.60683,224.26474,288.96262
4047.0,238.96387,169.62077,224.29593,288.98917
4047.5,238.98785,169.63472,224.32712,289.01572
4048.0,239.01181,169.64867,224.35829,289.0423
4048.5,239.03577,169.66261,224.38947,289.06882
4049.0,239.05974,169.67656,224.42062,289.09537
4049.5,239.0837,169.69052,224.45178,289.12186
4050.0,239.10765,169.70447,224.48294,289.14838
4050.5,239.13159,169.71841,224.5141,289.1749
4051.0,239.15553,169.73236,224.54526,289.20142
4051.5,239.17947,169.74629,224.57643,289.2279
4052.0,239.2034,169.76022,224.60756,289.2544
4052.5,239.22734,169.77417,224.6387,289.28085
4053.0,239.25125,169.7881,224.66983,289.30734
4053.5,239.27518,169.80203,224.70097,289.3338
4054.0,239.29909,169.81596,224.73212,289.36026
4054.5,239.323,169.82991,224.76324,289.3867
4055.0,239.34691,169.84384,224.79436,289.41315
4055.5,239.3708,169.85777,224.82547,289.43958
4056.0,239.39468,169.8717,224.8566,289.466
4056.5,239.41858,169.88564,224.88771,289.49243
4057.0,239.44247,169.89957,224.91882,289.51883
4057.5,239.46634,169.91348,224.94994,289.54523
4058.0,239.4902,169.9274,224.98102,289.57162
4058.5,239.51407,169.94133,225.01212,289.59802
4059.0,239.53793,169.95526,225.0432,289.6244
4059.5,239.5618,169.96918,225.0743,289.65076
4060.0,239.58566,169.9831,225.10538,289.67712
4060.5,239.6095,169.99702,225.13647,289.7035
4061.0,239.63335,170.01096,225.16754,289.72983
4061.5,239.65718,170.02487,225.19861,289.75616
4062.0,239.68103,170.03879,225.22968,289.78253
4062.5,239.70486,170.05272,225.26074,289.80884
4063.0,239.72871,170.06665,225.2918,289.83517
4063.5,239.75255,170.08057,225.32286,289.86148
4064.0,239.77637,170.09448,225.35393,289.88782
4064.5,239.80019,170.10841,225.38498,289.9141
4065.0,239.824,170.12233,225.41602,289.9404
4065.5,239.84782,170.13623,225.44705,289.96667
4066.0,239.87163,170.15015,225.4781,289.99295
4066.5,239.89542,170.16406,225.50914,290.01923
4067.0,239.9192,170.17798,225.54019,290.04547
4067.5,239.94301,170.19188,225.5712,290.07172
4068.0,239.96677,170.2058,225.60222,290.09796
4068.5,239.99054,170.21971,225.63324,290.12424
4069.0,240.01431,170.23361,225.66426,290.15045
4069.5,240.03809,170.24753,225.69528,290.17667
4070.0,240.06186,170.26144,225.72629,290.2029
4070.5,240.08563,170.27536,225.75731,290.22913
4071.0,240.10939,170.28928,225.7883,290.25534
4071.5,240.13316,170.3032,225.81932,290.28152
4072.0,240.15694,170.31712,225.85033,290.30774
4072.5,240.18071,170.33105,225.88132,290.33392
4073.0,240.20445,170.34497,225.91231,290.3601
4073.5,240.2282,170.35889,225.9433,290.3863
4074.0,240.25195,170.3728,225.9743,290.41248
4074.5,240.2757,170.3867,226.0053,290.43866
4075.0,240.29941,170.40062,226.03625,290.4648
4075.5,240.32314,170.41452,226.06723,290.49097
4076.0,240.34686,170.42842,226.0982,290.5171
4076.5,240.37056,170.44232,226.12918,290.5432
4077.0,240.39426,170.4562,226.16013,290.56934
4077.5,240.41795,170.4701,226.19107,290.59543
4078.0,240.44165,170.48398,226.22202,290.62155
4078.5,240.46536,170.49786,226.25296,290.64764
4079.0,240.48903,170.51176,226.2839,290.67374
4079.5,240.51271,170.52567,226.31485,290.69983
4080.0,240.53638,170.53957,226.3458,290.7259
4080.5,240.56006,170.55347,226.37675,290.75198
4081.0,240.58372,170.56737,226.40767,290.77805
4081.5,240.6074,170.58127,226.4386,290.8041
4082.0,240.63107,170.59518,226.46951,290.83017
4082.5,240.65475,170.6091,226.50044,290.85623
4083.0,240.67844,170.623,226.53136,290.88226
4083.5,240.7021,170.63692,226.56229,290.90833
4084.0,240.72575,170.65082,226.5932,290.93436
4084.5,240.7494,170.66472,226.62411,290.96036
4085.0,240.77306,170.6786,226.655,290.98636
4085.5,240.79669,170.69249,226.68591,291.0124
4086.0,240.82031,170.70638,226.7168,291.03836
4086.5,240.84393,170.72026,226.74771,291.06436
4087.0,240.86754,170.73415,226.77858,291.09033
4087.5,240.89114,170.74802,226.80945,291.11627
4088.0,240.91475,170.7619,226.84033,291.14224
4088.5,240.93835,170.77577,226.8712,291.16818
4089.0,240.96196,170.78964,226.90208,291.19412
4089.5,240.98557,170.80353,226.93295,291.22006
4090.0,241.00917,170.81741,226.96384,291.246
4090.5,241.03276,170.8313,226.9947,291.27194
4091.0,241.05637,170.8452,227.02556,291.29788
4091.5,241.07997,170.8591,227.05641,291.32382
4092.0,241.10358,170.873,227.08727,291.34973
4092.5,241.12718,170.8869,227.1181,291.37567
4093.0,241.15076,170.9008,227.14896,291.40158
4093.5,241.17435,170.9147,227.17981,291.4275
4094.0,241.19792,170.92859,227.21066,291.4534
4094.5,241.2215,170.94247,227.24149,291.47928
4095.0,241.24506,170.95636,227.27232,291.50516
4095.5,241.26862,170.97023,227.30315,291.531
4096.0,241.29214,170.98412,227.33397,291.55685
4096.5,241.31567,170.99799,227.36478,291.5827
4097.0,241.3392,171.01186,227.39558,291.60855
4097.5,241.36273,171.02571,227.42639,291.63437
4098.0,241.38628,171.03958,227.45718,291.6602
4098.5,241.4098,171.05345,227.48799,291.686
4099.0,241.4333,171.06734,227.5188,291.71182
4099.5,241.45682,171.0812,227.5496,291.73764
4100.0,241.48033,171.0951,227.5804,291.76343
4100.5,241.50383,171.10896,227.61119,291.7892
4101.0,241.52734,171.12283,227.64197,291.81503
4101.5,241.55086,171.13672,227.67274,291.84082
4102.0,241.57436,171.15062,227.70352,291.8666
4102.5,241.59787,171.1645,227.7343,291.8924
4103.0,241.62137,171.17839,227.76508,291.91815
4103.5,241.64488,171.19228,227.79587,291.94394
4104.0,241.66837,171.20615,227.82664,291.96967
4104.5,241.69185,171.22003,227.85739,291.99542
4105.0,241.71532,171.23389,227.88815,292.02115
4105.5,241.73877,171.24774,227.91891,292.04688
4106.0,241.7622,171.2616,227.94965,292.07257
4106.5,241.78564,171.27544,227.98038,292.0983
4107.0,241.80908,171.28928,228.01111,292.12396
4107.5,241.83252,171.30312,228.04184,292.14963
4108.0,241.85596,171.31696,228.07257,292.17532
4108.5,241.87936,171.33081,228.1033,292.201
4109.0,241.9028,171.34467,228.13403,292.22668
4109.5,241.92622,171.35852,228.16475,292.25232
4110.0,241.94963,171.37236,228.19545,292.27798
4110.5,241.97304,171.38622,228.22617,292.30362
4111.0,241.99646,171.40007,228.25687,292.32928
4111.5,242.01987,171.41394,228.28758,292.35495
4112.0,242.04327,171.4278,228.31828,292.38058
4112.5,242.0667,171.44167,228.349,292.40622
4113.0,242.0901,171.45552,228.3797,292.43185
4113.5,242.11353,171.46939,228.41039,292.4575
4114.0,242.1369,171.48325,228.44107,292.4831
4114.5,242.1603,171.4971,228.47176,292.50867
4115.0,242.18365,171.51094,228.50244,292.53424
4115.5,242.20703,171.52477,228.5331,292.5598
4116.0,242.23036,171.53859,228.56377,292.5854
4116.5,242.25371,171.55241,228.59442,292.6109
4117.0,242.27705,171.56624,228.62508,292.63644
4117.5,242.30038,171.58006,228.65572,292.662
4118.0,242.32373,171.59389,228.68636,292.6875
4118.5,242.34705,171.60773,228.717,292.713
4119.0,242.37036,171.62154,228.74763,292.73853
4119.5,242.39368,171.63536,228.77826,292.76404
4120.0,242.417,171.6492,228.8089,292.78955
4120.5,242.44032,171.66302,228.83954,292.81503
4121.0,242.46364,171.67685,228.87018,292.84055
4121.5,242.48695,171.69067,228.90082,292.86603
4122.0,242.51027,171.70451,228.93146,292.89154
4122.5,242.53358,171.71835,228.96207,292.91702
4123.0,242.5569,171.7322,228.99268,292.9425
4123.5,242.5802,171.74602,229.02328,292.96796
4124.0,242.60349,171.75984,229.05391,292.99344
4124.5,242.62679,171.77367,229.08452,293.01886
4125.0,242.65005,171.78749,229.11511,293.0443
4125.5,242.67332,171.8013,229.14569,293.06973
4126.0,242.6966,171.81512,229.17628,293.09512
4126.5,242.71985,171.82892,229.20688,293.12054
4127.0,242.74309,171.84273,229.23746,293.14594
4127.5,242.76633,171.85654,229.26802,293.17133
4128.0,242.78958,171.87035,229.29858,293.19672
4128.5,242.8128,171.88414,229.32916,293.2221
4129.0,242.83603,171.89795,229.35973,293.24747
4129.5,242.85924,171.91176,229.39029,293.27283
4130.0,242.88246,171.92555,229.42085,293.2982
4130.5,242.90569,171.93936,229.45142,293.32358
4131.0,242.92891,171.95317,229.48198,293.34894
4131.5,242.95213,171.96696,229.51253,293.37427
4132.0,242.97536,171.98079,229.54306,293.39963
4132.5,242.99858,171.9946,229.57361,293.42496
4133.0,243.0218,172.00842,229.60416,293.45032
4133.5,243.045,172.02222,229.63469,293.47562
4134.0,243.06819,172.03603,229.66524,293.50095
4134.5,243.0914,172.04982,229.69576,293.52625
4135.0,243.11456,172.06361,229.72627,293.55154
4135.5,243.13774,172.0774,229.75679,293.5768
4136.0,243.16089,172.09117,229.78731,293.60208
4136.5,243.18404,172.10495,229.8178,293.62732
4137.0,243.2072,172.11873,229.8483,293.6526
4137.5,243.23032,172.13249,229.87878,293.67783
4138.0,243.25345,172.14626,229.90927,293.70306
4138.5,243.27657,172.16003,229.93977,293.72827
4139.0,243.2997,172.1738,229.97025,293.7535
4139.5,243.32283,172.18756,230.00072,293.77872
4140.0,243.34595,172.20134,230.03117,293.80392
4140.5,243.36908,172.2151,230.06165,293.82913
4141.0,243.39221,172.22888,230.09212,293.85434
4141.5,243.41533,172.24266,230.12259,293.87955
4142.0,243.43846,172.25644,230.15306,293.90472
4142.5,243.46158,172.27023,230.18353,293.92993
4143.0,243.48471,172.28401,230.214,293.9551
4143.5,243.50781,172.29779,230.24445,293.9803
4144.0,243.53091,172.31157,230.27489,294.00543
4144.5,243.554,172.32533,230.30534,294.0306
4145.0,243.57707,172.3391,230.33578,294.05573
4145.5,243.60013,172.35284,230.36621,294.08084
4146.0,243.62318,172.3666,230.39662,294.106
4146.5,243.64624,172.38034,230.42705,294.1311
4147.0,243.66927,172.39409,230.45747,294.1562
4147.5,243.6923,172.40782,230.48787,294.18127
4148.0,243.71533,172.42155,230.51826,294.20636
4148.5,243.73837,172.43529,230.54868,294.23145
4149.0,243.76137,172.44902,230.57907,294.2565
4149.5,243.78438,172.46275,230.60947,294.28156
4150.0,243.80739,172.47649,230.63986,294.3066
4150.5,243.8304,172.49023,230.67026,294.33167
4151.0,243.85341,172.50397,230.70064,294.35672
4151.5,243.8764,172.51772,230.73103,294.38177
4152.0,243.89941,172.53146,230.76141,294.40683
4152.5,243.92242,172.54521,230.79178,294.4319
4153.0,243.94543,172.55898,230.82216,294.4569
4153.5,243.96844,172.57272,230.85254,294.48193
4154.0,243.99144,172.58647,230.8829,294.50696
4154.5,244.01443,172.6002,230.91328,294.53195
4155.0,244.03741,172.61394,230.94363,294.55695
4155.5,244.06038,172.62766,230.97398,294.58194
4156.0,244.08331,172.64136,231.0043,294.6069
4156.5,244.10625,172.65506,231.03464,294.63184
4157.0,244.12918,172.66876,231.06496,294.65677
4157.5,244.1521,172.68245,231.09529,294.6817
4158.0,244.175,172.69615,231.12561,294.70663
4158.5,244.19792,172.70984,231.15594,294.73154
4159.0,244.22083,172.72354,231.18625,294.75647
4159.5,244.24374,172.73726,231.21655,294.78137
4160.0,244.26665,172.75096,231.24686,294.80627
4160.5,244.28957,172.76466,231.27716,294.8312
4161.0,244.31247,172.77838,231.30746,294.8561
4161.5,244.33539,172.7921,231.33777,294.88104
4162.0,244.3583,172.80582,231.36807,294.9059
4162.5,244.38121,172.81955,231.39836,294.93082
4163.0,244.40413,172.83327,231.42867,294.95572
4163.5,244.42703,172.84698,231.45897,294.9806
4164.0,244.44992,172.86069,231.48926,295.00546
4164.5,244.47281,172.87439,231.51953,295.0303
4165.0,244.49568,172.88809,231.5498,295.05515
4165.5,244.51852,172.90178,231.58006,295.07996
4166.0,244.54135,172.91545,231.61032,295.10477
4166.5,244.56418,172.92911,231.64058,295.12955
4167.0,244.58699,172.94276,231.6708,295.15433
4167.5,244.6098,172.95644,231.70103,295.1791
4168.0,244.63263,172.9701,231.73128,295.2039
4168.5,244.65544,172.98375,231.7615,295.22864
4169.0,244.67825,172.99742,231.79173,295.25342
4169.5,244.70108,173.0111,231.82196,295.2782
4170.0,244.72389,173.02477,231.8522,295.30298
4170.5,244.7467,173.03844,231.88243,295.32773
4171.0,244.76953,173.05212,231.91266,295.35248
4171.5,244.79234,173.06581,231.94289,295.37723
4172.0,244.81516,173.0795,231.9731,295.40198
4172.5,244.83798,173.09317,232.00331,295.42673
4173.0,244.8608,173.10686,232.03351,295.45148
4173.5,244.88359,173.12054,232.06372,295.4762
4174.0,244.90637,173.13422,232.09393,295.50092
4174.5,244.92915,173.14789,232.12411,295.52563
4175.0,244.95192,173.16156,232.1543,295.55032
4175.5,244.97466,173.1752,232.18448,295.575
4176.0,244.99738,173.18884,232.21465,295.59964
4176.5,245.02011,173.20247,232.2448,295.6243
4177.0,245.04283,173.2161,232.27496,295.64893
4177.5,245.06555,173.22972,232.30511,295.67355
4178.0,245.08824,173.24335,232.33528,295.69818
4178.5,245.11095,173.25697,232.36542,295.7228
4179.0,245.13364,173.2706,232.39555,295.74744
4179.5,245.15634,173.28423,232.42569,295.77206
4180.0,245.17903,173.29787,232.45583,295.79666
4180.5,245.20174,173.31151,232.48596,295.82126
4181.0,245.22446,173.32516,232.5161,295.84586
4181.5,245.24718,173.3388,232.54623,295.87048
4182.0,245.2699,173.35246,232.57637,295.89508
4182.5,245.29259,173.3661,232.6065,295.91968
4183.0,245.31529,173.37976,232.63664,295.94427
4183.5,245.33798,173.3934,232.66675,295.96887
4184.0,245.36066,173.40704,232.69687,295.99344
4184.5,245.38333,173.42067,232.72697,296.018
4185.0,245.40599,173.43428,232.7571,296.04254
4185.5,245.4286,173.44789,232.78719,296.06705
4186.0,245.45123,173.4615,232.81726,296.09155
4186.5,245.47383,173.47508,232.84734,296.11603
4187.0,245.49644,173.48868,232.8774,296.14053
4187.5,245.51904,173.50227,232.90746,296.16498
4188.0,245.54164,173.51585,232.93753,296.18945
4188.5,245.56424,173.52945,232.96759,296.21393
4189.0,245.58685,173.54303,232.99765,296.23837
4189.5,245.60945,173.55663,233.02773,296.26285
4190.0,245.63205,173.57022,233.05779,296.2873
4190.5,245.65465,173.58383,233.08784,296.31177
4191.0,245.67726,173.59743,233.11792,296.3362
4191.5,245.69986,173.61104,233.14795,296.3607
4192.0,245.72246,173.62466,233.17802,296.38513
4192.5,245.74506,173.63828,233.20805,296.4096
4193.0,245.76767,173.65189,233.2381,296.43405
4193.5,245.79024,173.6655,233.26814,296.4585
4194.0,245.81282,173.67911,233.29819,296.4829
4194.5,245.83537,173.6927,233.3282,296.50732
4195.0,245.85793,173.70628,233.35822,296.5317
4195.5,245.88046,173.71985,233.38821,296.55606
4196.0,245.90297,173.7334,233.4182,296.5804
4196.5,245.92548,173.74695,233.4482,296.60477
4197.0,245.94795,173.7605,233.4782,296.6291
4197.5,245.97044,173.77403,233.50816,296.6534
4198.0,245.99292,173.78758,233.53813,296.67773
4198.5,246.01541,173.80112,233.5681,296.70206
4199.0,246.03789,173.81468,233.59807,296.72638
4199.5,246.06036,173.82825,233.62804,296.7507
4200.0,246.08289,173.84181,233.658,296.775
4200.5,246.10538,173.85538,233.68797,296.79932
4201.0,246.1279,173.86896,233.71794,296.82364
4201.5,246.15039,173.88254,233.74791,296.84796
4202.0,246.17291,173.8961,233.77788,296.87228
4202.5,246.1954,173.9097,233.80785,296.89658
4203.0,246.21793,173.9233,233.83781,296.92087
4203.5,246.2404,173.93687,233.86777,296.94516
4204.0,246.26288,173.95044,233.8977,296.96945
4204.5,246.28534,173.964,233.92766,296.9937
4205.0,246.30779,173.97757,233.9576,297.01794
4205.5,246.33022,173.9911,233.98752,297.04218
4206.0,246.35263,174.00464,234.01744,297.0664
4206.5,246.37503,174.01816,234.04735,297.0906
4207.0,246.39743,174.03168,234.07724,297.1148
4207.5,246.41982,174.04518,234.10713,297.13898
4208.0,246.4422,174.05869,234.13704,297.16315
4208.5,246.46458,174.07219,234.16693,297.18732
4209.0,246.48697,174.08571,234.19682,297.21152
4209.5,246.50937,174.09923,234.22673,297.23566
4210.0,246.53175,174.11275,234.25662,297.25983
4210.5,246.55414,174.12628,234.2865,297.284
4211.0,246.57652,174.13982,234.31638,297.30817
4211.5,246.5989,174.15335,234.34625,297.33234
4212.0,246.62129,174.1669,234.37611,297.3565
4212.5,246.64369,174.18045,234.40599,297.38068
4213.0,246.66608,174.194,234.43587,297.40482
4213.5,246.68846,174.20755,234.46574,297.42896
4214.0,246.71083,174.2211,234.49562,297.4531
4214.5,246.73318,174.23463,234.52547,297.47723
4215.0,246.75552,174.24815,234.55531,297.5013
4215.5,246.77785,174.26166,234.58516,297.5254
4216.0,246.80016,174.27515,234.61499,297.54947
4216.5,246.82245,174.28864,234.64482,297.57352
4217.0,246.84474,174.30211,234.67465,297.59756
4217.5,246.86703,174.31558,234.70445,297.62158
4218.0,246.88931,174.32906,234.73425,297.64563
4218.5,246.91158,174.34253,234.76405,297.66965
4219.0,246.93384,174.356,234.79385,297.6937
4219.5,246.95613,174.36949,234.82365,297.7177
4220.0,246.97842,174.38298,234.85345,297.74176
4220.5,247.00072,174.39648,234.88326,297.76578
4221.0,247.02301,174.40999,234.91306,297.78983
4221.5,247.0453,174.4235,234.94287,297.81384
4222.0,247.0676,174.43701,234.97267,297.8379
4222.5,247.08989,174.45053,235.00247,297.8619
4223.0,247.11218,174.46405,235.03227,297.88593
4223.5,247.13445,174.47755,235.06206,297.9099
4224.0,247.15671,174.49104,235.09183,297.9339
4224.5,247.17896,174.50455,235.12161,297.9579
4225.0,247.2012,174.51802,235.15137,297.98187
4225.5,247.22342,174.53148,235.18112,298.0058
4226.0,247.24562,174.54494,235.21088,298.02972
4226.5,247.26782,174.55838,235.2406,298.05362
4227.0,247.29,174.57181,235.27034,298.0775
4227.5,247.31216,174.58525,235.30006,298.1014
4228.0,247.33434,174.59868,235.32979,298.1253
4228.5,247.3565,174.61212,235.35953,298.14917
4229.0,247.37868,174.62555,235.38924,298.17303
4229.5,247.40085,174.63899,235.41895,298.1969
4230.0,247.42303,174.65245,235.44864,298.22076
4230.5,247.4452,174.6659,235.47835,298.24463
4231.0,247.46738,174.67935,235.50806,298.2685
4231.5,247.48955,174.69281,235.53777,298.29236
4232.0,247.51172,174.70628,235.56747,298.31622
4232.5,247.53389,174.71976,235.59718,298.3401
4233.0,247.55606,174.73322,235.62689,298.36395
4233.5,247.57825,174.74669,235.6566,298.38782
4234.0,247.60039,174.76015,235.68628,298.41165
4234.5,247.62254,174.77359,235.71596,298.4355
4235.0,247.64467,174.78703,235.74565,298.45932
4235.5,247.66676,174.80046,235.77533,298.48312
4236.0,247.68887,174.81387,235.805,298.50687
4236.5,247.71094,174.82727,235.83464,298.53064
4237.0,247.73302,174.84068,235.86429,298.55438
4237.5,247.7551,174.85408,235.89392,298.57816
4238.0,247.77718,174.86748,235.92355,298.6019
4238.5,247.79926,174.88087,235.95319,298.62564
4239.0,247.82133,174.89429,235.98282,298.64938
4239.5,247.84341,174.9077,236.01245,298.67313
4240.0,247.86548,174.92111,236.0421,298.69687
4240.5,247.88756,174.93454,236.07173,298.7206
4241.0,247.90964,174.94798,236.10136,298.74435
4241.5,247.93172,174.96141,236.131,298.76813
4242.0,247.9538,174.97485,236.16063,298.79187
4242.5,247.97588,174.98828,236.19028,298.8156
4243.0,247.99796,175.00171,236.21988,298.83932
4243.5,248.02003,175.01515,236.2495,298.86307
4244.0,248.04208,175.02858,236.27911,298.88675
4244.5,248.06412,175.04199,236.30872,298.91043
4245.0,248.08614,175.05539,236.3383,298.9341
4245.5,248.10815,175.06877,236.36789,298.95776
4246.0,248.13013,175.08215,236.39746,298.98138
4246.5,248.15211,175.0955,236.42702,299.005
4247.0,248.1741,175.10887,236.45659,299.02863
4247.5,248.19606,175.12224,236.48615,299.05222
4248.0,248.21802,175.1356,236.51572,299.0758
4248.5,248.23997,175.14896,236.54527,299.09943
4249.0,248.26193,175.16234,236.57481,299.12302
4249.5,248.2839,175.17572,236.60435,299.14664
4250.0,248.3059,175.1891,236.6339,299.17023
4250.5,248.32788,175.20248,236.66344,299.19385
4251.0,248.34985,175.21588,236.69298,299.21744
4251.5,248.37184,175.2293,236.72252,299.24103
4252.0,248.39383,175.24269,236.75206,299.26465
4252.5,248.4158,175.2561,236.7816,299.28824
4253.0,248.43779,175.2695,236.81114,299.31183
4253.5,248.45975,175.2829,236.84068,299.33542
4254.0,248.4817,175.29628,236.8702,299.35898
4254.5,248.50363,175.30966,236.8997,299.3825
4255.0,248.52554,175.32303,236.92923,299.40604
4255.5,248.54745,175.33638,236.95872,299.42953
4256.0,248.56935,175.34972,236.9882,299.45303
4256.5,248.59123,175.36305,237.0177,299.4765
4257.0,248.61311,175.37637,237.04716,299.5
4257.5,248.63498,175.38971,237.07664,299.52344
4258.0,248.65685,175.40303,237.10611,299.5469
4258.5,248.67871,175.41637,237.13557,299.57037
4259.0,248.70058,175.4297,237.16504,299.59384
4259.5,248.72243,175.44304,237.19452,299.61728
4260.0,248.74432,175.45639,237.22398,299.64075
4260.5,248.7662,175.46974,237.25345,299.6642
4261.0,248.7881,175.48311,237.28291,299.68768
4261.5,248.80998,175.49648,237.3124,299.71112
4262.0,248.83186,175.50984,237.34186,299.7346
4262.5,248.85376,175.52322,237.37132,299.75806
4263.0,248.87564,175.53659,237.40079,299.78152
4263.5,248.8975,175.54996,237.43024,299.80496
4264.0,248.91934,175.56331,237.45969,299.82837
4264.5,248.94118,175.57664,237.4891,299.85175
4265.0,248.963,175.58998,237.51852,299.87515
4265.5,248.98479,175.6033,237.54794,299.8985
4266.0,249.00658,175.6166,237.57735,299.92188
4266.5,249.02835,175.6299,237.60674,299.94522
4267.0,249.05011,175.64319,237.63614,299.96857
4267.5,249.07188,175.65648,237.66553,299.99188
4268.0,249.09366,175.66978,237.69493,300.0152
4268.5,249.11542,175.68307,237.7243,300.0385
4269.0,249.13719,175.69638,237.75371,300.06183
4269.5,249.15895,175.70967,237.78308,300.08514
4270.0,249.18073,175.72299,237.81245,300.10846
4270.5,249.20248,175.73631,237.84183,300.13177
4271.0,249.22427,175.74963,237.8712,300.1551
4271.5,249.24608,175.76297,237.90057,300.1784
4272.0,249.26787,175.7763,237.92995,300.20172
4272.5,249.28966,175.78964,237.95932,300.22504
4273.0,249.31142,175.80296,237.9887,300.24835
4273.5,249.33319,175.8163,238.01807,300.27167
4274.0,249.35493,175.82962,238.04741,300.29495
4274.5,249.37668,175.84291,238.07675,300.3182
4275.0,249.39839,175.8562,238.10611,300.34146
4275.5,249.42009,175.86949,238.13544,300.36472
4276.0,249.44179,175.88277,238.16476,300.38794
4276.5,249.46347,175.89604,238.19409,300.41116
4277.0,249.48514,175.9093,238.22339,300.43436
4277.5,249.5068,175.92256,238.25269,300.45755
4278.0,249.52847,175.93582,238.28198,300.48074
4278.5,249.55016,175.94908,238.3113,300.50394
4279.0,249.57182,175.96236,238.34059,300.52713
4279.5,249.59349,175.97563,238.36989,300.55035
4280.0,249.61517,175.9889,238.3992,300.57355
4280.5,249.63684,176.0022,238.4285,300.59674
4281.0,249.65851,176.01549,238.4578,300.61993
4281.5,249.68019,176.02878,238.4871,300.64313
4282.0,249.70186,176.04208,238.5164,300.66632
4282.5,249.72353,176.05539,238.5457,300.68948
4283.0,249.74521,176.06868,238.57498,300.71265
4283.5,249.76688,176.08197,238.60426,300.73584
4284.0,249.78853,176.09525,238.63354,300.75897
4284.5,249.81015,176.10852,238.6628,300.7821
4285.0,249.83177,176.12177,238.69205,300.8052
4285.5,249.85338,176.13501,238.7213,300.8283
4286.0,249.87495,176.14825,238.75053,300.85138
4286.5,249.89653,176.16148,238.77975,300.87448
4287.0,249.9181,176.1747,238.80899,300.89752
4287.5,249.93968,176.18793,238.83823,300.9206
4288.0,249.96123,176.20114,238.86743,300.94363
4288.5,249.98279,176.21436,238.89664,300.9667
4289.0,250.00436,176.2276,238.92584,300.98975
4289.5,250.02594,176.24084,238.95505,301.01282
4290.0,250.04752,176.25409,238.98425,301.03586
4290.5,250.06909,176.26732,239.01346,301.0589
4291.0,250.09067,176.28058,239.04266,301.08197
4291.5,250.11224,176.29384,239.07187,301.105
4292.0,250.13382,176.3071,239.10107,301.12808
4292.5,250.1554,176.32037,239.13028,301.15112
4293.0,250.17697,176.33363,239.15948,301.17416
4293.5,250.19855,176.3469,239.18869,301.1972
4294.0,250.22011,176.36014,239.21788,301.2202
4294.5,250.24164,176.37337,239.24706,301.24323
4295.0,250.26317,176.38658,239.27621,301.2662
4295.5,250.28467,176.3998,239.30537,301.28915
4296.0,250.30615,176.413,239.33453,301.3121
4296.5,250.32764,176.42618,239.3637,301.33505
4297.0,250.34912,176.43938,239.39282,301.35797
4297.5,250.3706,176.45258,239.42197,301.38092
4298.0,250.39207,176.46577,239.4511,301.40387
4298.5,250.41356,176.47897,239.48024,301.4268
4299.0,250.43504,176.49217,239.50937,301.4497
4299.5,250.45653,176.50539,239.5385,301.47263
4300.0,250.47801,176.5186,239.56764,301.49554
4300.5,250.49948,176.53181,239.59677,301.5185
4301.0,250.52097,176.54503,239.6259,301.5414
4301.5,250.54245,176.55827,239.65504,301.56436
4302.0,250.56393,176.5715,239.68417,301.58728
4302.5,250.58542,176.58473,239.71332,301.6102
4303.0,250.60689,176.59796,239.74245,301.63312
4303.5,250.62837,176.61119,239.77156,301.65604
4304.0,250.64984,176.62439,239.80067,301.67892
4304.5,250.67126,176.63759,239.82976,301.70178
4305.0,250.6927,176.65077,239.85884,301.72464
4305.5,250.71411,176.66394,239.88792,301.7475
4306.0,250.7355,176.67712,239.91699,301.7703
4306.5,250.75688,176.69028,239.94606,301.79312
4307.0,250.77827,176.70345,239.97511,301.81595
4307.5,250.79965,176.7166,240.00418,301.83875
4308.0,250.82104,176.72977,240.03325,301.8615
4308.5,250.8424,176.74292,240.06229,301.8843
4309.0,250.86378,176.7561,240.09135,301.9071
4309.5,250.88518,176.76927,240.12039,301.9299
4310.0,250.90656,176.78246,240.14944,301.9527
4310.5,250.92795,176.79564,240.1785,301.9755
4311.0,250.94934,176.80882,240.20753,301.9983
4311.5,250.97072,176.82202,240.23657,302.0211
4312.0,250.99211,176.83522,240.26561,302.04385
4312.5,251.01349,176.84842,240.29465,302.06665
4313.0,251.03488,176.8616,240.32368,302.08945
4313.5,251.05624,176.87479,240.35272,302.1122
4314.0,251.0776,176.88797,240.38174,302.13498
4314.5,251.09894,176.90112,240.41075,302.1577
4315.0,251.12025,176.91428,240.43977,302.18042
4315.5,251.14157,176.92741,240.46877,302.20312
4316.0,251.16286,176.94055,240.49776,302.22583
4316.5,251.18416,176.95369,240.52675,302.2485
4317.0,251.20544,176.96681,240.55574,302.27118
4317.5,251.22673,176.97993,240.5847,302.29385
4318.0,251.24803,176.99307,240.61368,302.31653
4318.5,251.26932,177.00621,240.64264,302.3392
4319.0,251.2906,177.01935,240.67162,302.36188
4319.5,251.3119,177.0325,240.70058,302.38455
4320.0,251.33319,177.04564,240.72955,302.40723
4320.5,251.35448,177.05879,240.75851,302.4299
4321.0,251.37576,177.07196,240.78748,302.45258
4321.5,251.39706,177.08511,240.81645,302.47525
4322.0,251.41835,177.09827,240.84541,302.4979
4322.5,251.43964,177.11143,240.87439,302.52054
4323.0,251.46094,177.1246,240.90334,302.54318
4323.5,251.48221,177.13774,240.93228,302.56583
4324.0,251.50346,177.15088,240.96121,302.58844
4324.5,251.5247,177.164,240.99014,302.61105
4325.0,251.54593,177.17712,241.01906,302.6336
4325.5,251.56715,177.19023,241.04797,302.6562
4326.0,251.58835,177.20334,241.07687,302.67874
4326.5,251.60954,177.21643,241.10577,302.7013
4327.0,251.63074,177.22952,241.13467,302.72385
4327.5,251.65193,177.24261,241.16356,302.74643
4328.0,251.67313,177.2557,241.19246,302.76895
4328.5,251.69432,177.26881,241.22136,302.79147
4329.0,251.71552,177.28192,241.25026,302.814
4329.5,251.73671,177.29503,241.27914,302.83655
4330.0,251.7579,177.30814,241.30801,302.85907
4330.5,251.7791,177.32127,241.33691,302.8816
4331.0,251.8003,177.3344,241.36578,302.9041
4331.5,251.82149,177.34752,241.39467,302.92667
4332.0,251.84268,177.36064,241.42354,302.9492
4332.5,251.86389,177.37376,241.45241,302.9717
4333.0,251.88509,177.38689,241.48128,302.99423
4333.5,251.90625,177.40001,241.51015,303.01672
4334.0,251.92743,177.41312,241.539,303.03925
4334.5,251.94858,177.42622,241.56786,303.06174
4335.0,251.9697,177.4393,241.5967,303.08417
4335.5,251.99081,177.4524,241.62552,303.10663
4336.0,252.01192,177.46545,241.65434,303.1291
4336.5,252.03302,177.47852,241.68317,303.15152
4337.0,252.05412,177.49158,241.71198,303.17392
4337.5,252.07523,177.50462,241.74077,303.19635
4338.0,252.0963,177.51767,241.76958,303.21875
4338.5,252.11737,177.53075,241.79837,303.24115
4339.0,252.13844,177.54381,241.82718,303.26358
4339.5,252.15955,177.55687,241.85597,303.28598
4340.0,252.18065,177.56995,241.88478,303.30838
4340.5,252.20175,177.58302,241.91357,303.3308
4341.0,252.22285,177.59612,241.94238,303.3532
4341.5,252.24394,177.6092,241.97118,303.3756
4342.0,252.26505,177.6223,241.99998,303.39804
4342.5,252.28615,177.63538,242.02876,303.4204
4343.0,252.30722,177.64847,242.05754,303.4428
4343.5,252.32831,177.66154,242.08632,303.46518
4344.0,252.34935,177.67462,242.1151,303.48755
4344.5,252.3704,177.68767,242.14384,303.5099
4345.0,252.39143,177.70071,242.17259,303.53223
4345.5,252.41245,177.71375,242.20132,303.55453
4346.0,252.43344,177.72678,242.23006,303.5768
4346.5,252.45445,177.73979,242.25879,303.59912
4347.0,252.47545,177.7528,242.28752,303.6214
4347.5,252.49643,177.76582,242.31625,303.64368
4348.0,252.51741,177.77884,242.34497,303.666
4348.5,252.53839,177.79187,242.37369,303.68823
4349.0,252.5594,177.8049,242.4024,303.71054
4349.5,252.5804,177.81795,242.43112,303.7328
4350.0,252.60141,177.83098,242.45984,303.7551
4350.5,252.6224,177.84404,242.48856,303.77737
4351.0,252.64342,177.85709,242.51726,303.79968
4351.5,252.66443,177.87015,242.54596,303.82196
4352.0,252.68542,177.8832,242.57466,303.8442
4352.5,252.70644,177.89626,242.60338,303.8665
4353.0,252.72743,177.9093,242.63208,303.88876
4353.5,252.74841,177.92235,242.66077,303.91098
4354.0,252.7694,177.93538,242.68944,303.93323
4354.5,252.79036,177.94841,242.71812,303.95544
4355.0,252.8113,177.96143,242.74678,303.97766
4355.5,252.83221,177.97443,242.77544,303.99985
4356.0,252.85313,177.98743,242.8041,304.02203
4356.5,252.87404,178.00041,242.83276,304.0442
4357.0,252.89494,178.01341,242.86142,304.06638
4357.5,252.91586,178.0264,242.89005,304.08853
4358.0,252.93677,178.0394,242.91869,304.11066
4358.5,252.95767,178.05238,242.94731,304.1328
4359.0,252.97859,178.0654,242.97595,304.15497
4359.5,252.9995,178.0784,243.00458,304.17712
4360.0,253.0204,178.0914,243.03322,304.19928
4360.5,253.04132,178.10443,243.06186,304.2214
4361.0,253.06223,178.11745,243.09048,304.24356
4361.5,253.08313,178.13046,243.11913,304.26572
4362.0,253.10405,178.14348,243.14775,304.28787
4362.5,253.12495,178.1565,243.17636,304.31
4363.0,253.14586,178.16951,243.20497,304.33215
4363.5,253.16675,178.18253,243.23358,304.35428
4364.0,253.1876,178.19551,243.26219,304.37637
4364.5,253.20847,178.2085,243.29079,304.3985
4365.0,253.22931,178.22147,243.31937,304.42056
4365.5,253.25015,178.23444,243.34796,304.44263
4366.0,253.27097,178.24739,243.37651,304.46466
4366.5,253.29178,178.26035,243.40508,304.48672
4367.0,253.31256,178.2733,243.43364,304.50876
4367.5,253.33336,178.28624,243.4622,304.5308
4368.0,253.35414,178.2992,243.49077,304.55283
4368.5,253.37494,178.31215,243.51933,304.57486
4369.0,253.39572,178.3251,243.54787,304.59686
4369.5,253.41653,178.33807,243.5764,304.6189
4370.0,253.43735,178.35104,243.60495,304.64093
4370.5,253.45816,178.36403,243.63348,304.66296
4371.0,253.47897,178.37701,243.66202,304.685
4371.5,253.49979,178.38998,243.69057,304.70703
4372.0,253.52061,178.40297,243.7191,304.72906
4372.5,253.54143,178.41595,243.74763,304.7511
4373.0,253.56221,178.42894,243.77618,304.7731
4373.5,253.58301,178.44191,243.80469,304.7951
4374.0,253.60378,178.45486,243.8332,304.81708
4374.5,253.62454,178.4678,243.86172,304.83905
4375.0,253.64528,178.48076,243.89021,304.861
4375.5,253.66602,178.49368,243.9187,304.88293
4376.0,253.68674,178.5066,243.94719,304.90488
4376.5,253.70746,178.51953,243.9757,304.9268
4377.0,253.72818,178.53246,244.00415,304.9487
4377.5,253.74887,178.54538,244.03262,304.9706
4378.0,253.76956,178.5583,244.0611,304.99252
4378.5,253.79028,178.57123,244.08955,305.01443
4379.0,253.811,178.58415,244.11803,305.03635
4379.5,253.83173,178.59708,244.14648,305.05826
4380.0,253.85243,178.61002,244.17496,305.08017
4380.5,253.87315,178.62296,244.20343,305.10208
4381.0,253.89388,178.6359,244.23189,305.12396
4381.5,253.9146,178.64883,244.26036,305.14587
4382.0,253.93532,178.66179,244.2888,305.1678
4382.5,253.95602,178.67473,244.31725,305.18967
4383.0,253.97673,178.68768,244.34569,305.21155
4383.5,253.99742,178.7006,244.37413,305.2334
4384.0,254.0181,178.71353,244.40256,305.25528
4384.5,254.03876,178.72644,244.43097,305.2771
4385.0,254.05942,178.73935,244.4594,305.29895
4385.5,254.08006,178.75226,244.48781,305.32077
4386.0,254.10068,178.76515,244.5162,305.3426
4386.5,254.1213,178.77805,244.5446,305.36438
4387.0,254.14192,178.79094,244.573,305.3862
4387.5,254.16255,178.80383,244.6014,305.408
4388.0,254.18317,178.81671,244.62979,305.42978
4388.5,254.2038,178.8296,244.65819,305.45157
4389.0,254.22443,178.84251,244.68658,305.47336
4389.5,254.24504,178.85541,244.71495,305.49515
4390.0,254.26567,178.86832,244.74332,305.51694
4390.5,254.28629,178.88123,244.7717,305.53873
4391.0,254.30692,178.89413,244.80006,305.56052
4391.5,254.32753,178.90706,244.82845,305.5823
4392.0,254.34816,178.91998,244.85681,305.6041
4392.5,254.36877,178.93289,244.88518,305.62585
4393.0,254.3894,178.9458,244.91356,305.64764
4393.5,254.41,178.95871,244.9419,305.66937
4394.0,254.4306,178.9716,244.97025,305.69113
4394.5,254.45117,178.9845,244.9986,305.71286
4395.0,254.47176,178.99738,245.02695,305.7346
4395.5,254.49231,179.01025,245.05527,305.7563
4396.0,254.51286,179.02312,245.08359,305.77798
4396.5,254.53339,179.03596,245.11192,305.79965
4397.0,254.55391,179.04881,245.14021,305.82132
4397.5,254.57445,179.06166,245.16852,305.843
4398.0,254.59497,179.07451,245.19682,305.86465
4398.5,254.6155,179.08737,245.22511,305.88635
4399.0,254.63603,179.10023,245.25342,305.90802
4399.5,254.65656,179.1131,245.28172,305.9297
4400.0,254.67708,179.12598,245.31003,305.95135
4400.5,254.6976,179.13885,245.33832,305.97302
4401.0,254.71814,179.15173,245.36662,305.9947
4401.5,254.73866,179.16463,245.39493,306.0164
4402.0,254.75919,179.1775,245.42322,306.03806
4402.5,254.77972,179.1904,245.45149,306.0597
4403.0,254.80025,179.20328,245.47977,306.08133
4403.5,254.82076,179.21614,245.50806,306.10297
4404.0,254.84123,179.22899,245.53633,306.1246
4404.5,254.86171,179.24182,245.56458,306.14618
4405.0,254.88217,179.25467,245.59283,306.16776
4405.5,254.90262,179.26749,245.62108,306.18933
4406.0,254.92308,179.28032,245.6493,306.21094
4406.5,254.94351,179.29314,245.67754,306.23248
4407.0,254.96394,179.30595,245.70576,306.25403
4407.5,254.98438,179.31877,245.734,306.27557
4408.0,255.0048,179.33159,245.76222,306.29712
4408.5,255.02522,179.3444,245.79044,306.31863
4409.0,255.04565,179.35722,245.81863,306.34018
4409.5,255.06609,179.37004,245.84685,306.3617
4410.0,255.08652,179.38287,245.87505,306.38324
4410.5,255.10695,179.3957,245.90326,306.40475
4411.0,255.12738,179.40852,245.93146,306.4263
4411.5,255.14781,179.42137,245.95966,306.4478
4412.0,255.16824,179.4342,245.98787,306.46936
4412.5,255.18866,179.44704,246.01607,306.49084
4413.0,255.20906,179.45985,246.04425,306.51236
4413.5,255.22948,179.47267,246.07243,306.53384
4414.0,255.24986,179.48549,246.10062,306.55533
4414.5,255.27022,179.49829,246.12877,306.57678
4415.0,255.29057,179.51108,246.15694,306.59824
4415.5,255.31091,179.52386,246.18509,306.61966
4416.0,255.33125,179.53664,246.21324,306.6411
4416.5,255.3516,179.54942,246.24138,306.6625
4417.0,255.37193,179.5622,246.26952,306.68393
4417.5,255.39224,179.57495,246.29764,306.70532
4418.0,255.41258,179.58774,246.32578,306.72675
4418.5,255.43292,179.60051,246.35391,306.74814
4419.0,255.45325,179.6133,246.38205,306.76956
4419.5,255.47359,179.62607,246.41019,306.791
4420.0,255.49393,179.63885,246.43831,306.81238
4420.5,255.51427,179.65167,246.46645,306.8338
4421.0,255.5346,179.66447,246.49458,306.8552
4421.5,255.55493,179.67728,246.5227,306.87662
4422.0,255.57527,179.69008,246.55083,306.898
4422.5,255.59561,179.70288,246.57893,306.91943
4423.0,255.61592,179.71568,246.60704,306.94083
4423.5,255.63625,179.72847,246.63515,306.96222
4424.0,255.65652,179.74126,246.66324,306.98358
4424.5,255.67682,179.75401,246.69131,307.00494
4425.0,255.69708,179.76677,246.7194,307.02628
4425.5,255.71735,179.77953,246.74747,307.0476
4426.0,255.73761,179.79228,246.77553,307.0689
4426.5,255.75786,179.80502,246.80359,307.09024
4427.0,255.77809,179.81778,246.83165,307.11154
4427.5,255.79834,179.83052,246.85971,307.13284
4428.0,255.81859,179.84326,246.88779,307.15414
4428.5,255.83882,179.856,246.91585,307.1754
4429.0,255.85907,179.86876,246.94388,307.19672
4429.5,255.8793,179.88152,246.97194,307.21802
4430.0,255.89955,179.89429,246.99998,307.23932
4430.5,255.91978,179.90704,247.02802,307.26062
4431.0,255.94003,179.91982,247.05606,307.28192
4431.5,255.96027,179.93259,247.08409,307.30322
4432.0,255.98051,179.94534,247.11214,307.3245
4432.5,256.00076,179.95811,247.14017,307.3458
4433.0,256.021,179.97089,247.16821,307.36707
4433.5,256.04123,179.98364,247.19623,307.38834
4434.0,256.06143,179.9964,247.22424,307.40958
4434.5,256.08163,180.00914,247.25224,307.43082
4435.0,256.10184,180.02187,247.28024,307.45203
4435.5,256.12198,180.03459,247.30823,307.47327
4436.0,256.14215,180.0473,247.33623,307.49445
4436.5,256.16232,180.06003,247.36421,307.51566
4437.0,256.1825,180.07274,247.39218,307.53683
4437.5,256.20264,180.08545,247.42015,307.55804
4438.0,256.22278,180.09816,247.4481,307.57922
4438.5,256.24292,180.11089,247.47607,307.60043
4439.0,256.26306,180.1236,247.50404,307.6216
4439.5,256.2832,180.13634,247.53201,307.64282
4440.0,256.30334,180.14906,247.55998,307.664
4440.5,256.32352,180.1618,247.58794,307.6852
4441.0,256.3437,180.17453,247.6159,307.7064
4441.5,256.36383,180.18727,247.64388,307.72757
4442.0,256.384,180.20001,247.67184,307.74875
4442.5,256.40414,180.21275,247.69978,307.76993
4443.0,256.4243,180.2255,247.72772,307.79108
4443.5,256.4444,180.2382,247.75568,307.81223
4444.0,256.46454,180.25092,247.78358,307.83337
4444.5,256.48462,180.26361,247.81151,307.8545
4445.0,256.50473,180.2763,247.83943,307.87558
4445.5,256.5248,180.289,247.86732,307.8967
4446.0,256.54486,180.30168,247.89522,307.91776
4446.5,256.56494,180.31435,247.92311,307.93884
4447.0,256.585,180.32703,247.951,307.9599
4447.5,256.60504,180.33969,247.9789,307.981
4448.0,256.6251,180.35237,248.00679,308.00208
4448.5,256.64514,180.36507,248.0347,308.02313
4449.0,256.6652,180.37775,248.06259,308.04422
4449.5,256.68527,180.39044,248.09045,308.0653
4450.0,256.70535,180.40314,248.11833,308.08636
4450.5,256.72543,180.41583,248.1462,308.10745
4451.0,256.7455,180.42854,248.17407,308.1285
4451.5,256.7656,180.44125,248.20193,308.1496
4452.0,256.78564,180.45395,248.22981,308.17065
4452.5,256.8057,180.46664,248.25769,308.1917
4453.0,256.82574,180.47935,248.28554,308.21274
4453.5,256.8458,180.49202,248.31339,308.23376
4454.0,256.86578,180.50468,248.34123,308.25476
4454.5,256.8858,180.51733,248.36905,308.27576
4455.0,256.90576,180.52997,248.39688,308.29672
4455.5,256.92575,180.5426,248.4247,308.3177
4456.0,256.9457,180.55522,248.4525,308.33865
4456.5,256.96567,180.56786,248.4803,308.3596
4457.0,256.98563,180.58047,248.5081,308.38052
4457.5,257.00558,180.5931,248.53589,308.40146
4458.0,257.0255,180.60573,248.56369,308.4224
4458.5,257.04547,180.61836,248.59149,308.44333
4459.0,257.06543,180.63101,248.6193,308.46426
4459.5,257.0854,180.64365,248.6471,308.4852
4460.0,257.10535,180.6563,248.6749,308.50613
4460.5,257.1253,180.66895,248.7027,308.52707
4461.0,257.14526,180.68161,248.7305,308.548
4461.5,257.16522,180.69427,248.75827,308.56894
4462.0,257.18518,180.70692,248.78604,308.58987
4462.5,257.20514,180.71959,248.81381,308.6108
4463.0,257.2251,180.73224,248.8416,308.63174
4463.5,257.24503,180.74489,248.86937,308.65265
4464.0,257.26495,180.75752,248.89714,308.67355
4464.5,257.28485,180.77014,248.9249,308.69443
4465.0,257.30475,180.78278,248.95265,308.71533
4465.5,257.32465,180.79538,248.98038,308.73618
4466.0,257.34454,180.80798,249.0081,308.75705
4466.5,257.3644,180.82059,249.03583,308.7779
4467.0,257.38428,180.83319,249.06357,308.7987
4467.5,257.40414,180.84578,249.0913,308.81955
4468.0,257.424,180.85838,249.11902,308.8404
4468.5,257.44385,180.87099,249.14673,308.86124
4469.0,257.46375,180.8836,249.17442,308.88208
4469.5,257.4836,180.89621,249.20213,308.9029
4470.0,257.5035,180.90883,249.22984,308.92374
4470.5,257.5234,180.92146,249.25754,308.94458
4471.0,257.54327,180.93408,249.28525,308.96542
4471.5,257.56317,180.94672,249.31294,308.98627
4472.0,257.58304,180.95935,249.34065,309.0071
4472.5,257.60294,180.97198,249.36836,309.02792
4473.0,257.6228,180.98462,249.39606,309.04874
4473.5,257.64264,180.99722,249.42374,309.06952
4474.0,257.66248,181.00983,249.45142,309.0903
4474.5,257.6823,181.02242,249.47908,309.11108
4475.0,257.70212,181.03499,249.50673,309.13184
4475.5,257.72192,181.04758,249.5344,309.1526
4476.0,257.7417,181.06013,249.56204,309.1733
4476.5,257.7615,181.0727,249.58968,309.19403
4477.0,257.78128,181.08527,249.61731,309.21475
4477.5,257.8011,181.09782,249.64494,309.23547
4478.0,257.82086,181.1104,249.67258,309.2562
4478.5,257.84067,181.12296,249.70021,309.27692
4479.0,257.86032,181.13557,249.72787,309.29718
4479.5,257.87958,181.14821,249.75548,309.31625
4480.0,257.89816,181.1608,249.78297,309.33392
4480.5,257.916,181.1733,249.81029,309.35007
4481.0,257.93292,181.18567,249.83742,309.3646
4481.5,257.94885,181.19795,249.86432,309.37747
4482.0,257.9637,181.21014,249.89095,309.38864
4482.5,257.97745,181.22227,249.91731,309.39804
4483.0,257.99,181.23434,249.94337,309.4057
4483.5,258.00128,181.2464,249.96913,309.4116
4484.0,258.01132,181.25845,249.99454,309.41568
4484.5,258.02008,181.27052,250.01959,309.418
4485.0,258.02765,181.2826,250.04428,309.41864
4485.5,258.034,181.29471,250.06854,309.41763
4486.0,258.0391,181.30685,250.09244,309.41492
4486.5,258.04297,181.31903,250.11592,309.41055
4487.0,258.0459,181.33116,250.13902,309.40488
4487.5,258.0484,181.34322,250.16196,309.3987
4488.0,258.051,181.35521,250.18488,309.39264
4488.5,258.05396,181.36703,250.20781,309.38715
4489.0,258.05756,181.37871,250.23087,309.38263
4489.5,258.062,181.39024,250.25414,309.3793
4490.0,258.0674,181.40167,250.27766,309.37735
4490.5,258.0739,181.41307,250.3015,309.37686
4491.0,258.0816,181.4245,250.3257,309.37796
4491.5,258.09048,181.43602,250.35033,309.38068
4492.0,258.10052,181.44768,250.37537,309.385
4492.5,258.1118,181.45949,250.40079,309.39096
4493.0,258.12408,181.47144,250.42653,309.39838
4493.5,258.13724,181.48352,250.45256,309.40695
4494.0,258.15118,181.49574,250.47884,309.4166
4494.5,258.1659,181.50809,250.50533,309.42728
4495.0,258.18115,181.52054,250.53198,309.4388
4495.5,258.19675,181.53304,250.55872,309.4508
4496.0,258.21255,181.54556,250.58548,309.46313
4496.5,258.22858,181.55812,250.61234,309.47583
4497.0,258.24496,181.57074,250.63925,309.489
4497.5,258.2616,181.58337,250.66621,309.50262
4498.0,258.2785,181.59602,250.69322,309.51666
4498.5,258.29565,181.60869,250.72029,309.5312
4499.0,258.3131,181.62138,250.74739,309.5462
4499.5,258.3308,181.6341,250.77455,309.5617
4500.0,258.34882,181.64684,250.80177,309.57776
4500.5,258.36722,181.65967,250.82907,309.59442
4501.0,258.38596,181.67259,250.85645,309.61157
4501.5,258.40475,181.68553,250.88382,309.62885
4502.0,258.42343,181.69844,250.91116,309.6459
4502.5,258.44177,181.71123,250.93842,309.66257
4503.0,258.45975,181.72386,250.96558,309.6787
4503.5,258.47726,181.73628,250.99255,309.69427
4504.0,258.4944,181.74854,251.01941,309.70935
4504.5,258.51117,181.76065,251.04616,309.724
4505.0,258.52768,181.7727,251.07283,309.73825
4505.5,258.54398,181.78473,251.09944,309.7521
4506.0,258.5601,181.79672,251.12602,309.76572
4506.5,258.5763,181.80867,251.15262,309.77954
4507.0,258.5927,181.8206,251.1792,309.7938
4507.5,258.60928,181.83244,251.20578,309.80847
4508.0,258.62598,181.8442,251.23232,309.82346
4508.5,258.64267,181.85585,251.25876,309.83856
4509.0,258.65933,181.86737,251.28508,309.85376
4509.5,258.676,181.87889,251.3112,309.86868
4510.0,258.6926,181.89046,251.33717,309.88327
4510.5,258.70923,181.90205,251.36307,309.89767
4511.0,258.72592,181.91367,251.38898,309.9123
4511.5,258.74292,181.92532,251.41504,309.92752
4512.0,258.76025,181.93706,251.44131,309.94354
4512.5,258.77808,181.9489,251.46776,309.96042
4513.0,258.7962,181.96086,251.4943,309.97787
4513.5,258.81433,181.97284,251.52075,309.99518
4514.0,258.83228,181.98479,251.54707,310.012
4514.5,258.85016,181.99669,251.57332,310.02856
4515.0,258.86786,182.00854,251.59955,310.04495
4515.5,258.88535,182.02036,251.6257,310.061
4516.0,258.90262,182.03209,251.65173,310.07657
4516.5,258.9196,182.04376,251.67761,310.09155
4517.0,258.93622,182.05536,251.70326,310.1057
4517.5,258.9523,182.0669,251.7286,310.1187
4518.0,258.96777,182.07834,251.75357,310.13037
4518.5,258.9827,182.08972,251.77817,310.14084
4519.0,258.99707,182.10107,251.8024,310.15005
4519.5,259.0108,182.11237,251.82623,310.158
4520.0,259.0239,182.1236,251.8497,310.16467
4520.5,259.03644,182.1348,251.8728,310.1702
4521.0,259.04852,182.146,251.89557,310.17477
4521.5,259.0603,182.15718,251.91808,310.1786
4522.0,259.07175,182.16837,251.94037,310.18182
4522.5,259.08292,182.1795,251.96252,310.1845
4523.0,259.09372,182.19061,251.98454,310.18677
4523.5,259.1041,182.20163,252.00653,310.18866
4524.0,259.114,182.21259,252.02844,310.19012
4524.5,259.12338,182.22346,252.05019,310.1909
4525.0,259.13232,182.2343,252.0718,310.1911
4525.5,259.14124,182.24512,252.09341,310.1914
4526.0,259.1504,182.2559,252.1152,310.19217
4526.5,259.15982,182.2667,252.13724,310.19366
4527.0,259.1694,182.27748,252.15941,310.1955
4527.5,259.17874,182.28824,252.18141,310.19684
4528.0,259.18762,182.29901,252.20312,310.1974
4528.5,259.19614,182.30978,252.22456,310.19717
4529.0,259.2043,182.32056,252.24576,310.1963
4529.5,259.2121,182.33133,252.26678,310.19492
4530.0,259.2195,182.34207,252.28772,310.19308
4530.5,259.2265,182.35277,252.30858,310.19083
4531.0,259.23303,182.36343,252.32944,310.1882
4531.5,259.23923,182.37405,252.35036,310.18542
4532.0,259.24515,182.38463,252.37134,310.18256
4532.5,259.25073,182.39516,252.39233,310.1795
4533.0,259.25613,182.40565,252.41344,310.17645
4533.5,259.26138,182.41608,252.43475,310.1736
4534.0,259.26663,182.42645,252.45638,310.17123
4534.5,259.27194,182.43677,252.47838,310.1694
4535.0,259.27737,182.44713,252.50075,310.16812
4535.5,259.28314,182.4577,252.5235,310.1673
4536.0,259.28918,182.46849,252.54655,310.16687
4536.5,259.29526,182.4795,252.56976,310.16644
4537.0,259.30112,182.49063,252.59305,310.1657
4537.5,259.30673,182.5018,252.61626,310.16467
4538.0,259.31207,182.51302,252.63939,310.16318
4538.5,259.31693,182.52434,252.66241,310.161
4539.0,259.32132,182.5358,252.68538,310.1582
4539.5,259.32538,182.5473,252.70825,310.15494
4540.0,259.32916,182.55885,252.73102,310.1513
4540.5,259.3326,182.57047,252.7537,310.14716
4541.0,259.33575,182.58217,252.7763,310.14258
4541.5,259.3389,182.59395,252.79897,310.138
4542.0,259.34213,182.60576,252.82166,310.1335
4542.5,259.34518,182.61751,252.84427,310.12885
4543.0,259.34814,182.6292,252.86678,310.12402
4543.5,259.3512,182.64085,252.88933,310.1194
4544.0,259.3544,182.65247,252.9119,310.115
4544.5,259.35754,182.66397,252.93439,310.11057
4545.0,259.36047,182.67535,252.9567,310.10587
4545.5,259.36316,182.6866,252.9788,310.10083
4546.0,259.3655,182.69771,253.00067,310.09534
4546.5,259.36755,182.70866,253.02225,310.08942
4547.0,259.36935,182.7195,253.04358,310.08313
4547.5,259.37097,182.73032,253.06482,310.07663
4548.0,259.37253,182.74109,253.086,310.06998
4548.5,259.37405,182.75177,253.107,310.06332
4549.0,259.37564,182.76237,253.12788,310.0567
4549.5,259.37744,182.77293,253.14879,310.05035
4550.0,259.37964,182.78348,253.16985,310.04453
4550.5,259.38232,182.79405,253.1912,310.03952
4551.0,259.38562,182.80467,253.21283,310.03546
4551.5,259.38965,182.81529,253.23482,310.03244
4552.0,259.39413,182.82591,253.25702,310.03018
4552.5,259.39874,182.83653,253.27924,310.028
4553.0,259.4033,182.84718,253.30145,310.02582
4553.5,259.40787,182.8579,253.32378,310.02365
4554.0,259.41245,182.86871,253.3462,310.02155
4554.5,259.417,182.87971,253.36876,310.0193
4555.0,259.4213,182.89085,253.39134,310.0167
4555.5,259.4253,182.90211,253.4139,310.01367
4556.0,259.42902,182.91347,253.4364,310.01028
4556.5,259.43283,182.92488,253.45895,310.00696
4557.0,259.4368,182.93636,253.48163,310.00385
4557.5,259.44098,182.94795,253.50443,310.00104
4558.0,259.44534,182.95963,253.52731,309.99838
4558.5,259.4496,182.97137,253.5502,309.99557
4559.0,259.45367,182.98312,253.57303,309.99258
4559.5,259.45767,182.99481,253.59581,309.98947
4560.0,259.4616,183.00642,253.6185,309.98633
4560.5,259.46545,183.01804,253.64116,309.98306
4561.0,259.4692,183.02971,253.66377,309.9796
4561.5,259.47278,183.04141,253.68636,309.97598
4562.0,259.4762,183.05313,253.7089,309.9721
4562.5,259.4794,183.06487,253.73137,309.96796
4563.0,259.48242,183.07661,253.75375,309.96353
4563.5,259.48526,183.08827,253.77605,309.95892
4564.0,259.488,183.09982,253.79825,309.95422
4564.5,259.4908,183.11122,253.82034,309.94965
4565.0,259.49374,183.1224,253.84238,309.9453
4565.5,259.4968,183.1334,253.86432,309.9412
4566.0,259.49997,183.14426,253.88612,309.93723
4566.5,259.5031,183.15503,253.90785,309.93323
4567.0,259.5063,183.16576,253.92955,309.92926
4567.5,259.50958,183.1765,253.95134,309.92554
4568.0,259.5131,183.18733,253.97327,309.9221
4568.5,259.51663,183.19827,253.9953,309.91873
4569.0,259.52023,183.20935,254.01746,309.91537
4569.5,259.52393,183.22054,254.03972,309.91217
4570.0,259.5278,183.23178,254.06207,309.9092
4570.5,259.53183,183.24306,254.08452,309.90643
4571.0,259.53598,183.25438,254.107,309.90384
4571.5,259.54016,183.26576,254.12955,309.90128
4572.0,259.54425,183.2772,254.1521,309.89862
4572.5,259.54813,183.2887,254.17459,309.89563
4573.0,259.55167,183.30022,254.19698,309.89215
4573.5,259.5547,183.31183,254.21922,309.88797
4574.0,259.5573,183.32356,254.24136,309.88318
4574.5,259.55984,183.3354,254.26352,309.8782
4575.0,259.5625,183.3473,254.28574,309.87335
4575.5,259.56537,183.35922,254.30806,309.86884
4576.0,259.5685,183.3711,254.33044,309.8647
4576.5,259.5717,183.38293,254.35281,309.8606
4577.0,259.57474,183.39473,254.37512,309.8564
4577.5,259.57773,183.40648,254.3974,309.85214
4578.0,259.5806,183.41817,254.41957,309.84775
4578.5,259.58328,183.42972,254.44162,309.84317
4579.0,259.5857,183.44116,254.46349,309.83826
4579.5,259.58768,183.45258,254.48518,309.83282
4580.0,259.58926,183.46397,254.50673,309.8269
4580.5,259.5907,183.47536,254.52821,309.82074
4581.0,259.59207,183.4867,254.54965,309.81454
4581.5,259.59348,183.49791,254.57101,309.8084
4582.0,259.59485,183.50899,254.59222,309.80225
4582.5,259.59598,183.51988,254.61319,309.79575
4583.0,259.59686,183.53064,254.63393,309.78894
4583.5,259.5978,183.54135,254.65465,309.78226
4584.0,259.59903,183.55203,254.67546,309.776
4584.5,259.6007,183.56265,254.69637,309.7703
4585.0,259.60278,183.57318,254.71735,309.76517
4585.5,259.60513,183.58365,254.73836,309.76044
4586.0,259.60767,183.594,254.75931,309.75595
4586.5,259.61047,183.60423,254.7802,309.75177
4587.0,259.61343,183.61435,254.80093,309.74774
4587.5,259.61636,183.6244,254.82147,309.7435
4588.0,259.61902,183.63443,254.8417,309.73877
4588.5,259.62137,183.64444,254.86154,309.7333
4589.0,259.62344,183.65445,254.88095,309.7271
4589.5,259.62534,183.66446,254.90007,309.72034
4590.0,259.62717,183.67448,254.91902,309.71338
4590.5,259.6292,183.6845,254.93799,309.7066
4591.0,259.63165,183.69449,254.9571,309.70047
4591.5,259.63474,183.70445,254.97656,309.69537
4592.0,259.63843,183.71437,254.99646,309.69147
4592.5,259.64252,183.72426,255.0168,309.6885
4593.0,259.6467,183.73416,255.0374,309.6859
4593.5,259.65067,183.74405,255.05803,309.68317
4594.0,259.6543,183.75395,255.07858,309.68005
4594.5,259.65778,183.76385,255.09908,309.6767
4595.0,259.66098,183.77376,255.11945,309.67294
4595.5,259.66373,183.78365,255.13947,309.66837
4596.0,259.66583,183.79355,255.15904,309.66272
4596.5,259.66733,183.80345,255.17815,309.65588
4597.0,259.66824,183.81339,255.19673,309.64795
4597.5,259.66888,183.82333,255.21487,309.63913
4598.0,259.6693,183.83331,255.23271,309.62973
4598.5,259.66956,183.84329,255.25043,309.62006
4599.0,259.6696,183.85326,255.26814,309.61023
4599.5,259.66943,183.8632,255.2859,309.60034
4600.0,259.66913,183.87317,255.30377,309.59042
4600.5,259.66873,183.88312,255.32181,309.5807
4601.0,259.66812,183.89307,255.3399,309.57086
4601.5,259.66724,183.90303,255.35782,309.56055
4602.0,259.66595,183.91296,255.37541,309.54956
4602.5,259.6643,183.92291,255.3926,309.53775
4603.0,259.66245,183.93286,255.40945,309.5253
4603.5,259.6606,183.94281,255.42607,309.5126
4604.0,259.65894,183.95274,255.44263,309.49997
4604.5,259.65726,183.96266,255.45918,309.4874
4605.0,259.6555,183.97258,255.47574,309.47473
4605.5,259.6535,183.98247,255.49207,309.46164
4606.0,259.65134,183.99236,255.50821,309.44815
4606.5,259.64932,184.00227,255.52428,309.43466
4607.0,259.6474,184.01219,255.54022,309.42114
4607.5,259.64526,184.02213,255.55585,309.40695
4608.0,259.64294,184.0321,255.57108,309.39203
4608.5,259.64066,184.04211,255.58606,309.37668
4609.0,259.63834,184.05215,255.60077,309.36093
4609.5,259.63586,184.06224,255.61514,309.3445
4610.0,259.63315,184.07236,255.62914,309.32724
4610.5,259.6301,184.08249,255.64275,309.3091
4611.0,259.6268,184.09264,255.65613,309.2904
4611.5,259.62338,184.10277,255.66943,309.27158
4612.0,259.61993,184.1129,255.68266,309.2526
4612.5,259.61633,184.12306,255.69563,309.23306
4613.0,259.6128,184.13322,255.70856,309.21353
4613.5,259.60992,184.14337,255.72191,309.19522
4614.0,259.6078,184.15346,255.73581,309.17844
4614.5,259.60623,184.16351,255.7501,309.16284
4615.0,259.60504,184.17355,255.7646,309.14783
4615.5,259.60394,184.18358,255.77905,309.13287
4616.0,259.60284,184.19363,255.79335,309.11765
4616.5,259.60178,184.20369,255.80753,309.10223
4617.0,259.60062,184.21378,255.82158,309.0866
4617.5,259.59927,184.22383,255.8356,309.07083
4618.0,259.59778,184.23387,255.84972,309.0551
4618.5,259.59622,184.24387,255.86407,309.03983
4619.0,259.5945,184.25383,255.87859,309.02475
4619.5,259.59235,184.26378,255.89294,309.00912
4620.0,259.58945,184.27371,255.90685,308.99222
4620.5,259.58545,184.28369,255.9199,308.9731
4621.0,259.58047,184.29369,255.93219,308.95193
4621.5,259.57486,184.30365,255.94409,308.92972
4622.0,259.56873,184.3136,255.95564,308.90662
4622.5,259.56204,184.3235,255.9669,308.8826
4623.0,259.5547,184.33334,255.9778,308.85757
4623.5,259.5467,184.34312,255.98834,308.83154
4624.0,259.53815,184.35284,255.99861,308.80475
4624.5,259.52945,184.36252,256.00882,308.77777
4625.0,259.52072,184.37218,256.01898,308.75076
4625.5,259.51184,184.3818,256.02905,308.7235
4626.0,259.5028,184.39142,256.03906,308.69604
4626.5,259.49393,184.40102,256.0491,308.66888
4627.0,259.48517,184.41064,256.05923,308.64194
4627.5,259.47638,184.42026,256.06934,308.61493
4628.0,259.4674,184.42986,256.07928,308.58762
4628.5,259.45822,184.4394,256.08914,308.56
4629.0,259.4488,184.44893,256.0989,308.5321
4629.5,259.43924,184.45845,256.10858,308.50406
4630.0,259.42957,184.46794,256.11826,308.47592
4630.5,259.4198,184.47739,256.12796,308.44788
4631.0,259.40982,184.48679,256.1377,308.41983
4631.5,259.3994,184.4961,256.14725,308.3913
4632.0,259.38852,184.5053,256.15668,308.3624
4632.5,259.37723,184.51439,256.16614,308.33334
4633.0,259.3656,184.52338,256.17572,308.3044
4633.5,259.354,184.53232,256.18555,308.2761
4634.0,259.34238,184.5412,256.19556,308.24808
4634.5,259.33044,184.55002,256.2054,308.21964
4635.0,259.31827,184.55878,256.21515,308.19092
4635.5,259.306,184.56752,256.22467,308.1618
4636.0,259.2938,184.57628,256.23416,308.1327
4636.5,259.28207,184.58505,256.2444,308.1052
4637.0,259.2709,184.59383,256.25543,308.07938
4637.5,259.2599,184.60262,256.2667,308.05408
4638.0,259.24878,184.6114,256.27774,308.0284
4638.5,259.23746,184.6202,256.2883,308.0018
4639.0,259.2259,184.62897,256.29846,307.97443
4639.5,259.21405,184.6377,256.30844,307.94656
4640.0,259.20178,184.64636,256.3181,307.918
4640.5,259.189,184.65494,256.32745,307.88858
4641.0,259.17575,184.66342,256.3365,307.8585
4641.5,259.16263,184.6719,256.34583,307.82895
4642.0,259.15002,184.68042,256.35587,307.801
4642.5,259.13812,184.68898,256.3668,307.77496
4643.0,259.1269,184.69759,256.3786,307.75064
4643.5,259.1161,184.70619,256.39114,307.72772
4644.0,259.10562,184.71481,256.40436,307.70602
4644.5,259.09552,184.72345,256.4182,307.68546
4645.0,259.0856,184.73209,256.4325,307.66553
4645.5,259.07565,184.74069,256.44684,307.64572
4646.0,259.0656,184.7493,256.461,307.6257
4646.5,259.05548,184.75786,256.47485,307.60526
4647.0,259.04535,184.76645,256.48853,307.58463
4647.5,259.03543,184.77505,256.50244,307.56448
4648.0,259.02588,184.7837,256.51666,307.54507
4648.5,259.0165,184.79239,256.53113,307.5261
4649.0,259.0073,184.80107,256.54575,307.50742
4649.5,258.99817,184.8098,256.56046,307.48892
4650.0,258.98923,184.81853,256.5752,307.47064
4650.5,258.98047,184.82729,256.59018,307.4528
4651.0,258.9719,184.83609,256.60532,307.4353
4651.5,258.96347,184.8449,256.62048,307.41797
4652.0,258.95505,184.85371,256.6356,307.40063
4652.5,258.94653,184.86249,256.6507,307.3832
4653.0,258.93777,184.87123,256.66565,307.36548
4653.5,258.92874,184.87991,256.68036,307.3472
4654.0,258.91937,184.88853,256.69458,307.3282
4654.5,258.90967,184.8971,256.70822,307.3082
4655.0,258.89972,184.90564,256.72134,307.28738
4655.5,258.8897,184.91415,256.7344,307.26645
4656.0,258.87982,184.92268,256.7476,307.24588
4656.5,258.8701,184.93121,256.7612,307.2259
4657.0,258.8605,184.93973,256.77518,307.2065
4657.5,258.8509,184.94826,256.78946,307.18753
4658.0,258.84137,184.95679,256.80414,307.169
4658.5,258.83215,184.96538,256.81924,307.15118
4659.0,258.82312,184.97404,256.8347,307.13385
4659.5,258.8141,184.9827,256.85013,307.11655
4660.0,258.80496,184.99132,256.8655,307.0991
4660.5,258.7958,184.99994,256.8808,307.08163
4661.0,258.78674,185.00858,256.8961,307.0642
4661.5,258.77792,185.01723,256.9114,307.04712
4662.0,258.7695,185.02594,256.92688,307.0305
4662.5,258.7615,185.03473,256.94263,307.01456
4663.0,258.75388,185.04356,256.9586,306.99915
4663.5,258.74634,185.05237,256.9744,306.9837
4664.0,258.73886,185.06116,256.99002,306.9682
4664.5,258.73157,185.06996,257.00577,306.95294
4665.0,258.7245,185.07878,257.02164,306.9381
4665.5,258.7177,185.08762,257.0376,306.92358
4666.0,258.71124,185.09645,257.05347,306.9093
4666.5,258.705,185.10529,257.06915,306.89502
4667.0,258.6989,185.11412,257.08472,306.88077
4667.5,258.6931,185.12297,257.10025,306.86682
4668.0,258.68765,185.13182,257.11584,306.85318
4668.5,258.6824,185.1407,257.13135,306.8397
4669.0,258.6774,185.1496,257.1466,306.8261
4669.5,258.67252,185.15851,257.16138,306.812
4670.0,258.6678,185.16747,257.17584,306.79758
4670.5,258.66333,185.17644,257.19052,306.7837
4671.0,258.6594,185.18541,257.20557,306.77075
4671.5,258.65604,185.1944,257.22104,306.75885
4672.0,258.65326,185.20338,257.23682,306.74792
4672.5,258.65097,185.21237,257.25284,306.7377
4673.0,258.6491,185.22136,257.269,306.7281
4673.5,258.64764,185.23033,257.28534,306.71902
4674.0,258.64648,185.23932,257.30164,306.71024
4674.5,258.64545,185.24828,257.31784,306.70142
4675.0,258.64435,185.25725,257.33383,306.6923
4675.5,258.6431,185.2662,257.34955,306.68268
4676.0,258.64166,185.27519,257.3649,306.6724
4676.5,258.63998,185.2842,257.3798,306.6613
4677.0,258.63806,185.29323,257.39435,306.64944
4677.5,258.636,185.30223,257.40884,306.6375
4678.0,258.6339,185.31123,257.42346,306.62573
4678.5,258.63193,185.32022,257.43817,306.6142
4679.0,258.62988,185.32921,257.45294,306.60272
4679.5,258.62756,185.33818,257.46762,306.59097
4680.0,258.62488,185.34715,257.4821,306.57855
4680.5,258.6218,185.35614,257.49606,306.56522
4681.0,258.61835,185.36516,257.5096,306.55087
4681.5,258.61462,185.37419,257.52283,306.53577
4682.0,258.61066,185.38322,257.5358,306.52017
4682.5,258.6067,185.39226,257.54858,306.50433
4683.0,258.60275,185.40132,257.56116,306.4881
4683.5,258.59854,185.41042,257.57327,306.4709
4684.0,258.59396,185.41957,257.58478,306.45227
4684.5,258.58905,185.42879,257.59567,306.43228
4685.0,258.5839,185.43808,257.60605,306.41098
4685.5,258.57877,185.44742,257.61615,306.38904
4686.0,258.5736,185.4568,257.62598,306.3666
4686.5,258.5685,185.46614,257.6359,306.34445
4687.0,258.5634,185.47546,257.64587,306.3225
4687.5,258.5582,185.48483,257.6556,306.30002
4688.0,258.55313,185.4942,257.6653,306.27744
4688.5,258.54813,185.50362,257.67493,306.25482
4689.0,258.5434,185.51299,257.6848,306.233
4689.5,258.53918,185.52231,257.69528,306.21274
4690.0,258.53558,185.53159,257.7063,306.194
4690.5,258.53247,185.54085,257.71765,306.1763
4691.0,258.52975,185.55011,257.72916,306.15915
4691.5,258.5271,185.55939,257.7405,306.1418
4692.0,258.52438,185.5687,257.75174,306.1241
4692.5,258.52148,185.57799,257.7629,306.1063
4693.0,258.51837,185.58723,257.77408,306.08835
4693.5,258.515,185.59642,257.7852,306.07028
4694.0,258.5114,185.60559,257.79633,306.0521
4694.5,258.50778,185.61473,257.80737,306.0338
4695.0,258.50433,185.62387,257.81845,306.01572
4695.5,258.50116,185.63301,257.82968,305.99814
4696.0,258.49838,185.64214,257.8411,305.98108
4696.5,258.49585,185.65128,257.85257,305.9644
4697.0,258.4936,185.66042,257.86417,305.94806
4697.5,258.49158,185.66956,257.8759,305.93225
4698.0,258.48972,185.6787,257.88766,305.9166
4698.5,258.48776,185.68788,257.8992,305.90042
4699.0,258.48572,185.6971,257.91052,305.88373
4699.5,258.4838,185.70634,257.9218,305.86703
4700.0,258.48196,185.71558,257.9331,305.85043
4700.5,258.48004,185.72482,257.94434,305.8337
4701.0,258.47797,185.73409,257.95554,305.81677
4701.5,258.47577,185.74332,257.96667,305.7998
4702.0,258.47336,185.75252,257.97784,305.78275
4702.5,258.47064,185.7617,257.9889,305.76535
4703.0,258.46744,185.77086,257.99976,305.7473
4703.5,258.46362,185.77998,258.01028,305.72833
4704.0,258.45932,185.78903,258.02072,305.709
4704.5,258.455,185.79799,258.03162,305.69058
4705.0,258.45078,185.80685,258.04312,305.67337
4705.5,258.44666,185.81566,258.05505,305.65714
4706.0,258.44275,185.8244,258.06738,305.64175
4706.5,258.43912,185.83311,258.0802,305.62744
4707.0,258.43564,185.84178,258.09338,305.61386
4707.5,258.43213,185.85042,258.10657,305.60037
4708.0,258.42865,185.85905,258.11984,305.5871
4708.5,258.42545,185.86766,258.13364,305.5748
4709.0,258.42267,185.87625,258.1481,305.5638
4709.5,258.4203,185.88484,258.1633,305.5541
4710.0,258.41803,185.89343,258.1789,305.54504
4710.5,258.41565,185.90202,258.19434,305.5357
4711.0,258.41318,185.91061,258.2095,305.526
4711.5,258.41086,185.91917,258.22473,305.51654
4712.0,258.4087,185.92773,258.24,305.50726
4712.5,258.40634,185.93628,258.25507,305.49768
4713.0,258.40387,185.94478,258.27014,305.48798
4713.5,258.40152,185.9533,258.28564,305.47894
4714.0,258.39926,185.9618,258.3016,305.4705
4714.5,258.3969,185.9703,258.31766,305.46216
4715.0,258.39447,185.97879,258.33374,305.4538
4715.5,258.39215,185.98726,258.34988,305.44562
4716.0,258.38998,185.99573,258.36606,305.43765
4716.5,258.38806,186.00418,258.3822,305.42987
4717.0,258.38632,186.01262,258.3983,305.42218
4717.5,258.38477,186.02107,258.41418,305.41455
4718.0,258.38345,186.02954,258.43,305.4069
4718.5,258.38226,186.03802,258.4456,305.39917
4719.0,258.38138,186.0465,258.46115,305.39166
4719.5,258.38083,186.05496,258.47714,305.385
4720.0,258.3806,186.06346,258.49344,305.37906
4720.5,258.38052,186.07195,258.5097,305.37317
4721.0,258.38043,186.08044,258.5258,305.367
4721.5,258.38028,186.08896,258.5416,305.36053
4722.0,258.38007,186.09747,258.55722,305.3537
4722.5,258.37988,186.10597,258.57266,305.3467
4723.0,258.37982,186.11447,258.588,305.33963
4723.5,258.37994,186.12297,258.60327,305.33267
4724.0,258.38028,186.13147,258.61862,305.32596
4724.5,258.38077,186.13992,258.63416,305.3197
4725.0,258.38132,186.14835,258.64993,305.3139
4725.5,258.38174,186.15675,258.6659,305.30823
4726.0,258.382,186.16515,258.68195,305.30252
4726.5,258.38205,186.17352,258.69797,305.2967
4727.0,258.3821,186.1819,258.71402,305.2909
4727.5,258.38232,186.19028,258.73035,305.28558
4728.0,258.38284,186.19867,258.747,305.281
4728.5,258.3837,186.20706,258.76404,305.27713
4729.0,258.38483,186.21545,258.78137,305.2739
4729.5,258.386,186.2239,258.79898,305.27097
4730.0,258.38712,186.23239,258.81665,305.26804
4730.5,258.3881,186.24084,258.834,305.26468
4731.0,258.38892,186.2493,258.85092,305.26062
4731.5,258.3895,186.25777,258.86713,305.25546
4732.0,258.38986,186.26628,258.88272,305.2492
4732.5,258.38998,186.2748,258.8979,305.24228
4733.0,258.3901,186.28328,258.91296,305.2352
4733.5,258.39032,186.29172,258.92828,305.2286
4734.0,258.39087,186.30011,258.944,305.22293
4734.5,258.39178,186.30846,258.96024,305.21826
4735.0,258.39294,186.31677,258.97678,305.2142
4735.5,258.39407,186.32509,258.99313,305.21
4736.0,258.39514,186.3334,259.00916,305.20526
4736.5,258.39612,186.34175,259.02487,305.2
4737.0,258.39697,186.35011,259.04022,305.19418
4737.5,258.39767,186.3585,259.05536,305.18784
4738.0,258.3983,186.3669,259.07037,305.18134
4738.5,258.399,186.37529,259.08563,305.1753
4739.0,258.3998,186.38364,259.10114,305.1697
4739.5,258.40042,186.39201,259.11658,305.16388
4740.0,258.4008,186.40038,259.13193,305.15778
4740.5,258.40106,186.40874,259.14737,305.1517
4741.0,258.4013,186.41708,259.16293,305.14578
4741.5,258.40155,186.42543,259.17865,305.14014
4742.0,258.40182,186.43376,259.19455,305.13474
4742.5,258.40225,186.4421,259.21048,305.12958
4743.0,258.40286,186.45038,259.22647,305.1246
4743.5,258.40363,186.45866,259.2425,305.11987
4744.0,258.4044,186.46695,259.25845,305.1151
4744.5,258.40497,186.4752,259.27423,305.10992
4745.0,258.40533,186.48346,259.28983,305.10437
4745.5,258.40564,186.4917,259.30557,305.09897
4746.0,258.40598,186.49992,259.3215,305.09384
4746.5,258.40634,186.50815,259.33755,305.08887
4747.0,258.40677,186.51636,259.35367,305.0841
4747.5,258.40744,186.52457,259.36984,305.07965
4748.0,258.40836,186.53279,259.38605,305.07544
4748.5,258.4094,186.54103,259.4022,305.0712
4749.0,258.41052,186.54927,259.4182,305.06696
4749.5,258.4118,186.55753,259.43423,305.06284
4750.0,258.4132,186.56578,259.45026,305.05884
4750.5,258.4147,186.57408,259.46606,305.0546
4751.0,258.41626,186.58241,259.4816,305.05
4751.5,258.4179,186.59077,259.4969,305.04504
4752.0,258.41946,186.59915,259.5119,305.0397
4752.5,258.42093,186.60754,259.52667,305.03387
4753.0,258.4223,186.61595,259.54117,305.02762
4753.5,258.42377,186.62437,259.55554,305.02118
4754.0,258.4254,186.63278,259.56982,305.01477
4754.5,258.42706,186.64117,259.5842,305.00854
4755.0,258.42862,186.64954,259.59857,305.00226
4755.5,258.42978,186.65788,259.61276,304.99545
4756.0,258.4305,186.66623,259.6267,304.988
4756.5,258.43082,186.67458,259.6405,304.97998
4757.0,258.43073,186.68292,259.65408,304.9713
4757.5,258.43018,186.69127,259.66736,304.96185
4758.0,258.42923,186.69965,259.68042,304.95175
4758.5,258.42804,186.708,259.6935,304.94156
4759.0,258.42673,186.71631,259.70676,304.93158
4759.5,258.42557,186.72462,259.72018,304.92197
4760.0,258.42465,186.73294,259.7337,304.9127
4760.5,258.4239,186.74129,259.74716,304.90353
4761.0,258.42334,186.74968,259.76053,304.89432
4761.5,258.42294,186.75809,259.7737,304.8849
4762.0,258.4228,186.76653,259.78677,304.87546
4762.5,258.423,186.77496,259.7999,304.86636
4763.0,258.42346,186.78337,259.8131,304.85764
4763.5,258.42398,186.79178,259.82635,304.849
4764.0,258.42444,186.80017,259.83945,304.84015
4764.5,258.4248,186.8086,259.85223,304.83066
4765.0,258.42508,186.81706,259.86472,304.82043
4765.5,258.4253,186.82555,259.8769,304.80972
4766.0,258.42557,186.83406,259.88892,304.7987
4766.5,258.42587,186.84258,259.90088,304.78763
4767.0,258.42624,186.85109,259.9129,304.77673
4767.5,258.42667,186.85959,259.92502,304.76614
4768.0,258.4271,186.86809,259.93716,304.75555
4768.5,258.42737,186.87663,259.949,304.74423
4769.0,258.42737,186.88525,259.9604,304.73184
4769.5,258.42694,186.89394,259.9713,304.71817
4770.0,258.42606,186.90268,259.98184,304.70343
4770.5,258.42496,186.91142,259.99228,304.68832
4771.0,258.4236,186.92015,260.0026,304.67294
4771.5,258.42194,186.9289,260.01273,304.65695
4772.0,258.41974,186.93764,260.02258,304.64014
4772.5,258.41708,186.9464,260.03207,304.62238
4773.0,258.41403,186.95515,260.04132,304.6038
4773.5,258.4108,186.96394,260.05035,304.5846
4774.0,258.40744,186.97281,260.05902,304.56442
4774.5,258.40417,186.98166,260.0677,304.54428
4775.0,258.4012,186.99046,260.0766,304.52505
4775.5,258.39886,186.99919,260.08594,304.50717
4776.0,258.39697,187.00786,260.09567,304.49045
4776.5,258.39517,187.01648,260.10562,304.47433
4777.0,258.39325,187.0251,260.11554,304.45825
4777.5,258.39108,187.03372,260.1253,304.44156
4778.0,258.3886,187.04239,260.13474,304.424
4778.5,258.3859,187.05112,260.1439,304.4056
4779.0,258.3831,187.05988,260.15283,304.38675
4779.5,258.3804,187.06863,260.16187,304.36823
4780.0,258.3781,187.07736,260.1712,304.35056
4780.5,258.37637,187.08603,260.18103,304.33438
4781.0,258.3754,187.09464,260.1915,304.3201
4781.5,258.3754,187.10313,260.2028,304.3081
4782.0,258.3763,187.11154,260.21484,304.29834
4782.5,258.37805,187.11989,260.2276,304.2904
4783.0,258.38034,187.12817,260.24078,304.2838
4783.5,258.38284,187.13641,260.25418,304.27783
4784.0,258.3854,187.1446,260.2678,304.27222
4784.5,258.388,187.15274,260.28168,304.26718
4785.0,258.3908,187.16083,260.29593,304.26294
4785.5,258.39407,187.16885,260.31076,304.26004
4786.0,258.39792,187.17682,260.32617,304.25854
4786.5,258.40228,187.18475,260.34213,304.2583
4787.0,258.40692,187.19264,260.3584,304.25885
4787.5,258.41147,187.20052,260.37476,304.2594
4788.0,258.4157,187.20839,260.39108,304.25974
4788.5,258.4198,187.21625,260.40753,304.26004
4789.0,258.42386,187.22409,260.4241,304.2606
4789.5,258.4281,187.23192,260.44098,304.26172
4790.0,258.43262,187.23975,260.4581,304.26343
4790.5,258.43738,187.24754,260.47534,304.26553
4791.0,258.44232,187.25536,260.4927,304.26794
4791.5,258.44736,187.26315,260.51022,304.2707
4792.0,258.4523,187.27094,260.52777,304.27338
4792.5,258.45673,187.2787,260.54504,304.2753
4793.0,258.4607,187.28648,260.562,304.27643
4793.5,258.46454,187.29425,260.57898,304.27744
4794.0,258.46844,187.30199,260.59598,304.27853
4794.5,258.47223,187.30972,260.61295,304.27954
4795.0,258.47604,187.31743,260.62994,304.28064
4795.5,258.4802,187.32512,260.64713,304.2823
4796.0,258.4847,187.33278,260.66458,304.2846
4796.5,258.48938,187.34044,260.68228,304.28745
4797.0,258.4942,187.34807,260.70023,304.2907
4797.5,258.4992,187.3557,260.71844,304.29456
4798.0,258.50467,187.36331,260.737,304.29922
4798.5,258.51083,187.37094,260.7561,304.3052
4799.0,258.51767,187.37865,260.7757,304.3123
4799.5,258.52505,187.38647,260.79562,304.32013
4800.0,258.53287,187.39442,260.81583,304.32855
4800.5,258.54105,187.40248,260.83627,304.33746
4801.0,258.5495,187.41058,260.8568,304.34674
4801.5,258.55804,187.4187,260.8774,304.35617
4802.0,258.56665,187.42683,260.89807,304.36566
4802.5,258.57535,187.43501,260.9188,304.37524
4803.0,258.58417,187.44324,260.9396,304.385
4803.5,258.5932,187.45149,260.9605,304.39508
4804.0,258.60254,187.45978,260.98157,304.40555
4804.5,258.6122,187.46811,261.00275,304.4165
4805.0,258.62216,187.47646,261.02405,304.42783
4805.5,258.63205,187.48477,261.0453,304.43903
4806.0,258.64185,187.49306,261.0665,304.45016
4806.5,258.65186,187.5014,261.08777,304.46155
4807.0,258.66205,187.5098,261.10916,304.47318
4807.5,258.67218,187.51819,261.13052,304.4847
4808.0,258.6822,187.5266,261.15186,304.49612
4808.5,258.69223,187.53506,261.17325,304.5075
4809.0,258.70224,187.54356,261.19467,304.5189
4809.5,258.71213,187.55205,261.21597,304.53003
4810.0,258.7219,187.56044,261.23718,304.54105
4810.5,258.73184,187.56874,261.25836,304.5523
4811.0,258.74216,187.57695,261.27957,304.56415
4811.5,258.75302,187.58514,261.30087,304.57672
4812.0,258.76437,187.59335,261.32236,304.59003
4812.5,258.7761,187.60164,261.344,304.60382
4813.0,258.78802,187.61002,261.36578,304.61786
4813.5,258.80002,187.6185,261.3877,304.632
4814.0,258.81213,187.62704,261.4097,304.64624
4814.5,258.82443,187.63557,261.43173,304.66074
4815.0,258.83682,187.64404,261.45374,304.6754
4815.5,258.84912,187.65239,261.47562,304.69
4816.0,258.86127,187.6606,261.4973,304.7044
4816.5,258.87323,187.66866,261.5188,304.71857
4817.0,258.88495,187.67657,261.54007,304.7324
4817.5,258.89636,187.68433,261.561,304.74576
4818.0,258.9073,187.69197,261.5816,304.75833
4818.5,258.9174,187.69962,261.60162,304.7693
4819.0,258.9267,187.70729,261.62103,304.77878
4819.5,258.9356,187.71501,261.64008,304.7873
4820.0,258.9443,187.72276,261.65878,304.79507
4820.5,258.9527,187.73058,261.67712,304.8021
4821.0,258.9608,187.73843,261.69507,304.80826
4821.5,258.9683,187.74629,261.71262,304.81335
4822.0,258.97534,187.75415,261.72983,304.8176
4822.5,258.98203,187.762,261.74692,304.8214
4823.0,258.98846,187.7698,261.76392,304.82492
4823.5,258.9946,187.77757,261.78088,304.82816
4824.0,259.00046,187.78531,261.79782,304.83118
4824.5,259.00598,187.79301,261.81473,304.83392
4825.0,259.01108,187.8007,261.8314,304.836
4825.5,259.0155,187.80841,261.8477,304.83698
4826.0,259.01932,187.81612,261.8636,304.8369
4826.5,259.02264,187.82384,261.87933,304.8362
4827.0,259.02573,187.83157,261.89493,304.83514
4827.5,259.0287,187.83934,261.91034,304.83368
4828.0,259.03165,187.84712,261.9256,304.83197
4828.5,259.03458,187.85492,261.9408,304.83014
4829.0,259.03748,187.86272,261.956,304.82837
4829.5,259.0404,187.87051,261.9713,304.82672
4830.0,259.04327,187.87831,261.98666,304.82516
4830.5,259.04602,187.88612,262.00195,304.82336
4831.0,259.04834,187.89394,262.01706,304.82098
4831.5,259.05005,187.90176,262.03177,304.81754
4832.0,259.05127,187.90962,262.0461,304.81317
4832.5,259.0524,187.91747,262.06033,304.80853
4833.0,259.0534,187.92531,262.07437,304.8036
4833.5,259.05402,187.93317,262.08795,304.7976
4834.0,259.0539,187.94106,262.10092,304.79004
4834.5,259.05283,187.94897,262.11304,304.78043
4835.0,259.0507,187.95695,262.12433,304.7686
4835.5,259.04767,187.96494,262.1349,304.75488
4836.0,259.04395,187.97295,262.14487,304.73965
4836.5,259.03973,187.98099,262.15436,304.72314
4837.0,259.03525,187.98907,262.16348,304.70575
4837.5,259.0305,187.99713,262.1725,304.688
4838.0,259.02548,188.00519,262.18137,304.6699
4838.5,259.02036,188.01326,262.19006,304.65137
4839.0,259.01517,188.0214,262.1985,304.63223
4839.5,259.01022,188.02957,262.20688,304.613
4840.0,259.00568,188.03778,262.21542,304.5945
4840.5,259.0016,188.04596,262.22437,304.57712
4841.0,258.99796,188.05408,262.23376,304.5609
4841.5,258.99475,188.06218,262.2436,304.54593
4842.0,258.99207,188.07022,262.25394,304.5323
4842.5,258.98996,188.07819,262.2649,304.52026
4843.0,258.98856,188.0861,262.27652,304.5099
4843.5,258.98785,188.09395,262.28882,304.50122
4844.0,258.9877,188.10175,262.30148,304.49365
4844.5,258.98767,188.10953,262.3142,304.48624
4845.0,258.98767,188.11731,262.3268,304.47876
4845.5,258.98776,188.12509,262.3394,304.47125
4846.0,258.98795,188.13289,262.35187,304.46368
4846.5,258.9882,188.14072,262.36426,304.45596
4847.0,258.9884,188.14856,262.37643,304.4479
4847.5,258.98856,188.15643,262.38834,304.4393
4848.0,258.98853,188.16437,262.39996,304.43
4848.5,258.98825,188.17233,262.41122,304.41992
4849.0,258.98767,188.18033,262.42224,304.4091
4849.5,258.98682,188.18835,262.43298,304.3976
4850.0,258.98584,188.19638,262.44363,304.3859
4850.5,258.98502,188.20442,262.45438,304.3745
4851.0,258.98462,188.21243,262.4654,304.36395
4851.5,258.98486,188.2204,262.47696,304.35483
4852.0,258.9856,188.22832,262.4888,304.34662
4852.5,258.98618,188.23627,262.5005,304.33804
4853.0,258.98624,188.24423,262.51172,304.32825
4853.5,258.98557,188.25227,262.52228,304.31662
4854.0,258.98422,188.26036,262.53223,304.30325
4854.5,258.98233,188.26852,262.5416,304.28833
4855.0,258.98007,188.27675,262.5505,304.27216
4855.5,258.97754,188.28499,262.5592,304.25534
4856.0,258.97485,188.29323,262.56772,304.23813
4856.5,258.97223,188.30147,262.5762,304.22095
4857.0,258.96982,188.30966,262.58487,304.20435
4857.5,258.9678,188.31781,262.594,304.18903
4858.0,258.96637,188.32588,262.60373,304.1754
4858.5,258.96567,188.33388,262.61407,304.1635
4859.0,258.96558,188.34183,262.62485,304.15298
4859.5,258.96585,188.34978,262.6359,304.14325
4860.0,258.96625,188.35771,262.64697,304.13367
4860.5,258.9665,188.36565,262.658,304.12387
4861.0,258.96652,188.3736,262.66895,304.11383
4861.5,258.9664,188.3815,262.67996,304.1039
4862.0,258.9662,188.38939,262.6911,304.09418
4862.5,258.96582,188.39725,262.7022,304.08438
4863.0,258.96536,188.40509,262.71326,304.07437
4863.5,258.9649,188.41293,262.72415,304.06412
4864.0,258.9644,188.42079,262.73483,304.0534
4864.5,258.96362,188.42868,262.74518,304.0419
4865.0,258.96243,188.43663,262.75516,304.02927
4865.5,258.96082,188.44466,262.76456,304.0151
4866.0,258.9588,188.45276,262.77347,303.9996
4866.5,258.9567,188.46088,262.78223,303.98373
4867.0,258.9546,188.46896,262.79108,303.96808
4867.5,258.95255,188.477,262.8001,303.95297
4868.0,258.9507,188.48499,262.80948,303.9389
4868.5,258.94934,188.4929,262.81937,303.92615
4869.0,258.94843,188.5008,262.8296,303.9144
4869.5,258.9477,188.50868,262.8399,303.903
4870.0,258.94693,188.5166,262.8501,303.89133
4870.5,258.94577,188.52455,262.86,303.8788
4871.0,258.94434,188.53253,262.86966,303.86572
4871.5,258.94305,188.5405,262.8794,303.85284
4872.0,258.94202,188.54842,262.88928,303.8405
4872.5,258.94104,188.5563,262.89944,303.8288
4873.0,258.94025,188.5641,262.91003,303.8181
4873.5,258.9397,188.5718,262.92133,303.80896
4874.0,258.9393,188.57938,262.9333,303.80112
4874.5,258.9387,188.58688,262.94562,303.7938
4875.0,258.93768,188.59436,262.95792,303.7863
4875.5,258.93622,188.6018,262.9699,303.77792
4876.0,258.93423,188.60927,262.98148,303.76855
4876.5,258.9317,188.61671,262.9927,303.7583
4877.0,258.92874,188.62415,263.00385,303.7476
4877.5,258.9255,188.63152,263.0151,303.73694
4878.0,258.92212,188.63887,263.02664,303.72668
4878.5,258.91867,188.64618,263.0385,303.71695
4879.0,258.9152,188.65346,263.05078,303.70773
4879.5,258.91168,188.66072,263.0634,303.69904
4880.0,258.90814,188.66797,263.07617,303.69058
4880.5,258.9045,188.67522,263.0888,303.68185
4881.0,258.90067,188.68246,263.10114,303.6726
4881.5,258.89648,188.6897,263.11322,303.66272
4882.0,258.8921,188.69691,263.12503,303.65234
4882.5,258.88763,188.70412,263.13666,303.6417
4883.0,258.88312,188.71136,263.14798,303.63046
4883.5,258.87836,188.71864,263.15866,303.618
4884.0,258.87335,188.72595,263.16882,303.60446
4884.5,258.86844,188.73326,263.17892,303.59094
4885.0,258.8637,188.74052,263.18924,303.578
4885.5,258.8591,188.74776,263.19986,303.56564
4886.0,258.85468,188.75496,263.21088,303.5541
4886.5,258.85056,188.76215,263.22235,303.54358
4887.0,258.84686,188.76933,263.23434,303.5341
4887.5,258.8437,188.7765,263.2468,303.5257
4888.0,258.84097,188.78368,263.25952,303.51813
4888.5,258.8385,188.79086,263.27237,303.5109
4889.0,258.8361,188.79807,263.2852,303.5037
4889.5,258.83365,188.80528,263.29782,303.49625
4890.0,258.83124,188.8125,263.3104,303.48877
4890.5,258.8291,188.81973,263.3233,303.4819
4891.0,258.82733,188.82695,263.3366,303.47595
4891.5,258.826,188.83417,263.3502,303.4707
4892.0,258.82516,188.84137,263.36395,303.4662
4892.5,258.8249,188.84856,263.37796,303.46246
4893.0,258.82513,188.85573,263.3921,303.45935
4893.5,258.82565,188.8629,263.40622,303.4565
4894.0,258.82626,188.87006,263.42023,303.45352
4894.5,258.82675,188.87726,263.4338,303.44986
4895.0,258.82712,188.8845,263.44693,303.44528
4895.5,258.82736,188.89182,263.45953,303.43985
4896.0,258.82745,188.89919,263.47165,303.4334
4896.5,258.8271,188.90659,263.48325,303.42578
4897.0,258.8262,188.91403,263.4943,303.41687
4897.5,258.82483,188.92154,263.5048,303.40656
4898.0,258.82294,188.92912,263.51477,303.3949
4898.5,258.82062,188.9367,263.52435,303.38226
4899.0,258.81784,188.94432,263.53354,303.36856
4899.5,258.81473,188.952,263.54233,303.35382
4900.0,258.81137,188.95969,263.55087,303.33838
4900.5,258.80786,188.96742,263.55923,303.32245
4901.0,258.80423,188.97517,263.56738,303.30606
4901.5,258.80035,188.98293,263.57532,303.2891
4902.0,258.7962,188.9907,263.58307,303.2716
4902.5,258.79184,188.99847,263.59064,303.25354
4903.0,258.78735,189.00624,263.59805,303.23514
4903.5,258.78293,189.01396,263.60568,303.2173
4904.0,258.7789,189.02159,263.61374,303.20068
4904.5,258.7754,189.02914,263.6223,303.18552
4905.0,258.77234,189.03665,263.6313,303.1716
4905.5,258.7697,189.04413,263.64062,303.1587
4906.0,258.7674,189.05157,263.6502,303.14648
4906.5,258.76517,189.05898,263.66,303.13483
4907.0,258.76297,189.06635,263.66998,303.12357
4907.5,258.76074,189.07368,263.6801,303.1126
4908.0,258.75848,189.081,263.69046,303.10205
4908.5,258.7563,189.08826,263.7011,303.09216
4909.0,258.75418,189.09549,263.7121,303.08295
4909.5,258.7521,189.1027,263.72327,303.0741
4910.0,258.75006,189.1099,263.73462,303.06558
4910.5,258.74802,189.11707,263.74628,303.0576
4911.0,258.7462,189.12419,263.75833,303.05038
4911.5,258.7448,189.1313,263.771,303.0445
4912.0,258.7441,189.13837,263.7843,303.04013
4912.5,258.7442,189.1454,263.79837,303.03735
4913.0,258.74503,189.1524,263.81308,303.03613
4913.5,258.74652,189.15938,263.82837,303.03625
4914.0,258.7483,189.16634,263.844,303.03705
4914.5,258.7498,189.17326,263.8595,303.03748
4915.0,258.75098,189.18019,263.87473,303.03732
4915.5,258.75204,189.18712,263.88977,303.0368
4916.0,258.7532,189.19403,263.9047,303.03625
4916.5,258.75467,189.20094,263.91962,303.036
4917.0,258.75665,189.20786,263.9347,303.0364
4917.5,258.75937,189.21474,263.9501,303.0379
4918.0,258.76285,189.22159,263.9659,303.0406
4918.5,258.76706,189.22841,263.982,303.04428
4919.0,258.7718,189.23524,263.99826,303.04874
4919.5,258.7768,189.24208,264.01462,303.05356
4920.0,258.7819,189.24892,264.03104,303.0585
4920.5,258.78693,189.25578,264.0473,303.06323
4921.0,258.79178,189.26268,264.06342,303.0675
4921.5,258.79623,189.26956,264.07935,303.07126
4922.0,258.80017,189.27647,264.09503,303.07422
4922.5,258.8034,189.28339,264.11035,303.07608
4923.0,258.80594,189.29031,264.1252,303.07675
4923.5,258.80795,189.29726,264.13953,303.07623
4924.0,258.80972,189.30421,264.15356,303.07507
4924.5,258.81165,189.31117,264.16763,303.0742
4925.0,258.81415,189.31808,264.18213,303.07434
4925.5,258.8175,189.32495,264.1972,303.07602
4926.0,258.8217,189.33177,264.21286,303.07922
4926.5,258.82642,189.33855,264.22894,303.08356
4927.0,258.83167,189.3453,264.24548,303.08893
4927.5,258.8374,189.35204,264.26254,303.0954
4928.0,258.8436,189.35875,264.2801,303.10294
4928.5,258.85007,189.36548,264.2981,303.1112
4929.0,258.85678,189.37233,264.3164,303.12
4929.5,258.8636,189.37936,264.33505,303.12897
4930.0,258.87064,189.38661,264.354,303.13824
4930.5,258.87802,189.39409,264.3733,303.14798
4931.0,258.88574,189.40181,264.39288,303.1581
4931.5,258.89365,189.40973,264.41266,303.16843
4932.0,258.90152,189.41782,264.43256,303.17865
4932.5,258.9092,189.42596,264.4524,303.18857
4933.0,258.9166,189.43413,264.47214,303.1981
4933.5,258.9237,189.4422,264.49176,303.20734
4934.0,258.9307,189.45021,264.5113,303.21637
4934.5,258.93762,189.45813,264.5308,303.2254
4935.0,258.94452,189.466,264.5502,303.23438
4935.5,258.9512,189.47382,264.56952,303.2431
4936.0,258.95773,189.4816,264.58875,303.2516
4936.5,258.96417,189.48936,264.60794,303.26004
4937.0,258.97076,189.49713,264.62717,303.26865
4937.5,258.97763,189.50493,264.64655,303.27762
4938.0,258.98468,189.51276,264.66595,303.2868
4938.5,258.99164,189.52061,264.68536,303.2959
4939.0,258.99838,189.5285,264.70474,303.3047
4939.5,259.0049,189.5365,264.72403,303.31305
4940.0,259.01108,189.54462,264.7433,303.32095
4940.5,259.0168,189.55283,264.7624,303.32822
4941.0,259.02206,189.56113,264.78137,303.33475
4941.5,259.0268,189.56958,264.8002,303.3405
4942.0,259.03116,189.57819,264.81897,303.34564
4942.5,259.03543,189.58694,264.83774,303.3506
4943.0,259.03964,189.59578,264.8565,303.35535
4943.5,259.0437,189.60468,264.8752,303.35983
4944.0,259.04764,189.6136,264.89392,303.3642
4944.5,259.05173,189.62257,264.91266,303.36865
4945.0,259.05606,189.63156,264.9315,303.37344
4945.5,259.06076,189.64046,264.95044,303.3788
4946.0,259.0659,189.64925,264.9695,303.38483
4946.5,259.07147,189.658,264.98877,303.3915
4947.0,259.07736,189.66673,265.0081,303.39862
4947.5,259.08328,189.67545,265.02744,303.40582
4948.0,259.08917,189.68414,265.04675,303.413
4948.5,259.09515,189.69292,265.0661,303.42017
4949.0,259.10114,189.70178,265.08548,303.42728
4949.5,259.10706,189.71077,265.10486,303.43427
4950.0,259.11298,189.71991,265.12424,303.44107
4950.5,259.11902,189.72922,265.14368,303.44785
4951.0,259.1251,189.73868,265.16315,303.45453
4951.5,259.1311,189.74826,265.18256,303.46097
4952.0,259.1369,189.75792,265.2019,303.46698
4952.5,259.14233,189.76762,265.2211,303.47247
4953.0,259.14746,189.77734,265.24017,303.47748
4953.5,259.15247,189.7871,265.2592,303.48224
4954.0,259.1574,189.79677,265.27817,303.487
4954.5,259.1622,189.80624,265.2971,303.4918
4955.0,259.16687,189.81555,265.31598,303.4966
4955.5,259.1715,189.82484,265.33487,303.5014
4956.0,259.1762,189.83418,265.35376,303.50623
4956.5,259.18097,189.84352,265.37265,303.51114
4957.0,259.18585,189.85286,265.3916,303.5162
4957.5,259.19083,189.86218,265.4106,303.52145
4958.0,259.19595,189.87146,265.42963,303.52698
4958.5,259.2012,189.88065,265.4487,303.53278
4959.0,259.20654,189.88968,265.46777,303.53885
4959.5,259.21185,189.89853,265.4868,303.54498
4960.0,259.21695,189.90715,265.50565,303.55106
4960.5,259.22168,189.91551,265.52423,303.5567
4961.0,259.22595,189.92361,265.5425,303.56183
4961.5,259.2297,189.93141,265.56033,303.56635
4962.0,259.23303,189.93895,265.5778,303.57028
4962.5,259.2363,189.94635,265.5951,303.57413
4963.0,259.2394,189.95364,265.61224,303.57782
4963.5,259.2422,189.96078,265.62903,303.58096
4964.0,259.24457,189.96779,265.64545,303.58347
4964.5,259.24683,189.97473,265.6617,303.5858
4965.0,259.24918,189.98163,265.678,303.58823
4965.5,259.25168,189.98854,265.6944,303.59097
4966.0,259.2543,189.99545,265.71088,303.59387
4966.5,259.2568,190.00235,265.7272,303.59656
4967.0,259.25912,190.00922,265.7434,303.599
4967.5,259.26157,190.0161,265.7597,303.6016
4968.0,259.26437,190.02307,265.7763,303.60483
4968.5,259.26788,190.03021,265.79346,303.60907
4969.0,259.27206,190.03761,265.8111,303.61423
4969.5,259.27676,190.0453,265.8292,303.6201
4970.0,259.28192,190.05325,265.84763,303.6264
4970.5,259.28754,190.06143,265.86636,303.63333
4971.0,259.2935,190.06975,265.88525,303.6406
4971.5,259.29944,190.07822,265.90427,303.64783
4972.0,259.3053,190.08687,265.92325,303.6548
4972.5,259.31097,190.09569,265.94226,303.6614
4973.0,259.31656,190.1047,265.96124,303.66763
4973.5,259.3221,190.11394,265.98022,303.6736
4974.0,259.32758,190.12334,265.99918,303.67926
4974.5,259.33282,190.13287,266.01804,303.68445
4975.0,259.3378,190.14244,266.0368,303.6892
4975.5,259.34265,190.15201,266.0555,303.6938
4976.0,259.34732,190.16156,266.07416,303.69815
4976.5,259.35178,190.17119,266.0927,303.70212
4977.0,259.35602,190.18086,266.11115,303.7057
4977.5,259.36005,190.19044,266.12955,303.70914
4978.0,259.36395,190.1999,266.1479,303.7126
4978.5,259.36786,190.20926,266.16623,303.71613
4979.0,259.37186,190.21854,266.18463,303.71997
4979.5,259.37616,190.22775,266.20312,303.72433
4980.0,259.3808,190.2369,266.22174,303.72925
4980.5,259.38562,190.24591,266.24042,303.73453
4981.0,259.3906,190.25485,266.25912,303.74014
4981.5,259.3958,190.26378,266.27792,303.7461
4982.0,259.4012,190.27274,266.2968,303.75223
4982.5,259.40668,190.28175,266.3157,303.75833
4983.0,259.412,190.29088,266.33456,303.7642
4983.5,259.41718,190.30013,266.35333,303.76968
4984.0,259.42218,190.30945,266.37207,303.7748
4984.5,259.42715,190.31882,266.39075,303.77982
4985.0,259.43216,190.3282,266.40945,303.78488
4985.5,259.43735,190.33762,266.42822,303.79013
4986.0,259.44275,190.34703,266.44708,303.79565
4986.5,259.44833,190.35649,266.466,303.80142
4987.0,259.45404,190.36601,266.48495,303.80722
4987.5,259.45963,190.37566,266.50385,303.81274
4988.0,259.4651,190.3854,266.52267,303.81793
4988.5,259.47073,190.39523,266.54153,303.8232
4989.0,259.47665,190.40509,266.56052,303.82892
4989.5,259.48306,190.41487,266.5797,303.8354
4990.0,259.4901,190.42453,266.59912,303.84296
4990.5,259.49786,190.43398,266.61884,303.8518
4991.0,259.50638,190.44324,266.63885,303.86197
4991.5,259.5157,190.45233,266.65912,303.87338
4992.0,259.52567,190.46127,266.67957,303.88577
4992.5,259.53604,190.4701,266.70013,303.89886
4993.0,259.54675,190.47878,266.7208,303.91248
4993.5,259.55774,190.48741,266.7415,303.92645
4994.0,259.56894,190.49599,266.76227,303.94077
4994.5,259.58038,190.50447,266.78308,303.95554
4995.0,259.59222,190.51282,266.80392,303.97083
4995.5,259.60455,190.52107,266.8249,303.98688
4996.0,259.61734,190.52922,266.84592,304.00363
4996.5,259.63052,190.53726,266.867,304.02094
4997.0,259.644,190.54518,266.8881,304.0388
4997.5,259.6579,190.553,266.90927,304.0573
4998.0,259.67227,190.56076,266.93054,304.07654
4998.5,259.68713,190.56853,266.9519,304.0965
4999.0,259.70236,190.57632,266.97336,304.11697
4999.5,259.71783,190.58415,266.99487,304.13773
5000.0,259.7333,190.59203,267.01645,304.1585
5000.5,259.7486,190.59995,267.03796,304.17902
5001.0,259.7636,190.60791,267.05945,304.19894
5001.5,259.77814,190.61597,267.08084,304.21814
5002.0,259.79227,190.62405,267.10214,304.23676
5002.5,259.80618,190.63217,267.1234,304.255
5003.0,259.82007,190.64029,267.14468,304.2732
5003.5,259.83405,190.64842,267.166,304.29156
5004.0,259.8483,190.65657,267.18735,304.31024
5004.5,259.86282,190.6647,267.20877,304.32935
5005.0,259.87753,190.67282,267.23022,304.3487
5005.5,259.89212,190.68097,267.25168,304.36786
5006.0,259.90662,190.68916,267.2731,304.3868
5006.5,259.9212,190.69734,267.2946,304.4059
5007.0,259.93582,190.70555,267.31604,304.42508
5007.5,259.95032,190.7138,267.33746,304.44397
5008.0,259.96454,190.72208,267.35886,304.4625
5008.5,259.97864,190.73032,267.3802,304.48087
5009.0,259.9926,190.73854,267.4015,304.49902
5009.5,260.00626,190.74673,267.42267,304.5168
5010.0,260.01974,190.75494,267.44382,304.5343
5010.5,260.03317,190.76315,267.46497,304.55182
5011.0,260.0466,190.77135,267.48608,304.56927
5011.5,260.0598,190.7795,267.5071,304.58643
5012.0,260.07278,190.78757,267.52805,304.6033
5012.5,260.0856,190.79556,267.54892,304.62003
5013.0,260.0982,190.80351,267.5697,304.63644
5013.5,260.11044,190.81145,267.5904,304.65237
5014.0,260.1224,190.8194,267.611,304.66794
5014.5,260.13443,190.8274,267.63168,304.68353
5015.0,260.14642,190.83548,267.65237,304.699
5015.5,260.15814,190.84366,267.673,304.71408
5016.0,260.16953,190.8519,267.6936,304.72867
5016.5,260.1807,190.86017,267.71417,304.74295
5017.0,260.1917,190.86841,267.73468,304.75708
5017.5,260.2027,190.87663,267.75513,304.77112
5018.0,260.21356,190.88481,267.77554,304.78503
5018.5,260.2242,190.89302,267.7959,304.79865
5019.0,260.23456,190.90125,267.81616,304.8118
5019.5,260.24442,190.90947,267.83627,304.82437
5020.0,260.25385,190.91768,267.85623,304.83633
5020.5,260.2629,190.92584,267.876,304.8478
5021.0,260.27158,190.93398,267.89563,304.85876
5021.5,260.27982,190.94211,267.91507,304.86914
5022.0,260.28778,190.95026,267.93445,304.8791
5022.5,260.29565,190.95842,267.95377,304.88895
5023.0,260.30365,190.96654,267.9731,304.89896
5023.5,260.31195,190.9746,267.99255,304.90945
5024.0,260.32077,190.98259,268.01218,304.92065
5024.5,260.33014,190.99055,268.03192,304.93262
5025.0,260.3401,190.99849,268.05185,304.94537
5025.5,260.3506,191.00633,268.0719,304.9589
5026.0,260.36142,191.0141,268.092,304.9729
5026.5,260.37222,191.02177,268.1121,304.98694
5027.0,260.3831,191.02939,268.1321,305.001
5027.5,260.39413,191.03699,268.1522,305.0154
5028.0,260.40533,191.04456,268.1723,305.03
5028.5,260.4164,191.05206,268.1923,305.0444
5029.0,260.42725,191.05954,268.2122,305.05853
5029.5,260.43793,191.06705,268.23206,305.0724
5030.0,260.44855,191.07455,268.25192,305.0862
5030.5,260.45932,191.08203,268.2718,305.1002
5031.0,260.47037,191.08946,268.2917,305.1146
5031.5,260.48175,191.0969,268.3117,305.12946
5032.0,260.49353,191.10431,268.33182,305.14487
5032.5,260.50565,191.11166,268.352,305.1608
5033.0,260.51794,191.11897,268.3722,305.177
5033.5,260.53012,191.12628,268.39233,305.19296
5034.0,260.54205,191.13364,268.4125,305.20862
5034.5,260.55383,191.1411,268.43268,305.224
5035.0,260.5654,191.14864,268.45282,305.23904
5035.5,260.57663,191.1563,268.47296,305.2536
5036.0,260.58752,191.16405,268.49304,305.2676
5036.5,260.59814,191.17195,268.51315,305.28125
5037.0,260.60873,191.17996,268.53326,305.29474
5037.5,260.61945,191.18796,268.55344,305.30847
5038.0,260.63037,191.19589,268.5736,305.32245
5038.5,260.64142,191.20374,268.59375,305.3366
5039.0,260.65262,191.21149,268.6139,305.35104
5039.5,260.66412,191.21915,268.63406,305.36597
5040.0,260.6759,191.22668,268.65424,305.3813
5040.5,260.6877,191.23412,268.67432,305.39667
5041.0,260.6996,191.24142,268.6943,305.41214
5041.5,260.71173,191.2487,268.71436,305.42804
5042.0,260.724,191.25595,268.73444,305.44412
5042.5,260.73615,191.26317,268.75443,305.46005
5043.0,260.7482,191.27036,268.77438,305.47583
5043.5,260.76035,191.27748,268.79434,305.4918
5044.0,260.77267,191.28453,268.8143,305.50803
5044.5,260.7852,191.29153,268.83423,305.5245
5045.0,260.79782,191.29848,268.85416,305.5412
5045.5,260.8106,191.30539,268.8741,305.55817
5046.0,260.82367,191.31227,268.8941,305.5755
5046.5,260.83707,191.31909,268.91412,305.59338
5047.0,260.85086,191.3259,268.9342,305.61185
5047.5,260.8649,191.33275,268.95438,305.63068
5048.0,260.87915,191.33963,268.97464,305.64984
5048.5,260.89362,191.34654,268.99496,305.66925
5049.0,260.9081,191.35347,269.0153,305.68875
5049.5,260.9224,191.36044,269.0356,305.70795
5050.0,260.93658,191.3675,269.056,305.7268
5050.5,260.95074,191.37466,269.07645,305.7457
5051.0,260.96503,191.38191,269.097,305.76462
5051.5,260.97925,191.38918,269.11755,305.7835
5052.0,260.9935,191.39647,269.13812,305.80243
5052.5,261.00793,191.40381,269.15878,305.82156
5053.0,261.02264,191.41121,269.1796,305.84113
5053.5,261.03778,191.41867,269.2005,305.86124
5054.0,261.05322,191.42616,269.22156,305.88184
5054.5,261.0688,191.4337,269.24265,305.9026
5055.0,261.08435,191.44125,269.26373,305.9233
5055.5,261.09973,191.44878,269.2848,305.9438
5056.0,261.1151,191.45628,269.30582,305.96423
5056.5,261.1306,191.4638,269.3269,305.9849
5057.0,261.14627,191.47134,269.348,306.0058
5057.5,261.1619,191.4788,269.36905,306.02664
5058.0,261.17743,191.4862,269.39,306.04742
5058.5,261.19293,191.4935,269.41086,306.06818
5059.0,261.20834,191.50072,269.43164,306.08887
5059.5,261.22375,191.5079,269.45236,306.10956
5060.0,261.23923,191.51505,269.47305,306.13037
5060.5,261.25485,191.52219,269.49377,306.1515
5061.0,261.27075,191.52934,269.51456,306.17303
5061.5,261.28702,191.53654,269.53546,306.19516
5062.0,261.30353,191.5438,269.5565,306.21765
5062.5,261.32,191.55107,269.5775,306.24002
5063.0,261.3363,191.55838,269.59854,306.26215
5063.5,261.3524,191.5657,269.61957,306.28384
5064.0,261.3682,191.573,269.64047,306.3051
5064.5,261.38367,191.58022,269.66122,306.32584
5065.0,261.39874,191.58734,269.68185,306.346
5065.5,261.41348,191.59442,269.70236,306.36566
5066.0,261.42792,191.60147,269.72275,306.38483
5066.5,261.44205,191.60844,269.74298,306.40353
5067.0,261.45593,191.61537,269.76312,306.42194
5067.5,261.46976,191.62234,269.78323,306.44012
5068.0,261.48346,191.62935,269.80334,306.4582
5068.5,261.49698,191.63634,269.8234,306.47598
5069.0,261.5104,191.64331,269.8434,306.49365
5069.5,261.52402,191.65031,269.86346,306.5115
5070.0,261.53775,191.65733,269.88358,306.52954
5070.5,261.5515,191.6644,269.90372,306.54764
5071.0,261.5652,191.6715,269.9239,306.56558
5071.5,261.57864,191.67859,269.94397,306.58316
5072.0,261.59183,191.68573,269.96402,306.60034
5072.5,261.60468,191.69289,269.984,306.61697
5073.0,261.61722,191.70004,270.0039,306.63318
5073.5,261.6296,191.70714,270.02374,306.6492
5074.0,261.642,191.71417,270.04355,306.66525
5074.5,261.65457,191.72118,270.06335,306.68155
5075.0,261.66736,191.7282,270.08325,306.69818
5075.5,261.68033,191.73524,270.10318,306.71506
5076.0,261.69348,191.74234,270.12323,306.7322
5076.5,261.70682,191.7495,270.1434,306.7496
5077.0,261.72043,191.75674,270.16367,306.76733
5077.5,261.7343,191.7641,270.1841,306.7854
5078.0,261.74835,191.77156,270.20465,306.80362
5078.5,261.76227,191.77917,270.22522,306.82156
5079.0,261.77585,191.7869,270.2458,306.83896
5079.5,261.789,191.7947,270.2663,306.8557
5080.0,261.80173,191.80254,270.28668,306.87183
5080.5,261.814,191.8104,270.30695,306.8873
5081.0,261.82584,191.81827,270.32712,306.90213
5081.5,261.8372,191.82619,270.34717,306.91632
5082.0,261.84818,191.83417,270.36716,306.92993
5082.5,261.85886,191.84222,270.3871,306.9431
5083.0,261.86935,191.85039,270.407,306.95602
5083.5,261.87985,191.85864,270.427,306.96884
5084.0,261.89026,191.867,270.44696,306.98145
5084.5,261.9004,191.87543,270.4669,306.99368
5085.0,261.9101,191.88393,270.48672,307.0053
5085.5,261.9193,191.89255,270.50638,307.0161
5086.0,261.92795,191.90132,270.52585,307.026
5086.5,261.93604,191.9102,270.5451,307.03503
5087.0,261.94382,191.91924,270.56424,307.0435
5087.5,261.9515,191.92834,270.58337,307.0517
5088.0,261.95932,191.93748,270.60257,307.0601
5088.5,261.96747,191.94661,270.6219,307.06897
5089.0,261.976,191.9557,270.64133,307.07843
5089.5,261.98495,191.96481,270.66095,307.08847
5090.0,261.9942,191.97392,270.68066,307.09897
5090.5,262.0036,191.98297,270.70044,307.10974
5091.0,262.0133,191.99196,270.7203,307.12094
5091.5,262.02353,192.00093,270.74036,307.13284
5092.0,262.03442,192.00986,270.76053,307.14566
5092.5,262.0462,192.0187,270.78098,307.1597
5093.0,262.05896,192.02748,270.80164,307.1751
5093.5,262.0728,192.0362,270.82254,307.19202
5094.0,262.08783,192.04485,270.8437,307.2105
5094.5,262.10397,192.05345,270.8651,307.23074
5095.0,262.1211,192.06207,270.88672,307.2524
5095.5,262.1388,192.07074,270.90842,307.2749
5096.0,262.15692,192.07951,270.9302,307.29794
5096.5,262.17538,192.08838,270.9521,307.32135
5097.0,262.194,192.09734,270.97397,307.34482
5097.5,262.2125,192.10637,270.99582,307.3679
5098.0,262.23083,192.11546,271.01767,307.3907
5098.5,262.24933,192.1246,271.03952,307.4136
5099.0,262.2679,192.13379,271.06143,307.4366
5099.5,262.2864,192.143,271.08328,307.45938
5100.0,262.30478,192.15228,271.10513,307.48187
5100.5,262.32315,192.16162,271.12695,307.5042
5101.0,262.34155,192.17102,271.14877,307.52652
5101.5,262.36002,192.18048,271.1706,307.54877
5102.0,262.37857,192.19002,271.1924,307.5709
5102.5,262.39713,192.19963,271.2142,307.59283
5103.0,262.41574,192.2093,271.23596,307.61472
5103.5,262.43454,192.21907,271.25772,307.63663
5104.0,262.45346,192.22888,271.2795,307.6585
5104.5,262.47226,192.2387,271.30124,307.6802
5105.0,262.49072,192.24846,271.32294,307.70154
5105.5,262.5088,192.25816,271.34457,307.7224
5106.0,262.5263,192.2678,271.36612,307.74268
5106.5,262.5432,192.27742,271.38757,307.7622
5107.0,262.5597,192.28702,271.40897,307.78116
5107.5,262.57596,192.29662,271.4303,307.79984
5108.0,262.59216,192.30618,271.45163,307.81848
5108.5,262.6084,192.31572,271.473,307.83728
5109.0,262.62466,192.32523,271.4944,307.85623
5109.5,262.641,192.33472,271.51578,307.8752
5110.0,262.65723,192.34421,271.53717,307.89413
5110.5,262.6734,192.35368,271.55853,307.91296
5111.0,262.68942,192.36314,271.57986,307.93167
5111.5,262.70526,192.37256,271.60117,307.95016
5112.0,262.721,192.38191,271.62244,307.96863
5112.5,262.7369,192.39119,271.64377,307.9874
5113.0,262.75302,192.40036,271.6651,308.00662
5113.5,262.7694,192.40941,271.6865,308.02637
5114.0,262.78607,192.41837,271.70795,308.04666
5114.5,262.80313,192.42728,271.72946,308.0676
5115.0,262.82062,192.4362,271.75107,308.0892
5115.5,262.83865,192.44522,271.77277,308.11145
5116.0,262.85715,192.45432,271.79453,308.1343
5116.5,262.87607,192.46349,271.81638,308.1577
5117.0,262.89526,192.4727,271.83826,308.18143
5117.5,262.9144,192.48193,271.8601,308.20508
5118.0,262.93347,192.49121,271.882,308.22852
5118.5,262.95255,192.50055,271.90384,308.25183
5119.0,262.97168,192.50998,271.9257,308.27512
5119.5,262.991,192.51945,271.94754,308.29855
5120.0,263.01035,192.52899,271.96942,308.32193
5120.5,263.02957,192.53856,271.99124,308.34497
5121.0,263.0486,192.54819,272.01303,308.36765
5121.5,263.0677,192.55786,272.03482,308.3901
5122.0,263.0867,192.56758,272.05655,308.41232
5122.5,263.10556,192.57733,272.07825,308.43427
5123.0,263.12415,192.58711,272.0999,308.45572
5123.5,263.14236,192.59692,272.12146,308.47647
5124.0,263.16034,192.60675,272.14294,308.4968
5124.5,263.1784,192.61658,272.16446,308.51724
5125.0,263.19662,192.62637,272.186,308.538
5125.5,263.21503,192.63614,272.20758,308.55905
5126.0,263.23346,192.64584,272.2292,308.58032
5126.5,263.25177,192.65553,272.25076,308.60144
5127.0,263.27002,192.66524,272.27234,308.62253
5127.5,263.28848,192.67494,272.29395,308.64386
5128.0,263.30725,192.68468,272.3156,308.66565
5128.5,263.32632,192.6944,272.33734,308.688
5129.0,263.34558,192.70407,272.3591,308.71072
5129.5,263.3648,192.71367,272.3809,308.73364
5130.0,263.38394,192.72318,272.40268,308.75662
5130.5,263.40292,192.73265,272.42447,308.77945
5131.0,263.4217,192.74207,272.4462,308.80203
5131.5,263.44012,192.7514,272.4679,308.82428
5132.0,263.45837,192.76071,272.48956,308.84628
5132.5,263.47656,192.76999,272.5112,308.86816
5133.0,263.49484,192.7793,272.53284,308.89017
5133.5,263.51337,192.7886,272.5545,308.91254
5134.0,263.53207,192.79791,272.5762,308.93515
5134.5,263.55063,192.80719,272.5979,308.95764
5135.0,263.56894,192.8164,272.61954,308.97974
5135.5,263.58676,192.8256,272.64108,309.00122
5136.0,263.60425,192.83478,272.6626,309.0222
5136.5,263.62158,192.84389,272.68408,309.04303
5137.0,263.63892,192.853,272.70557,309.06387
5137.5,263.65634,192.86215,272.72705,309.0848
5138.0,263.67377,192.87138,272.7485,309.10562
5138.5,263.69107,192.88069,272.77,309.1261
5139.0,263.7081,192.89008,272.79138,309.14606
5139.5,263.72473,192.8995,272.8127,309.16534
5140.0,263.741,192.90898,272.83395,309.18402
5140.5,263.75696,192.9185,272.85513,309.20227
5141.0,263.77274,192.92807,272.87628,309.22015
5141.5,263.7884,192.93771,272.8974,309.23773
5142.0,263.8018,192.94572,272.91754,309.25272
5142.5,263.81537,192.95428,272.9379,309.26773
5143.0,263.82913,192.96321,272.9583,309.28278
5143.5,263.84323,192.97243,272.97888,309.2981
5144.0,263.85776,192.98186,272.99954,309.31384
5144.5,263.87274,192.99135,273.02036,309.33023
5145.0,263.888,193.00092,273.04126,309.34695
5145.5,263.9032,193.01054,273.06213,309.36356
5146.0,263.91824,193.02025,273.083,309.3799
5146.5,263.9333,193.03,273.10388,309.39627
5147.0,263.94843,193.03981,273.12476,309.4127
5147.5,263.96378,193.0497,273.1457,309.42923
5148.0,263.97928,193.05968,273.1666,309.44583
5148.5,263.99487,193.06964,273.18756,309.46262
5149.0,264.01056,193.07959,273.20856,309.47955
5149.5,264.02615,193.08945,273.22952,309.49655
5150.0,264.04178,193.09924,273.25055,309.5138
5150.5,264.0577,193.10895,273.27164,309.53152
5151.0,264.0739,193.1186,273.2928,309.54974
5151.5,264.09027,193.12823,273.31396,309.56818
5152.0,264.1067,193.13782,273.3351,309.58676
5152.5,264.12326,193.14745,273.3563,309.60544
5153.0,264.13995,193.1571,273.3775,309.6242
5153.5,264.1569,193.16682,273.39868,309.64307
5154.0,264.17416,193.17662,273.41992,309.66223
5154.5,264.1919,193.18643,273.44122,309.68198
5155.0,264.20993,193.19626,273.46255,309.70215
5155.5,264.228,193.2061,273.4839,309.7223
5156.0,264.24597,193.21597,273.50522,309.74225
5156.5,264.26385,193.22589,273.5265,309.76196
5157.0,264.28165,193.23582,273.54776,309.7815
5157.5,264.29932,193.24582,273.569,309.80078
5158.0,264.31702,193.25586,273.59024,309.81998
5158.5,264.33487,193.26598,273.61145,309.83923
5159.0,264.35278,193.27614,273.63266,309.85846
5159.5,264.3706,193.28632,273.6539,309.87753
5160.0,264.38828,193.29648,273.67508,309.89648
5160.5,264.40582,193.3066,273.6963,309.91534
5161.0,264.42334,193.3167,273.71747,309.9343
5161.5,264.44098,193.32683,273.73868,309.95328
5162.0,264.45862,193.33696,273.75986,309.97223
5162.5,264.47604,193.34705,273.781,309.9909
5163.0,264.4933,193.35706,273.80212,310.0095
5163.5,264.5105,193.367,273.82327,310.02826
5164.0,264.5277,193.37686,273.84442,310.04712
5164.5,264.54465,193.38661,273.86557,310.06586
5165.0,264.56122,193.39626,273.88663,310.08432
5165.5,264.57733,193.40579,273.90765,310.1024
5166.0,264.59305,193.41522,273.92865,310.12012
5166.5,264.60852,193.42453,273.9496,310.13776
5167.0,264.62387,193.43376,273.97052,310.15533
5167.5,264.6391,193.44296,273.99142,310.17288
5168.0,264.65414,193.45216,274.0123,310.1902
5168.5,264.66885,193.46136,274.0331,310.2071
5169.0,264.68332,193.47052,274.0539,310.2237
5169.5,264.69775,193.47969,274.07465,310.2403
5170.0,264.71225,193.48888,274.09543,310.2569
5170.5,264.72662,193.49808,274.11618,310.2734
5171.0,264.7409,193.50728,274.1369,310.28973
5171.5,264.75504,193.51645,274.1576,310.30588
5172.0,264.76892,193.52554,274.17825,310.32184
5172.5,264.78256,193.53459,274.19882,310.3375
5173.0,264.79602,193.5436,274.21936,310.35294
5173.5,264.8094,193.55255,274.23984,310.36835
5174.0,264.82275,193.5615,274.26035,310.38373
5174.5,264.83606,193.57042,274.28082,310.39908
5175.0,264.84933,193.57935,274.3013,310.41434
5175.5,264.8625,193.58829,274.32178,310.42947
5176.0,264.87546,193.5972,274.3422,310.44437
5176.5,264.88806,193.60608,274.3625,310.45886
5177.0,264.90048,193.61491,274.38275,310.47314
5177.5,264.91293,193.62367,274.403,310.48758
5178.0,264.92557,193.6324,274.42334,310.50232
5178.5,264.93842,193.64113,274.4437,310.5173
5179.0,264.95142,193.64989,274.46408,310.53244
5179.5,264.96448,193.65872,274.4845,310.5476
5180.0,264.97754,193.66763,274.5049,310.5627
5180.5,264.9906,193.67662,274.5253,310.5777
5181.0,265.0037,193.68567,274.54572,310.59262
5181.5,265.0168,193.69469,274.56616,310.60764
5182.0,265.03,193.70366,274.58658,310.6228
5182.5,265.04327,193.71262,274.60703,310.63803
5183.0,265.05667,193.72157,274.62747,310.6534
5183.5,265.07025,193.73051,274.64798,310.669
5184.0,265.08408,193.73949,274.66852,310.68494
5184.5,265.09824,193.7485,274.68912,310.70123
5185.0,265.11264,193.75757,274.70978,310.7177
5185.5,265.1271,193.76671,274.7304,310.7342
5186.0,265.14163,193.77586,274.7511,310.7507
5186.5,265.15628,193.78505,274.7718,310.76736
5187.0,265.1711,193.79422,274.7925,310.78424
5187.5,265.18616,193.80345,274.81326,310.80133
5188.0,265.2013,193.8127,274.83405,310.81854
5188.5,265.21643,193.82193,274.85486,310.8358
5189.0,265.23148,193.83112,274.8756,310.85306
5189.5,265.24646,193.84021,274.8964,310.8703
5190.0,265.26135,193.84924,274.9171,310.88757
5190.5,265.2762,193.85815,274.93787,310.90494
5191.0,265.29092,193.86696,274.95856,310.92224
5191.5,265.30536,193.87564,274.9792,310.9393
5192.0,265.31952,193.88419,274.99973,310.95615
5192.5,265.3335,193.8926,275.02017,310.9729
5193.0,265.34735,193.90088,275.0406,310.98956
5193.5,265.36096,193.90903,275.06088,311.00607
5194.0,265.3745,193.9171,275.08118,311.02252
5194.5,265.38812,193.92517,275.10147,311.0391
5195.0,265.40186,193.93329,275.1218,311.0558
5195.5,265.41562,193.94147,275.14218,311.07245
5196.0,265.42947,193.94975,275.16257,311.08914
5196.5,265.4435,193.95815,275.18304,311.106
5197.0,265.45773,193.96658,275.20355,311.123
5197.5,265.472,193.97504,275.22406,311.14008
5198.0,265.48642,193.98344,275.24463,311.1574
5198.5,265.5012,193.9918,275.26523,311.17538
5199.0,265.51624,194.00009,275.28592,311.1938
5199.5,265.53125,194.00829,275.30655,311.21228
5200.0,265.54623,194.0164,275.32715,311.23077
5200.5,265.5612,194.02448,275.34775,311.2493
5201.0,265.57608,194.03253,275.36832,311.2678
5201.5,265.5909,194.04056,275.38885,311.2862
5202.0,265.60568,194.04858,275.4094,311.3045
5202.5,265.62048,194.05655,275.4299,311.32285
5203.0,265.63535,194.06447,275.4504,311.34137
5203.5,265.65045,194.07242,275.47098,311.36023
5204.0,265.6658,194.08038,275.4916,311.3794
5204.5,265.6814,194.0884,275.5123,311.399
5205.0,265.6973,194.09645,275.53305,311.4189
5205.5,265.71344,194.10458,275.5539,311.43918
5206.0,265.72968,194.11275,275.57477,311.4595
5206.5,265.74585,194.12097,275.59558,311.47968
5207.0,265.76184,194.12921,275.6164,311.49945
5207.5,265.77756,194.13754,275.63718,311.5188
5208.0,265.793,194.14594,275.6579,311.53763
5208.5,265.80817,194.15437,275.67856,311.55594
5209.0,265.823,194.16284,275.6992,311.5738
5209.5,265.83762,194.17133,275.71973,311.59128
5210.0,265.852,194.17984,275.74023,311.6084
5210.5,265.866,194.18834,275.76068,311.62503
5211.0,265.8797,194.19684,275.78104,311.64124
5211.5,265.8932,194.20532,275.80133,311.6571
5212.0,265.9064,194.21379,275.82156,311.6727
5212.5,265.9194,194.2223,275.84177,311.6879
5213.0,265.93225,194.23087,275.86194,311.70285
5213.5,265.94516,194.23944,275.8821,311.71783
5214.0,265.95816,194.248,275.90228,311.73297
5214.5,265.97134,194.25652,275.92252,311.7484
5215.0,265.98465,194.26497,275.94275,311.76404
5215.5,265.99796,194.2734,275.96298,311.7797
5216.0,266.0112,194.28181,275.98315,311.79526
5216.5,266.02423,194.29015,276.0033,311.81064
5217.0,266.03714,194.2984,276.02338,311.82593
5217.5,266.0501,194.30656,276.04343,311.8414
5218.0,266.06305,194.31462,276.06348,311.8569
5218.5,266.07574,194.32257,276.08337,311.87216
5219.0,266.0881,194.33044,276.10315,311.88696
5219.5,266.09998,194.3383,276.12277,311.90112
5220.0,266.11142,194.34618,276.14233,311.9147
5220.5,266.1226,194.35411,276.16183,311.92786
5221.0,266.1336,194.36212,276.1813,311.94073
5221.5,266.14444,194.3702,276.20078,311.95337
5222.0,266.1553,194.37831,276.22025,311.96597
5222.5,266.1663,194.38643,276.23978,311.97876
5223.0,266.17737,194.3945,276.2593,311.99173
5223.5,266.1884,194.40256,276.2788,312.00458
5224.0,266.19922,194.41054,276.29825,312.0172
5224.5,266.2097,194.41847,276.31754,312.02942
5225.0,266.21985,194.42633,276.33673,312.04123
5225.5,266.22968,194.4342,276.35583,312.0526
5226.0,266.23926,194.44206,276.37488,312.06363
5226.5,266.24872,194.44992,276.39383,312.07446
5227.0,266.25803,194.45776,276.41275,312.08517
5227.5,266.26724,194.46562,276.43164,312.09573
5228.0,266.27637,194.4735,276.4505,312.10617
5228.5,266.28543,194.48132,276.4693,312.11652
5229.0,266.2945,194.48909,276.4881,312.12692
5229.5,266.30377,194.49673,276.50687,312.13763
5230.0,266.31335,194.50426,276.52563,312.1488
5230.5,266.32336,194.51167,276.54446,312.16064
5231.0,266.33368,194.51901,276.56335,312.17294
5231.5,266.34396,194.5263,276.5822,312.1852
5232.0,266.35416,194.53357,276.601,312.19733
5232.5,266.36414,194.54076,276.6197,312.2092
5233.0,266.37405,194.54785,276.6383,312.22095
5233.5,266.38394,194.5549,276.65683,312.23273
5234.0,266.39374,194.5619,276.67535,312.2444
5234.5,266.40326,194.56892,276.69376,312.25568
5235.0,266.41254,194.57593,276.7121,312.26663
5235.5,266.4218,194.58289,276.73038,312.2776
5236.0,266.43115,194.58975,276.7486,312.2886
5236.5,266.44046,194.59651,276.7667,312.29968
5237.0,266.4497,194.60318,276.78467,312.31064
5237.5,266.45883,194.60983,276.80255,312.3214
5238.0,266.4679,194.6165,276.82043,312.3321
5238.5,266.47693,194.6232,276.83838,312.34277
5239.0,266.4861,194.62991,276.85632,312.35358
5239.5,266.49545,194.63657,276.87427,312.3647
5240.0,266.50494,194.64313,276.89215,312.37598
5240.5,266.51453,194.64961,276.90994,312.38736
5241.0,266.52423,194.65602,276.9277,312.39896
5241.5,266.53427,194.66243,276.94556,312.41107
5242.0,266.54456,194.66882,276.9635,312.42352
5242.5,266.55484,194.67519,276.9814,312.43597
5243.0,266.5651,194.68153,276.9993,312.44836
5243.5,266.57538,194.68793,277.01727,312.46082
5244.0,266.5858,194.69435,277.03534,312.47342
5244.5,266.59622,194.70076,277.05338,312.4861
5245.0,266.6067,194.7071,277.07135,312.4988
5245.5,266.6171,194.71342,277.08926,312.51147
5246.0,266.62738,194.71971,277.1071,312.52393
5246.5,266.63742,194.72595,277.12473,312.53598
5247.0,266.64722,194.73221,277.14233,312.54767
5247.5,266.65683,194.73851,277.15994,312.55914
5248.0,266.66617,194.7449,277.17758,312.57025
5248.5,266.67508,194.75136,277.19513,312.58072
5249.0,266.68378,194.7579,277.2127,312.59085
5249.5,266.6925,194.76456,277.2304,312.60104
5250.0,266.70148,194.77126,277.24823,312.61154
5250.5,266.71085,194.77792,277.2661,312.62262
5251.0,266.72043,194.78455,277.28403,312.63397
5251.5,266.7299,194.79109,277.30185,312.6452
5252.0,266.73904,194.79758,277.3195,312.656
5252.5,266.74783,194.80403,277.337,312.66626
5253.0,266.7562,194.81047,277.35437,312.67596
5253.5,266.7642,194.81683,277.3715,312.68512
5254.0,266.772,194.82312,277.3885,312.69406
5254.5,266.77994,194.82935,277.40543,312.70322
5255.0,266.7881,194.83553,277.4224,312.71262
5255.5,266.79648,194.84169,277.4394,312.72235
5256.0,266.80496,194.84782,277.4564,312.7322
5256.5,266.8134,194.85391,277.47318,312.74185
5257.0,266.82156,194.86005,277.4897,312.75092
5257.5,266.8295,194.86623,277.50598,312.75946
5258.0,266.83743,194.87242,277.5222,312.76785
5258.5,266.8457,194.87863,277.53854,312.7768
5259.0,266.8543,194.88483,277.55508,312.78625
5259.5,266.86313,194.891,277.5718,312.79617
5260.0,266.87195,194.89719,277.58862,312.8062
5260.5,266.88058,194.90335,277.60538,312.81598
5261.0,266.88898,194.9095,277.62204,312.8254
5261.5,266.89722,194.91563,277.63876,312.83487
5262.0,266.90533,194.92178,277.65558,312.84415
5262.5,266.91324,194.92795,277.6724,312.8532
5263.0,266.92096,194.93411,277.68912,312.862
5263.5,266.92847,194.94022,277.70566,312.87048
5264.0,266.93567,194.94627,277.72202,312.87845
5264.5,266.94266,194.95235,277.73822,312.8861
5265.0,266.9496,194.9584,277.75446,312.89374
5265.5,266.95654,194.96446,277.77078,312.90146
5266.0,266.96344,194.9706,277.78717,312.9091
5266.5,266.9701,194.9768,277.8036,312.91647
5267.0,266.97647,194.98314,277.82,312.92343
5267.5,266.98254,194.98964,277.83646,312.92993
5268.0,266.9884,194.99628,277.853,312.9361
5268.5,266.99423,195.00302,277.86957,312.94223
5269.0,267.00018,195.00983,277.8863,312.94855
5269.5,267.00644,195.01662,277.9031,312.95526
5270.0,267.0129,195.02335,277.91992,312.96228
5270.5,267.0194,195.03003,277.93674,312.9694
5271.0,267.0259,195.03664,277.9535,312.9765
5271.5,267.03244,195.0431,277.97006,312.98358
5272.0,267.03897,195.04948,277.9865,312.99072
5272.5,267.04562,195.05582,278.003,312.99805
5273.0,267.0524,195.06218,278.01962,313.00555
5273.5,267.0594,195.0686,278.0364,313.0133
5274.0,267.06647,195.0751,278.05334,313.02124
5274.5,267.07367,195.08167,278.07034,313.02936
5275.0,267.08102,195.08823,278.08746,313.0377
5275.5,267.08862,195.09479,278.1046,313.04633
5276.0,267.0965,195.1013,278.1218,313.05533
5276.5,267.1046,195.10773,278.139,313.06464
5277.0,267.11295,195.11412,278.1562,313.0743
5277.5,267.12155,195.12053,278.17346,313.08432
5278.0,267.13052,195.12697,278.1909,313.09482
5278.5,267.13995,195.13345,278.20853,313.10596
5279.0,267.14972,195.14,278.2263,313.11755
5279.5,267.15964,195.14655,278.24408,313.1293
5280.0,267.16965,195.15309,278.2619,313.14124
5280.5,267.17993,195.15968,278.27985,313.15356
5281.0,267.1905,195.16632,278.29794,313.16626
5281.5,267.2014,195.17302,278.3162,313.17938
5282.0,267.2126,195.17973,278.33456,313.19293
5282.5,267.22415,195.18648,278.35306,313.20706
5283.0,267.23596,195.19324,278.3717,313.22156
5283.5,267.24792,195.20003,278.39035,313.23618
5284.0,267.2599,195.20683,278.4091,313.2509
5284.5,267.27188,195.2137,278.42783,313.26556
5285.0,267.28378,195.22061,278.44662,313.2801
5285.5,267.29553,195.22751,278.46533,313.29437
5286.0,267.3071,195.23438,278.48395,313.30844
5286.5,267.31854,195.24115,278.50247,313.3223
5287.0,267.32977,195.24786,278.5208,313.3359
5287.5,267.34067,195.25453,278.53903,313.349
5288.0,267.35138,195.26117,278.55716,313.36185
5288.5,267.36215,195.26779,278.5753,313.37482
5289.0,267.37292,195.27438,278.59335,313.3878
5289.5,267.38345,195.28091,278.61127,313.40042
5290.0,267.3937,195.28735,278.62897,313.41263
5290.5,267.40372,195.29369,278.64648,313.42453
5291.0,267.41348,195.29994,278.6638,313.43604
5291.5,267.423,195.30617,278.681,313.44724
5292.0,267.43234,195.31238,278.69815,313.4582
5292.5,267.44156,195.31859,278.71527,313.46896
5293.0,267.45056,195.3248,278.73236,313.47943
5293.5,267.4592,195.331,278.74927,313.48944
5294.0,267.46762,195.33714,278.7661,313.49915
5294.5,267.476,195.34328,278.78293,313.50876
5295.0,267.48447,195.3494,278.7997,313.51852
5295.5,267.4931,195.35545,278.81644,313.52847
5296.0,267.50177,195.3615,278.8331,313.53842
5296.5,267.51035,195.36755,278.8498,313.54828
5297.0,267.51886,195.37367,278.86658,313.55807
5297.5,267.5274,195.37988,278.88345,313.5679
5298.0,267.53586,195.3862,278.90045,313.57764
5298.5,267.5441,195.39267,278.91754,313.58704
5299.0,267.55203,195.39923,278.93463,313.59598
5299.5,267.55954,195.40582,278.9516,313.60437
5300.0,267.5668,195.41241,278.96844,313.61243
5300.5,267.574,195.41899,278.9853,313.62042
5301.0,267.58115,195.4256,279.0021,313.62833
5301.5,267.5881,195.43227,279.01895,313.63596
5302.0,267.595,195.43903,279.03586,313.64346
5302.5,267.602,195.44588,279.0529,313.6511
5303.0,267.60913,195.45285,279.0701,313.6589
5303.5,267.61642,195.45995,279.08743,313.6669
5304.0,267.62384,195.46713,279.1049,313.67502
5304.5,267.63144,195.47438,279.12244,313.68335
5305.0,267.6392,195.48166,279.14008,313.69186
5305.5,267.64706,195.48904,279.1578,313.70056
5306.0,267.65512,195.4965,279.17566,313.7094
5306.5,267.6633,195.50407,279.1936,313.7184
5307.0,267.6717,195.51166,279.2116,313.7277
5307.5,267.68036,195.51924,279.2297,313.73734
5308.0,267.68918,195.52682,279.24786,313.74722
5308.5,267.69794,195.53448,279.26602,313.75696
5309.0,267.70663,195.54224,279.28424,313.7666
5309.5,267.71536,195.55011,279.3025,313.77625
5310.0,267.72415,195.55803,279.3208,313.78592
5310.5,267.73306,195.56598,279.33914,313.7957
5311.0,267.742,195.57388,279.35748,313.80554
5311.5,267.75095,195.58179,279.37582,313.81546
5312.0,267.76007,195.58965,279.3942,313.82562
5312.5,267.76947,195.59746,279.41266,313.83618
5313.0,267.7794,195.6052,279.4312,313.8474
5313.5,267.78986,195.61282,279.44986,313.85947
5314.0,267.8009,195.62033,279.46866,313.87244
5314.5,267.81253,195.62772,279.48755,313.8863
5315.0,267.82455,195.63501,279.50647,313.9007
5315.5,267.83667,195.64227,279.5254,313.91528
5316.0,267.84885,195.64958,279.54434,313.92993
5316.5,267.86124,195.65695,279.5634,313.9448
5317.0,267.87366,195.66438,279.58246,313.95966
5317.5,267.88596,195.67181,279.60147,313.97437
5318.0,267.89798,195.67924,279.62042,313.9887
5318.5,267.9097,195.68665,279.63928,314.0026
5319.0,267.92102,195.694,279.65796,314.01596
5319.5,267.93198,195.70128,279.6765,314.02884
5320.0,267.94263,195.70847,279.6949,314.0413
5320.5,267.95294,195.71556,279.7131,314.05334
5321.0,267.96292,195.7226,279.73117,314.06497
5321.5,267.97256,195.72964,279.74915,314.0761
5322.0,267.98187,195.73672,279.7671,314.08682
5322.5,267.99103,195.74384,279.78497,314.09726
5323.0,267.9999,195.75093,279.80276,314.10736
5323.5,268.00845,195.75797,279.82043,314.11703
5324.0,268.0166,195.76495,279.83795,314.12616
5324.5,268.02438,195.77199,279.85538,314.13477
5325.0,268.03183,195.77905,279.87265,314.1429
5325.5,268.03903,195.78609,279.88983,314.15073
5326.0,268.04614,195.79306,279.90692,314.15842
5326.5,268.05338,195.79996,279.92398,314.16632
5327.0,268.0608,195.80682,279.9411,314.1745
5327.5,268.06848,195.81372,279.9583,314.183
5328.0,268.07626,195.82068,279.97562,314.19162
5328.5,268.08392,195.82776,279.99295,314.20007
5329.0,268.09146,195.83496,280.0103,314.20828
5329.5,268.09894,195.84224,280.0277,314.21637
5330.0,268.1063,195.84958,280.04504,314.2243
5330.5,268.11356,195.85693,280.06238,314.23203
5331.0,268.12064,195.86432,280.07965,314.2396
5331.5,268.12766,195.8717,280.0969,314.247
5332.0,268.13474,195.87907,280.11414,314.25452
5332.5,268.1421,195.88637,280.13147,314.26245
5333.0,268.14966,195.89362,280.1489,314.27072
5333.5,268.15735,195.9008,280.16632,314.27914
5334.0,268.16522,195.90799,280.18378,314.28784
5334.5,268.17343,195.91512,280.20135,314.297
5335.0,268.18207,195.92218,280.21902,314.3067
5335.5,268.19116,195.9292,280.2368,314.3171
5336.0,268.20074,195.93611,280.25464,314.32828
5336.5,268.211,195.94293,280.2726,314.3403
5337.0,268.22168,195.94963,280.2906,314.35303
5337.5,268.23257,195.95624,280.30856,314.36612
5338.0,268.24365,195.96275,280.32645,314.3794
5338.5,268.2548,195.96924,280.3443,314.39282
5339.0,268.2659,195.97572,280.36212,314.4062
5339.5,268.27676,195.98222,280.37988,314.4192
5340.0,268.28732,195.98871,280.39755,314.43173
5340.5,268.2976,195.9951,280.41504,314.4439
5341.0,268.30765,196.0014,280.4323,314.45572
5341.5,268.31757,196.00761,280.44943,314.46735
5342.0,268.32742,196.01373,280.46643,314.47897
5342.5,268.3374,196.01978,280.48337,314.49072
5343.0,268.3476,196.02579,280.5003,314.50275
5343.5,268.35803,196.0318,280.51736,314.51517
5344.0,268.36877,196.03781,280.53452,314.528
5344.5,268.3797,196.04387,280.5518,314.54114
5345.0,268.39084,196.04996,280.56918,314.55466
5345.5,268.4023,196.05609,280.5867,314.5686
5346.0,268.41403,196.06227,280.60434,314.58292
5346.5,268.42593,196.06848,280.62204,314.59747
5347.0,268.4379,196.07474,280.63986,314.61218
5347.5,268.4499,196.08109,280.65778,314.62686
5348.0,268.46185,196.08752,280.67578,314.64145
5348.5,268.47372,196.09401,280.6938,314.6559
5349.0,268.4855,196.10056,280.71185,314.6702
5349.5,268.4972,196.10718,280.72995,314.68436
5350.0,268.50885,196.1139,280.7481,314.6984
5350.5,268.52048,196.12076,280.76636,314.71228
5351.0,268.5319,196.12769,280.78467,314.7259
5351.5,268.54297,196.13464,280.80286,314.739
5352.0,268.55386,196.14159,280.82104,314.75186
5352.5,268.56485,196.14853,280.83923,314.76483
5353.0,268.57584,196.15546,280.85742,314.77783
5353.5,268.58664,196.16232,280.87552,314.7906
5354.0,268.59714,196.1691,280.89343,314.80292
5354.5,268.6072,196.17578,280.91113,314.81467
5355.0,268.61676,196.18233,280.92853,314.8257
5355.5,268.6257,196.1887,280.9455,314.83585
5356.0,268.63406,196.19492,280.96207,314.8452
5356.5,268.64203,196.20102,280.9783,314.85406
5357.0,268.64963,196.207,280.99423,314.8623
5357.5,268.65674,196.21297,281.00992,314.86984
5358.0,268.6633,196.219,281.02524,314.87646
5358.5,268.66922,196.22507,281.04016,314.88196
5359.0,268.67456,196.23123,281.05463,314.88632
5359.5,268.6793,196.23747,281.06857,314.8894
5360.0,268.68365,196.24374,281.08215,314.89172
5360.5,268.68814,196.25002,281.09576,314.8942
5361.0,268.69296,196.25626,281.10962,314.8973
5361.5,268.69812,196.26242,281.12384,314.90118
5362.0,268.70352,196.26852,281.13834,314.9057
5362.5,268.70892,196.2746,281.15308,314.9105
5363.0,268.7142,196.2807,281.16797,314.91528
5363.5,268.71933,196.28685,281.18292,314.91992
5364.0,268.7242,196.29308,281.19794,314.9243
5364.5,268.72876,196.29944,281.213,314.92828
5365.0,268.73315,196.3059,281.22818,314.9321
5365.5,268.73755,196.31236,281.2434,314.93597
5366.0,268.7421,196.31885,281.25867,314.94003
5366.5,268.74686,196.3254,281.27414,314.9444
5367.0,268.75168,196.33203,281.2897,314.94888
5367.5,268.75647,196.33873,281.3053,314.95334
5368.0,268.7612,196.34549,281.32098,314.95767
5368.5,268.7659,196.3524,281.3367,314.9619
5369.0,268.77045,196.35945,281.3525,314.96594
5369.5,268.77472,196.36668,281.36832,314.96954
5370.0,268.77878,196.37405,281.38412,314.97284
5370.5,268.7828,196.38152,281.4,314.976
5371.0,268.78683,196.38896,281.41583,314.97925
5371.5,268.7909,196.39633,281.43167,314.9825
5372.0,268.79504,196.40361,281.44748,314.98593
5372.5,268.79938,196.41084,281.46335,314.98965
5373.0,268.80383,196.41805,281.47925,314.99356
5373.5,268.8083,196.42525,281.49518,314.99747
5374.0,268.81274,196.43246,281.5111,315.00134
5374.5,268.8172,196.43974,281.52707,315.00522
5375.0,268.82162,196.44708,281.54303,315.009
5375.5,268.82596,196.45453,281.55905,315.01263
5376.0,268.83017,196.46205,281.575,315.01605
5376.5,268.83414,196.46964,281.5909,315.01917
5377.0,268.8379,196.47725,281.60675,315.02194
5377.5,268.8415,196.48485,281.6225,315.0245
5378.0,268.84476,196.49246,281.63815,315.0267
5378.5,268.84766,196.50015,281.65366,315.0283
5379.0,268.85025,196.50795,281.66913,315.02945
5379.5,268.85278,196.51585,281.68457,315.03046
5380.0,268.85526,196.52388,281.70004,315.03128
5380.5,268.85764,196.53195,281.71545,315.03195
5381.0,268.8598,196.54002,281.7308,315.03235
5381.5,268.86166,196.54805,281.74606,315.03232
5382.0,268.86316,196.55605,281.76114,315.0319
5382.5,268.86438,196.56398,281.77612,315.03116
5383.0,268.8654,196.57193,281.79102,315.0301
5383.5,268.86618,196.57993,281.80585,315.02872
5384.0,268.86685,196.58806,281.82065,315.027
5384.5,268.8675,196.59634,281.83545,315.02515
5385.0,268.86816,196.6047,281.85022,315.02313
5385.5,268.86887,196.61308,281.86502,315.02115
5386.0,268.86963,196.62144,281.87985,315.01935
5386.5,268.87048,196.62975,281.8947,315.01776
5387.0,268.8715,196.63799,281.90964,315.01645
5387.5,268.87274,196.64622,281.92462,315.01544
5388.0,268.87405,196.65448,281.93964,315.0145
5388.5,268.87518,196.66283,281.9546,315.01324
5389.0,268.87628,196.67119,281.9695,315.0119
5389.5,268.87756,196.67949,281.98453,315.01093
5390.0,268.87903,196.68773,281.99957,315.01022
5390.5,268.8805,196.69598,282.01462,315.0095
5391.0,268.88196,196.70427,282.02966,315.0088
5391.5,268.8836,196.71252,282.04477,315.0083
5392.0,268.88553,196.72069,282.05997,315.0083
5392.5,268.88782,196.72868,282.07523,315.00888
5393.0,268.8903,196.73654,282.09058,315.00986
5393.5,268.8928,196.74434,282.10587,315.0109
5394.0,268.89532,196.75208,282.1212,315.012
5394.5,268.89792,196.75972,282.13647,315.01328
5395.0,268.90057,196.7673,282.15173,315.0147
5395.5,268.90332,196.77489,282.16705,315.01624
5396.0,268.9062,196.7825,282.1824,315.01785
5396.5,268.9092,196.79018,282.19785,315.01968
5397.0,268.9124,196.7979,282.21338,315.02173
5397.5,268.9158,196.80556,282.22894,315.02408
5398.0,268.91934,196.81313,282.2445,315.02667
5398.5,268.923,196.82053,282.26004,315.02945
5399.0,268.9268,196.82777,282.2755,315.0325
5399.5,268.93082,196.83487,282.29095,315.03595
5400.0,268.93503,196.84181,282.30637,315.03967
5400.5,268.93933,196.8486,282.32166,315.0435
5401.0,268.94363,196.85526,282.3368,315.0473
5401.5,268.94788,196.86186,282.3519,315.0511
5402.0,268.95218,196.86844,282.367,315.05496
5402.5,268.9568,196.87502,282.38226,315.05927
5403.0,268.96176,196.8816,282.39774,315.0641
5403.5,268.9672,196.88821,282.41342,315.06958
5404.0,268.97314,196.89482,282.42935,315.07574
5404.5,268.97955,196.90138,282.44543,315.08264
5405.0,268.98624,196.90788,282.46158,315.0899
5405.5,268.9929,196.91432,282.47763,315.09714
5406.0,268.99948,196.92072,282.49365,315.1043
5406.5,269.0061,196.92712,282.50967,315.11148
5407.0,269.01266,196.93355,282.52563,315.11856
5407.5,269.01892,196.93996,282.5415,315.12527
5408.0,269.025,196.9464,282.55725,315.13165
5408.5,269.03094,196.95291,282.57303,315.13788
5409.0,269.03693,196.9595,282.5889,315.14413
5409.5,269.043,196.9661,282.60477,315.15048
5410.0,269.04907,196.97267,282.6206,315.15686
5410.5,269.05508,196.97917,282.6364,315.16315
5411.0,269.0609,196.98567,282.6521,315.16922
5411.5,269.0665,196.9922,282.6677,315.17493
5412.0,269.07187,196.99878,282.6833,315.1803
5412.5,269.0771,197.00542,282.69888,315.1855
5413.0,269.08212,197.0121,282.71442,315.1904
5413.5,269.08685,197.01889,282.72992,315.19485
5414.0,269.09125,197.02579,282.7454,315.1989
5414.5,269.09543,197.03282,282.76083,315.20255
5415.0,269.09952,197.03993,282.7763,315.2061
5415.5,269.1038,197.04703,282.79184,315.20984
5416.0,269.1081,197.05405,282.8073,315.2137
5416.5,269.11227,197.06102,282.8227,315.21738
5417.0,269.11636,197.06793,282.838,315.22092
5417.5,269.1205,197.07483,282.85333,315.22458
5418.0,269.12466,197.08174,282.86862,315.22824
5418.5,269.12872,197.08867,282.8839,315.23178
5419.0,269.13266,197.09563,282.89914,315.2351
5419.5,269.13644,197.10263,282.91434,315.23825
5420.0,269.14017,197.10965,282.9295,315.2413
5420.5,269.14395,197.11668,282.94473,315.24445
5421.0,269.14795,197.12369,282.96002,315.24786
5421.5,269.15222,197.13058,282.97537,315.25177
5422.0,269.1567,197.13737,282.99072,315.2559
5422.5,269.16116,197.14406,283.00592,315.26
5423.0,269.16547,197.1506,283.02097,315.26395
5423.5,269.16962,197.15704,283.03577,315.2676
5424.0,269.17365,197.16331,283.05032,315.2711
5424.5,269.1776,197.16946,283.06458,315.27435
5425.0,269.18167,197.17552,283.07867,315.2777
5425.5,269.1862,197.18152,283.0929,315.28165
5426.0,269.19095,197.18747,283.10724,315.28598
5426.5,269.19562,197.19344,283.1215,315.29022
5427.0,269.20016,197.19939,283.13562,315.29416
5427.5,269.2046,197.20535,283.14966,315.29797
5428.0,269.20908,197.2113,283.1637,315.3018
5428.5,269.21378,197.21722,283.17773,315.30588
5429.0,269.21866,197.22313,283.19183,315.31024
5429.5,269.22366,197.22903,283.20602,315.31482
5430.0,269.2287,197.23492,283.22025,315.31946
5430.5,269.23364,197.24081,283.23434,315.3239
5431.0,269.2384,197.24672,283.24835,315.32806
5431.5,269.2429,197.25262,283.26227,315.33185
5432.0,269.24704,197.25858,283.2761,315.33517
5432.5,269.2508,197.26456,283.2898,315.338
5433.0,269.25424,197.27054,283.3033,315.34033
5433.5,269.25735,197.27652,283.31656,315.34207
5434.0,269.26028,197.2825,283.3296,315.34338
5434.5,269.26318,197.28848,283.3425,315.34457
5435.0,269.26633,197.29445,283.35553,315.3461
5435.5,269.26993,197.30037,283.36884,315.34842
5436.0,269.274,197.30626,283.3824,315.35147
5436.5,269.27832,197.31213,283.396,315.35486
5437.0,269.2829,197.31801,283.4096,315.3585
5437.5,269.28772,197.32385,283.42334,315.3625
5438.0,269.29282,197.3297,283.4373,315.367
5438.5,269.29813,197.33557,283.45154,315.372
5439.0,269.30362,197.34146,283.46603,315.37744
5439.5,269.3093,197.34737,283.48062,315.3831
5440.0,269.31494,197.35329,283.49527,315.38876
5440.5,269.3205,197.35924,283.50992,315.39432
5441.0,269.32596,197.36526,283.52466,315.39978
5441.5,269.3314,197.37137,283.53955,315.40527
5442.0,269.33698,197.37755,283.55463,315.41098
5442.5,269.34283,197.38373,283.56985,315.4171
5443.0,269.34894,197.38991,283.58524,315.42365
5443.5,269.35516,197.39612,283.60074,315.43033
5444.0,269.3616,197.40237,283.61636,315.43735
5444.5,269.36847,197.40865,283.6322,315.4449
5445.0,269.3756,197.41496,283.6482,315.45288
5445.5,269.38293,197.42133,283.66428,315.4611
5446.0,269.39044,197.42776,283.68048,315.4695
5446.5,269.3982,197.4343,283.69687,315.47824
5447.0,269.40628,197.44092,283.71344,315.48743
5447.5,269.4148,197.44757,283.73016,315.49716
5448.0,269.4237,197.45427,283.74704,315.50735
5448.5,269.43286,197.46098,283.76404,315.51797
5449.0,269.44208,197.4677,283.781,315.52866
5449.5,269.45114,197.47441,283.79794,315.5391
5450.0,269.45993,197.48112,283.8148,315.5492
5450.5,269.46848,197.48785,283.83157,315.55893
5451.0,269.47687,197.49461,283.84833,315.56845
5451.5,269.48523,197.5014,283.86508,315.57794
5452.0,269.49353,197.50818,283.88187,315.58734
5452.5,269.50165,197.51497,283.89856,315.59647
5453.0,269.5095,197.52173,283.9151,315.60522
5453.5,269.517,197.52849,283.93155,315.61353
5454.0,269.5241,197.53523,283.9478,315.62134
5454.5,269.5309,197.54193,283.9639,315.62872
5455.0,269.5375,197.54857,283.97986,315.6358
5455.5,269.54404,197.55515,283.99576,315.64282
5456.0,269.55048,197.5617,284.0116,315.64972
5456.5,269.55673,197.5683,284.02737,315.65637
5457.0,269.56296,197.57492,284.04318,315.66293
5457.5,269.5693,197.58156,284.059,315.66968
5458.0,269.57587,197.58815,284.07486,315.67673
5458.5,269.5827,197.5947,284.09082,315.68417
5459.0,269.58994,197.60118,284.10684,315.6922
5459.5,269.5977,197.60757,284.123,315.70093
5460.0,269.60587,197.61383,284.1392,315.7103
5460.5,269.61444,197.61993,284.15533,315.7202
5461.0,269.62326,197.62587,284.17136,315.73044
5461.5,269.63223,197.63165,284.18726,315.74094
5462.0,269.64148,197.63731,284.2031,315.75177
5462.5,269.6511,197.64293,284.21896,315.76315
5463.0,269.66095,197.64851,284.23486,315.7748
5463.5,269.67078,197.6541,284.2507,315.7864
5464.0,269.68045,197.65965,284.2665,315.79782
5464.5,269.68994,197.66522,284.2823,315.809
5465.0,269.69916,197.67079,284.298,315.81982
5465.5,269.70807,197.67644,284.31372,315.8302
5466.0,269.71677,197.68219,284.3295,315.8403
5466.5,269.72552,197.688,284.3454,315.8505
5467.0,269.73447,197.69386,284.36142,315.861
5467.5,269.7438,197.69969,284.37747,315.87198
5468.0,269.75354,197.70549,284.39365,315.88354
5468.5,269.7637,197.71133,284.40997,315.89572
5469.0,269.77423,197.71722,284.42648,315.9084
5469.5,269.78494,197.72318,284.44308,315.92133
5470.0,269.79572,197.72916,284.45975,315.93427
5470.5,269.80627,197.73517,284.4764,315.94702
5471.0,269.81674,197.74118,284.49307,315.9595
5471.5,269.8271,197.7472,284.50967,315.97186
5472.0,269.83737,197.75319,284.52628,315.9842
5472.5,269.84763,197.75922,284.5429,315.99643
5473.0,269.85773,197.76527,284.55954,316.00842
5473.5,269.86746,197.77144,284.57617,316.01996
5474.0,269.87692,197.77766,284.59277,316.03104
5474.5,269.88617,197.78389,284.60928,316.04184
5475.0,269.89542,197.79007,284.62576,316.0526
5475.5,269.9048,197.79619,284.6422,316.0636
5476.0,269.9144,197.80226,284.65866,316.07492
5476.5,269.92426,197.80829,284.67517,316.0866
5477.0,269.93433,197.8143,284.69168,316.09854
5477.5,269.94446,197.8203,284.70822,316.1106
5478.0,269.95474,197.82626,284.72476,316.12292
5478.5,269.96533,197.83218,284.7413,316.13565
5479.0,269.9761,197.83801,284.75778,316.14862
5479.5,269.9869,197.84375,284.7741,316.16162
5480.0,269.99765,197.84941,284.7903,316.1745
5480.5,270.00827,197.85506,284.8064,316.18723
5481.0,270.01895,197.86069,284.82254,316.20007
5481.5,270.02985,197.86638,284.8388,316.21317
5482.0,270.04083,197.87213,284.85526,316.2265
5482.5,270.05194,197.87791,284.8718,316.24
5483.0,270.06308,197.88374,284.8884,316.25348
5483.5,270.0741,197.88963,284.9051,316.2668
5484.0,270.0849,197.89561,284.9218,316.27982
5484.5,270.09534,197.90172,284.93854,316.29224
5485.0,270.10532,197.90794,284.95526,316.30402
5485.5,270.11487,197.91432,284.972,316.3152
5486.0,270.12405,197.92084,284.98868,316.32574
5486.5,270.1328,197.92746,285.0053,316.33572
5487.0,270.14124,197.93419,285.02188,316.34515
5487.5,270.14917,197.94096,285.0383,316.35394
5488.0,270.15677,197.94781,285.05463,316.36218
5488.5,270.164,197.95474,285.07083,316.36993
5489.0,270.17105,197.96173,285.087,316.37738
5489.5,270.17807,197.96877,285.1032,316.38477
5490.0,270.18497,197.97581,285.11935,316.39203
5490.5,270.19165,197.98283,285.13538,316.39896
5491.0,270.19794,197.98979,285.15118,316.40536
5491.5,270.20374,197.9967,285.16678,316.4111
5492.0,270.2091,198.00357,285.18222,316.41632
5492.5,270.2142,198.0105,285.19754,316.42114
5493.0,270.21918,198.01747,285.21286,316.42578
5493.5,270.22418,198.02457,285.22827,316.4304
5494.0,270.22922,198.03171,285.2437,316.435
5494.5,270.2342,198.03888,285.25916,316.43954
5495.0,270.23923,198.04602,285.2746,316.44415
5495.5,270.2445,198.0531,285.2901,316.44913
5496.0,270.2501,198.0601,285.30566,316.4546
5496.5,270.25598,198.06702,285.32132,316.4605
5497.0,270.26236,198.07382,285.3371,316.46713
5497.5,270.2693,198.08047,285.353,316.47455
5498.0,270.2767,198.087,285.369,316.4827
5498.5,270.28445,198.09343,285.385,316.49133
5499.0,270.29233,198.09976,285.401,316.50015
5499.5,270.30002,198.10606,285.4169,316.50876
5500.0,270.30762,198.11234,285.43277,316.5172
5500.5,270.3152,198.11853,285.44852,316.52567
5501.0,270.32275,198.12465,285.4642,316.53412
5501.5,270.33023,198.1307,285.47983,316.54245
5502.0,270.33762,198.13672,285.49536,316.55063
5502.5,270.3448,198.1427,285.51074,316.55856
5503.0,270.3518,198.14864,285.52606,316.56625
5503.5,270.35867,198.15456,285.5413,316.5738
5504.0,270.36554,198.16048,285.55652,316.58124
5504.5,270.37238,198.16644,285.5718,316.58875
5505.0,270.37918,198.17247,285.58713,316.59616
5505.5,270.38577,198.17862,285.60245,316.60324
5506.0,270.39203,198.1849,285.61777,316.60983
5506.5,270.3979,198.19128,285.63293,316.61588
5507.0,270.4035,198.19768,285.64804,316.62155
5507.5,270.40912,198.20401,285.66306,316.6272
5508.0,270.41483,198.21028,285.67804,316.63303
5508.5,270.42078,198.21649,285.69308,316.63922
5509.0,270.42694,198.22266,285.70816,316.64566
5509.5,270.43317,198.2288,285.72327,316.6522
5510.0,270.43942,198.23495,285.73834,316.65878
5510.5,270.44577,198.2411,285.75348,316.6655
5511.0,270.45206,198.24725,285.76862,316.67215
5511.5,270.45813,198.25334,285.7836,316.67847
5512.0,270.46408,198.25935,285.7984,316.68463
5512.5,270.47015,198.26526,285.81317,316.69098
5513.0,270.47632,198.2711,285.82785,316.6974
5513.5,270.48236,198.27687,285.8424,316.70364
5514.0,270.48837,198.28265,285.85696,316.70987
5514.5,270.4945,198.28847,285.8716,316.71628
5515.0,270.50092,198.29437,285.88654,316.7231
5515.5,270.50778,198.30037,285.9018,316.73056
5516.0,270.515,198.3065,285.9173,316.7385
5516.5,270.5224,198.31273,285.93295,316.74664
5517.0,270.52997,198.31905,285.94873,316.755
5517.5,270.53772,198.32538,285.9646,316.76364
5518.0,270.54556,198.3317,285.9805,316.7724
5518.5,270.55334,198.33801,285.9964,316.7811
5519.0,270.56107,198.34433,286.0122,316.78964
5519.5,270.56863,198.35063,286.02798,316.79803
5520.0,270.57623,198.35695,286.0438,316.8065
5520.5,270.58408,198.36331,286.05972,316.81525
5521.0,270.592,198.36974,286.0757,316.82407
5521.5,270.59973,198.37613,286.09167,316.83267
5522.0,270.60718,198.38249,286.10745,316.84085
5522.5,270.61426,198.38884,286.12305,316.84854
5523.0,270.6211,198.39513,286.13855,316.85593
5523.5,270.628,198.40128,286.15393,316.8634
5524.0,270.6349,198.40729,286.1692,316.87094
5524.5,270.64166,198.41316,286.1842,316.87827
5525.0,270.64835,198.41893,286.19904,316.88547
5525.5,270.65506,198.42464,286.21384,316.89273
5526.0,270.66174,198.43031,286.22852,316.89993
5526.5,270.6681,198.43594,286.24292,316.9066
5527.0,270.67404,198.44157,286.25702,316.91257
5527.5,270.67953,198.44728,286.271,316.9179
5528.0,270.6848,198.45302,286.2849,316.9229
5528.5,270.69,198.45877,286.2987,316.92773
5529.0,270.69525,198.4645,286.31238,316.93256
5529.5,270.70065,198.47018,286.326,316.93747
5530.0,270.70612,198.47586,286.33954,316.9424
5530.5,270.71164,198.48152,286.35303,316.94733
5531.0,270.7172,198.48718,286.36642,316.95218
5531.5,270.7228,198.49284,286.37964,316.95685
5532.0,270.7283,198.49854,286.3926,316.96115
5532.5,270.7336,198.50423,286.40543,316.96506
5533.0,270.73874,198.50995,286.4181,316.96863
5533.5,270.7437,198.51567,286.43057,316.97186
5534.0,270.74863,198.5214,286.44293,316.97482
5534.5,270.7536,198.52716,286.4551,316.97766
5535.0,270.75867,198.53294,286.46713,316.98032
5535.5,270.7638,198.53879,286.47894,316.98276
5536.0,270.7687,198.54466,286.49048,316.98462
5536.5,270.7732,198.55063,286.50153,316.98538
5537.0,270.77722,198.55666,286.5121,316.98505
5537.5,270.78094,198.56276,286.52225,316.98386
5538.0,270.7846,198.56891,286.53217,316.98227
5538.5,270.7885,198.57506,286.54205,316.9808
5539.0,270.79272,198.58119,286.55203,316.9797
5539.5,270.7972,198.58733,286.56207,316.97894
5540.0,270.80182,198.59344,286.5722,316.97845
5540.5,270.8064,198.59953,286.58243,316.9781
5541.0,270.81107,198.60559,286.59277,316.97806
5541.5,270.816,198.6116,286.60336,316.9786
5542.0,270.82144,198.61758,286.61423,316.97992
5542.5,270.82748,198.62354,286.62543,316.9822
5543.0,270.83405,198.62947,286.6369,316.9853
5543.5,270.84094,198.6354,286.64856,316.9889
5544.0,270.84784,198.64133,286.66016,316.9924
5544.5,270.8543,198.64726,286.6714,316.9951
5545.0,270.8603,198.65323,286.6823,316.99692
5545.5,270.866,198.6592,286.69308,316.99835
5546.0,270.87155,198.66518,286.7038,316.9996
5546.5,270.877,198.67114,286.7146,317.00098
5547.0,270.88235,198.67711,286.7254,317.00223
5547.5,270.8874,198.68309,286.73605,317.00305
5548.0,270.89197,198.68909,286.74643,317.0031
5548.5,270.8962,198.69511,286.7567,317.00275
5549.0,270.90027,198.70113,286.76703,317.00238
5549.5,270.90433,198.70714,286.7775,317.0022
5550.0,270.90857,198.7131,286.78818,317.0025
5550.5,270.91312,198.71906,286.799,317.0033
5551.0,270.91794,198.72495,286.81003,317.00458
5551.5,270.923,198.73082,286.82123,317.0063
5552.0,270.92825,198.73665,286.83258,317.00848
5552.5,270.93378,198.74245,286.84412,317.01114
5553.0,270.9394,198.74821,286.8558,317.01413
5553.5,270.94507,198.75394,286.8677,317.0175
5554.0,270.95078,198.75961,286.8799,317.0213
5554.5,270.95648,198.76526,286.89233,317.0254
5555.0,270.96225,198.77087,286.90497,317.02982
5555.5,270.9682,198.77646,286.91772,317.03464
5556.0,270.9744,198.78203,286.93073,317.03995
5556.5,270.9809,198.78755,286.94406,317.04596
5557.0,270.98764,198.79303,286.95773,317.05267
5557.5,270.99442,198.79845,286.9717,317.0598
5558.0,271.00116,198.80388,286.98593,317.0672
5558.5,271.0077,198.80943,287.0003,317.07434
5559.0,271.01413,198.81512,287.0148,317.08136
5559.5,271.02057,198.82086,287.02942,317.08847
5560.0,271.02725,198.82663,287.0442,317.0959
5560.5,271.03433,198.83243,287.05917,317.10388
5561.0,271.04163,198.83823,287.07425,317.11218
5561.5,271.0489,198.84401,287.08936,317.12045
5562.0,271.05597,198.84973,287.1043,317.12848
5562.5,271.06274,198.8554,287.11902,317.13608
5563.0,271.06927,198.86095,287.13348,317.1433
5563.5,271.07562,198.86641,287.14767,317.15018
5564.0,271.0819,198.87181,287.16165,317.15686
5564.5,271.08835,198.8772,287.1757,317.1638
5565.0,271.095,198.88254,287.18982,317.17105
5565.5,271.1018,198.88788,287.20404,317.1786
5566.0,271.10886,198.89322,287.21835,317.1865
5566.5,271.11627,198.89856,287.23285,317.19495
5567.0,271.124,198.9039,287.24744,317.20377
5567.5,271.13184,198.90926,287.262,317.2127
5568.0,271.13992,198.91464,287.27652,317.22177
5568.5,271.14838,198.92004,287.29108,317.23126
5569.0,271.157,198.92546,287.30573,317.24106
5569.5,271.16574,198.93085,287.32047,317.25107
5570.0,271.1744,198.93622,287.3353,317.2611
5570.5,271.18286,198.94157,287.35,317.27084
5571.0,271.19104,198.94696,287.36447,317.27997
5571.5,271.19876,198.95235,287.37863,317.28827
5572.0,271.20602,198.95778,287.39243,317.29572
5572.5,271.21295,198.9632,287.4061,317.3027
5573.0,271.21982,198.96858,287.41977,317.30966
5573.5,271.2269,198.97395,287.4337,317.31714
5574.0,271.23407,198.97928,287.44775,317.3249
5574.5,271.2411,198.9846,287.46182,317.33255
5575.0,271.24792,198.98991,287.47586,317.33997
5575.5,271.25455,198.99524,287.4898,317.3471
5576.0,271.2609,199.00063,287.50354,317.35367
5576.5,271.26688,199.00607,287.5169,317.35944
5577.0,271.27258,199.01158,287.5299,317.36447
5577.5,271.27814,199.01718,287.5426,317.36893
5578.0,271.2837,199.02281,287.55505,317.37305
5578.5,271.28943,199.02849,287.56738,317.3772
5579.0,271.29538,199.03418,287.57965,317.38144
5579.5,271.30148,199.03987,287.59192,317.3858
5580.0,271.30765,199.04556,287.60425,317.3903
5580.5,271.31393,199.05121,287.61676,317.39514
5581.0,271.32025,199.05681,287.62943,317.40027
5581.5,271.3265,199.06238,287.6421,317.4054
5582.0,271.33273,199.06793,287.6548,317.41052
5582.5,271.33902,199.07347,287.66757,317.41583
5583.0,271.34558,199.07895,287.6806,317.42175
5583.5,271.35275,199.0844,287.69403,317.4287
5584.0,271.36035,199.0898,287.70776,317.43646
5584.5,271.36813,199.09523,287.72153,317.44443
5585.0,271.37595,199.10068,287.73517,317.45224
5585.5,271.38364,199.10614,287.74875,317.45987
5586.0,271.39105,199.11162,287.76212,317.46698
5586.5,271.39795,199.11714,287.77515,317.47314
5587.0,271.40442,199.12273,287.78775,317.4784
5587.5,271.41064,199.12837,287.80002,317.48297
5588.0,271.4167,199.1341,287.81192,317.48685
5588.5,271.42242,199.13986,287.8234,317.4898
5589.0,271.42783,199.1457,287.83444,317.49194
5589.5,271.43298,199.15158,287.8452,317.4934
5590.0,271.4379,199.15749,287.8557,317.49435
5590.5,271.4427,199.1634,287.86606,317.4949
5591.0,271.4473,199.16931,287.87628,317.4952
5591.5,271.45197,199.1752,287.88663,317.4957
5592.0,271.45663,199.18106,287.89716,317.49655
5592.5,271.46127,199.18686,287.9079,317.49765
5593.0,271.46588,199.19263,287.91882,317.49908
5593.5,271.47046,199.19833,287.93005,317.50092
5594.0,271.47507,199.20398,287.94162,317.5032
5594.5,271.47983,199.20956,287.9536,317.50623
5595.0,271.48474,199.21512,287.96597,317.50983
5595.5,271.48978,199.22064,287.97842,317.51373
5596.0,271.49478,199.22618,287.99088,317.51764
5596.5,271.4997,199.23169,288.00345,317.5216
5597.0,271.5045,199.23723,288.01608,317.5255
5597.5,271.50888,199.24278,288.02872,317.52908
5598.0,271.513,199.24837,288.04135,317.53235
5598.5,271.5169,199.254,288.05396,317.53534
5599.0,271.52075,199.25964,288.06656,317.5383
5599.5,271.5247,199.26526,288.07922,317.5414
5600.0,271.52872,199.27087,288.0919,317.54468
5600.5,271.53284,199.27646,288.10458,317.548
5601.0,271.5368,199.28204,288.11713,317.5511
5601.5,271.5404,199.28764,288.12933,317.55344
5602.0,271.5434,199.29329,288.14108,317.55466
5602.5,271.5457,199.299,288.15228,317.5546
5603.0,271.5475,199.30475,288.16318,317.55377
5603.5,271.54935,199.31049,288.17413,317.55304
5604.0,271.55157,199.31616,288.1853,317.55292
5604.5,271.55423,199.32182,288.19675,317.55356
5605.0,271.55734,199.32744,288.20844,317.55487
5605.5,271.56082,199.33301,288.22034,317.55685
5606.0,271.56458,199.33858,288.23233,317.55917
5606.5,271.56836,199.34416,288.24426,317.56146
5607.0,271.57214,199.34975,288.25616,317.5637
5607.5,271.576,199.35535,288.2682,317.5661
5608.0,271.57996,199.36092,288.28033,317.56885
5608.5,271.58405,199.3665,288.29254,317.57175
5609.0,271.5884,199.37206,288.30478,317.57492
5609.5,271.5932,199.37758,288.3172,317.57877
5610.0,271.5986,199.38303,288.32993,317.58353
5610.5,271.60474,199.38843,288.3431,317.5895
5611.0,271.61145,199.39377,288.35663,317.59653
5611.5,271.6185,199.39906,288.3703,317.60406
5612.0,271.62564,199.40436,288.38394,317.61163
5612.5,271.63263,199.40967,288.39737,317.61877
5613.0,271.63962,199.41501,288.41068,317.6258
5613.5,271.64694,199.4203,288.4242,317.63342
5614.0,271.65457,199.42558,288.43793,317.6415
5614.5,271.6621,199.43085,288.45178,317.64972
5615.0,271.66956,199.43608,288.46567,317.65796
5615.5,271.6769,199.44128,288.47968,317.66626
5616.0,271.6842,199.44649,288.49384,317.67465
5616.5,271.69153,199.4517,288.50806,317.68314
5617.0,271.6989,199.45692,288.52228,317.69165
5617.5,271.70627,199.46216,288.5364,317.7001
5618.0,271.71353,199.46739,288.55038,317.70822
5618.5,271.72052,199.47267,288.56415,317.71585
5619.0,271.72726,199.47798,288.57773,317.723
5619.5,271.73352,199.48334,288.59097,317.7293
5620.0,271.73932,199.48874,288.6039,317.73474
5620.5,271.74466,199.49416,288.61667,317.7396
5621.0,271.74954,199.4996,288.62927,317.74384
5621.5,271.75388,199.50508,288.64163,317.74728
5622.0,271.7579,199.51057,288.6539,317.7503
5622.5,271.762,199.51605,288.66623,317.75345
5623.0,271.76614,199.5215,288.67868,317.7568
5623.5,271.77026,199.52696,288.6912,317.7602
5624.0,271.7744,199.53242,288.7037,317.76364
5624.5,271.7786,199.53789,288.71613,317.767
5625.0,271.78262,199.54335,288.7284,317.77002
5625.5,271.7864,199.54886,288.7405,317.77274
5626.0,271.78983,199.5544,288.75247,317.77487
5626.5,271.7927,199.56,288.76413,317.7761
5627.0,271.79495,199.56566,288.77536,317.7763
5627.5,271.79663,199.57137,288.78635,317.77567
5628.0,271.79782,199.57713,288.79703,317.77423
5628.5,271.79852,199.58293,288.80737,317.77194
5629.0,271.7987,199.58879,288.81738,317.7688
5629.5,271.79846,199.59467,288.82718,317.76505
5630.0,271.7978,199.60056,288.83676,317.76068
5630.5,271.7967,199.60646,288.84604,317.75555
5631.0,271.7953,199.61238,288.85498,317.74973
5631.5,271.79364,199.61833,288.86353,317.74323
5632.0,271.79166,199.62433,288.8716,317.73575
5632.5,271.78918,199.63039,288.879,317.72687
5633.0,271.78625,199.63652,288.88586,317.71686
5633.5,271.78326,199.64264,288.89258,317.70663
5634.0,271.7803,199.64874,288.89932,317.6965
5634.5,271.77734,199.65485,288.90598,317.68625
5635.0,271.7744,199.66096,288.9126,317.676
5635.5,271.77164,199.66705,288.91946,317.66626
5636.0,271.76913,199.67313,288.92657,317.6571
5636.5,271.7668,199.6792,288.9337,317.6481
5637.0,271.7646,199.6853,288.9406,317.6389
5637.5,271.76236,199.69147,288.94733,317.6292
5638.0,271.75986,199.6977,288.95355,317.61862
5638.5,271.7569,199.70401,288.95932,317.60678
5639.0,271.75363,199.7104,288.96457,317.59387
5639.5,271.75012,199.71689,288.96936,317.5798
5640.0,271.74655,199.72346,288.9738,317.56482
5640.5,271.74307,199.73006,288.97803,317.5496
5641.0,271.7396,199.73666,288.98212,317.53403
5641.5,271.736,199.7433,288.98593,317.51788
5642.0,271.7322,199.74992,288.98975,317.5016
5642.5,271.72836,199.75648,288.99362,317.4856
5643.0,271.72452,199.76297,288.9977,317.47012
5643.5,271.72067,199.76941,289.0019,317.45483
5644.0,271.71683,199.77583,289.0061,317.43967
5644.5,271.71304,199.78223,289.01044,317.42487
5645.0,271.70923,199.78859,289.01483,317.41028
5645.5,271.70532,199.79495,289.01923,317.3956
5646.0,271.70135,199.80133,289.02356,317.3808
5646.5,271.6975,199.80772,289.02786,317.36597
5647.0,271.69363,199.81415,289.03204,317.35092
5647.5,271.68973,199.82063,289.03607,317.33542
5648.0,271.68582,199.82716,289.0399,317.31946
5648.5,271.68213,199.83372,289.04364,317.3035
5649.0,271.67862,199.8403,289.0474,317.28757
5649.5,271.67523,199.8469,289.05118,317.2718
5650.0,271.6719,199.85349,289.05493,317.2559
5650.5,271.6687,199.8601,289.05856,317.2399
5651.0,271.6658,199.8667,289.06235,317.2244
5651.5,271.6634,199.87323,289.06638,317.2097
5652.0,271.6616,199.8797,289.07077,317.19614
5652.5,271.66046,199.88606,289.07556,317.18384
5653.0,271.6599,199.89235,289.08075,317.17273
5653.5,271.6599,199.89854,289.0863,317.16284
5654.0,271.66034,199.90466,289.0923,317.15402
5654.5,271.66116,199.91077,289.0985,317.146
5655.0,271.66205,199.91684,289.10486,317.13818
5655.5,271.6627,199.92293,289.11105,317.13004
5656.0,271.66296,199.92905,289.1171,317.12134
5656.5,271.66278,199.9352,289.12292,317.112
5657.0,271.6621,199.94139,289.1285,317.10193
5657.5,271.66092,199.9476,289.13394,317.09122
5658.0,271.65906,199.95386,289.13898,317.0794
5658.5,271.6566,199.96014,289.14374,317.06668
5659.0,271.65363,199.96648,289.14822,317.05307
5659.5,271.65036,199.97289,289.1523,317.03845
5660.0,271.6469,199.97934,289.15616,317.02313
5660.5,271.64328,199.98582,289.1598,317.0073
5661.0,271.63956,199.99231,289.16333,316.99124
5661.5,271.6357,199.99876,289.1669,316.97525
5662.0,271.63177,200.00522,289.17038,316.95898
5662.5,271.62802,200.01166,289.17392,316.943
5663.0,271.6244,200.0181,289.17746,316.92712
5663.5,271.62076,200.0245,289.18103,316.9113
5664.0,271.61716,200.03093,289.1846,316.8955
5664.5,271.61368,200.03731,289.18823,316.8799
5665.0,271.6103,200.04373,289.1918,316.8643
5665.5,271.60696,200.05017,289.1953,316.84848
5666.0,271.60373,200.0566,289.19882,316.8328
5666.5,271.6005,200.06302,289.20242,316.81732
5667.0,271.59735,200.06935,289.20633,316.80264
5667.5,271.5943,200.07565,289.2105,316.78864
5668.0,271.59137,200.08185,289.21512,316.77567
5668.5,271.58884,200.08795,289.2205,316.76447
5669.0,271.58667,200.09393,289.22665,316.7549
5669.5,271.58463,200.09985,289.23322,316.74622
5670.0,271.58267,200.1057,289.2401,316.7382
5670.5,271.5809,200.11147,289.24756,316.7312
5671.0,271.57947,200.11714,289.25558,316.72534
5671.5,271.57843,200.12274,289.2642,316.7206
5672.0,271.57767,200.12827,289.27322,316.71677
5672.5,271.5771,200.13376,289.28275,316.71365
5673.0,271.57654,200.1392,289.29263,316.71103
5673.5,271.57596,200.14465,289.30276,316.70865
5674.0,271.57532,200.15012,289.3132,316.7065
5674.5,271.57474,200.15564,289.324,316.70477
5675.0,271.57434,200.16124,289.33517,316.7035
5675.5,271.57422,200.16692,289.34665,316.70267
5676.0,271.57434,200.17259,289.35825,316.7022
5676.5,271.5746,200.17822,289.3698,316.7019
5677.0,271.5749,200.18378,289.3812,316.70157
5677.5,271.57516,200.18929,289.3923,316.70093
5678.0,271.57532,200.19476,289.40314,316.7
5678.5,271.57538,200.20023,289.41385,316.69894
5679.0,271.57544,200.20569,289.42462,316.69788
5679.5,271.57556,200.2112,289.43558,316.69702
5680.0,271.57574,200.21672,289.44675,316.69644
5680.5,271.57602,200.22223,289.45798,316.696
5681.0,271.57642,200.22769,289.46912,316.69568
5681.5,271.57693,200.23311,289.48,316.69522
5682.0,271.57733,200.2385,289.4906,316.69437
5682.5,271.5776,200.24385,289.5011,316.6933
5683.0,271.57782,200.24922,289.5117,316.6923
5683.5,271.57797,200.25461,289.5224,316.69144
5684.0,271.57816,200.26003,289.53336,316.6907
5684.5,271.57834,200.2655,289.54453,316.6902
5685.0,271.57846,200.27109,289.55597,316.68973
5685.5,271.57843,200.27681,289.5676,316.68918
5686.0,271.57828,200.28262,289.57935,316.6885
5686.5,271.578,200.28847,289.5911,316.68774
5687.0,271.57764,200.29428,289.60278,316.68686
5687.5,271.57718,200.3001,289.6144,316.68585
5688.0,271.57654,200.30597,289.62604,316.6846
5688.5,271.57565,200.31197,289.63776,316.6831
5689.0,271.57455,200.31815,289.64957,316.68134
5689.5,271.57333,200.32451,289.66144,316.6793
5690.0,271.57184,200.331,289.6733,316.67685
5690.5,271.57007,200.33751,289.68512,316.674
5691.0,271.56787,200.34395,289.69675,316.67072
5691.5,271.56512,200.35019,289.7081,316.66684
5692.0,271.5618,200.35625,289.7191,316.6623
5692.5,271.55786,200.36214,289.7297,316.65698
5693.0,271.5533,200.36786,289.73993,316.65094
5693.5,271.54816,200.37341,289.74963,316.64398
5694.0,271.54218,200.37883,289.7586,316.6357
5694.5,271.5352,200.38411,289.76654,316.62558
5695.0,271.5276,200.38936,289.77383,316.6143
5695.5,271.52048,200.39462,289.78156,316.60388
5696.0,271.51428,200.39996,289.78998,316.595
5696.5,271.509,200.40538,289.7989,316.58743
5697.0,271.5046,200.41084,289.80826,316.58105
5697.5,271.50116,200.41632,289.81796,316.5759
5698.0,271.49875,200.42181,289.82806,316.5721
5698.5,271.49753,200.42732,289.8387,316.56995
5699.0,271.49728,200.43288,289.84988,316.56912
5699.5,271.49762,200.43845,289.86136,316.56906
5700.0,271.49847,200.44406,289.87314,316.56973
5700.5,271.49982,200.44968,289.8852,316.57114
5701.0,271.50143,200.45534,289.89737,316.57288
5701.5,271.50293,200.461,289.90958,316.5745
5702.0,271.50436,200.46667,289.9218,316.57605
5702.5,271.5059,200.4724,289.93414,316.57773
5703.0,271.5075,200.4782,289.9466,316.57953
5703.5,271.50922,200.48405,289.95914,316.58145
5704.0,271.5111,200.49002,289.97186,316.5836
5704.5,271.5132,200.49608,289.98474,316.586
5705.0,271.51566,200.50218,289.99774,316.5888
5705.5,271.51852,200.50826,290.01093,316.5922
5706.0,271.52188,200.5143,290.0243,316.59628
5706.5,271.5258,200.52032,290.03784,316.60107
5707.0,271.5301,200.52638,290.05157,316.60638
5707.5,271.53467,200.53253,290.06546,316.61197
5708.0,271.53925,200.5388,290.0794,316.61752
5708.5,271.5436,200.5452,290.0933,316.62274
5709.0,271.54785,200.55165,290.1072,316.62778
5709.5,271.55222,200.55812,290.12115,316.63297
5710.0,271.5566,200.5646,290.1351,316.63812
5710.5,271.56082,200.57118,290.14902,316.643
5711.0,271.56464,200.5779,290.1628,316.64725
5711.5,271.568,200.58484,290.17645,316.6506
5712.0,271.57074,200.59196,290.18988,316.653
5712.5,271.57303,200.59915,290.20316,316.6547
5713.0,271.57486,200.60632,290.21622,316.6558
5713.5,271.5762,200.61348,290.22913,316.65628
5714.0,271.5771,200.62062,290.24185,316.65622
5714.5,271.57758,200.62778,290.25446,316.6556
5715.0,271.5777,200.6349,290.2669,316.65457
5715.5,271.57745,200.64192,290.27924,316.6532
5716.0,271.57687,200.64883,290.2914,316.65155
5716.5,271.576,200.65572,290.30347,316.64948
5717.0,271.5747,200.66258,290.3154,316.6469
5717.5,271.57294,200.66945,290.32712,316.64374
5718.0,271.57077,200.67625,290.33875,316.64017
5718.5,271.56845,200.68292,290.35025,316.6365
5719.0,271.56595,200.68944,290.36163,316.63275
5719.5,271.5632,200.69572,290.37283,316.6288
5720.0,271.56006,200.70178,290.38367,316.62448
5720.5,271.55634,200.70758,290.39404,316.61945
5721.0,271.55212,200.71318,290.404,316.61374
5721.5,271.54773,200.71869,290.41373,316.6078
5722.0,271.5431,200.72412,290.42325,316.6015
5722.5,271.53806,200.72946,290.4324,316.5946
5723.0,271.5326,200.73474,290.44113,316.587
5723.5,271.52682,200.73993,290.44952,316.5788
5724.0,271.5209,200.7451,290.45767,316.5703
5724.5,271.5151,200.75027,290.46573,316.56183
5725.0,271.50937,200.75545,290.47366,316.5533
5725.5,271.5035,200.76062,290.48126,316.54434
5726.0,271.49728,200.76581,290.48846,316.53464
5726.5,271.4906,200.77098,290.49524,316.5241
5727.0,271.48376,200.77615,290.5019,316.5133
5727.5,271.47723,200.78133,290.50867,316.50287
5728.0,271.4711,200.78651,290.5157,316.4931
5728.5,271.46545,200.79175,290.5231,316.48416
5729.0,271.46027,200.79697,290.5309,316.47607
5729.5,271.45557,200.8022,290.53918,316.46887
5730.0,271.45117,200.80745,290.54773,316.46222
5730.5,271.44693,200.8127,290.5565,316.4559
5731.0,271.44247,200.81792,290.56516,316.44934
5731.5,271.43756,200.82309,290.5735,316.44208
5732.0,271.43222,200.82825,290.58154,316.4342
5732.5,271.4268,200.83337,290.58945,316.4261
5733.0,271.4213,200.8385,290.59726,316.41785
5733.5,271.41565,200.8436,290.60495,316.4093
5734.0,271.40982,200.8487,290.6124,316.4004
5734.5,271.4038,200.8538,290.61954,316.391
5735.0,271.39734,200.85893,290.62613,316.38052
5735.5,271.39,200.86407,290.63174,316.36813
5736.0,271.3819,200.86925,290.6365,316.35388
5736.5,271.3734,200.8744,290.64087,316.33896
5737.0,271.36472,200.87955,290.64508,316.32364
5737.5,271.35562,200.8847,290.6488,316.30734
5738.0,271.34622,200.88985,290.6522,316.29034
5738.5,271.33685,200.89496,290.6559,316.27396
5739.0,271.32782,200.90002,290.66016,316.25854
5739.5,271.31903,200.9051,290.6646,316.24362
5740.0,271.31042,200.91019,290.6691,316.22897
5740.5,271.30206,200.91527,290.6739,316.2149
5741.0,271.2937,200.92032,290.67874,316.20102
5741.5,271.28503,200.92535,290.68326,316.18637
5742.0,271.276,200.93033,290.68756,316.1713
5742.5,271.26715,200.93524,290.6925,316.1572
5743.0,271.25873,200.94012,290.6982,316.14435
5743.5,271.25052,200.94502,290.70425,316.13208
5744.0,271.2423,200.9499,290.71014,316.11972
5744.5,271.2339,200.95486,290.71536,316.10626
5745.0,271.2252,200.95987,290.71988,316.09155
5745.5,271.21628,200.96487,290.724,316.07617
5746.0,271.20758,200.96988,290.72824,316.06122
5746.5,271.1993,200.97491,290.7328,316.04703
5747.0,271.1915,200.97997,290.73764,316.03363
5747.5,271.18402,200.98503,290.74286,316.021
5748.0,271.1773,200.99011,290.7488,316.0099
5748.5,271.17197,200.99521,290.75592,316.00125
5749.0,271.16797,201.00038,290.76416,315.99496
5749.5,271.16498,201.00563,290.77335,315.99042
5750.0,271.16248,201.01093,290.78302,315.9868
5750.5,271.15994,201.0162,290.7928,315.98325
5751.0,271.15723,201.02145,290.80252,315.97958
5751.5,271.15448,201.02667,290.8122,315.97583
5752.0,271.15176,201.03188,290.82193,315.9722
5752.5,271.14926,201.0371,290.83182,315.96887
5753.0,271.14697,201.04231,290.8419,315.96588
5753.5,271.14484,201.04756,290.85205,315.96313
5754.0,271.14282,201.05281,290.86224,315.96054
5754.5,271.1409,201.05807,290.87256,315.9581
5755.0,271.13925,201.0634,290.88303,315.95602
5755.5,271.138,201.0688,290.8938,315.9545
5756.0,271.13684,201.0743,290.9047,315.95312
5756.5,271.13544,201.07974,290.91544,315.9514
5757.0,271.1335,201.08511,290.9258,315.94894
5757.5,271.13083,201.09036,290.93555,315.9453
5758.0,271.12723,201.0955,290.9445,315.9402
5758.5,271.12268,201.10062,290.95258,315.9334
5759.0,271.11707,201.10567,290.95975,315.9247
5759.5,271.1103,201.1107,290.96573,315.91367
5760.0,271.10254,201.11572,290.97067,315.90042
5760.5,271.09424,201.12071,290.97513,315.8862
5761.0,271.086,201.12567,290.97958,315.8721
5761.5,271.07822,201.13063,290.98444,315.85895
5762.0,271.07123,201.13559,290.9899,315.84723
5762.5,271.06522,201.14055,290.99606,315.83725
5763.0,271.0603,201.14552,291.00305,315.8291
5763.5,271.05655,201.15051,291.0109,315.823
5764.0,271.05402,201.15555,291.01968,315.81885
5764.5,271.0526,201.1606,291.02927,315.81653
5765.0,271.052,201.16568,291.03937,315.8154
5765.5,271.05173,201.17076,291.04968,315.8148
5766.0,271.05157,201.17581,291.06,315.8143
5766.5,271.0514,201.18086,291.0703,315.81384
5767.0,271.05133,201.18594,291.08075,315.8136
5767.5,271.0515,201.19107,291.09137,315.81372
5768.0,271.0517,201.19621,291.10208,315.8139
5768.5,271.0516,201.20134,291.11258,315.81363
5769.0,271.05106,201.20642,291.12268,315.81262
5769.5,271.05,201.21147,291.1323,315.81076
5770.0,271.0484,201.2165,291.14142,315.80786
5770.5,271.0462,201.22151,291.14996,315.8039
5771.0,271.04367,201.2265,291.15817,315.79922
5771.5,271.04105,201.23148,291.16623,315.7944
5772.0,271.03845,201.23643,291.1743,315.7896
5772.5,271.03595,201.24138,291.18243,315.78503
5773.0,271.03342,201.24629,291.19064,315.7805
5773.5,271.03058,201.25119,291.1988,315.7756
5774.0,271.02734,201.2561,291.20673,315.7702
5774.5,271.02362,201.26102,291.21432,315.764
5775.0,271.01962,201.26593,291.22174,315.75735
5775.5,271.01566,201.27084,291.2292,315.7508
5776.0,271.01163,201.27576,291.23663,315.7442
5776.5,271.00735,201.28069,291.24384,315.7371
5777.0,271.0029,201.28563,291.25076,315.72955
5777.5,270.99844,201.29056,291.25763,315.72192
5778.0,270.99402,201.29552,291.26443,315.7142
5778.5,270.98947,201.30048,291.27115,315.70633
5779.0,270.98468,201.30544,291.27765,315.69797
5779.5,270.97946,201.31042,291.28375,315.6888
5780.0,270.97415,201.3154,291.28964,315.6793
5780.5,270.9693,201.32036,291.2959,315.6706
5781.0,270.9653,201.3253,291.30286,315.6635
5781.5,270.96243,201.33023,291.31082,315.65848
5782.0,270.96072,201.33517,291.31973,315.65546
5782.5,270.96005,201.34015,291.3295,315.65417
5783.0,270.95996,201.34518,291.33978,315.6539
5783.5,270.9599,201.35022,291.3502,315.65378
5784.0,270.9595,201.35522,291.36038,315.65314
5784.5,270.9583,201.36018,291.37,315.6513
5785.0,270.95648,201.36511,291.37906,315.64838
5785.5,270.95428,201.37003,291.38797,315.645
5786.0,270.95227,201.37494,291.39697,315.64185
5786.5,270.95068,201.37987,291.4063,315.63943
5787.0,270.9495,201.38481,291.41586,315.63763
5787.5,270.94852,201.38974,291.42554,315.6361
5788.0,270.94788,201.3947,291.43546,315.63513
5788.5,270.94788,201.39973,291.4458,315.6351
5789.0,270.9481,201.40479,291.45636,315.63547
5789.5,270.94803,201.40982,291.46667,315.6353
5790.0,270.9475,201.41478,291.4766,315.63443
5790.5,270.94666,201.41971,291.4862,315.633
5791.0,270.9458,201.42462,291.49585,315.63162
5791.5,270.94547,201.42957,291.50583,315.631
5792.0,270.94547,201.43451,291.51617,315.631
5792.5,270.94565,201.43945,291.52655,315.63123
5793.0,270.94608,201.44438,291.5371,315.6318
5793.5,270.947,201.4494,291.54803,315.63315
5794.0,270.94843,201.45451,291.55933,315.6352
5794.5,270.95026,201.45976,291.57095,315.63776
5795.0,270.9521,201.46509,291.58264,315.64038
5795.5,270.9536,201.47032,291.59418,315.6426
5796.0,270.9549,201.4755,291.60547,315.64447
5796.5,270.95618,201.4807,291.61676,315.64636
5797.0,270.95773,201.48596,291.6283,315.6486
5797.5,270.95975,201.49138,291.6401,315.65143
5798.0,270.96225,201.49698,291.65228,315.65485
5798.5,270.9653,201.5027,291.66473,315.65894
5799.0,270.96887,201.50851,291.67746,315.6636
5799.5,270.97284,201.5144,291.69037,315.66876
5800.0,270.977,201.52037,291.70343,315.6742
5800.5,270.9812,201.5264,291.7165,315.67957
5801.0,270.98538,201.53253,291.72964,315.68488
5801.5,270.98962,201.53882,291.7428,315.6901
5802.0,270.99393,201.54529,291.756,315.6952
5802.5,270.99835,201.5519,291.7693,315.70026
5803.0,271.003,201.55864,291.78265,315.70544
5803.5,271.0079,201.56546,291.7961,315.71094
5804.0,271.0132,201.57233,291.80975,315.71686
5804.5,271.01895,201.57924,291.82355,315.72333
5805.0,271.02493,201.5862,291.83746,315.73
5805.5,271.0309,201.59314,291.85135,315.73682
5806.0,271.03714,201.6,291.86536,315.744
5806.5,271.04367,201.60684,291.8795,315.7517
5807.0,271.05057,201.61371,291.89377,315.75983
5807.5,271.0577,201.62067,291.9081,315.76816
5808.0,271.06488,201.6277,291.9225,315.77646
5808.5,271.07208,201.63463,291.9369,315.78494
5809.0,271.0793,201.64139,291.95126,315.79367
5809.5,271.08655,201.64809,291.96564,315.80243
5810.0,271.0937,201.65477,291.97998,315.81113
5810.5,271.10077,201.66147,291.99432,315.8197
5811.0,271.10773,201.66817,292.00858,315.8281
5811.5,271.1145,201.67477,292.02277,315.83636
5812.0,271.12115,201.68123,292.03687,315.8445
5812.5,271.12756,201.68759,292.05087,315.85248
5813.0,271.13367,201.6939,292.06473,315.8601
5813.5,271.1394,201.70018,292.07846,315.86725
5814.0,271.14502,201.70648,292.09216,315.87424
5814.5,271.1507,201.71277,292.10587,315.88132
5815.0,271.15646,201.71915,292.11963,315.88846
5815.5,271.16223,201.7256,292.13336,315.89542
5816.0,271.1678,201.73216,292.147,315.90204
5816.5,271.1731,201.73877,292.1606,315.90833
5817.0,271.17816,201.74539,292.17407,315.91425
5817.5,271.1829,201.75206,292.18744,315.9197
5818.0,271.18744,201.75882,292.2007,315.92484
5818.5,271.19196,201.76561,292.21396,315.9298
5819.0,271.19635,201.77245,292.22717,315.9346
5819.5,271.20056,201.77936,292.2403,315.939
5820.0,271.20462,201.7863,292.25333,315.94315
5820.5,271.20856,201.79315,292.26636,315.9473
5821.0,271.21265,201.7999,292.27942,315.95172
5821.5,271.21698,201.80656,292.29257,315.9566
5822.0,271.22162,201.8132,292.30585,315.96185
5822.5,271.22653,201.81975,292.3192,315.9676
5823.0,271.23175,201.8263,292.33273,315.97372
5823.5,271.23724,201.83292,292.3463,315.98013
5824.0,271.243,201.83963,292.36002,315.98676
5824.5,271.24915,201.84636,292.37387,315.99393
5825.0,271.25546,201.85309,292.3878,316.00134
5825.5,271.2617,201.85986,292.4017,316.00858
5826.0,271.26764,201.86673,292.41547,316.01526
5826.5,271.27313,201.8737,292.42905,316.02124
5827.0,271.2785,201.88072,292.44257,316.02698
5827.5,271.28403,201.88773,292.45615,316.03296
5828.0,271.28964,201.89473,292.46976,316.03906
5828.5,271.2952,201.90175,292.48337,316.0451
5829.0,271.30078,201.90874,292.49695,316.05118
5829.5,271.3065,201.91571,292.51062,316.05743
5830.0,271.3121,201.92274,292.52423,316.06354
5830.5,271.31744,201.92982,292.5377,316.06906
5831.0,271.32248,201.93694,292.55103,316.0742
5831.5,271.32745,201.94402,292.56433,316.0792
5832.0,271.3323,201.95108,292.57764,316.08414
5832.5,271.33707,201.95808,292.59085,316.08893
5833.0,271.3417,201.96509,292.60403,316.09366
5833.5,271.34628,201.97215,292.6172,316.09818
5834.0,271.3507,201.9792,292.63025,316.10248
5834.5,271.3549,201.98618,292.64325,316.10666
5835.0,271.35886,201.99297,292.65616,316.11072
5835.5,271.3625,201.99959,292.66898,316.11465
5836.0,271.36578,202.00607,292.6816,316.1183
5836.5,271.36868,202.01242,292.69406,316.12155
5837.0,271.37134,202.01869,292.70645,316.12466
5837.5,271.37402,202.02498,292.71887,316.12775
5838.0,271.37665,202.03133,292.73123,316.1307
5838.5,271.37915,202.03769,292.74356,316.13345
5839.0,271.38144,202.04404,292.75583,316.13602
5839.5,271.38358,202.05037,292.76804,316.13837
5840.0,271.3857,202.05672,292.78024,316.1407
5840.5,271.38797,202.06308,292.79248,316.1432
5841.0,271.39032,202.06944,292.80478,316.14572
5841.5,271.39267,202.07574,292.81702,316.14835
5842.0,271.39505,202.08194,292.82928,316.15115
5842.5,271.39758,202.08803,292.84155,316.1542
5843.0,271.40036,202.09406,292.85394,316.1576
5843.5,271.40344,202.1002,292.86642,316.16125
5844.0,271.40683,202.10648,292.87903,316.1652
5844.5,271.41052,202.11282,292.89178,316.16946
5845.0,271.41434,202.11916,292.9046,316.17395
5845.5,271.4181,202.12541,292.91736,316.17844
5846.0,271.42188,202.13153,292.9301,316.1831
5846.5,271.4258,202.13762,292.94287,316.188
5847.0,271.42987,202.14365,292.95572,316.19305
5847.5,271.43402,202.14966,292.96857,316.19827
5848.0,271.43814,202.1556,292.98135,316.20352
5848.5,271.44214,202.1614,292.99408,316.2087
5849.0,271.44617,202.1671,293.0067,316.21393
5849.5,271.45032,202.17271,293.01938,316.21945
5850.0,271.45465,202.17822,293.032,316.22522
5850.5,271.45908,202.18358,293.04468,316.23117
5851.0,271.46356,202.1888,293.0572,316.23724
5851.5,271.46805,202.19388,293.0696,316.24335
5852.0,271.47253,202.19884,293.08194,316.24945
5852.5,271.47714,202.20367,293.09418,316.25574
5853.0,271.48163,202.20845,293.1063,316.26184
5853.5,271.48578,202.21317,293.1182,316.2675
5854.0,271.48947,202.21783,293.1298,316.2725
5854.5,271.4926,202.22247,293.14096,316.27664
5855.0,271.4954,202.22705,293.15173,316.28015
5855.5,271.49802,202.23157,293.1623,316.28336
5856.0,271.50037,202.2361,293.1726,316.28607
5856.5,271.5022,202.24066,293.18243,316.28784
5857.0,271.50345,202.24524,293.19183,316.2886
5857.5,271.50433,202.24983,293.20096,316.28876
5858.0,271.5049,202.25446,293.20984,316.2884
5858.5,271.50528,202.25911,293.2185,316.28757
5859.0,271.50558,202.26376,293.22708,316.2866
5859.5,271.50607,202.26839,293.2359,316.28607
5860.0,271.5072,202.27296,293.2452,316.28668
5860.5,271.50916,202.27751,293.25525,316.28876
5861.0,271.5117,202.28209,293.26578,316.29184
5861.5,271.5144,202.28667,293.2765,316.29523
5862.0,271.51688,202.29124,293.28717,316.29834
5862.5,271.5188,202.2958,293.29752,316.3007
5863.0,271.51996,202.30035,293.30734,316.3018
5863.5,271.52008,202.30493,293.31644,316.3013
5864.0,271.51898,202.30954,293.32462,316.2987
5864.5,271.51648,202.31424,293.33157,316.2934
5865.0,271.51288,202.319,293.33752,316.28586
5865.5,271.50894,202.32378,293.34326,316.2778
5866.0,271.5052,202.32852,293.34924,316.2703
5866.5,271.50186,202.33324,293.3557,316.2638
5867.0,271.4987,202.33794,293.3625,316.25787
5867.5,271.4952,202.34264,293.36926,316.25168
5868.0,271.49182,202.3473,293.37622,316.24576
5868.5,271.48904,202.35197,293.38376,316.24106
5869.0,271.48697,202.35667,293.392,316.23764
5869.5,271.4854,202.36139,293.40076,316.2352
5870.0,271.48407,202.36613,293.40988,316.23328
5870.5,271.48267,202.37086,293.419,316.23135
5871.0,271.4809,202.37553,293.4279,316.22888
5871.5,271.4785,202.38016,293.43628,316.2254
5872.0,271.47574,202.38477,293.4444,316.22137
5872.5,271.4733,202.38934,293.45273,316.21783
5873.0,271.47134,202.39394,293.46143,316.2151
5873.5,271.46994,202.39856,293.4705,316.21317
5874.0,271.4691,202.40321,293.47986,316.212
5874.5,271.46875,202.40788,293.48956,316.21164
5875.0,271.4687,202.41258,293.4994,316.21164
5875.5,271.4686,202.4173,293.50928,316.21164
5876.0,271.46826,202.42203,293.51907,316.2113
5876.5,271.46747,202.42673,293.52853,316.21033
5877.0,271.4665,202.43141,293.53784,316.209
5877.5,271.46576,202.43611,293.5472,316.208
5878.0,271.4653,202.44083,293.55682,316.2074
5878.5,271.4651,202.44557,293.56656,316.20718
5879.0,271.46515,202.45038,293.57654,316.2074
5879.5,271.46558,202.45518,293.5867,316.20807
5880.0,271.46646,202.46005,293.5972,316.20947
5880.5,271.468,202.46498,293.6081,316.21167
5881.0,271.47015,202.47006,293.6194,316.2147
5881.5,271.4729,202.47531,293.63107,316.21848
5882.0,271.47626,202.48073,293.6431,316.2229
5882.5,271.4802,202.48634,293.65546,316.22797
5883.0,271.48462,202.49217,293.66806,316.2335
5883.5,271.48947,202.49812,293.68088,316.23947
5884.0,271.4947,202.50423,293.69388,316.24576
5884.5,271.5001,202.5105,293.70697,316.2522
5885.0,271.50555,202.51689,293.7201,316.2585
5885.5,271.51093,202.52338,293.7332,316.26465
5886.0,271.5162,202.52988,293.74628,316.27066
5886.5,271.52148,202.53642,293.75934,316.27664
5887.0,271.52682,202.54297,293.77246,316.2827
5887.5,271.53232,202.5496,293.78564,316.28894
5888.0,271.538,202.5563,293.7989,316.2953
5888.5,271.54382,202.56302,293.8122,316.3018
5889.0,271.5497,202.56975,293.82547,316.30835
5889.5,271.55548,202.5764,293.83878,316.3149
5890.0,271.56128,202.58298,293.85205,316.32153
5890.5,271.56708,202.58955,293.86533,316.32816
5891.0,271.57285,202.59616,293.87857,316.3347
5891.5,271.57858,202.6028,293.89185,316.34113
5892.0,271.58417,202.60942,293.90503,316.34735
5892.5,271.5895,202.616,293.91812,316.35333
5893.0,271.5946,202.62248,293.9311,316.35913
5893.5,271.59952,202.62878,293.94397,316.36484
5894.0,271.60434,202.63489,293.95682,316.3707
5894.5,271.60934,202.64087,293.9697,316.3769
5895.0,271.6146,202.64677,293.98267,316.3835
5895.5,271.62024,202.6527,293.9958,316.39062
5896.0,271.62628,202.65863,294.00906,316.39825
5896.5,271.6327,202.66464,294.02252,316.4063
5897.0,271.6394,202.67072,294.03607,316.41473
5897.5,271.6464,202.67685,294.04977,316.42343
5898.0,271.6535,202.68301,294.0635,316.43228
5898.5,271.66064,202.68929,294.07727,316.44107
5899.0,271.66772,202.6956,294.091,316.4497
5899.5,271.67477,202.7019,294.1047,316.45834
5900.0,271.68182,202.70813,294.11844,316.46707
5900.5,271.68893,202.7142,294.13214,316.47595
5901.0,271.6961,202.72018,294.14584,316.485
5901.5,271.70322,202.72615,294.15955,316.49405
5902.0,271.71036,202.73213,294.17328,316.50305
5902.5,271.71753,202.73814,294.187,316.5121
5903.0,271.72482,202.7442,294.20078,316.52124
5903.5,271.73227,202.7504,294.21463,316.53046
5904.0,271.73996,202.75671,294.22858,316.5398
5904.5,271.74796,202.76308,294.24268,316.54953
5905.0,271.75613,202.76947,294.25684,316.55954
5905.5,271.76434,202.77586,294.27103,316.56958
5906.0,271.77264,202.78223,294.28522,316.57977
5906.5,271.7811,202.78851,294.29947,316.59024
5907.0,271.7896,202.79478,294.31375,316.60083
5907.5,271.79807,202.80109,294.32803,316.61133
5908.0,271.8066,202.8074,294.34235,316.62192
5908.5,271.81543,202.81364,294.35675,316.63297
5909.0,271.8247,202.8198,294.3713,316.64478
5909.5,271.83463,202.82584,294.3861,316.6575
5910.0,271.84512,202.83174,294.40106,316.67114
5910.5,271.85623,202.83754,294.41617,316.6857
5911.0,271.86798,202.84322,294.43143,316.70117
5911.5,271.88043,202.84882,294.44687,316.71765
5912.0,271.89352,202.85434,294.4625,316.73505
5912.5,271.90726,202.85983,294.47824,316.75342
5913.0,271.92163,202.86526,294.49414,316.77274
5913.5,271.93665,202.8707,294.51022,316.79294
5914.0,271.9519,202.87614,294.52637,316.8136
5914.5,271.96716,202.88158,294.54248,316.8342
5915.0,271.98248,202.88704,294.55862,316.85483
5915.5,271.99796,202.89255,294.5748,316.8757
5916.0,272.01343,202.89807,294.591,316.89648
5916.5,272.02872,202.90361,294.60715,316.91696
5917.0,272.04382,202.90916,294.62326,316.9372
5917.5,272.05884,202.91473,294.63934,316.95728
5918.0,272.07373,202.92035,294.65543,316.97708
5918.5,272.08835,202.926,294.67145,316.9965
5919.0,272.1025,202.93169,294.68738,317.01526
5919.5,272.11612,202.93741,294.70316,317.03317
5920.0,272.12903,202.94313,294.71878,317.05014
5920.5,272.14127,202.94885,294.7342,317.0662
5921.0,272.15308,202.95457,294.7495,317.08163
5921.5,272.16467,202.9603,294.76477,317.0968
5922.0,272.1763,202.96602,294.78003,317.11203
5922.5,272.1882,202.9717,294.79532,317.12762
5923.0,272.20053,202.9773,294.81076,317.14386
5923.5,272.21344,202.98283,294.8263,317.16092
5924.0,272.22665,202.98831,294.84192,317.17844
5924.5,272.23987,202.99377,294.8575,317.196
5925.0,272.25296,202.99919,294.87305,317.21344
5925.5,272.2659,203.00455,294.88852,317.23068
5926.0,272.2788,203.00984,294.90396,317.24796
5926.5,272.29187,203.01506,294.91943,317.26547
5927.0,272.30502,203.02023,294.93484,317.28314
5927.5,272.31808,203.02539,294.95026,317.30075
5928.0,272.331,203.03052,294.9656,317.31815
5928.5,272.34372,203.0356,294.98087,317.3353
5929.0,272.35626,203.04065,294.99603,317.35217
5929.5,272.36856,203.04568,295.01114,317.36877
5930.0,272.3809,203.05066,295.02625,317.38538
5930.5,272.3934,203.05557,295.04135,317.40228
5931.0,272.40616,203.06041,295.0565,317.41962
5931.5,272.41913,203.06519,295.07166,317.4373
5932.0,272.4321,203.0699,295.0868,317.45502
5932.5,272.44495,203.07462,295.10187,317.47247
5933.0,272.45755,203.07935,295.1169,317.48962
5933.5,272.46994,203.08405,295.13184,317.50644
5934.0,272.482,203.08868,295.14664,317.52283
5934.5,272.49374,203.09334,295.16132,317.5388
5935.0,272.50534,203.09796,295.17593,317.5545
5935.5,272.51694,203.10254,295.19052,317.57022
5936.0,272.52853,203.1071,295.20508,317.58597
5936.5,272.54007,203.11162,295.21957,317.60162
5937.0,272.55142,203.11613,295.23398,317.617
5937.5,272.56244,203.12064,295.24826,317.6319
5938.0,272.57294,203.12514,295.26233,317.6461
5938.5,272.58276,203.12965,295.2762,317.65933
5939.0,272.59222,203.13416,295.28995,317.67203
5939.5,272.60153,203.13869,295.3037,317.68457
5940.0,272.6109,203.14326,295.3175,317.69717
5940.5,272.62045,203.14786,295.33142,317.70996
5941.0,272.63016,203.15247,295.34537,317.72302
5941.5,272.6401,203.15707,295.35944,317.7364
5942.0,272.65024,203.16167,295.37357,317.75003
5942.5,272.6606,203.16628,295.38776,317.76398
5943.0,272.67114,203.17087,295.402,317.77817
5943.5,272.68182,203.17548,295.41632,317.7925
5944.0,272.69272,203.1801,295.43073,317.80722
5944.5,272.7041,203.18477,295.4453,317.82254
5945.0,272.716,203.1895,295.46005,317.83856
5945.5,272.72845,203.19426,295.475,317.85535
5946.0,272.74133,203.19905,295.49008,317.8727
5946.5,272.7544,203.20384,295.5052,317.89035
5947.0,272.7677,203.20862,295.5204,317.90842
5947.5,272.78134,203.21333,295.53564,317.927
5948.0,272.79538,203.21805,295.551,317.9462
5948.5,272.80984,203.2228,295.56647,317.96597
5949.0,272.82452,203.22762,295.58203,317.9861
5949.5,272.8393,203.23248,295.5977,318.00632
5950.0,272.85422,203.23741,295.61337,318.02667
5950.5,272.86926,203.24237,295.62912,318.04724
5951.0,272.8846,203.24733,295.64496,318.0682
5951.5,272.90027,203.25232,295.6609,318.08972
5952.0,272.9163,203.2573,295.6769,318.11182
5952.5,272.93265,203.2623,295.69302,318.1344
5953.0,272.94916,203.26732,295.70917,318.15726
5953.5,272.9656,203.27232,295.72528,318.18002
5954.0,272.98203,203.27733,295.7414,318.20282
5954.5,272.9985,203.28233,295.7575,318.22565
5955.0,273.01498,203.28737,295.77362,318.24847
5955.5,273.03137,203.29237,295.78973,318.27115
5956.0,273.04758,203.29735,295.80573,318.2935
5956.5,273.06345,203.30226,295.82166,318.3154
5957.0,273.07907,203.30713,295.83746,318.33698
5957.5,273.09464,203.31195,295.8532,318.3584
5958.0,273.11017,203.31674,295.86896,318.37988
5958.5,273.12582,203.32153,295.8847,318.40152
5959.0,273.1416,203.32632,295.90048,318.4234
5959.5,273.1575,203.33109,295.9163,318.4455
5960.0,273.17337,203.33586,295.9321,318.46756
5960.5,273.18906,203.3406,295.94785,318.48926
5961.0,273.2043,203.34532,295.96347,318.51038
5961.5,273.21912,203.34999,295.97897,318.53064
5962.0,273.23346,203.35464,295.99435,318.55026
5962.5,273.24747,203.35931,296.00967,318.56934
5963.0,273.26132,203.36398,296.02493,318.5881
5963.5,273.2751,203.36864,296.04016,318.60675
5964.0,273.28882,203.37329,296.05533,318.62537
5964.5,273.30246,203.37794,296.0705,318.64383
5965.0,273.31604,203.38258,296.08563,318.6622
5965.5,273.32953,203.38724,296.10077,318.68045
5966.0,273.34283,203.39189,296.1158,318.6984
5966.5,273.35577,203.39648,296.1307,318.71573
5967.0,273.36826,203.4011,296.14545,318.73245
5967.5,273.38025,203.40572,296.16006,318.74844
5968.0,273.39166,203.41037,296.1745,318.76358
5968.5,273.40234,203.41505,296.18875,318.77768
5969.0,273.41226,203.41978,296.2028,318.79068
5969.5,273.4214,203.42459,296.21655,318.80252
5970.0,273.42963,203.4295,296.23007,318.81317
5970.5,273.43704,203.4345,296.24332,318.82263
5971.0,273.44366,203.43954,296.25626,318.831
5971.5,273.4495,203.44464,296.26892,318.8383
5972.0,273.4549,203.44975,296.2814,318.84497
5972.5,273.46024,203.4548,296.2938,318.85156
5973.0,273.46558,203.4598,296.30615,318.8582
5973.5,273.471,203.46465,296.31842,318.865
5974.0,273.47656,203.46944,296.3307,318.87192
5974.5,273.48224,203.47421,296.34296,318.87903
5975.0,273.48798,203.47897,296.3553,318.88623
5975.5,273.49374,203.4837,296.36752,318.8935
5976.0,273.49957,203.48837,296.37976,318.9008
5976.5,273.50552,203.49307,296.39206,318.9083
5977.0,273.5115,203.49782,296.40442,318.9158
5977.5,273.51743,203.50253,296.4167,318.92325
5978.0,273.5234,203.50723,296.42896,318.93076
5978.5,273.52954,203.51193,296.4413,318.9385
5979.0,273.53577,203.51668,296.45377,318.94632
5979.5,273.5419,203.52148,296.46625,318.95404
5980.0,273.54807,203.52635,296.47882,318.96182
5980.5,273.5544,203.53117,296.49142,318.9698
5981.0,273.56085,203.53593,296.50406,318.97794
5981.5,273.56726,203.54066,296.51663,318.98608
5982.0,273.57364,203.54533,296.52914,318.99414
5982.5,273.5799,203.54993,296.54153,319.00204
5983.0,273.5861,203.55444,296.55377,319.0099
5983.5,273.59222,203.55885,296.56586,319.01764
5984.0,273.59824,203.56319,296.57776,319.02515
5984.5,273.60397,203.56754,296.5895,319.03223
5985.0,273.6096,203.57187,296.60117,319.03918
5985.5,273.61526,203.57625,296.61288,319.04617
5986.0,273.62097,203.58069,296.6247,319.05328
5986.5,273.6266,203.58513,296.63647,319.06024
5987.0,273.632,203.58955,296.6481,319.06683
5987.5,273.63696,203.594,296.6595,319.07285
5988.0,273.6417,203.59843,296.6707,319.07846
5988.5,273.64636,203.60289,296.68185,319.084
5989.0,273.65088,203.60735,296.69296,319.08936
5989.5,273.65512,203.6118,296.70395,319.0943
5990.0,273.6592,203.61626,296.71484,319.099
5990.5,273.6632,203.62067,296.72556,319.10352
5991.0,273.6669,203.62503,296.736,319.1075
5991.5,273.67007,203.62943,296.74603,319.11066
5992.0,273.673,203.63379,296.7559,319.11337
5992.5,273.67603,203.63812,296.76562,319.1161
5993.0,273.67917,203.64244,296.7754,319.119
5993.5,273.68256,203.64673,296.78528,319.12225
5994.0,273.68622,203.651,296.79535,319.12598
5994.5,273.6901,203.65527,296.80545,319.12994
5995.0,273.69394,203.65953,296.81546,319.13382
5995.5,273.6976,203.66382,296.82532,319.1373
5996.0,273.70114,203.66814,296.83502,319.14053
5996.5,273.70474,203.67245,296.84464,319.1437
5997.0,273.7084,203.67679,296.85413,319.14682
5997.5,273.71216,203.68114,296.86356,319.1499
5998.0,273.71588,203.6855,296.87292,319.1529
5998.5,273.71957,203.68987,296.8823,319.15588
5999.0,273.7231,203.69423,296.8917,319.15878
5999.5,273.7264,203.6986,296.90106,319.1614
6000.0,273.72937,203.70296,296.91034,319.16367
6000.5,273.73187,203.70734,296.91934,319.1652
6001.0,273.73373,203.71178,296.92795,319.16568
6001.5,273.73483,203.71628,296.93604,319.1649
6002.0,273.7354,203.72081,296.94376,319.16318
6002.5,273.73587,203.72534,296.95145,319.16132
6003.0,273.73657,203.72984,296.9593,319.1599
6003.5,273.73776,203.7343,296.9674,319.15927
6004.0,273.73914,203.73875,296.97565,319.1589
6004.5,273.74033,203.74324,296.9837,319.1582
6005.0,273.7412,203.74774,296.99158,319.157
6005.5,273.7419,203.7523,296.9992,319.15527
6006.0,273.74246,203.7569,297.00656,319.1531
6006.5,273.74295,203.76154,297.0137,319.1506
6007.0,273.7433,203.7662,297.02057,319.1476
6007.5,273.74338,203.77095,297.0271,319.14392
6008.0,273.74323,203.77571,297.03333,319.13965
6008.5,273.74298,203.7805,297.03943,319.13513
6009.0,273.7428,203.7853,297.0455,319.13058
6009.5,273.7427,203.7901,297.05145,319.12598
6010.0,273.74268,203.79489,297.05728,319.12122
6010.5,273.74274,203.7997,297.06293,319.11624
6011.0,273.74292,203.80449,297.0685,319.11127
6011.5,273.74338,203.80927,297.0742,319.10666
6012.0,273.74426,203.81401,297.07996,319.10254
6012.5,273.7455,203.81873,297.0858,319.0987
6013.0,273.7472,203.82343,297.09167,319.0953
6013.5,273.7495,203.82808,297.0978,319.09277
6014.0,273.75217,203.83272,297.10403,319.09064
6014.5,273.75473,203.8374,297.11008,319.08817
6015.0,273.75693,203.84213,297.11578,319.0848
6015.5,273.75854,203.84698,297.12103,319.0803
6016.0,273.75995,203.85187,297.1261,319.07523
6016.5,273.76144,203.85675,297.13116,319.07022
6017.0,273.76318,203.86162,297.1363,319.06555
6017.5,273.7653,203.86646,297.14157,319.0614
6018.0,273.76794,203.87125,297.1472,319.0582
6018.5,273.7714,203.87595,297.15326,319.05637
6019.0,273.77567,203.88057,297.15985,319.056
6019.5,273.78082,203.88513,297.1669,319.05704
6020.0,273.78638,203.88963,297.17416,319.0587
6020.5,273.7919,203.89413,297.18134,319.06018
6021.0,273.79745,203.89865,297.1884,319.0615
6021.5,273.80316,203.90315,297.19537,319.06274
6022.0,273.809,203.90765,297.20227,319.06396
6022.5,273.81497,203.91219,297.20914,319.06512
6023.0,273.82074,203.91672,297.2158,319.06583
6023.5,273.8262,203.92125,297.22232,319.06622
6024.0,273.8315,203.92578,297.2288,319.06644
6024.5,273.837,203.93031,297.2354,319.06702
6025.0,273.84286,203.93483,297.24225,319.06815
6025.5,273.849,203.93936,297.24924,319.0697
6026.0,273.85532,203.9439,297.25632,319.07147
6026.5,273.8617,203.94846,297.26334,319.07318
6027.0,273.86777,203.95303,297.2701,319.07428
6027.5,273.8734,203.95763,297.27658,319.07468
6028.0,273.87854,203.9623,297.2826,319.07385
6028.5,273.88324,203.96703,297.28815,319.0719
6029.0,273.88748,203.97182,297.2933,319.06882
6029.5,273.89133,203.97665,297.29816,319.06488
6030.0,273.89493,203.98152,297.30286,319.06058
6030.5,273.89844,203.98636,297.30753,319.05615
6031.0,273.90176,203.9912,297.3122,319.0516
6031.5,273.90488,203.99602,297.3168,319.0469
6032.0,273.90768,204.00082,297.32138,319.042
6032.5,273.91016,204.00568,297.32584,319.03662
6033.0,273.91226,204.01053,297.3302,319.03082
6033.5,273.9141,204.01544,297.33435,319.0245
6034.0,273.91595,204.02036,297.3385,319.0182
6034.5,273.91815,204.02522,297.34283,319.01254
6035.0,273.9206,204.03006,297.34738,319.0074
6035.5,273.9231,204.0349,297.35205,319.00256
6036.0,273.92557,204.03972,297.35675,318.99777
6036.5,273.9279,204.04459,297.36127,318.99255
6037.0,273.93008,204.0495,297.36563,318.98688
6037.5,273.93225,204.05444,297.3698,318.98087
6038.0,273.93423,204.05946,297.37378,318.97424
6038.5,273.93594,204.06451,297.37747,318.96683
6039.0,273.93762,204.06956,297.3811,318.95932
6039.5,273.93948,204.0746,297.3848,318.9521
6040.0,273.9414,204.0796,297.38843,318.94476
6040.5,273.94318,204.08461,297.39194,318.93707
6041.0,273.94504,204.0896,297.39548,318.9295
6041.5,273.94724,204.09453,297.39914,318.9225
6042.0,273.9496,204.09944,297.40283,318.91562
6042.5,273.95187,204.10432,297.40656,318.90875
6043.0,273.95398,204.10924,297.41022,318.90176
6043.5,273.9558,204.11418,297.4138,318.89435
6044.0,273.9576,204.11911,297.41745,318.88712
6044.5,273.9596,204.124,297.42133,318.88052
6045.0,273.96167,204.12886,297.42538,318.87436
6045.5,273.96362,204.13374,297.4294,318.86807
6046.0,273.96555,204.13864,297.43344,318.86176
6046.5,273.9676,204.14352,297.43756,318.8557
6047.0,273.9694,204.14845,297.44144,318.84903
6047.5,273.97052,204.15356,297.44473,318.84058
6048.0,273.9712,204.15874,297.44763,318.83105
6048.5,273.97186,204.16391,297.4505,318.82144
6049.0,273.97232,204.16911,297.45322,318.81143
6049.5,273.97238,204.17435,297.45566,318.80057
6050.0,273.97226,204.17957,297.45807,318.78958
6050.5,273.97238,204.18475,297.46063,318.77908
6051.0,273.97296,204.1898,297.46356,318.76978
6051.5,273.9743,204.19473,297.46704,318.7621
6052.0,273.97626,204.19955,297.471,318.7559
6052.5,273.97876,204.20427,297.47543,318.75095
6053.0,273.98196,204.20888,297.48038,318.74756
6053.5,273.986,204.21338,297.4859,318.7458
6054.0,273.99057,204.21783,297.49182,318.74515
6054.5,273.99545,204.22227,297.49792,318.745
6055.0,274.00043,204.22668,297.50412,318.7451
6055.5,274.00546,204.2311,297.51035,318.74533
6056.0,274.0104,204.2355,297.51657,318.74564
6056.5,274.01523,204.23991,297.52283,318.7459
6057.0,274.01978,204.24435,297.52896,318.74573
6057.5,274.0239,204.24884,297.53485,318.74487
6058.0,274.02768,204.25336,297.54056,318.7434
6058.5,274.03122,204.25792,297.5461,318.74152
6059.0,274.03494,204.26245,297.55176,318.7399
6059.5,274.03912,204.2669,297.55777,318.73926
6060.0,274.04388,204.27129,297.56412,318.7397
6060.5,274.0491,204.27563,297.57077,318.7409
6061.0,274.05444,204.27995,297.5775,318.74237
6061.5,274.0597,204.28421,297.58432,318.74396
6062.0,274.06503,204.28845,297.59125,318.7458
6062.5,274.07062,204.29268,297.5984,318.7482
6063.0,274.0767,204.29688,297.6059,318.75153
6063.5,274.08353,204.30104,297.61386,318.75604
6064.0,274.09106,204.30522,297.62225,318.7617
6064.5,274.0993,204.30939,297.63098,318.76828
6065.0,274.10803,204.31358,297.63995,318.77557
6065.5,274.1171,204.31778,297.64902,318.7832
6066.0,274.12622,204.322,297.65808,318.79083
6066.5,274.13522,204.32625,297.66705,318.79822
6067.0,274.14407,204.33049,297.67593,318.80536
6067.5,274.15274,204.33473,297.6847,318.81226
6068.0,274.16095,204.33897,297.69327,318.8186
6068.5,274.16855,204.34323,297.70154,318.82407
6069.0,274.17554,204.34747,297.7096,318.82883
6069.5,274.18216,204.35168,297.71756,318.83322
6070.0,274.18845,204.35587,297.72552,318.83743
6070.5,274.1945,204.36002,297.73346,318.8415
6071.0,274.2006,204.3641,297.7415,318.8458
6071.5,274.207,204.36818,297.7498,318.8507
6072.0,274.21368,204.37224,297.75824,318.8561
6072.5,274.22043,204.3763,297.76672,318.86154
6073.0,274.22717,204.38034,297.77515,318.86688
6073.5,274.23386,204.38443,297.78342,318.87195
6074.0,274.24017,204.38855,297.79138,318.87625
6074.5,274.24606,204.3927,297.79907,318.87985
6075.0,274.25137,204.39691,297.80627,318.88226
6075.5,274.25626,204.40118,297.81314,318.88385
6076.0,274.26086,204.40547,297.81985,318.88492
6076.5,274.26535,204.40982,297.82635,318.88553
6077.0,274.26984,204.41418,297.83276,318.88596
6077.5,274.27457,204.41853,297.8391,318.88647
6078.0,274.2795,204.42293,297.84552,318.88718
6078.5,274.28473,204.4273,297.852,318.88815
6079.0,274.2901,204.43167,297.85858,318.88947
6079.5,274.29553,204.43602,297.8652,318.89087
6080.0,274.30093,204.44034,297.87186,318.8924
6080.5,274.30624,204.44463,297.87854,318.89395
6081.0,274.3117,204.44887,297.88538,318.89584
6081.5,274.31744,204.45311,297.89233,318.89813
6082.0,274.32373,204.45735,297.89954,318.9011
6082.5,274.33066,204.46158,297.90707,318.9049
6083.0,274.33792,204.46582,297.91473,318.90918
6083.5,274.34525,204.47003,297.92245,318.91354
6084.0,274.3523,204.47426,297.93008,318.9176
6084.5,274.35883,204.4785,297.93738,318.92093
6085.0,274.36484,204.48277,297.94437,318.9234
6085.5,274.3703,204.48706,297.95102,318.92493
6086.0,274.37543,204.4914,297.95734,318.92566
6086.5,274.38043,204.49579,297.96344,318.92596
6087.0,274.3855,204.5002,297.96936,318.9259
6087.5,274.3906,204.50464,297.9752,318.9256
6088.0,274.39566,204.5091,297.98083,318.92487
6088.5,274.4006,204.51358,297.98633,318.9238
6089.0,274.4056,204.51805,297.9918,318.9227
6089.5,274.4109,204.52254,297.99734,318.92194
6090.0,274.4162,204.52702,298.0029,318.92105
6090.5,274.42117,204.53151,298.00818,318.9195
6091.0,274.42584,204.53598,298.01315,318.91724
6091.5,274.43033,204.54047,298.01794,318.91446
6092.0,274.43466,204.54497,298.02252,318.91125
6092.5,274.43887,204.54948,298.02698,318.90765
6093.0,274.44324,204.55402,298.0314,318.904
6093.5,274.44797,204.55856,298.03595,318.9006
6094.0,274.4526,204.56314,298.04037,318.8968
6094.5,274.45676,204.56776,298.0443,318.89185
6095.0,274.46075,204.57242,298.04803,318.88623
6095.5,274.46497,204.57709,298.05182,318.88065
6096.0,274.46927,204.58179,298.05557,318.875
6096.5,274.4736,204.5865,298.0593,318.86926
6097.0,274.4781,204.59123,298.06317,318.86383
6097.5,274.4829,204.59592,298.06732,318.8592
6098.0,274.48813,204.6006,298.07178,318.8554
6098.5,274.49368,204.60527,298.0765,318.85217
6099.0,274.4993,204.60992,298.08127,318.84915
6099.5,274.50473,204.61455,298.08603,318.84613
6100.0,274.50974,204.61914,298.0905,318.84262
6100.5,274.51416,204.62372,298.09476,318.83844
6101.0,274.5181,204.62833,298.0987,318.83356
6101.5,274.52182,204.6329,298.10257,318.82858
6102.0,274.52563,204.63744,298.1066,318.82404
6102.5,274.52975,204.64194,298.1109,318.82025
6103.0,274.53433,204.6464,298.1156,318.81744
6103.5,274.53946,204.65085,298.12064,318.8155
6104.0,274.54492,204.65532,298.1259,318.81403
6104.5,274.55057,204.65977,298.13116,318.81268
6105.0,274.55655,204.66426,298.1366,318.81152
6105.5,274.5629,204.66878,298.14215,318.81064
6106.0,274.56976,204.67331,298.148,318.81042
6106.5,274.5774,204.67784,298.1544,318.8114
6107.0,274.58545,204.6824,298.16104,318.81308
6107.5,274.59363,204.68695,298.1678,318.81503
6108.0,274.60202,204.6915,298.17468,318.81735
6108.5,274.6107,204.69606,298.18176,318.82004
6109.0,274.61957,204.7006,298.189,318.82297
6109.5,274.62866,204.70517,298.19635,318.82623
6110.0,274.63776,204.7097,298.2037,318.82956
6110.5,274.64664,204.7142,298.21097,318.83273
6111.0,274.65524,204.71869,298.21808,318.83557
6111.5,274.66348,204.72314,298.2249,318.83786
6112.0,274.67123,204.72758,298.23148,318.8395
6112.5,274.67853,204.73201,298.2377,318.84036
6113.0,274.6854,204.73645,298.24365,318.8405
6113.5,274.69193,204.7409,298.24936,318.84018
6114.0,274.69852,204.74536,298.25513,318.83997
6114.5,274.70535,204.74982,298.26105,318.8401
6115.0,274.71243,204.7543,298.26706,318.84033
6115.5,274.71967,204.7588,298.2731,318.84067
6116.0,274.72687,204.76334,298.27908,318.84073
6116.5,274.73383,204.7679,298.28485,318.8401
6117.0,274.74033,204.77249,298.29016,318.83838
6117.5,274.7462,204.77711,298.29498,318.83548
6118.0,274.75183,204.78177,298.29962,318.8321
6118.5,274.75757,204.78642,298.30432,318.82886
6119.0,274.76318,204.79105,298.30893,318.82538
6119.5,274.76834,204.79567,298.3133,318.8214
6120.0,274.77313,204.80025,298.31744,318.81705
6120.5,274.77762,204.80481,298.32147,318.81244
6121.0,274.78207,204.80933,298.3255,318.808
6121.5,274.78668,204.81384,298.32974,318.80402
6122.0,274.79123,204.81831,298.33395,318.8001
6122.5,274.79538,204.8228,298.33798,318.79572
6123.0,274.7992,204.82729,298.3418,318.7909
6123.5,274.80273,204.83174,298.34552,318.78592
6124.0,274.80606,204.8362,298.34918,318.7808
6124.5,274.80917,204.84071,298.35272,318.77524
6125.0,274.8121,204.84525,298.35614,318.76938
6125.5,274.81494,204.8498,298.35947,318.7633
6126.0,274.8176,204.8544,298.36273,318.75693
6126.5,274.82007,204.859,298.3661,318.7507
6127.0,274.8227,204.86357,298.36975,318.74527
6127.5,274.82565,204.86807,298.37384,318.74094
6128.0,274.82883,204.87256,298.37805,318.737
6128.5,274.83182,204.87709,298.38177,318.73196
6129.0,274.83463,204.88167,298.38516,318.726
6129.5,274.83795,204.88617,298.38907,318.7215
6130.0,274.84192,204.89061,298.39355,318.71848
6130.5,274.84592,204.89507,298.39786,318.71494
6131.0,274.84943,204.89957,298.40152,318.70975
6131.5,274.8525,204.9041,298.4047,318.7033
6132.0,274.85538,204.90863,298.4076,318.6961
6132.5,274.85825,204.9132,298.4103,318.68848
6133.0,274.86115,204.91777,298.41296,318.6805
6133.5,274.8641,204.9224,298.41553,318.67215
6134.0,274.8674,204.92703,298.4182,318.66397
6134.5,274.8714,204.93169,298.42133,318.65668
6135.0,274.87625,204.93634,298.42508,318.65076
6135.5,274.8821,204.94096,298.42953,318.6465
6136.0,274.88867,204.94556,298.43454,318.64355
6136.5,274.89566,204.95016,298.4399,318.64145
6137.0,274.903,204.95477,298.4455,318.63998
6137.5,274.9106,204.95937,298.45132,318.63892
6138.0,274.9188,204.96397,298.45758,318.63892
6138.5,274.92783,204.96855,298.46454,318.64066
6139.0,274.9378,204.9731,298.47223,318.64423
6139.5,274.94852,204.97766,298.4806,318.6493
6140.0,274.95944,204.98221,298.4891,318.65463
6140.5,274.9701,204.98676,298.49734,318.6592
6141.0,274.98026,204.99132,298.50522,318.6628
6141.5,274.99002,204.99585,298.5127,318.66556
6142.0,274.99927,205.00035,298.51984,318.6675
6142.5,275.008,205.00485,298.5266,318.66876
6143.0,275.0163,205.00934,298.53308,318.66953
6143.5,275.02426,205.0138,298.53937,318.67
6144.0,275.03232,205.01826,298.54575,318.67093
6144.5,275.04074,205.02269,298.55252,318.67288
6145.0,275.0498,205.0271,298.55978,318.67618
6145.5,275.05957,205.0315,298.56766,318.6811
6146.0,275.06964,205.03587,298.5758,318.68686
6146.5,275.07962,205.04024,298.58398,318.69278
6147.0,275.0897,205.04459,298.5923,318.6991
6147.5,275.10007,205.04892,298.60083,318.70612
6148.0,275.1107,205.05325,298.6096,318.71375
6148.5,275.1214,205.0576,298.61847,318.72165
6149.0,275.13202,205.06192,298.62726,318.72937
6149.5,275.14227,205.06622,298.63577,318.7364
6150.0,275.1521,205.07054,298.64392,318.74246
6150.5,275.16144,205.07483,298.65173,318.74762
6151.0,275.17017,205.07913,298.65906,318.75174
6151.5,275.17822,205.08339,298.66602,318.7549
6152.0,275.1859,205.08763,298.67276,318.75763
6152.5,275.19345,205.09189,298.6794,318.76016
6153.0,275.20093,205.09613,298.68604,318.7627
6153.5,275.2085,205.10034,298.69278,318.76553
6154.0,275.21628,205.10457,298.69974,318.769
6154.5,275.22427,205.10876,298.7069,318.773
6155.0,275.2324,205.11296,298.71417,318.77725
6155.5,275.24042,205.11716,298.72144,318.78156
6156.0,275.24823,205.12135,298.72864,318.78574
6156.5,275.25574,205.12552,298.73572,318.78964
6157.0,275.26273,205.12967,298.7426,318.7931
6157.5,275.26907,205.13382,298.74927,318.79593
6158.0,275.27484,205.13794,298.7557,318.79822
6158.5,275.28006,205.14204,298.76205,318.80017
6159.0,275.28467,205.14616,298.76816,318.8013
6159.5,275.28857,205.15034,298.77402,318.8016
6160.0,275.29187,205.15451,298.77957,318.80106
6160.5,275.2946,205.1587,298.78488,318.79965
6161.0,275.29694,205.16293,298.78998,318.79773
6161.5,275.29913,205.16714,298.79498,318.7955
6162.0,275.30145,205.17134,298.8,318.7934
6162.5,275.30402,205.17552,298.80505,318.79153
6163.0,275.3068,205.17969,298.8101,318.7898
6163.5,275.3097,205.18387,298.8152,318.7882
6164.0,275.31247,205.18803,298.8202,318.78638
6164.5,275.31494,205.19226,298.82495,318.78387
6165.0,275.3173,205.19652,298.8296,318.78113
6165.5,275.31982,205.20078,298.83438,318.77875
6166.0,275.32257,205.20499,298.83932,318.77676
6166.5,275.32538,205.20923,298.8442,318.77478
6167.0,275.32812,205.2135,298.84894,318.77237
6167.5,275.33072,205.21782,298.85342,318.76935
6168.0,275.33337,205.22214,298.85782,318.76624
6168.5,275.33652,205.2264,298.8625,318.7639
6169.0,275.34042,205.23062,298.86755,318.76273
6169.5,275.3452,205.23479,298.87314,318.7629
6170.0,275.3508,205.23892,298.87918,318.76425
6170.5,275.35718,205.24301,298.88565,318.7668
6171.0,275.3644,205.24707,298.8927,318.7708
6171.5,275.37262,205.2511,298.90045,318.77664
6172.0,275.382,205.25508,298.90906,318.7846
6172.5,275.39255,205.25906,298.91846,318.7948
6173.0,275.40427,205.26306,298.92868,318.8071
6173.5,275.41696,205.26712,298.9396,318.82123
6174.0,275.43057,205.27124,298.95117,318.83704
6174.5,275.44495,205.27544,298.96332,318.85446
6175.0,275.4598,205.27971,298.97586,318.87296
6175.5,275.47485,205.284,298.98853,318.89175
6176.0,275.48978,205.28828,299.00107,318.91025
6176.5,275.50436,205.29259,299.01337,318.92792
6177.0,275.51843,205.29683,299.02518,318.94434
6177.5,275.53174,205.30104,299.03644,318.9592
6178.0,275.54425,205.30524,299.04703,318.97232
6178.5,275.55576,205.30943,299.05685,318.9834
6179.0,275.56622,205.31363,299.0659,318.99234
6179.5,275.57565,205.31783,299.0742,318.99942
6180.0,275.58438,205.32205,299.08197,319.00516
6180.5,275.59265,205.3263,299.0894,319.00995
6181.0,275.60065,205.33057,299.09653,319.01404
6181.5,275.60852,205.33488,299.1035,319.01764
6182.0,275.61655,205.33922,299.1105,319.02115
6182.5,275.62497,205.34358,299.1177,319.0251
6183.0,275.63358,205.34796,299.12497,319.02908
6183.5,275.64212,205.35237,299.13214,319.03265
6184.0,275.65085,205.35681,299.13934,319.03632
6184.5,275.66003,205.36127,299.1469,319.04077
6185.0,275.66946,205.3657,299.15466,319.04575
6185.5,275.67886,205.37015,299.1624,319.05075
6186.0,275.6879,205.37457,299.16995,319.05533
6186.5,275.6964,205.37901,299.1771,319.05905
6187.0,275.70435,205.38344,299.1839,319.06192
6187.5,275.71176,205.38788,299.19034,319.06403
6188.0,275.71866,205.39229,299.19647,319.06546
6188.5,275.72507,205.3967,299.20233,319.06635
6189.0,275.73105,205.40111,299.20804,319.06677
6189.5,275.73666,205.4055,299.21356,319.06693
6190.0,275.7421,205.40988,299.21912,319.06708
6190.5,275.74753,205.41425,299.22476,319.06757
6191.0,275.75302,205.41858,299.2306,319.06854
6191.5,275.7586,205.4229,299.23666,319.0701
6192.0,275.76447,205.4272,299.24307,319.0725
6192.5,275.77078,205.43144,299.24997,319.07608
6193.0,275.77783,205.43564,299.25745,319.0812
6193.5,275.78577,205.4398,299.2656,319.08798
6194.0,275.79413,205.44395,299.27417,319.09583
6194.5,275.80264,205.44807,299.28302,319.10428
6195.0,275.81107,205.45218,299.29202,319.11298
6195.5,275.81924,205.45628,299.3011,319.1217
6196.0,275.82727,205.46036,299.31027,319.13052
6196.5,275.8352,205.46443,299.31952,319.13937
6197.0,275.84277,205.4685,299.3286,319.14786
6197.5,275.84982,205.47261,299.3375,319.1556
6198.0,275.8567,205.47672,299.3464,319.16324
6198.5,275.8638,205.48082,299.3555,319.17142
6199.0,275.87112,205.48491,299.3648,319.18
6199.5,275.8785,205.48904,299.37408,319.18854
6200.0,275.88608,205.49321,299.38336,319.19724
6200.5,275.8941,205.4974,299.39273,319.20636
6201.0,275.90247,205.50165,299.40216,319.2158
6201.5,275.91116,205.50595,299.41168,319.2255
6202.0,275.92032,205.51025,299.42136,319.23575
6202.5,275.93008,205.5146,299.43137,319.24695
6203.0,275.94028,205.51897,299.44165,319.25888
6203.5,275.95068,205.52335,299.45206,319.27118
6204.0,275.96094,205.52776,299.4623,319.28314
6204.5,275.9707,205.5322,299.47223,319.29413
6205.0,275.97992,205.53668,299.4818,319.30423
6205.5,275.9888,205.54118,299.4912,319.31378
6206.0,275.99713,205.54568,299.50037,319.32263
6206.5,276.0048,205.55022,299.5092,319.33047
6207.0,276.01202,205.5548,299.51785,319.3378
6207.5,276.01932,205.55937,299.52658,319.34525
6208.0,276.02698,205.56393,299.53555,319.35333
6208.5,276.03528,205.56848,299.54492,319.3625
6209.0,276.04413,205.57303,299.55457,319.37247
6209.5,276.05334,205.57759,299.56442,319.383
6210.0,276.06262,205.58217,299.5743,319.39365
6210.5,276.07178,205.58672,299.5842,319.4042
6211.0,276.08063,205.59125,299.59412,319.4146
6211.5,276.08923,205.59575,299.6041,319.42496
6212.0,276.09753,205.60022,299.61417,319.4352
6212.5,276.10547,205.60464,299.62427,319.44522
6213.0,276.11307,205.60905,299.6343,319.455
6213.5,276.12033,205.6135,299.64438,319.46448
6214.0,276.1272,205.61798,299.65433,319.47345
6214.5,276.13367,205.62251,299.66425,319.48206
6215.0,276.1401,205.62703,299.6743,319.49075
6215.5,276.14673,205.63159,299.68442,319.49976
6216.0,276.1535,205.63617,299.6946,319.5089
6216.5,276.16037,205.6408,299.70468,319.518
6217.0,276.16724,205.64546,299.71472,319.52704
6217.5,276.17426,205.65016,299.7248,319.5362
6218.0,276.18152,205.65486,299.73508,319.54587
6218.5,276.18915,205.65956,299.74557,319.55615
6219.0,276.1972,205.66423,299.75638,319.5672
6219.5,276.20572,205.66888,299.76746,319.57898
6220.0,276.21472,205.67352,299.7788,319.5915
6220.5,276.22418,205.67818,299.79034,319.6047
6221.0,276.2339,205.68283,299.80203,319.6183
6221.5,276.24362,205.68747,299.81375,319.63193
6222.0,276.25323,205.69212,299.82544,319.6455
6222.5,276.26273,205.69678,299.83716,319.6589
6223.0,276.27216,205.70142,299.84894,319.67233
6223.5,276.28168,205.70605,299.86093,319.6862
6224.0,276.29147,205.71065,299.87317,319.70053
6224.5,276.30142,205.71527,299.88553,319.71527
6225.0,276.31125,205.71992,299.89783,319.72974
6225.5,276.3206,205.72462,299.90982,319.74335
6226.0,276.32938,205.72937,299.92154,319.75607
6226.5,276.3377,205.73416,299.93295,319.76804
6227.0,276.34558,205.739,299.94406,319.7791
6227.5,276.353,205.74391,299.95483,319.78934
6228.0,276.36026,205.74887,299.9654,319.79916
6228.5,276.36774,205.75385,299.97595,319.80917
6229.0,276.37564,205.75883,299.98663,319.81976
6229.5,276.3842,205.76382,299.9976,319.83115
6230.0,276.3934,205.7688,300.0088,319.84344
6230.5,276.40332,205.77379,300.02023,319.85663
6231.0,276.41357,205.7788,300.03183,319.87036
6231.5,276.42392,205.7838,300.04352,319.88428
6232.0,276.43423,205.7888,300.0553,319.8983
6232.5,276.44446,205.7938,300.06714,319.91235
6233.0,276.45465,205.79877,300.07907,319.92645
6233.5,276.46478,205.80376,300.09103,319.94052
6234.0,276.47482,205.80876,300.10294,319.95447
6234.5,276.48474,205.81377,300.1148,319.96826
6235.0,276.49445,205.81877,300.1266,319.98166
6235.5,276.50372,205.82378,300.13824,319.9946
6236.0,276.51273,205.82878,300.1499,320.00726
6236.5,276.52145,205.83377,300.16162,320.01974
6237.0,276.5299,205.83875,300.17325,320.0319
6237.5,276.5379,205.84378,300.18466,320.04333
6238.0,276.5454,205.84886,300.1957,320.05392
6238.5,276.5525,205.85399,300.20654,320.06378
6239.0,276.5595,205.85913,300.21732,320.07355
6239.5,276.5668,205.86426,300.22824,320.08368
6240.0,276.5741,205.86937,300.2392,320.09393
6240.5,276.58118,205.8745,300.2501,320.10388
6241.0,276.5881,205.87964,300.26086,320.11356
6241.5,276.59497,205.88481,300.27155,320.12305
6242.0,276.60156,205.89003,300.282,320.13205
6242.5,276.6078,205.89536,300.2922,320.14023
6243.0,276.61353,205.90076,300.3021,320.14764
6243.5,276.6189,205.90627,300.3118,320.15448
6244.0,276.62387,205.91188,300.3213,320.16068
6244.5,276.62845,205.91757,300.3305,320.16617
6245.0,276.63284,205.92334,300.3395,320.17114
6245.5,276.6372,205.92915,300.34827,320.17578
6246.0,276.64172,205.93503,300.35696,320.18045
6246.5,276.64664,205.94089,300.3658,320.18564
6247.0,276.65216,205.9467,300.37503,320.19183
6247.5,276.65836,205.95245,300.38474,320.1993
6248.0,276.66516,205.95813,300.39487,320.20782
6248.5,276.67236,205.96376,300.4053,320.2171
6249.0,276.68005,205.96933,300.41602,320.22714
6249.5,276.68832,205.97488,300.42697,320.238
6250.0,276.69727,205.98042,300.43814,320.24976
6250.5,276.70688,205.98595,300.44955,320.26236
6251.0,276.71683,205.99149,300.46115,320.2755
6251.5,276.72693,205.997,300.4729,320.289
6252.0,276.7372,206.00247,300.48486,320.30292
6252.5,276.74774,206.00798,300.49683,320.31708
6253.0,276.75818,206.01352,300.50873,320.331
6253.5,276.76834,206.01909,300.52032,320.34433
6254.0,276.77847,206.02472,300.53177,320.35736
6254.5,276.78867,206.0304,300.5431,320.3702
6255.0,276.79874,206.03612,300.55426,320.38275
6255.5,276.80865,206.04185,300.56537,320.39505
6256.0,276.8185,206.04764,300.57645,320.40726
6256.5,276.82828,206.05342,300.5874,320.41925
6257.0,276.83823,206.05923,300.5984,320.43137
6257.5,276.84866,206.06506,300.60956,320.44412
6258.0,276.85922,206.07089,300.6208,320.4571
6258.5,276.86954,206.07677,300.63184,320.4696
6259.0,276.87964,206.08267,300.64267,320.4816
6259.5,276.88965,206.08861,300.65344,320.4934
6260.0,276.89987,206.09457,300.6643,320.50546
6260.5,276.91052,206.10056,300.67532,320.51807
6261.0,276.92136,206.10657,300.6864,320.53094
6261.5,276.93225,206.1126,300.69757,320.54395
6262.0,276.94296,206.11864,300.70868,320.5567
6262.5,276.95328,206.1247,300.71957,320.56885
6263.0,276.96338,206.1308,300.7303,320.58057
6263.5,276.97345,206.1369,300.741,320.59222
6264.0,276.9838,206.143,300.7519,320.6043
6264.5,276.9947,206.14908,300.7631,320.61737
6265.0,277.00604,206.15514,300.77463,320.63126
6265.5,277.01767,206.16116,300.78635,320.6457
6266.0,277.02936,206.16719,300.7982,320.6603
6266.5,277.04102,206.17323,300.81003,320.67493
6267.0,277.05267,206.17929,300.82193,320.68964
6267.5,277.06448,206.18533,300.83383,320.70447
6268.0,277.0764,206.19142,300.84573,320.7193
6268.5,277.08832,206.19754,300.85757,320.73407
6269.0,277.10043,206.2037,300.86942,320.74896
6269.5,277.1128,206.20985,300.88144,320.7643
6270.0,277.12534,206.216,300.89355,320.77997
6270.5,277.13785,206.22218,300.9056,320.79547
6271.0,277.1504,206.2284,300.91763,320.81088
6271.5,277.16318,206.23462,300.92975,320.82666
6272.0,277.1764,206.24088,300.9421,320.84317
6272.5,277.1902,206.24713,300.9547,320.8605
6273.0,277.2046,206.25343,300.96765,320.87878
6273.5,277.21967,206.25978,300.98093,320.89822
6274.0,277.2354,206.26616,300.9946,320.91888
6274.5,277.25183,206.2726,301.00873,320.94083
6275.0,277.26862,206.27907,301.02304,320.96344
6275.5,277.28534,206.28552,301.0374,320.98602
6276.0,277.30188,206.29199,301.05167,321.00827
6276.5,277.3182,206.29845,301.06586,321.0302
6277.0,277.33435,206.3049,301.07996,321.05185
6277.5,277.35028,206.31137,301.0939,321.073
6278.0,277.36584,206.31786,301.1076,321.09335
6278.5,277.38098,206.32436,301.12097,321.11282
6279.0,277.3959,206.3309,301.13416,321.1318
6279.5,277.41092,206.33745,301.1473,321.1507
6280.0,277.42606,206.34402,301.16046,321.16974
6280.5,277.44138,206.35063,301.1737,321.18903
6281.0,277.4566,206.35727,301.18686,321.20813
6281.5,277.47147,206.36389,301.19977,321.22644
6282.0,277.48596,206.37054,301.21237,321.24393
6282.5,277.5002,206.37723,301.2247,321.26077
6283.0,277.5144,206.38393,301.237,321.2774
6283.5,277.52887,206.39067,301.24936,321.29434
6284.0,277.54358,206.39743,301.26184,321.3116
6284.5,277.5584,206.40424,301.27435,321.32904
6285.0,277.57318,206.41103,301.28683,321.34637
6285.5,277.5878,206.41782,301.29932,321.36356
6286.0,277.60223,206.42462,301.31177,321.38058
6286.5,277.6165,206.4314,301.3242,321.39746
6287.0,277.63065,206.43816,301.3367,321.4145
6287.5,277.64493,206.44489,301.34943,321.43198
6288.0,277.65942,206.45158,301.3624,321.45004
6288.5,277.67413,206.45828,301.37555,321.46857
6289.0,277.68896,206.46498,301.38882,321.48743
6289.5,277.70392,206.47168,301.40222,321.50656
6290.0,277.71878,206.47836,301.41568,321.52573
6290.5,277.73343,206.48502,301.42914,321.54468
6291.0,277.74802,206.49164,301.44266,321.56375
6291.5,277.7627,206.49826,301.45633,321.5831
6292.0,277.77747,206.5049,301.4701,321.6027
6292.5,277.7923,206.51155,301.48386,321.6223
6293.0,277.8073,206.51822,301.4977,321.6422
6293.5,277.8226,206.5249,301.51178,321.66266
6294.0,277.8383,206.5316,301.52603,321.68378
6294.5,277.8543,206.53831,301.54047,321.7055
6295.0,277.8708,206.54509,301.5551,321.72794
6295.5,277.88773,206.55196,301.56998,321.75113
6296.0,277.90494,206.55887,301.5849,321.77463
6296.5,277.9222,206.56581,301.5998,321.7981
6297.0,277.93948,206.57277,301.61472,321.82162
6297.5,277.9568,206.57973,301.6297,321.8453
6298.0,277.974,206.58664,301.64474,321.86887
6298.5,277.99084,206.59354,301.65967,321.892
6299.0,278.00693,206.6004,301.67404,321.91357
6299.5,278.0216,206.60736,301.68726,321.93192
6300.0,278.03458,206.61444,301.699,321.94656
6300.5,278.04593,206.62164,301.7096,321.95816
6301.0,278.0557,206.629,301.7191,321.96677
6301.5,278.0639,206.63652,301.72754,321.9725
6302.0,278.07056,206.64426,301.73492,321.97534
6302.5,278.07587,206.65219,301.74133,321.97543
6303.0,278.08005,206.66032,301.7469,321.97314
6303.5,278.0834,206.66861,301.75177,321.9689
6304.0,278.08612,206.677,301.75613,321.96332
6304.5,278.0885,206.68542,301.76028,321.95712
6305.0,278.0908,206.69386,301.76434,321.95068
6305.5,278.0929,206.7024,301.7681,321.9434
6306.0,278.09482,206.71106,301.77145,321.935
6306.5,278.0966,206.7198,301.77454,321.9258
6307.0,278.09836,206.72855,301.77762,321.9166
6307.5,278.10013,206.73727,301.7808,321.90775
6308.0,278.1019,206.74603,301.7839,321.8987
6308.5,278.1037,206.7548,301.787,321.88965
6309.0,278.10583,206.76353,301.79022,321.88116
6309.5,278.10837,206.77219,301.79373,321.8735
6310.0,278.1114,206.78076,301.79742,321.8666
6310.5,278.11475,206.78932,301.80124,321.86023
6311.0,278.1182,206.79788,301.80505,321.8538
6311.5,278.12173,206.80644,301.80893,321.84756
6312.0,278.12543,206.81496,301.81302,321.84195
6312.5,278.12943,206.82343,301.81747,321.83737
6313.0,278.13364,206.83183,301.8221,321.83334
6313.5,278.13766,206.84033,301.82642,321.82846
6314.0,278.14142,206.8489,301.83044,321.8227
6314.5,278.1452,206.85748,301.8346,321.81723
6315.0,278.14935,206.86598,301.83908,321.8128
6315.5,278.15363,206.87444,301.84366,321.8087
6316.0,278.15775,206.88295,301.8481,321.8042
6316.5,278.16174,206.89151,301.85248,321.79944
6317.0,278.16583,206.90005,301.857,321.79507
6317.5,278.17023,206.90854,301.86166,321.7913
6318.0,278.17487,206.91699,301.86652,321.7881
6318.5,278.1798,206.92542,301.87164,321.78555
6319.0,278.1851,206.93378,301.87704,321.78387
6319.5,278.19077,206.94208,301.88284,321.78323
6320.0,278.19678,206.9503,301.88892,321.78342
6320.5,278.203,206.95851,301.89508,321.78394
6321.0,278.20944,206.9667,301.90134,321.78473
6321.5,278.2162,206.97488,301.9077,321.786
6322.0,278.22305,206.98305,301.91418,321.78754
6322.5,278.23,206.9912,301.92072,321.78918
6323.0,278.23697,206.99934,301.9273,321.79102
6323.5,278.24396,207.0075,301.93402,321.79315
6324.0,278.25116,207.01564,301.94098,321.79584
6324.5,278.2586,207.02374,301.94818,321.7991
6325.0,278.26624,207.03183,301.95547,321.80273
6325.5,278.27393,207.0399,301.96277,321.8065
6326.0,278.28168,207.04799,301.97006,321.81018
6326.5,278.28943,207.05609,301.97733,321.81378
6327.0,278.29706,207.06422,301.98447,321.81708
6327.5,278.30453,207.07237,301.99146,321.82007
6328.0,278.31177,207.08058,301.99835,321.82266
6328.5,278.3187,207.0888,302.0051,321.8248
6329.0,278.32538,207.09708,302.01172,321.82654
6329.5,278.3319,207.10538,302.01822,321.82794
6330.0,278.3382,207.1137,302.02457,321.8289
6330.5,278.34427,207.12204,302.03088,321.8296
6331.0,278.3503,207.13039,302.03723,321.83044
6331.5,278.35638,207.13869,302.0438,321.83173
6332.0,278.36258,207.14693,302.05066,321.83365
6332.5,278.369,207.15514,302.05792,321.83643
6333.0,278.37558,207.16328,302.0656,321.84015
6333.5,278.38242,207.17139,302.0738,321.84482
6334.0,278.38947,207.17944,302.08243,321.85037
6334.5,278.39673,207.18747,302.0915,321.85672
6335.0,278.40402,207.19545,302.10086,321.86362
6335.5,278.41125,207.20341,302.11044,321.8708
6336.0,278.41843,207.21138,302.12027,321.8782
6336.5,278.42554,207.21935,302.13022,321.88583
6337.0,278.4326,207.2273,302.14032,321.89355
6337.5,278.43945,207.23526,302.15045,321.9012
6338.0,278.4463,207.24323,302.16064,321.90887
6338.5,278.45316,207.25122,302.17075,321.91647
6339.0,278.46005,207.25925,302.18066,321.92383
6339.5,278.4669,207.26735,302.19025,321.93063
6340.0,278.4735,207.27553,302.1994,321.93665
6340.5,278.47992,207.28378,302.20822,321.942
6341.0,278.48618,207.29208,302.2168,321.94678
6341.5,278.49237,207.30045,302.22507,321.95108
6342.0,278.49835,207.30888,302.23303,321.95474
6342.5,278.5042,207.31738,302.24078,321.95798
6343.0,278.50995,207.32588,302.2484,321.96088
6343.5,278.5156,207.33444,302.25592,321.96356
6344.0,278.52112,207.34303,302.26334,321.96597
6344.5,278.52652,207.35161,302.2707,321.96826
6345.0,278.5318,207.3602,302.27817,321.97064
6345.5,278.53714,207.36873,302.28592,321.97348
6346.0,278.5425,207.37724,302.294,321.9769
6346.5,278.54785,207.38573,302.30215,321.98044
6347.0,278.5531,207.39423,302.31027,321.98386
6347.5,278.55823,207.40273,302.3183,321.98706
6348.0,278.5633,207.41127,302.32626,321.99008
6348.5,278.5684,207.4198,302.3343,321.99326
6349.0,278.57364,207.42831,302.34238,321.99664
6349.5,278.579,207.43683,302.3504,322.00003
6350.0,278.58426,207.44539,302.3583,322.0031
6350.5,278.58936,207.45396,302.36603,322.0058
6351.0,278.59415,207.4626,302.3736,322.00806
6351.5,278.5986,207.47125,302.381,322.00983
6352.0,278.60278,207.47993,302.38834,322.01126
6352.5,278.6068,207.48863,302.39563,322.0125
6353.0,278.6108,207.49736,302.40295,322.0138
6353.5,278.61487,207.50609,302.41037,322.01526
6354.0,278.6189,207.51482,302.41776,322.0167
6354.5,278.62283,207.52359,302.42496,322.01773
6355.0,278.62656,207.53241,302.43198,322.01828
6355.5,278.63022,207.54123,302.43906,322.01895
6356.0,278.63382,207.55002,302.44635,322.01987
6356.5,278.6373,207.55882,302.45367,322.0208
6357.0,278.64078,207.56763,302.46106,322.0218
6357.5,278.64426,207.57642,302.46835,322.0227
6358.0,278.6477,207.58527,302.47546,322.0233
6358.5,278.65106,207.59416,302.48227,322.02325
6359.0,278.6543,207.60315,302.48868,322.02243
6359.5,278.65738,207.6122,302.49475,322.02087
6360.0,278.66022,207.62135,302.50037,322.01828
6360.5,278.66275,207.63058,302.5056,322.0148
6361.0,278.6652,207.63986,302.51065,322.01086
6361.5,278.66763,207.64915,302.5155,322.0066
6362.0,278.66995,207.65852,302.52014,322.00174
6362.5,278.6721,207.66792,302.5246,321.99646
6363.0,278.67416,207.67737,302.52887,321.99078
6363.5,278.67618,207.68683,302.53302,321.9847
6364.0,278.6782,207.69635,302.53702,321.97833
6364.5,278.6801,207.7059,302.54086,321.97162
6365.0,278.6819,207.71548,302.5446,321.96442
6365.5,278.68362,207.72507,302.54837,321.9574
6366.0,278.6855,207.7346,302.55228,321.9508
6366.5,278.68744,207.74414,302.55618,321.94424
6367.0,278.6893,207.75372,302.55994,321.93726
6367.5,278.691,207.76332,302.5636,321.93
6368.0,278.69263,207.77295,302.56714,321.92245
6368.5,278.69434,207.78256,302.57074,321.91507
6369.0,278.69604,207.79216,302.57428,321.90753
6369.5,278.69763,207.80179,302.57773,321.89978
6370.0,278.69925,207.8114,302.5813,321.89227
6370.5,278.70096,207.82097,302.585,321.88525
6371.0,278.70267,207.83047,302.5888,321.87842
6371.5,278.70425,207.84,302.59262,321.87164
6372.0,278.70578,207.84947,302.59644,321.86487
6372.5,278.70737,207.85895,302.60034,321.85837
6373.0,278.70892,207.86836,302.6044,321.85226
6373.5,278.71048,207.87773,302.60864,321.8466
6374.0,278.7121,207.88702,302.61322,321.84164
6374.5,278.71384,207.89624,302.61826,321.83768
6375.0,278.71582,207.90536,302.62372,321.8347
6375.5,278.7179,207.91444,302.6294,321.83218
6376.0,278.71997,207.92354,302.63516,321.82986
6376.5,278.72205,207.93262,302.64105,321.82776
6377.0,278.72418,207.94173,302.647,321.82578
6377.5,278.72623,207.9509,302.65268,321.82324
6378.0,278.72794,207.9602,302.65787,321.81958
6378.5,278.7293,207.96959,302.66272,321.815
6379.0,278.7305,207.97906,302.6673,321.80984
6379.5,278.73166,207.98857,302.67172,321.80435
6380.0,278.73264,207.99814,302.676,321.79843
6380.5,278.73346,208.00769,302.68018,321.79233
6381.0,278.7341,208.01727,302.6844,321.78616
6381.5,278.73456,208.02686,302.6885,321.7798
6382.0,278.7347,208.03647,302.69247,321.77292
6382.5,278.7345,208.0461,302.69632,321.76562
6383.0,278.73398,208.05571,302.7001,321.75803
6383.5,278.73322,208.06532,302.70386,321.75037
6384.0,278.7322,208.0749,302.7076,321.74258
6384.5,278.73093,208.08446,302.71133,321.73456
6385.0,278.72937,208.094,302.71494,321.7263
6385.5,278.72775,208.10349,302.71884,321.71848
6386.0,278.72623,208.11292,302.72318,321.71158
6386.5,278.7248,208.12225,302.7279,321.70544
6387.0,278.72354,208.13155,302.7332,321.70026
6387.5,278.72263,208.14078,302.7391,321.69632
6388.0,278.72202,208.14996,302.7457,321.69354
6388.5,278.72162,208.15909,302.7528,321.69162
6389.0,278.72128,208.16817,302.7603,321.6903
6389.5,278.72095,208.17723,302.76816,321.68936
6390.0,278.72058,208.18626,302.77634,321.6888
6390.5,278.72025,208.19531,302.78482,321.68857
6391.0,278.71982,208.20435,302.79355,321.68854
6391.5,278.71927,208.21338,302.80237,321.68848
6392.0,278.7186,208.22244,302.8112,321.68826
6392.5,278.7177,208.23148,302.81992,321.68784
6393.0,278.71664,208.24051,302.8285,321.6871
6393.5,278.71533,208.24954,302.83682,321.68594
6394.0,278.71387,208.25858,302.84488,321.6844
6394.5,278.71234,208.26762,302.8527,321.68253
6395.0,278.71075,208.27667,302.86035,321.68045
6395.5,278.70926,208.28574,302.8681,321.67856
6396.0,278.70804,208.29482,302.8761,321.67712
6396.5,278.70718,208.30396,302.8844,321.67633
6397.0,278.70673,208.31313,302.893,321.67615
6397.5,278.70667,208.32236,302.9019,321.67657
6398.0,278.7069,208.33163,302.91092,321.67743
6398.5,278.70728,208.34091,302.91992,321.67834
6399.0,278.7078,208.35019,302.92886,321.67932
6399.5,278.7085,208.35948,302.9378,321.68045
6400.0,278.70935,208.36877,302.94662,321.68164
6400.5,278.71027,208.3781,302.95514,321.6826
6401.0,278.71103,208.38745,302.96326,321.68286
6401.5,278.7115,208.39679,302.97095,321.6824
6402.0,278.7116,208.40616,302.97836,321.6813
6402.5,278.71146,208.41551,302.9856,321.67984
6403.0,278.7112,208.42485,302.9928,321.6783
6403.5,278.7109,208.4342,302.99982,321.67648
6404.0,278.71045,208.44354,303.0067,321.6744
6404.5,278.7099,208.45287,303.01373,321.6724
6405.0,278.70938,208.46217,303.0211,321.67084
6405.5,278.70914,208.47144,303.02896,321.6701
6406.0,278.70917,208.48071,303.03738,321.67017
6406.5,278.70938,208.48999,303.04605,321.67062
6407.0,278.70966,208.49927,303.05496,321.6714
6407.5,278.71002,208.50859,303.06424,321.67255
6408.0,278.71045,208.51796,303.07376,321.67392
6408.5,278.71085,208.52737,303.08347,321.67538
6409.0,278.7112,208.53682,303.09323,321.67688
6409.5,278.7116,208.54623,303.103,321.67838
6410.0,278.71198,208.55563,303.1126,321.6798
6410.5,278.71237,208.565,303.12204,321.6811
6411.0,278.71262,208.57434,303.13126,321.68213
6411.5,278.71274,208.58366,303.14023,321.68283
6412.0,278.71286,208.59299,303.14914,321.68344
6412.5,278.7131,208.60231,303.15796,321.68417
6413.0,278.71353,208.61165,303.16687,321.6851
6413.5,278.7142,208.62103,303.17584,321.68634
6414.0,278.71515,208.6304,303.185,321.68796
6414.5,278.71643,208.63979,303.19424,321.68997
6415.0,278.71796,208.64919,303.2035,321.69223
6415.5,278.7196,208.65857,303.2125,321.69434
6416.0,278.72116,208.668,303.22113,321.69598
6416.5,278.72256,208.67743,303.22937,321.69705
6417.0,278.7238,208.68692,303.23727,321.6975
6417.5,278.7248,208.69644,303.24478,321.6973
6418.0,278.72568,208.706,303.25195,321.6966
6418.5,278.72653,208.7156,303.25888,321.69547
6419.0,278.72733,208.72527,303.26544,321.69382
6419.5,278.72794,208.73502,303.2715,321.6912
6420.0,278.72842,208.74486,303.277,321.68756
6420.5,278.72885,208.7548,303.282,321.68298
6421.0,278.72916,208.76482,303.28668,321.6777
6421.5,278.72937,208.77483,303.29117,321.67212
6422.0,278.72952,208.78487,303.29556,321.66638
6422.5,278.72958,208.7949,303.29993,321.66055
6423.0,278.72968,208.80492,303.30435,321.6549
6423.5,278.72998,208.81488,303.30908,321.64996
6424.0,278.73053,208.82483,303.3141,321.64566
6424.5,278.7312,208.83476,303.31912,321.6415
6425.0,278.73203,208.84473,303.32413,321.63742
6425.5,278.733,208.85472,303.3291,321.63333
6426.0,278.73395,208.86473,303.33392,321.62897
6426.5,278.73477,208.87477,303.33856,321.62418
6427.0,278.73557,208.88486,303.34305,321.61908
6427.5,278.7364,208.89497,303.34744,321.6138
6428.0,278.7373,208.9051,303.3518,321.6085
6428.5,278.73834,208.91524,303.35617,321.6033
6429.0,278.73956,208.92538,303.36053,321.5982
6429.5,278.74084,208.93555,303.3649,321.59314
6430.0,278.74216,208.94576,303.36923,321.588
6430.5,278.74332,208.95598,303.37344,321.58255
6431.0,278.7443,208.96623,303.37756,321.57675
6431.5,278.74512,208.9765,303.38156,321.5707
6432.0,278.7461,208.98676,303.38568,321.56497
6432.5,278.74725,208.997,303.38998,321.55975
6433.0,278.7485,209.00722,303.39438,321.5548
6433.5,278.74985,209.01743,303.39896,321.5502
6434.0,278.7512,209.0276,303.4036,321.54578
6434.5,278.7524,209.03778,303.40814,321.54114
6435.0,278.75342,209.04799,303.41254,321.53604
6435.5,278.75418,209.05821,303.4168,321.53058
6436.0,278.7547,209.06842,303.421,321.52487
6436.5,278.75482,209.07863,303.42508,321.51877
6437.0,278.75482,209.08882,303.42914,321.51257
6437.5,278.7548,209.09903,303.43317,321.50638
6438.0,278.75458,209.10924,303.43716,321.5
6438.5,278.75415,209.11945,303.441,321.49326
6439.0,278.7537,209.12964,303.44485,321.48645
6439.5,278.7533,209.13983,303.44882,321.47992
6440.0,278.7532,209.15001,303.453,321.474
6440.5,278.75342,209.16016,303.45743,321.46872
6441.0,278.75375,209.17032,303.46188,321.46353
6441.5,278.75403,209.1805,303.46625,321.45816
6442.0,278.75427,209.1907,303.4705,321.45255
6442.5,278.75452,209.20091,303.4747,321.44687
6443.0,278.75488,209.2111,303.47903,321.44147
6443.5,278.75552,209.22127,303.4837,321.43692
6444.0,278.75635,209.2314,303.48865,321.43298
6444.5,278.7571,209.24153,303.49362,321.42905
6445.0,278.7579,209.25165,303.49863,321.4252
6445.5,278.7589,209.2617,303.50397,321.4221
6446.0,278.7601,209.27174,303.5096,321.41965
6446.5,278.76135,209.28174,303.51547,321.41757
6447.0,278.76266,209.29172,303.52145,321.41574
6447.5,278.76395,209.30171,303.5273,321.41373
6448.0,278.76505,209.31175,303.53284,321.41104
6448.5,278.7659,209.32184,303.53802,321.4076
6449.0,278.7666,209.33197,303.54282,321.40338
6449.5,278.7673,209.34215,303.54736,321.3986
6450.0,278.76807,209.35237,303.55176,321.39352
6450.5,278.769,209.36261,303.55612,321.3886
6451.0,278.77008,209.37283,303.5605,321.3838
6451.5,278.77115,209.38309,303.56482,321.3788
6452.0,278.77213,209.39336,303.569,321.37357
6452.5,278.77298,209.40366,303.5731,321.36804
6453.0,278.77374,209.41396,303.5771,321.36234
6453.5,278.77444,209.42424,303.58115,321.3567
6454.0,278.77515,209.43451,303.5852,321.35107
6454.5,278.7758,209.44481,303.58917,321.3453
6455.0,278.7764,209.45511,303.59314,321.33948
6455.5,278.77692,209.46538,303.59714,321.3337
6456.0,278.77728,209.47563,303.60114,321.3279
6456.5,278.77756,209.48584,303.60535,321.32245
6457.0,278.7778,209.496,303.60977,321.3174
6457.5,278.77792,209.50613,303.61426,321.31244
6458.0,278.77805,209.51624,303.61877,321.3076
6458.5,278.77826,209.52632,303.62347,321.30307
6459.0,278.77853,209.5364,303.62827,321.29883
6459.5,278.77887,209.54645,303.6334,321.29517
6460.0,278.77942,209.55646,303.6388,321.29218
6460.5,278.78012,209.56647,303.64435,321.2895
6461.0,278.78076,209.57649,303.64984,321.28668
6461.5,278.78113,209.5865,303.6552,321.28354
6462.0,278.78128,209.59651,303.66052,321.28012
6462.5,278.7812,209.6065,303.6658,321.27658
6463.0,278.78094,209.61647,303.67117,321.27307
6463.5,278.78052,209.62639,303.6766,321.26956
6464.0,278.77997,209.63628,303.68213,321.2661
6464.5,278.77927,209.64615,303.68777,321.26276
6465.0,278.77835,209.656,303.69324,321.259
6465.5,278.7771,209.6659,303.69824,321.2542
6466.0,278.7757,209.67581,303.70288,321.24878
6466.5,278.77432,209.68578,303.70734,321.2431
6467.0,278.7729,209.69574,303.71164,321.23715
6467.5,278.77145,209.70573,303.71582,321.23093
6468.0,278.76996,209.71574,303.71985,321.22446
6468.5,278.76846,209.72578,303.72375,321.21774
6469.0,278.76706,209.73587,303.72754,321.21082
6469.5,278.7658,209.746,303.73123,321.2038
6470.0,278.76495,209.75616,303.73508,321.19733
6470.5,278.76468,209.76631,303.73935,321.19193
6471.0,278.76495,209.77644,303.74408,321.1877
6471.5,278.76575,209.78656,303.74924,321.1846
6472.0,278.76697,209.79665,303.75482,321.1824
6472.5,278.76855,209.80669,303.7608,321.18112
6473.0,278.77054,209.8167,303.76712,321.18066
6473.5,278.7729,209.82669,303.77377,321.18097
6474.0,278.77557,209.83665,303.7807,321.18198
6474.5,278.7787,209.84657,303.78806,321.1839
6475.0,278.7821,209.85646,303.79578,321.1866
6475.5,278.7858,209.86633,303.80386,321.19
6476.0,278.78976,209.87617,303.8123,321.194
6476.5,278.79398,209.886,303.82095,321.19855
6477.0,278.79846,209.8958,303.82977,321.20355
6477.5,278.80316,209.9056,303.8386,321.2087
6478.0,278.80807,209.9154,303.84738,321.21402
6478.5,278.81323,209.92522,303.85617,321.21948
6479.0,278.8186,209.93503,303.86493,321.2251
6479.5,278.82416,209.94482,303.87384,321.23102
6480.0,278.8298,209.95459,303.88275,321.2371
6480.5,278.83524,209.9644,303.89157,321.24283
6481.0,278.84048,209.97421,303.9002,321.24814
6481.5,278.84552,209.98404,303.90872,321.25323
6482.0,278.85062,209.99387,303.9173,321.25842
6482.5,278.85596,210.00366,303.9261,321.26404
6483.0,278.86154,210.01344,303.9351,321.2702
6483.5,278.86752,210.02316,303.9445,321.27716
6484.0,278.874,210.03284,303.95435,321.28506
6484.5,278.88095,210.04248,303.96463,321.29395
6485.0,278.88837,210.05206,303.9754,321.30377
6485.5,278.89618,210.06161,303.98657,321.31436
6486.0,278.90414,210.07121,303.99805,321.32538
6486.5,278.91214,210.0808,304.00964,321.33655
6487.0,278.9203,210.0904,304.02148,321.34808
6487.5,278.92877,210.1,304.0336,321.3601
6488.0,278.93738,210.10966,304.0459,321.37244
6488.5,278.946,210.11934,304.05826,321.38483
6489.0,278.95468,210.12904,304.0707,321.39725
6489.5,278.96335,210.13878,304.08325,321.40976
6490.0,278.97205,210.14854,304.09592,321.4223
6490.5,278.98074,210.15837,304.10864,321.43488
6491.0,278.98944,210.16821,304.1214,321.44748
6491.5,278.99814,210.17804,304.13412,321.4601
6492.0,279.0068,210.18784,304.1468,321.47266
6492.5,279.01544,210.19766,304.15945,321.48514
6493.0,279.0241,210.2075,304.17218,321.49765
6493.5,279.0328,210.2174,304.185,321.51025
6494.0,279.04172,210.22733,304.19797,321.52316
6494.5,279.0509,210.23726,304.2111,321.5364
6495.0,279.06024,210.24721,304.22433,321.54993
6495.5,279.06967,210.2572,304.23764,321.5635
6496.0,279.07904,210.26726,304.25098,321.57706
6496.5,279.08835,210.27739,304.26434,321.59045
6497.0,279.09756,210.28757,304.27774,321.6037
6497.5,279.1067,210.29778,304.2911,321.61685
6498.0,279.1159,210.308,304.30457,321.63013
6498.5,279.12527,210.31828,304.31808,321.6436
6499.0,279.1348,210.3286,304.33173,321.65723
6499.5,279.1445,210.33897,304.34546,321.67105
6500.0,279.15436,210.34937,304.35928,321.6851
6500.5,279.16443,210.35974,304.3732,321.69937
6501.0,279.17474,210.37006,304.38718,321.71405
6501.5,279.1854,210.38031,304.40125,321.72913
6502.0,279.1961,210.39052,304.41534,321.7444
6502.5,279.2068,210.40077,304.42944,321.75952
6503.0,279.21747,210.41107,304.44357,321.77466
6503.5,279.22827,210.4214,304.45776,321.78992
6504.0,279.23923,210.43172,304.47202,321.80536
6504.5,279.25034,210.44205,304.48636,321.821
6505.0,279.2616,210.4524,304.50073,321.83685
6505.5,279.27295,210.46278,304.51523,321.8528
6506.0,279.28445,210.47322,304.52975,321.86884
6506.5,279.29605,210.48372,304.54434,321.885
6507.0,279.3076,210.49426,304.55896,321.90106
6507.5,279.31894,210.50488,304.5735,321.9168
6508.0,279.33017,210.5156,304.588,321.93234
6508.5,279.3414,210.52637,304.60254,321.94775
6509.0,279.3525,210.53722,304.61703,321.96298
6509.5,279.36343,210.54814,304.6315,321.97787
6510.0,279.37418,210.55911,304.64587,321.99243
6510.5,279.38467,210.57018,304.6602,322.00668
6511.0,279.3951,210.58128,304.67444,322.02066
6511.5,279.4055,210.59247,304.6887,322.03455
6512.0,279.4158,210.60367,304.7029,322.04825
6512.5,279.42596,210.61487,304.71707,322.06183
6513.0,279.436,210.62605,304.73117,322.07526
6513.5,279.44583,210.63715,304.7452,322.08847
6514.0,279.45547,210.64816,304.75912,322.10153
6514.5,279.46487,210.65907,304.77295,322.11444
6515.0,279.47415,210.66992,304.7867,322.12717
6515.5,279.48328,210.6807,304.80038,322.1398
6516.0,279.4924,210.6914,304.81406,322.15253
6516.5,279.50162,210.702,304.8277,322.16544
6517.0,279.51102,210.71246,304.84134,322.17865
6517.5,279.5206,210.7229,304.85507,322.1921
6518.0,279.53043,210.73329,304.86893,322.20593
6518.5,279.54056,210.74362,304.88284,322.22015
6519.0,279.55106,210.75385,304.89685,322.23492
6519.5,279.56192,210.76396,304.91098,322.2502
6520.0,279.57315,210.77394,304.92517,322.26605
6520.5,279.58478,210.78384,304.93942,322.2824
6521.0,279.59677,210.79364,304.95383,322.29932
6521.5,279.60916,210.80331,304.96832,322.3168
6522.0,279.62195,210.8129,304.98294,322.33487
6522.5,279.63513,210.82243,304.99768,322.35342
6523.0,279.64853,210.83195,305.0125,322.37228
6523.5,279.66205,210.84145,305.0274,322.3914
6524.0,279.67563,210.85094,305.0423,322.41052
6524.5,279.68912,210.86041,305.05716,322.4295
6525.0,279.7024,210.86993,305.07196,322.44818
6525.5,279.71545,210.87944,305.0866,322.46652
6526.0,279.72842,210.88896,305.10126,322.48474
6526.5,279.74142,210.8985,305.1159,322.50305
6527.0,279.75452,210.90805,305.13065,322.52145
6527.5,279.76767,210.91763,305.14542,322.53992
6528.0,279.78085,210.92725,305.16025,322.5584
6528.5,279.79395,210.93686,305.17505,322.57678
6529.0,279.8069,210.94649,305.1898,322.59494
6529.5,279.81964,210.95612,305.2044,322.61282
6530.0,279.83218,210.96576,305.21896,322.6304
6530.5,279.84457,210.97539,305.23343,322.6478
6531.0,279.8568,210.98505,305.24786,322.66492
6531.5,279.86887,210.99475,305.26227,322.68182
6532.0,279.88086,211.00452,305.27667,322.6986
6532.5,279.89282,211.01439,305.29114,322.7153
6533.0,279.90485,211.02434,305.3057,322.73203
6533.5,279.9169,211.03435,305.3203,322.74875
6534.0,279.92905,211.0444,305.335,322.7656
6534.5,279.9413,211.05444,305.34973,322.7826
6535.0,279.9537,211.06445,305.3645,322.79974
6535.5,279.96613,211.07445,305.37927,322.81696
6536.0,279.9787,211.08441,305.3941,322.8344
6536.5,279.99152,211.09436,305.40903,322.8522
6537.0,280.00443,211.10428,305.42398,322.87012
6537.5,280.01724,211.1142,305.4389,322.8879
6538.0,280.02997,211.12413,305.45377,322.90552
6538.5,280.0425,211.13416,305.4686,322.92288
6539.0,280.0548,211.14421,305.48337,322.93988
6539.5,280.06683,211.15431,305.49802,322.95648
6540.0,280.07877,211.16443,305.51266,322.97293
6540.5,280.09067,211.17459,305.5273,322.98932
6541.0,280.10254,211.18477,305.54193,323.00565
6541.5,280.11447,211.19496,305.5566,323.022
6542.0,280.1264,211.20517,305.5713,323.03842
6542.5,280.13843,211.2154,305.58603,323.05487
6543.0,280.1506,211.22563,305.60083,323.07156
6543.5,280.1631,211.23581,305.61575,323.08868
6544.0,280.17596,211.2459,305.6308,323.1064
6544.5,280.1893,211.25586,305.646,323.1248
6545.0,280.20312,211.2657,305.66135,323.14392
6545.5,280.21744,211.27544,305.67685,323.16376
6546.0,280.23196,211.28506,305.69238,323.18393
6546.5,280.24658,211.29465,305.70795,323.20425
6547.0,280.26132,211.30417,305.7235,323.22473
6547.5,280.2762,211.3136,305.7391,323.24545
6548.0,280.29126,211.32297,305.7547,323.26645
6548.5,280.30652,211.33232,305.7704,323.28766
6549.0,280.322,211.34164,305.7861,323.3092
6549.5,280.3378,211.35094,305.80194,323.3312
6550.0,280.35397,211.36021,305.8179,323.3537
6550.5,280.37048,211.36946,305.83395,323.37668
6551.0,280.38727,211.37872,305.8501,323.39996
6551.5,280.40417,211.38794,305.8663,323.4235
6552.0,280.42126,211.39717,305.88254,323.44727
6552.5,280.43857,211.4064,305.8989,323.4713
6553.0,280.45615,211.41562,305.9153,323.4957
6553.5,280.47397,211.42484,305.9318,323.52048
6554.0,280.492,211.43404,305.94836,323.54556
6554.5,280.51022,211.4432,305.96494,323.57086
6555.0,280.52863,211.45236,305.9816,323.59647
6555.5,280.54733,211.46152,305.99835,323.6225
6556.0,280.56613,211.47067,306.0151,323.64865
6556.5,280.58493,211.47983,306.03186,323.67477
6557.0,280.60367,211.48898,306.0486,323.70084
6557.5,280.62238,211.49814,306.06534,323.7268
6558.0,280.64102,211.5073,306.0821,323.75272
6558.5,280.65967,211.51645,306.09882,323.77863
6559.0,280.67822,211.5256,306.11554,323.80438
6559.5,280.6966,211.5348,306.1322,323.82983
6560.0,280.7149,211.54404,306.14886,323.85522
6560.5,280.73334,211.55327,306.16556,323.8807
6561.0,280.75192,211.56248,306.1823,323.90646
6561.5,280.77075,211.57172,306.19916,323.9326
6562.0,280.78976,211.58096,306.21606,323.9589
6562.5,280.80887,211.59023,306.233,323.98535
6563.0,280.82806,211.59949,306.24997,324.01193
6563.5,280.84732,211.60876,306.26697,324.03854
6564.0,280.86658,211.61807,306.284,324.06522
6564.5,280.88586,211.62738,306.30106,324.09183
6565.0,280.90515,211.63676,306.3181,324.11844
6565.5,280.92444,211.64613,306.33517,324.14505
6566.0,280.94366,211.6555,306.35223,324.17154
6566.5,280.96277,211.66484,306.36923,324.19788
6567.0,280.9819,211.67416,306.38623,324.22424
6567.5,281.00113,211.68344,306.40323,324.2508
6568.0,281.02032,211.69267,306.4202,324.27734
6568.5,281.03946,211.70183,306.43707,324.30383
6569.0,281.05847,211.7109,306.45392,324.33017
6569.5,281.07742,211.71999,306.47073,324.35638
6570.0,281.09637,211.72908,306.48755,324.38263
6570.5,281.11545,211.7382,306.50443,324.409
6571.0,281.13455,211.74736,306.52133,324.4354
6571.5,281.15366,211.75655,306.53824,324.46173
6572.0,281.17273,211.76572,306.55518,324.48804
6572.5,281.19174,211.77495,306.5721,324.51422
6573.0,281.2106,211.7842,306.58902,324.54016
6573.5,281.22928,211.79349,306.6059,324.56583
6574.0,281.24786,211.80284,306.62277,324.59125
6574.5,281.26633,211.81224,306.63965,324.61655
6575.0,281.2846,211.82167,306.6565,324.6415
6575.5,281.3026,211.83115,306.67325,324.66605
6576.0,281.32037,211.84064,306.68994,324.69025
6576.5,281.33795,211.85016,306.70663,324.71417
6577.0,281.35535,211.85973,306.7233,324.73782
6577.5,281.37262,211.8693,306.73987,324.76126
6578.0,281.38977,211.87883,306.75644,324.78458
6578.5,281.40686,211.88837,306.773,324.80777
6579.0,281.4238,211.89792,306.7895,324.83075
6579.5,281.44058,211.9075,306.80597,324.8535
6580.0,281.45737,211.91714,306.82248,324.87622
6580.5,281.47424,211.92682,306.83902,324.89902
6581.0,281.4911,211.93652,306.85556,324.9217
6581.5,281.50772,211.94624,306.87207,324.9441
6582.0,281.5243,211.95598,306.88852,324.96637
6582.5,281.5409,211.96568,306.905,324.98874
6583.0,281.5577,211.97531,306.92154,325.01144
6583.5,281.57486,211.98488,306.9381,325.03464
6584.0,281.59222,211.99435,306.9547,325.0582
6584.5,281.60974,212.00383,306.97137,325.0819
6585.0,281.6273,212.01329,306.98804,325.10574
6585.5,281.64493,212.02274,307.0047,325.12964
6586.0,281.6625,212.0322,307.02136,325.15347
6586.5,281.68005,212.04164,307.038,325.17728
6587.0,281.6977,212.05106,307.05466,325.2012
6587.5,281.71555,212.06046,307.07138,325.22543
6588.0,281.73352,212.06982,307.0881,325.24985
6588.5,281.75153,212.07916,307.10486,325.2743
6589.0,281.76962,212.08853,307.12164,325.29883
6589.5,281.78778,212.09793,307.13846,325.32343
6590.0,281.80594,212.10735,307.1553,325.34802
6590.5,281.82407,212.11682,307.17212,325.37247
6591.0,281.842,212.12633,307.18893,325.39667
6591.5,281.85974,212.13586,307.2057,325.42056
6592.0,281.8773,212.1454,307.2224,325.44418
6592.5,281.89465,212.15494,307.23907,325.46753
6593.0,281.91196,212.16447,307.2557,325.4908
6593.5,281.9293,212.17398,307.27237,325.51416
6594.0,281.94662,212.18346,307.28897,325.53748
6594.5,281.96384,212.19289,307.30554,325.5607
6595.0,281.9811,212.20233,307.32208,325.584
6595.5,281.9984,212.21178,307.33865,325.60736
6596.0,282.0158,212.22122,307.35526,325.6308
6596.5,282.03326,212.23064,307.3719,325.65433
6597.0,282.05072,212.24,307.38846,325.6779
6597.5,282.0681,212.24933,307.40503,325.7014
6598.0,282.08557,212.25858,307.42157,325.725
6598.5,282.10324,212.26776,307.43814,325.74893
6599.0,282.1209,212.27689,307.45468,325.77292
6599.5,282.13846,212.28596,307.4712,325.79678
6600.0,282.1561,212.29501,307.48764,325.82074
6600.5,282.17386,212.30402,307.50418,325.84494
6601.0,282.19174,212.31299,307.5207,325.86923
6601.5,282.20963,212.32193,307.5372,325.89355
6602.0,282.22757,212.33081,307.5537,325.91803
6602.5,282.24557,212.33969,307.5702,325.94263
6603.0,282.26355,212.34856,307.58667,325.96713
6603.5,282.2813,212.3574,307.6031,325.99136
6604.0,282.2989,212.36623,307.6194,326.01532
6604.5,282.31628,212.37502,307.63562,326.03897
6605.0,282.33356,212.38379,307.6518,326.0625
6605.5,282.35083,212.3926,307.668,326.08597
6606.0,282.3681,212.40144,307.68423,326.10944
6606.5,282.38538,212.41032,307.7005,326.1329
6607.0,282.40265,212.41927,307.71686,326.15634
6607.5,282.41998,212.42824,307.7332,326.17978
6608.0,282.43738,212.43718,307.74954,326.20334
6608.5,282.45477,212.44612,307.7659,326.22696
6609.0,282.47208,212.45506,307.78223,326.25037
6609.5,282.48914,212.46402,307.7985,326.27347
6610.0,282.50607,212.47299,307.8147,326.29633
6610.5,282.5229,212.48195,307.83087,326.31906
6611.0,282.53973,212.49092,307.84708,326.34183
6611.5,282.55664,212.49988,307.8633,326.3647
6612.0,282.57367,212.50885,307.87958,326.38766
6612.5,282.59076,212.5178,307.8958,326.41074
6613.0,282.60773,212.52678,307.91205,326.43362
6613.5,282.6245,212.53577,307.92825,326.45624
6614.0,282.64127,212.5448,307.94443,326.4788
6614.5,282.65805,212.55386,307.96066,326.50137
6615.0,282.67477,212.56299,307.97693,326.5238
6615.5,282.6913,212.57222,307.99316,326.54596
6616.0,282.7076,212.58154,308.0094,326.56772
6616.5,282.72363,212.59096,308.02557,326.58902
6617.0,282.7392,212.6005,308.0417,326.60968
6617.5,282.75433,212.61015,308.0577,326.62964
6618.0,282.76895,212.61992,308.07358,326.6488
6618.5,282.7831,212.62979,308.0893,326.6673
6619.0,282.79706,212.63971,308.10492,326.68542
6619.5,282.811,212.64961,308.12057,326.70358
6620.0,282.8251,212.65942,308.13626,326.72205
6620.5,282.8395,212.66919,308.15204,326.74094
6621.0,282.85413,212.67888,308.16788,326.76016
6621.5,282.8689,212.68854,308.18378,326.7796
6622.0,282.88373,212.69823,308.19974,326.7991
6622.5,282.89853,212.70795,308.2157,326.8185
6623.0,282.91333,212.71773,308.23166,326.83792
6623.5,282.9282,212.72754,308.24768,326.85736
6624.0,282.943,212.73744,308.2637,326.87662
6624.5,282.95758,212.74744,308.2797,326.89554
6625.0,282.97202,212.75749,308.2956,326.9142
6625.5,282.98642,212.76755,308.31152,326.9328
6626.0,283.00095,212.77759,308.32745,326.9516
6626.5,283.0157,212.7876,308.34348,326.9707
6627.0,283.0306,212.79759,308.35956,326.99002
6627.5,283.0457,212.80754,308.3757,327.00964
6628.0,283.06107,212.81746,308.3919,327.02957
6628.5,283.07672,212.82738,308.4082,327.04993
6629.0,283.0927,212.83725,308.42456,327.0707
6629.5,283.1091,212.84706,308.44104,327.09204
6630.0,283.1258,212.85681,308.45758,327.11383
6630.5,283.1428,212.8665,308.4742,327.13608
6631.0,283.1601,212.87613,308.4909,327.15875
6631.5,283.1777,212.88574,308.50766,327.1819
6632.0,283.19543,212.89534,308.52444,327.20514
6632.5,283.2131,212.90495,308.54123,327.22836
6633.0,283.23087,212.91458,308.55804,327.25165
6633.5,283.24875,212.92422,308.57486,327.2751
6634.0,283.26685,212.93385,308.59177,327.29883
6634.5,283.2852,212.94348,308.60873,327.3229
6635.0,283.30377,212.95314,308.6258,327.3473
6635.5,283.32263,212.96281,308.64288,327.37195
6636.0,283.34152,212.97255,308.66,327.39664
6636.5,283.3604,212.98232,308.67712,327.4212
6637.0,283.37933,212.99214,308.69427,327.4458
6637.5,283.39835,213.00201,308.71143,327.47046
6638.0,283.41727,213.0119,308.72858,327.49496
6638.5,283.43597,213.02182,308.74567,327.51907
6639.0,283.45438,213.0318,308.7627,327.54272
6639.5,283.47244,213.04178,308.77963,327.56592
6640.0,283.4904,213.05177,308.79657,327.589
6640.5,283.50836,213.0617,308.8135,327.61215
6641.0,283.52646,213.07161,308.83044,327.63547
6641.5,283.54465,213.08148,308.8474,327.659
6642.0,283.56284,213.09132,308.8644,327.68253
6642.5,283.58093,213.10117,308.88135,327.70596
6643.0,283.5991,213.11102,308.89832,327.7295
6643.5,283.61743,213.12085,308.91534,327.7533
6644.0,283.636,213.13066,308.9324,327.77737
6644.5,283.6548,213.14052,308.94955,327.8018
6645.0,283.6738,213.15036,308.96674,327.82648
6645.5,283.693,213.16025,308.98395,327.85132
6646.0,283.71216,213.17017,309.00116,327.8761
6646.5,283.73123,213.18016,309.01837,327.90063
6647.0,283.7503,213.19017,309.03558,327.92517
6647.5,283.76947,213.20021,309.05283,327.94974
6648.0,283.78857,213.21027,309.07004,327.97415
6648.5,283.80743,213.22038,309.0872,327.99817
6649.0,283.82596,213.23055,309.10425,328.02164
6649.5,283.84412,213.24077,309.12122,328.0446
6650.0,283.86203,213.25104,309.13815,328.0671
6650.5,283.8798,213.26134,309.15506,328.08942
6651.0,283.89755,213.27167,309.17197,328.1118
6651.5,283.91544,213.28201,309.1889,328.13422
6652.0,283.93326,213.2924,309.20578,328.15646
6652.5,283.95087,213.30287,309.22266,328.17838
6653.0,283.96832,213.31339,309.23947,328.20004
6653.5,283.98575,213.32393,309.2563,328.22165
6654.0,284.00327,213.33444,309.27313,328.24338
6654.5,284.0209,213.34492,309.29,328.26532
6655.0,284.0388,213.3554,309.30695,328.28757
6655.5,284.05692,213.36581,309.3239,328.31015
6656.0,284.07523,213.3762,309.34094,328.333
6656.5,284.09363,213.38661,309.35797,328.356
6657.0,284.11203,213.397,309.37503,328.37894
6657.5,284.13046,213.40738,309.39206,328.40195
6658.0,284.1491,213.4177,309.40918,328.42523
6658.5,284.16803,213.42798,309.42633,328.44897
6659.0,284.18713,213.43823,309.4435,328.47296
6659.5,284.2062,213.44846,309.46072,328.49695
6660.0,284.2251,213.45868,309.47784,328.5207
6660.5,284.24374,213.46889,309.49493,328.54407
6661.0,284.26215,213.4791,309.51196,328.56714
6661.5,284.28024,213.48929,309.5289,328.58984
6662.0,284.29807,213.4995,309.5458,328.61224
6662.5,284.31564,213.5097,309.56262,328.63428
6663.0,284.33298,213.51997,309.5794,328.65594
6663.5,284.3501,213.53032,309.59616,328.67728
6664.0,284.36694,213.54073,309.61282,328.6982
6664.5,284.38354,213.55115,309.62946,328.7188
6665.0,284.39993,213.56158,309.646,328.73907
6665.5,284.41605,213.57205,309.66248,328.75897
6666.0,284.43195,213.58257,309.67892,328.77856
6666.5,284.44763,213.59312,309.6953,328.79782
6667.0,284.463,213.60373,309.7116,328.81662
6667.5,284.478,213.61444,309.72784,328.83487
6668.0,284.49286,213.62521,309.74402,328.85287
6668.5,284.50772,213.63602,309.76022,328.87088
6669.0,284.52252,213.64682,309.77637,328.88876
6669.5,284.53714,213.65762,309.79248,328.90646
6670.0,284.55173,213.66837,309.8086,328.9241
6670.5,284.56622,213.67908,309.82468,328.94177
6671.0,284.5808,213.68971,309.8408,328.9596
6671.5,284.5955,213.70024,309.85693,328.97763
6672.0,284.61035,213.71071,309.8731,328.996
6672.5,284.62543,213.72113,309.8893,329.01465
6673.0,284.64066,213.73152,309.90558,329.0335
6673.5,284.65598,213.7419,309.92188,329.05246
6674.0,284.67123,213.75227,309.9381,329.07138
6674.5,284.68634,213.76262,309.95435,329.09012
6675.0,284.70145,213.77296,309.97058,329.10883
6675.5,284.71652,213.78331,309.9868,329.1275
6676.0,284.73145,213.79369,310.00296,329.14597
6676.5,284.74615,213.80405,310.01907,329.1642
6677.0,284.76068,213.8144,310.03516,329.1822
6677.5,284.77496,213.82475,310.05112,329.19986
6678.0,284.78912,213.83505,310.06702,329.21738
6678.5,284.80325,213.8453,310.0829,329.2349
6679.0,284.81735,213.8555,310.09875,329.25244
6679.5,284.83148,213.86569,310.1146,329.27002
6680.0,284.8457,213.87584,310.1305,329.28775
6680.5,284.8601,213.88602,310.14648,329.3057
6681.0,284.8745,213.89622,310.16245,329.32364
6681.5,284.8888,213.90651,310.1784,329.3413
6682.0,284.90292,213.91687,310.19427,329.3587
6682.5,284.91687,213.92734,310.2101,329.37573
6683.0,284.9307,213.93784,310.2259,329.39255
6683.5,284.94455,213.9482,310.24164,329.40955
6684.0,284.9585,213.95839,310.25742,329.4268
6684.5,284.97244,213.9684,310.27313,329.4442
6685.0,284.9864,213.97827,310.28885,329.46176
6685.5,285.00027,213.98804,310.30447,329.47928
6686.0,285.01407,213.99777,310.32004,329.4967
6686.5,285.0277,214.00745,310.33557,329.51398
6687.0,285.04135,214.0171,310.35107,329.53125
6687.5,285.05505,214.02673,310.36658,329.5486
6688.0,285.0687,214.03638,310.3821,329.56595
6688.5,285.08234,214.04596,310.3976,329.58325
6689.0,285.09604,214.05551,310.41312,329.60068
6689.5,285.10992,214.06505,310.4287,329.61835
6690.0,285.12405,214.07458,310.4444,329.63632
6690.5,285.13834,214.08415,310.46017,329.65454
6691.0,285.15268,214.09375,310.47598,329.67273
6691.5,285.1669,214.1034,310.4918,329.6908
6692.0,285.181,214.11307,310.50757,329.70865
6692.5,285.19498,214.12277,310.5233,329.72626
6693.0,285.2089,214.13255,310.53897,329.7438
6693.5,285.22278,214.14247,310.55472,329.76114
6694.0,285.2365,214.15256,310.5704,329.77808
6694.5,285.25006,214.1628,310.58603,329.7946
6695.0,285.26355,214.17316,310.60165,329.81094
6695.5,285.27713,214.1835,310.61728,329.8274
6696.0,285.29068,214.19385,310.63293,329.8438
6696.5,285.30414,214.20422,310.6485,329.86005
6697.0,285.31763,214.21458,310.66412,329.8763
6697.5,285.33118,214.22491,310.67978,329.89276
6698.0,285.34464,214.23518,310.69537,329.90912
6698.5,285.35788,214.24548,310.71085,329.92517
6699.0,285.3708,214.25581,310.72623,329.9407
6699.5,285.38345,214.26613,310.7415,329.9559
6700.0,285.39606,214.27638,310.7567,329.97104
6700.5,285.4087,214.28656,310.77194,329.98633
6701.0,285.42145,214.29669,310.78723,330.00183
6701.5,285.43423,214.30693,310.80252,330.01724
6702.0,285.44684,214.31729,310.81775,330.0323
6702.5,285.45923,214.32771,310.8329,330.04697
6703.0,285.47162,214.33813,310.84802,330.0616
6703.5,285.48413,214.34848,310.86322,330.0765
6704.0,285.49677,214.35873,310.87845,330.09167
6704.5,285.50952,214.36891,310.89374,330.10706
6705.0,285.52252,214.37903,310.90912,330.1229
6705.5,285.53586,214.38904,310.9246,330.13925
6706.0,285.54953,214.39899,310.94022,330.15616
6706.5,285.5635,214.40883,310.95596,330.17355
6707.0,285.57767,214.41861,310.97174,330.19122
6707.5,285.59183,214.42833,310.98752,330.20898
6708.0,285.6061,214.43803,311.00336,330.22693
6708.5,285.62054,214.44775,311.01923,330.245
6709.0,285.63495,214.45752,311.0351,330.26303
6709.5,285.64923,214.46727,311.05096,330.2809
6710.0,285.66354,214.47702,311.06683,330.2988
6710.5,285.67798,214.48679,311.08273,330.31683
6711.0,285.69235,214.49658,311.0986,330.33475
6711.5,285.70657,214.50645,311.11444,330.35245
6712.0,285.72067,214.51637,311.13028,330.36993
6712.5,285.7347,214.52637,311.1461,330.3872
6713.0,285.74847,214.53647,311.1618,330.40405
6713.5,285.76196,214.54668,311.1774,330.42035
6714.0,285.77515,214.55698,311.19287,330.43613
6714.5,285.78812,214.56735,311.20825,330.4515
6715.0,285.801,214.57773,311.2236,330.4668
6715.5,285.81396,214.58809,311.23898,330.4822
6716.0,285.8268,214.59846,311.2543,330.4974
6716.5,285.83948,214.60886,311.26953,330.5123
6717.0,285.85196,214.61923,311.28473,330.527
6717.5,285.86444,214.6295,311.2999,330.54184
6718.0,285.87708,214.6397,311.3151,330.55695
6718.5,285.88983,214.64984,311.33035,330.57224
6719.0,285.9027,214.66002,311.3457,330.58768
6719.5,285.91577,214.67018,311.36108,330.6034
6720.0,285.92908,214.6803,311.3766,330.61954
6720.5,285.9427,214.69032,311.3922,330.6361
6721.0,285.95667,214.70032,311.40796,330.65326
6721.5,285.97107,214.71024,311.4238,330.671
6722.0,285.98593,214.72012,311.4398,330.68936
6722.5,286.00122,214.72995,311.45593,330.70837
6723.0,286.01694,214.73978,311.47217,330.7279
6723.5,286.03296,214.74962,311.4885,330.74783
6724.0,286.04926,214.75949,311.50488,330.7681
6724.5,286.06586,214.76933,311.52136,330.7888
6725.0,286.0826,214.77916,311.53787,330.80966
6725.5,286.09943,214.789,311.55444,330.8306
6726.0,286.11618,214.79887,311.57095,330.85144
6726.5,286.13287,214.80875,311.58746,330.87216
6727.0,286.14954,214.81862,311.60394,330.89288
6727.5,286.16626,214.82849,311.62048,330.91367
6728.0,286.18286,214.83836,311.63696,330.9343
6728.5,286.19928,214.84828,311.6534,330.95462
6729.0,286.21564,214.85822,311.66986,330.97485
6729.5,286.232,214.86816,311.68628,330.99506
6730.0,286.24832,214.87808,311.7027,331.01526
6730.5,286.2646,214.888,311.71912,331.03537
6731.0,286.2807,214.89789,311.73547,331.05533
6731.5,286.2967,214.90779,311.7518,331.0751
6732.0,286.3126,214.91766,311.7681,331.09482
6732.5,286.3285,214.9275,311.78442,331.11456
6733.0,286.34457,214.93735,311.80078,331.13452
6733.5,286.36087,214.94717,311.81717,331.15472
6734.0,286.37738,214.95697,311.83362,331.1753
6734.5,286.39417,214.96675,311.85013,331.19623
6735.0,286.41116,214.97655,311.8667,331.21735
6735.5,286.4283,214.98637,311.88333,331.23868
6736.0,286.44568,214.99625,311.9,331.2602
6736.5,286.46323,215.00616,311.91675,331.28195
6737.0,286.48093,215.01608,311.9335,331.30386
6737.5,286.4987,215.02597,311.95026,331.32584
6738.0,286.51642,215.03589,311.967,331.3478
6738.5,286.5341,215.0458,311.98376,331.36966
6739.0,286.5518,215.05577,312.00055,331.39148
6739.5,286.5695,215.06577,312.0173,331.4133
6740.0,286.58716,215.0758,312.03403,331.43497
6740.5,286.60474,215.08589,312.05075,331.45645
6741.0,286.62234,215.09602,312.06747,331.47787
6741.5,286.64,215.10612,312.0842,331.49942
6742.0,286.65756,215.11624,312.10092,331.52084
6742.5,286.67496,215.12637,312.11758,331.542
6743.0,286.69232,215.13654,312.13425,331.5631
6743.5,286.70987,215.14667,312.15094,331.58444
6744.0,286.72754,215.15677,312.1677,331.60593
6744.5,286.7453,215.16685,312.18445,331.6276
6745.0,286.76306,215.17691,312.2012,331.64935
6745.5,286.78088,215.18694,312.218,331.6712
6746.0,286.7988,215.1969,312.2348,331.6932
6746.5,286.81677,215.20686,312.25162,331.71533
6747.0,286.8347,215.21686,312.26843,331.73737
6747.5,286.8525,215.22682,312.28522,331.75928
6748.0,286.87018,215.23676,312.30194,331.781
6748.5,286.8877,215.24666,312.31866,331.80264
6749.0,286.90518,215.2565,312.33536,331.82425
6749.5,286.92267,215.2663,312.35205,331.84595
6750.0,286.94022,215.27608,312.36874,331.86774
6750.5,286.95782,215.28583,312.38547,331.88962
6751.0,286.97546,215.29555,312.4022,331.91162
6751.5,286.99323,215.3053,312.41898,331.9337
6752.0,287.0111,215.31506,312.43576,331.95593
6752.5,287.0292,215.32481,312.45258,331.97845
6753.0,287.0473,215.33453,312.46942,332.00104
6753.5,287.06528,215.34421,312.4862,332.0235
6754.0,287.0832,215.35385,312.503,332.0459
6754.5,287.10104,215.36348,312.51978,332.06824
6755.0,287.11877,215.37314,312.5365,332.0904
6755.5,287.13626,215.38284,312.5532,332.11218
6756.0,287.15353,215.3926,312.56982,332.1336
6756.5,287.17056,215.40239,312.58643,332.1547
6757.0,287.1874,215.41222,312.60297,332.1755
6757.5,287.204,215.42206,312.61948,332.19595
6758.0,287.2203,215.43193,312.63586,332.21603
6758.5,287.23633,215.44177,312.65222,332.23575
6759.0,287.2522,215.45163,312.6685,332.25528
6759.5,287.26797,215.46149,312.68478,332.2747
6760.0,287.28384,215.4714,312.70108,332.2942
6760.5,287.29987,215.48138,312.71744,332.31384
6761.0,287.31592,215.4914,312.73383,332.33347
6761.5,287.33197,215.5014,312.75018,332.3531
6762.0,287.3481,215.51141,312.7666,332.37283
6762.5,287.36447,215.52145,312.78305,332.3928
6763.0,287.38107,215.53151,312.79956,332.4131
6763.5,287.39798,215.54158,312.81616,332.43375
6764.0,287.41504,215.55167,312.8328,332.45453
6764.5,287.43207,215.5618,312.84943,332.4753
6765.0,287.4493,215.57195,312.86612,332.49628
6765.5,287.46686,215.5821,312.88287,332.5177
6766.0,287.48462,215.59227,312.8997,332.5394
6766.5,287.50247,215.60242,312.91653,332.56125
6767.0,287.52036,215.61263,312.9334,332.58313
6767.5,287.53818,215.62283,312.95026,332.60486
6768.0,287.55576,215.63306,312.96707,332.62634
6768.5,287.5731,215.64331,312.9838,332.64743
6769.0,287.5901,215.65358,313.00046,332.66815
6769.5,287.60687,215.66391,313.0171,332.68854
6770.0,287.62357,215.6743,313.0337,332.70868
6770.5,287.64026,215.68477,313.05026,332.7288
6771.0,287.65698,215.69531,313.06686,332.74884
6771.5,287.67374,215.70587,313.0835,332.76892
6772.0,287.69058,215.71648,313.10013,332.78906
6772.5,287.70758,215.72714,313.1168,332.8093
6773.0,287.72458,215.73784,313.13348,332.82947
6773.5,287.74164,215.74864,313.15018,332.8496
6774.0,287.75864,215.75957,313.16687,332.86957
6774.5,287.7755,215.7706,313.18353,332.88928
6775.0,287.7924,215.78171,313.2002,332.90884
6775.5,287.80945,215.7929,313.2169,332.92853
6776.0,287.82678,215.80411,313.23364,332.94858
6776.5,287.84448,215.8153,313.25046,332.96906
6777.0,287.86258,215.82654,313.2674,332.98996
6777.5,287.88104,215.83781,313.2844,333.0112
6778.0,287.8999,215.84914,313.30145,333.03284
6778.5,287.9192,215.86049,313.31863,333.055
6779.0,287.93893,215.87186,313.33588,333.07767
6779.5,287.959,215.88321,313.3532,333.10083
6780.0,287.97928,215.89456,313.37057,333.1243
6780.5,287.99957,215.9059,313.38797,333.1478
6781.0,288.01965,215.91724,313.40533,333.17114
6781.5,288.03955,215.92856,313.42267,333.19424
6782.0,288.0594,215.93988,313.44,333.21735
6782.5,288.07935,215.95116,313.4574,333.2406
6783.0,288.09918,215.9624,313.47476,333.26382
6783.5,288.11884,215.97366,313.4921,333.2868
6784.0,288.13834,215.98494,313.50937,333.30957
6784.5,288.1577,215.99625,313.52664,333.33215
6785.0,288.17697,216.00754,313.54385,333.3546
6785.5,288.19617,216.01884,313.5611,333.377
6786.0,288.2154,216.03009,313.57837,333.3995
6786.5,288.23477,216.0413,313.59564,333.42227
6787.0,288.2544,216.05249,313.61298,333.44537
6787.5,288.27423,216.06366,313.6304,333.4688
6788.0,288.29413,216.07487,313.6478,333.4923
6788.5,288.31396,216.0861,313.6652,333.51566
6789.0,288.33386,216.09738,313.68262,333.5391
6789.5,288.35394,216.10867,313.70004,333.56265
6790.0,288.3743,216.12001,313.7176,333.58658
6790.5,288.39502,216.13133,313.73517,333.61096
6791.0,288.41602,216.14262,313.75284,333.6358
6791.5,288.43726,216.1539,313.77057,333.66104
6792.0,288.45862,216.16513,313.78833,333.68655
6792.5,288.48,216.17635,313.8061,333.71213
6793.0,288.50156,216.18755,313.82385,333.73788
6793.5,288.5233,216.19878,313.8417,333.76398
6794.0,288.54526,216.21,313.8596,333.7903
6794.5,288.56735,216.22128,313.8775,333.81677
6795.0,288.58963,216.2326,313.89542,333.8434
6795.5,288.61218,216.24399,313.9134,333.87036
6796.0,288.63498,216.25537,313.93143,333.89764
6796.5,288.658,216.2668,313.9495,333.92523
6797.0,288.68112,216.27824,313.9676,333.953
6797.5,288.7042,216.28966,313.9857,333.9807
6798.0,288.72723,216.3011,314.00378,334.00836
6798.5,288.7502,216.31258,314.02185,334.03583
6799.0,288.77304,216.32407,314.0399,334.06302
6799.5,288.79565,216.33559,314.0579,334.08987
6800.0,288.8182,216.34709,314.07587,334.11658
6800.5,288.84076,216.35861,314.09387,334.14334
6801.0,288.8633,216.37013,314.11188,334.17017
6801.5,288.8859,216.38165,314.1299,334.19696
6802.0,288.90836,216.39316,314.1479,334.22366
6802.5,288.9306,216.40465,314.16586,334.25003
6803.0,288.95255,216.41609,314.18375,334.2761
6803.5,288.97412,216.42752,314.2016,334.30167
6804.0,288.99542,216.43889,314.2194,334.32687
6804.5,289.01645,216.45024,314.23712,334.35187
6805.0,289.03745,216.46156,314.25485,334.3768
6805.5,289.0584,216.47287,314.27258,334.40176
6806.0,289.07935,216.48416,314.2903,334.4266
6806.5,289.10025,216.49547,314.308,334.45142
6807.0,289.12112,216.50677,314.32574,334.4762
6807.5,289.14206,216.51805,314.34348,334.50113
6808.0,289.16306,216.5293,314.36124,334.52618
6808.5,289.18405,216.54053,314.379,334.5513
6809.0,289.20496,216.55173,314.39676,334.57635
6809.5,289.2257,216.56294,314.4145,334.6012
6810.0,289.24625,216.57417,314.43213,334.62567
6810.5,289.2666,216.58545,314.44977,334.6498
6811.0,289.28665,216.5968,314.46735,334.67346
6811.5,289.30637,216.60822,314.48483,334.6966
6812.0,289.32578,216.6197,314.50226,334.71918
6812.5,289.3448,216.63124,314.5196,334.74127
6813.0,289.3634,216.6428,314.53687,334.76282
6813.5,289.38165,216.65437,314.55402,334.78387
6814.0,289.3996,216.66594,314.5711,334.8046
6814.5,289.4174,216.6775,314.58817,334.8251
6815.0,289.4351,216.68909,314.60522,334.8455
6815.5,289.4528,216.7007,314.62225,334.86584
6816.0,289.47052,216.71231,314.6393,334.88617
6816.5,289.48825,216.72392,314.65634,334.90652
6817.0,289.50604,216.73553,314.6734,334.92697
6817.5,289.52383,216.74712,314.69046,334.94745
6818.0,289.5415,216.75868,314.7075,334.96777
6818.5,289.55893,216.77026,314.72446,334.9878
6819.0,289.57626,216.78186,314.74142,335.00772
6819.5,289.59366,216.79341,314.7584,335.0277
6820.0,289.6111,216.80496,314.7754,335.0479
6820.5,289.62875,216.81647,314.79245,335.06833
6821.0,289.64673,216.82797,314.80957,335.08917
6821.5,289.6651,216.83942,314.82678,335.11066
6822.0,289.68393,216.85083,314.84412,335.13278
6822.5,289.7032,216.86224,314.86154,335.15543
6823.0,289.7225,216.87369,314.879,335.17816
6823.5,289.74185,216.88516,314.89645,335.20087
6824.0,289.76126,216.89668,314.9139,335.2236
6824.5,289.78076,216.90822,314.93143,335.24643
6825.0,289.80032,216.9198,314.9489,335.2693
6825.5,289.8199,216.93144,314.96643,335.2921
6826.0,289.8394,216.9431,314.98395,335.31488
6826.5,289.85873,216.95473,315.0014,335.33746
6827.0,289.8779,216.96634,315.01886,335.35986
6827.5,289.8968,216.9779,315.03625,335.382
6828.0,289.91537,216.98943,315.05356,335.4038
6828.5,289.93365,217.00092,315.0708,335.4253
6829.0,289.95172,217.01237,315.08798,335.44653
6829.5,289.9696,217.02385,315.10513,335.4676
6830.0,289.98746,217.03532,315.12228,335.48853
6830.5,290.00546,217.04681,315.13947,335.50967
6831.0,290.02365,217.05832,315.1567,335.53107
6831.5,290.04205,217.06984,315.17398,335.5527
6832.0,290.06073,217.08138,315.19135,335.57462
6832.5,290.07974,217.09293,315.2088,335.59705
6833.0,290.09918,217.10446,315.22635,335.62006
6833.5,290.11905,217.11597,315.24402,335.64365
6834.0,290.13916,217.12749,315.26172,335.66757
6834.5,290.1593,217.13902,315.27945,335.69156
6835.0,290.17957,217.15059,315.2972,335.71564
6835.5,290.2,217.16219,315.315,335.73996
6836.0,290.22073,217.17384,315.33286,335.76453
6836.5,290.24173,217.18556,315.35077,335.78934
6837.0,290.26294,217.19737,315.3687,335.81433
6837.5,290.2844,217.20921,315.38672,335.8396
6838.0,290.30597,217.2211,315.40475,335.86502
6838.5,290.32758,217.23297,315.4228,335.89047
6839.0,290.34906,217.24484,315.44083,335.91577
6839.5,290.37033,217.25671,315.4588,335.94083
6840.0,290.39154,217.26859,315.47675,335.96567
6840.5,290.41275,217.28046,315.4947,335.99054
6841.0,290.4341,217.29233,315.5127,336.01562
6841.5,290.4557,217.3042,315.5307,336.04102
6842.0,290.4773,217.31606,315.54877,336.0665
6842.5,290.49884,217.32785,315.5668,336.09198
6843.0,290.52032,217.33961,315.58484,336.11752
6843.5,290.5418,217.35135,315.6029,336.1431
6844.0,290.56314,217.36302,315.6209,336.16852
6844.5,290.5843,217.37466,315.6389,336.19376
6845.0,290.60535,217.38628,315.65686,336.21884
6845.5,290.62634,217.39789,315.67477,336.24384
6846.0,290.64722,217.40948,315.6927,336.2687
6846.5,290.668,217.42105,315.7106,336.29352
6847.0,290.68866,217.43259,315.72845,336.3181
6847.5,290.70908,217.44414,315.74625,336.34244
6848.0,290.7293,217.45567,315.764,336.36642
6848.5,290.74933,217.46721,315.78174,336.39017
6849.0,290.7692,217.47878,315.7994,336.41364
6849.5,290.78897,217.49036,315.81705,336.43692
6850.0,290.80872,217.50197,315.8347,336.4601
6850.5,290.82846,217.51361,315.85233,336.48328
6851.0,290.8481,217.5253,315.86996,336.50623
6851.5,290.8676,217.537,315.8875,336.52893
6852.0,290.8871,217.54868,315.9051,336.5516
6852.5,290.90668,217.56033,315.9227,336.57452
6853.0,290.9265,217.57198,315.94037,336.59778
6853.5,290.94662,217.5836,315.95807,336.62137
6854.0,290.967,217.59525,315.97586,336.64536
6854.5,290.98767,217.60687,315.99368,336.66968
6855.0,291.00845,217.61848,316.01157,336.69424
6855.5,291.0293,217.6301,316.02945,336.7189
6856.0,291.05038,217.64171,316.0474,336.74384
6856.5,291.07172,217.6533,316.06537,336.76923
6857.0,291.0932,217.66486,316.0834,336.79486
6857.5,291.11475,217.67638,316.10144,336.82062
6858.0,291.13638,217.68785,316.11954,336.84668
6858.5,291.1582,217.69926,316.13763,336.8731
6859.0,291.18008,217.71062,316.1558,336.89972
6859.5,291.202,217.72191,316.17395,336.9265
6860.0,291.22397,217.73314,316.1921,336.95355
6860.5,291.2461,217.74432,316.2103,336.98083
6861.0,291.2682,217.75543,316.22845,337.00824
6861.5,291.2902,217.76648,316.2466,337.03564
6862.0,291.3122,217.77744,316.26474,337.06317
6862.5,291.33426,217.78839,316.2829,337.09082
6863.0,291.35645,217.7993,316.3011,337.11877
6863.5,291.3788,217.81027,316.31934,337.14694
6864.0,291.4012,217.82126,316.33755,337.17517
6864.5,291.42358,217.83226,316.3558,337.20328
6865.0,291.44586,217.84328,316.37402,337.23123
6865.5,291.46808,217.85426,316.39224,337.25903
6866.0,291.49023,217.86525,316.41043,337.2868
6866.5,291.51242,217.87622,316.42862,337.31458
6867.0,291.53458,217.8872,316.4468,337.34238
6867.5,291.55673,217.89821,316.465,337.37018
6868.0,291.5789,217.9092,316.4832,337.39798
6868.5,291.60107,217.92023,316.5014,337.42578
6869.0,291.62317,217.93134,316.51962,337.4534
6869.5,291.64514,217.9425,316.5378,337.4808
6870.0,291.66708,217.95374,316.556,337.50806
6870.5,291.689,217.96506,316.57422,337.5352
6871.0,291.71085,217.97643,316.59244,337.56216
6871.5,291.7327,217.98787,316.61066,337.589
6872.0,291.7546,217.99939,316.62888,337.61584
6872.5,291.77667,218.01096,316.6472,337.64294
6873.0,291.79883,218.0225,316.6655,337.67017
6873.5,291.82092,218.03406,316.6838,337.69733
6874.0,291.84293,218.04556,316.70206,337.72433
6874.5,291.8648,218.05707,316.7203,337.7512
6875.0,291.8866,218.06853,316.73853,337.77798
6875.5,291.90833,218.07997,316.7567,337.80472
6876.0,291.93,218.09145,316.77487,337.8313
6876.5,291.95148,218.10294,316.793,337.85764
6877.0,291.9728,218.11444,316.81113,337.8836
6877.5,291.99393,218.126,316.8292,337.9092
6878.0,292.01498,218.13765,316.8473,337.9346
6878.5,292.0361,218.14935,316.8654,337.96
6879.0,292.0573,218.16113,316.8835,337.98544
6879.5,292.07867,218.17297,316.9017,338.01102
6880.0,292.10025,218.1849,316.91995,338.0368
6880.5,292.12204,218.19687,316.93823,338.0628
6881.0,292.14413,218.20891,316.9566,338.08914
6881.5,292.1665,218.221,316.97504,338.1159
6882.0,292.1891,218.23311,316.9935,338.14288
6882.5,292.21176,218.24524,317.012,338.17
6883.0,292.23462,218.25743,317.03055,338.1974
6883.5,292.2577,218.26968,317.04913,338.22498
6884.0,292.28085,218.28197,317.06775,338.25262
6884.5,292.30405,218.29427,317.08633,338.28024
6885.0,292.32727,218.3066,317.10495,338.30792
6885.5,292.3505,218.31891,317.12357,338.33563
6886.0,292.37375,218.33127,317.1422,338.3633
6886.5,292.39697,218.3436,317.16083,338.39102
6887.0,292.42017,218.3559,317.17947,338.4188
6887.5,292.4434,218.36818,317.19812,338.4466
6888.0,292.46667,218.38045,317.21677,338.47452
6888.5,292.49,218.3927,317.23547,338.5026
6889.0,292.51334,218.40494,317.25415,338.5308
6889.5,292.53665,218.41714,317.27286,338.55896
6890.0,292.55994,218.42935,317.29153,338.58713
6890.5,292.5832,218.44156,317.31024,338.6152
6891.0,292.60645,218.45381,317.32892,338.64328
6891.5,292.6298,218.4661,317.34766,338.67145
6892.0,292.65323,218.4784,317.3664,338.6997
6892.5,292.67673,218.49069,317.38513,338.72812
6893.0,292.70016,218.50298,317.40387,338.75644
6893.5,292.72345,218.51523,317.42258,338.78452
6894.0,292.74664,218.52751,317.44128,338.8124
6894.5,292.76978,218.53984,317.45993,338.84012
6895.0,292.7929,218.55219,317.4786,338.86774
6895.5,292.81604,218.56458,317.49728,338.8953
6896.0,292.8391,218.57698,317.51593,338.92282
6896.5,292.86215,218.58937,317.5346,338.95026
6897.0,292.88516,218.60175,317.55328,338.9777
6897.5,292.90817,218.6141,317.57196,339.0052
6898.0,292.93112,218.62643,317.5906,339.03268
6898.5,292.95404,218.63873,317.60925,339.06018
6899.0,292.9769,218.651,317.6279,339.08762
6899.5,292.99973,218.66331,317.64655,339.11493
6900.0,293.02264,218.67566,317.66522,339.1423
6900.5,293.04572,218.68808,317.6839,339.16983
6901.0,293.06897,218.70058,317.70264,339.1975
6901.5,293.0924,218.71317,317.7214,339.22528
6902.0,293.11588,218.7258,317.74017,339.25296
6902.5,293.13922,218.73848,317.7589,339.28036
6903.0,293.1623,218.7511,317.77762,339.3075
6903.5,293.18515,218.76343,317.7962,339.33472
6904.0,293.2076,218.77542,317.8146,339.36188
6904.5,293.22958,218.78717,317.8328,339.3885
6905.0,293.2509,218.7987,317.85065,339.41428
6905.5,293.27148,218.8101,317.86823,339.43903
6906.0,293.2913,218.82138,317.88547,339.4626
6906.5,293.31024,218.83257,317.9023,339.4849
6907.0,293.32828,218.8437,317.91876,339.5059
6907.5,293.34537,218.85483,317.9348,339.52545
6908.0,293.3615,218.866,317.95047,339.5436
6908.5,293.37662,218.87723,317.96573,339.5603
6909.0,293.39072,218.88857,317.98056,339.57556
6909.5,293.4039,218.90004,317.99496,339.58942
6910.0,293.4164,218.91158,318.0091,339.6023
6910.5,293.42847,218.92316,318.02298,339.61453
6911.0,293.4401,218.93481,318.03662,339.6261
6911.5,293.4513,218.94653,318.05005,339.637
6912.0,293.4622,218.95828,318.0633,339.6474
6912.5,293.47287,218.97008,318.07654,339.6576
6913.0,293.4835,218.9819,318.0898,339.66772
6913.5,293.49414,218.99376,318.10318,339.67795
6914.0,293.5049,219.00563,318.1167,339.6884
6914.5,293.51578,219.01755,318.13037,339.69897
6915.0,293.5266,219.02953,318.14413,339.70963
6915.5,293.5374,219.04153,318.1579,339.72015
6916.0,293.54816,219.05357,318.17166,339.73068
6916.5,293.5589,219.06564,318.1855,339.7412
6917.0,293.56958,219.07773,318.19934,339.75165
6917.5,293.5801,219.08986,318.21317,339.7619
6918.0,293.5904,219.10202,318.22687,339.77185
6918.5,293.60043,219.11421,318.24042,339.7814
6919.0,293.61023,219.12639,318.2538,339.79062
6919.5,293.61984,219.1386,318.26712,339.79953
6920.0,293.6293,219.1508,318.2803,339.80823
6920.5,293.6386,219.16304,318.2935,339.81677
6921.0,293.64783,219.1753,318.30667,339.82523
6921.5,293.65698,219.18759,318.3199,339.83362
6922.0,293.66602,219.19989,318.33307,339.84183
6922.5,293.67487,219.2122,318.34607,339.8497
6923.0,293.68347,219.22452,318.3589,339.8572
6923.5,293.69177,219.23685,318.37152,339.86435
6924.0,293.69986,219.2492,318.384,339.8711
6924.5,293.7077,219.26155,318.39633,339.8775
6925.0,293.7154,219.2739,318.4085,339.88367
6925.5,293.723,219.28625,318.42053,339.8896
6926.0,293.73047,219.29863,318.4324,339.89526
6926.5,293.7379,219.311,318.4442,339.90085
6927.0,293.74536,219.32338,318.456,339.90646
6927.5,293.7529,219.33575,318.46793,339.91226
6928.0,293.76062,219.34811,318.48004,339.91843
6928.5,293.7686,219.36049,318.4924,339.925
6929.0,293.77686,219.3729,318.50507,339.9321
6929.5,293.78543,219.38535,318.51804,339.93964
6930.0,293.7942,219.39787,318.53128,339.9475
6930.5,293.80304,219.41052,318.5447,339.95557
6931.0,293.81207,219.42322,318.55832,339.96384
6931.5,293.82123,219.43602,318.57208,339.9723
6932.0,293.8304,219.4489,318.5859,339.98074
6932.5,293.83954,219.46182,318.59976,339.9891
6933.0,293.84848,219.47476,318.6136,339.99728
6933.5,293.8573,219.48769,318.62732,340.0053
6934.0,293.86606,219.5006,318.641,340.01324
6934.5,293.8748,219.51346,318.65466,340.02115
6935.0,293.88345,219.52637,318.6683,340.02896
6935.5,293.89197,219.53929,318.6819,340.0366
6936.0,293.90033,219.55223,318.69543,340.044
6936.5,293.90854,219.56523,318.70895,340.0512
6937.0,293.91663,219.57825,318.72244,340.0583
6937.5,293.9247,219.59131,318.73596,340.0653
6938.0,293.93283,219.60442,318.7495,340.07236
6938.5,293.94104,219.6176,318.76315,340.0795
6939.0,293.94937,219.63086,318.77686,340.08667
6939.5,293.95776,219.6442,318.79065,340.0939
6940.0,293.96616,219.6576,318.80444,340.101
6940.5,293.97446,219.67104,318.8182,340.10803
6941.0,293.98276,219.68451,318.83197,340.115
6941.5,293.99103,219.698,318.84573,340.12183
6942.0,293.99924,219.71155,318.85947,340.1286
6942.5,294.00735,219.72508,318.87317,340.13525
6943.0,294.01532,219.73863,318.8868,340.14166
6943.5,294.02313,219.75215,318.9004,340.14798
6944.0,294.03076,219.76566,318.91388,340.15405
6944.5,294.03812,219.7792,318.92728,340.1598
6945.0,294.04526,219.79277,318.94058,340.16522
6945.5,294.0522,219.80632,318.95383,340.1704
6946.0,294.05896,219.81982,318.967,340.17548
6946.5,294.0657,219.83334,318.98013,340.18048
6947.0,294.07236,219.84685,318.99326,340.18546
6947.5,294.079,219.86029,319.00635,340.19043
6948.0,294.08563,219.87369,319.0194,340.1954
6948.5,294.09216,219.88707,319.03244,340.20035
6949.0,294.09866,219.90042,319.0454,340.20523
6949.5,294.1051,219.91374,319.05838,340.2101
6950.0,294.1115,219.92705,319.07132,340.21497
6950.5,294.11792,219.94035,319.08426,340.21982
6951.0,294.12427,219.9537,319.0972,340.22455
6951.5,294.13055,219.9671,319.11008,340.22916
6952.0,294.13675,219.98055,319.123,340.2336
6952.5,294.14288,219.994,319.13586,340.238
6953.0,294.14896,220.00746,319.1487,340.24228
6953.5,294.15488,220.02097,319.1615,340.24637
6954.0,294.16083,220.03444,319.17432,340.25046
6954.5,294.1668,220.04785,319.1871,340.2547
6955.0,294.17282,220.0612,319.1999,340.25906
6955.5,294.17883,220.0745,319.21262,340.26346
6956.0,294.1849,220.08769,319.22534,340.268
6956.5,294.1911,220.10086,319.23804,340.27267
6957.0,294.19736,220.11397,319.25076,340.27747
6957.5,294.2036,220.12708,319.26346,340.28232
6958.0,294.20993,220.14017,319.27615,340.28723
6958.5,294.2163,220.15318,319.28885,340.29224
6959.0,294.22278,220.16618,319.30154,340.29736
6959.5,294.2293,220.17915,319.3142,340.30258
6960.0,294.23584,220.1921,319.3269,340.30777
6960.5,294.24234,220.20502,319.33954,340.31293
6961.0,294.24884,220.21793,319.35214,340.3181
6961.5,294.25543,220.23077,319.36475,340.32343
6962.0,294.2622,220.24355,319.37732,340.32892
6962.5,294.2691,220.25629,319.3899,340.33463
6963.0,294.2761,220.26897,319.4024,340.3404
6963.5,294.28308,220.28163,319.4149,340.34613
6964.0,294.29007,220.29428,319.42734,340.3519
6964.5,294.2971,220.30695,319.43985,340.3577
6965.0,294.30417,220.31963,319.45242,340.3636
6965.5,294.31134,220.33229,319.46503,340.36963
6966.0,294.31845,220.34496,319.47757,340.3756
6966.5,294.3255,220.3576,319.49014,340.38147
6967.0,294.33246,220.3703,319.5027,340.38724
6967.5,294.33936,220.38295,319.51517,340.3929
6968.0,294.3462,220.39558,319.5276,340.3985
6968.5,294.35297,220.4082,319.53992,340.404
6969.0,294.35965,220.42079,319.5522,340.40936
6969.5,294.3662,220.43338,319.5644,340.41458
6970.0,294.3727,220.44597,319.57654,340.4197
6970.5,294.37912,220.45853,319.58862,340.4247
6971.0,294.3855,220.47107,319.60065,340.42966
6971.5,294.3919,220.48358,319.61264,340.43463
6972.0,294.3983,220.49611,319.62466,340.43958
6972.5,294.40463,220.50862,319.63666,340.4445
6973.0,294.41095,220.52113,319.64862,340.44937
6973.5,294.4172,220.53363,319.66055,340.45416
6974.0,294.42346,220.54613,319.67245,340.45892
6974.5,294.4297,220.55862,319.68436,340.46365
6975.0,294.43594,220.57114,319.69632,340.46848
6975.5,294.4423,220.58365,319.70834,340.47342
6976.0,294.44876,220.59618,319.72043,340.47852
6976.5,294.45538,220.60866,319.7326,340.48386
6977.0,294.4622,220.62119,319.74493,340.4894
6977.5,294.46912,220.6337,319.75735,340.49518
6978.0,294.4762,220.64624,319.7699,340.50116
6978.5,294.48343,220.6588,319.78253,340.50735
6979.0,294.49078,220.67137,319.79526,340.51376
6979.5,294.4983,220.68391,319.808,340.52032
6980.0,294.5059,220.69643,319.8208,340.527
6980.5,294.51358,220.70894,319.8336,340.5338
6981.0,294.52133,220.72147,319.84644,340.5407
6981.5,294.52908,220.734,319.8593,340.5476
6982.0,294.53674,220.74657,319.8722,340.55438
6982.5,294.54425,220.75917,319.88507,340.56097
6983.0,294.5517,220.77182,319.89795,340.5675
6983.5,294.55914,220.78442,319.9108,340.57404
6984.0,294.5665,220.79704,319.92358,340.5804
6984.5,294.5737,220.80963,319.9363,340.58667
6985.0,294.58087,220.82219,319.949,340.59283
6985.5,294.588,220.8347,319.9616,340.59897
6986.0,294.5952,220.84718,319.97418,340.60516
6986.5,294.6025,220.8596,319.98672,340.61148
6987.0,294.60995,220.872,319.9993,340.61798
6987.5,294.61758,220.88437,320.0119,340.6247
6988.0,294.62537,220.89673,320.0246,340.6316
6988.5,294.6332,220.90907,320.03735,340.63867
6989.0,294.64105,220.92145,320.0501,340.6457
6989.5,294.6488,220.93387,320.06293,340.65262
6990.0,294.65643,220.94632,320.0757,340.65942
6990.5,294.66394,220.95876,320.08847,340.66608
6991.0,294.67142,220.9712,320.1012,340.67267
6991.5,294.67886,220.98364,320.1139,340.67923
6992.0,294.68634,220.99606,320.12662,340.68585
6992.5,294.6939,221.00844,320.13925,340.69257
6993.0,294.70154,221.02077,320.15192,340.6993
6993.5,294.70917,221.0331,320.16455,340.7061
6994.0,294.7167,221.04544,320.17715,340.71277
6994.5,294.72412,221.05777,320.18967,340.71924
6995.0,294.73132,221.07007,320.20206,340.7255
6995.5,294.7384,221.08238,320.21436,340.73148
6996.0,294.74524,221.09465,320.22647,340.73718
6996.5,294.7519,221.10693,320.23846,340.7426
6997.0,294.75845,221.11919,320.2504,340.7479
6997.5,294.76495,221.13144,320.2623,340.75314
6998.0,294.77133,221.14369,320.2742,340.75824
6998.5,294.77753,221.15596,320.286,340.76312
6999.0,294.78363,221.16821,320.29773,340.76782
6999.5,294.78967,221.18047,320.3094,340.77246
7000.0,294.79578,221.19269,320.32108,340.7772
7000.5,294.80197,221.2049,320.33276,340.782
7001.0,294.8082,221.21709,320.3444,340.7868
7001.5,294.8144,221.22925,320.35596,340.79153
7002.0,294.8206,221.24141,320.36746,340.79623
7002.5,294.82678,221.25354,320.37885,340.80087
7003.0,294.83307,221.26562,320.39017,340.80554
7003.5,294.83942,221.2777,320.4014,340.81024
7004.0,294.84586,221.28975,320.41263,340.81503
7004.5,294.85233,221.30179,320.4239,340.81985
7005.0,294.85873,221.31383,320.43518,340.82468
7005.5,294.86505,221.32587,320.44647,340.8294
7006.0,294.87125,221.33792,320.45773,340.83398
7006.5,294.87735,221.34996,320.4689,340.83835
7007.0,294.8834,221.36197,320.47998,340.84265
7007.5,294.88947,221.374,320.49097,340.84686
7008.0,294.8956,221.38596,320.5018,340.85104
7008.5,294.90176,221.39792,320.51254,340.8552
7009.0,294.90793,221.40987,320.52313,340.85916
7009.5,294.914,221.42184,320.53348,340.86285
7010.0,294.92007,221.4338,320.54373,340.86636
7010.5,294.9263,221.44576,320.55396,340.87006
7011.0,294.9326,221.45767,320.56412,340.87372
7011.5,294.93872,221.46962,320.57413,340.8771
7012.0,294.94476,221.48158,320.58395,340.88013
7012.5,294.9507,221.49358,320.59354,340.88284
7013.0,294.9567,221.50557,320.60303,340.88547
7013.5,294.9628,221.51753,320.6125,340.88818
7014.0,294.9689,221.52951,320.6219,340.89084
7014.5,294.97495,221.5415,320.63113,340.8932
7015.0,294.98083,221.55351,320.6401,340.89508
7015.5,294.98657,221.56558,320.6488,340.89645
7016.0,294.99222,221.57767,320.6573,340.89743
7016.5,294.9979,221.58975,320.66568,340.89835
7017.0,295.00354,221.60184,320.67398,340.89908
7017.5,295.00903,221.61394,320.6822,340.89966
7018.0,295.01447,221.62602,320.69034,340.90012
7018.5,295.0198,221.6381,320.69843,340.9004
7019.0,295.0251,221.65019,320.70636,340.90042
7019.5,295.03018,221.66232,320.71405,340.89993
7020.0,295.03494,221.67453,320.7213,340.8985
7020.5,295.0392,221.68686,320.72803,340.89578
7021.0,295.04312,221.69928,320.73425,340.89197
7021.5,295.04675,221.7117,320.74033,340.8878
7022.0,295.05017,221.72415,320.74622,340.88318
7022.5,295.05325,221.73662,320.7519,340.87793
7023.0,295.05612,221.74915,320.75726,340.87207
7023.5,295.05884,221.76167,320.76248,340.86578
7024.0,295.06143,221.77422,320.76758,340.85922
7024.5,295.06387,221.78676,320.7726,340.8525
7025.0,295.06622,221.7993,320.7776,340.84564
7025.5,295.0685,221.81181,320.78253,340.83875
7026.0,295.0707,221.82434,320.7875,340.83182
7026.5,295.0727,221.83685,320.79242,340.82474
7027.0,295.07462,221.84935,320.79733,340.81757
7027.5,295.07645,221.86182,320.80225,340.81042
7028.0,295.07825,221.87428,320.80716,340.80328
7028.5,295.08008,221.88675,320.81207,340.79617
7029.0,295.0819,221.8992,320.817,340.78915
7029.5,295.0838,221.91162,320.822,340.7823
7030.0,295.08582,221.92401,320.82712,340.77573
7030.5,295.0879,221.93639,320.8323,340.76935
7031.0,295.08997,221.94875,320.83755,340.76315
7031.5,295.09216,221.96104,320.84314,340.75757
7032.0,295.09464,221.9733,320.849,340.7527
7032.5,295.09723,221.9855,320.85504,340.74826
7033.0,295.09973,221.99771,320.86102,340.74365
7033.5,295.10196,222.00996,320.8667,340.73834
7034.0,295.1039,222.02228,320.8721,340.73236
7034.5,295.10568,222.03459,320.87726,340.72586
7035.0,295.10733,222.04695,320.88226,340.719
7035.5,295.1089,222.05928,320.88727,340.71216
7036.0,295.11047,222.07158,320.89236,340.70547
7036.5,295.11194,222.08388,320.89737,340.6986
7037.0,295.11322,222.09618,320.90222,340.69135
7037.5,295.1143,222.10849,320.907,340.6839
7038.0,295.11517,222.12079,320.91177,340.67627
7038.5,295.11584,222.13306,320.91647,340.66846
7039.0,295.11633,222.14532,320.9211,340.66052
7039.5,295.11664,222.15755,320.92575,340.6525
7040.0,295.11688,222.16978,320.9304,340.64438
7040.5,295.11703,222.182,320.93497,340.63617
7041.0,295.11713,222.19421,320.93954,340.62796
7041.5,295.1174,222.20638,320.94446,340.62045
7042.0,295.11798,222.21846,320.9499,340.614
7042.5,295.1188,222.23048,320.95572,340.6084
7043.0,295.11978,222.24245,320.96182,340.60336
7043.5,295.12085,222.2544,320.96802,340.59848
7044.0,295.12195,222.26634,320.97418,340.59366
7044.5,295.1231,222.2783,320.98026,340.58875
7045.0,295.12415,222.2903,320.98605,340.58328
7045.5,295.12497,222.30237,320.9915,340.5771
7046.0,295.1256,222.31445,320.99667,340.5703
7046.5,295.1262,222.32649,321.00192,340.56372
7047.0,295.127,222.33849,321.0076,340.558
7047.5,295.12805,222.35043,321.01358,340.55292
7048.0,295.12924,222.36234,321.0197,340.54816
7048.5,295.1305,222.3742,321.02597,340.54367
7049.0,295.1318,222.38605,321.03226,340.5393
7049.5,295.13315,222.3979,321.0385,340.5349
7050.0,295.13458,222.40974,321.04474,340.53055
7050.5,295.1362,222.4216,321.0511,340.52652
7051.0,295.13815,222.43343,321.05756,340.5229
7051.5,295.14035,222.44522,321.06415,340.51965
7052.0,295.1427,222.457,321.07083,340.51663
7052.5,295.14514,222.46878,321.0775,340.5137
7053.0,295.14774,222.48056,321.08423,340.5109
7053.5,295.1504,222.49231,321.09094,340.5082
7054.0,295.15314,222.50407,321.09772,340.5056
7054.5,295.156,222.5158,321.10458,340.50333
7055.0,295.1589,222.5275,321.11154,340.50116
7055.5,295.1617,222.53922,321.11832,340.49872
7056.0,295.1644,222.55093,321.12497,340.49594
7056.5,295.167,222.5627,321.13153,340.49298
7057.0,295.16956,222.57445,321.13794,340.48978
7057.5,295.17194,222.58627,321.144,340.48587
7058.0,295.1742,222.59814,321.14978,340.48138
7058.5,295.17636,222.61006,321.1553,340.47638
7059.0,295.17838,222.62201,321.16064,340.47095
7059.5,295.18024,222.63394,321.16592,340.4654
7060.0,295.18198,222.64583,321.17126,340.45993
7060.5,295.18372,222.6577,321.17676,340.45474
7061.0,295.1855,222.66951,321.1826,340.45013
7061.5,295.1874,222.68124,321.1889,340.4464
7062.0,295.1896,222.69287,321.19577,340.44373
7062.5,295.19202,222.70444,321.2031,340.4419
7063.0,295.19473,222.71593,321.2108,340.4408
7063.5,295.1976,222.72737,321.2187,340.44012
7064.0,295.2006,222.73878,321.22665,340.43967
7064.5,295.20358,222.75021,321.23462,340.43924
7065.0,295.20654,222.76163,321.24252,340.4387
7065.5,295.20935,222.77307,321.2502,340.43774
7066.0,295.21204,222.78455,321.25763,340.43637
7066.5,295.21457,222.796,321.26492,340.43472
7067.0,295.21695,222.8075,321.27206,340.43274
7067.5,295.2191,222.819,321.27905,340.4304
7068.0,295.22107,222.8305,321.28586,340.42767
7068.5,295.22287,222.84203,321.2925,340.42462
7069.0,295.22458,222.85355,321.2991,340.42142
7069.5,295.22635,222.86504,321.30588,340.41852
7070.0,295.2282,222.87648,321.31287,340.41605
7070.5,295.23004,222.8879,321.32,340.41376
7071.0,295.23193,222.89929,321.3273,340.41174
7071.5,295.23398,222.91061,321.335,340.4103
7072.0,295.23615,222.92189,321.34308,340.40955
7072.5,295.2385,222.93312,321.35165,340.4095
7073.0,295.24112,222.94434,321.36063,340.41006
7073.5,295.24393,222.95549,321.36984,340.4111
7074.0,295.24683,222.96664,321.3792,340.4124
7074.5,295.2498,222.97778,321.3886,340.41376
7075.0,295.2527,222.98889,321.39813,340.4152
7075.5,295.25565,223.0,321.40784,340.41684
7076.0,295.25864,223.01114,321.41776,340.41873
7076.5,295.26166,223.02228,321.42786,340.42075
7077.0,295.26468,223.03345,321.4381,340.42288
7077.5,295.26764,223.04468,321.44858,340.4251
7078.0,295.27066,223.056,321.45926,340.42743
7078.5,295.27365,223.0674,321.47006,340.42978
7079.0,295.27664,223.07887,321.481,340.43213
7079.5,295.27963,223.09033,321.49194,340.4345
7080.0,295.2826,223.10176,321.50284,340.4369
7080.5,295.2856,223.11311,321.5137,340.43933
7081.0,295.28867,223.1244,321.52448,340.4418
7081.5,295.29175,223.13567,321.53522,340.44434
7082.0,295.2949,223.14691,321.546,340.44693
7082.5,295.29807,223.15817,321.55676,340.4496
7083.0,295.30124,223.16942,321.56757,340.4522
7083.5,295.30438,223.18068,321.57837,340.4548
7084.0,295.3074,223.19191,321.5891,340.4573
7084.5,295.31033,223.20314,321.5998,340.45966
7085.0,295.31326,223.21434,321.61044,340.462
7085.5,295.31625,223.22554,321.62112,340.46442
7086.0,295.31937,223.23676,321.6319,340.467
7086.5,295.32266,223.24796,321.6427,340.46982
7087.0,295.32605,223.25916,321.6536,340.47275
7087.5,295.32944,223.27039,321.6645,340.47574
7088.0,295.3329,223.28162,321.67548,340.47876
7088.5,295.33636,223.2929,321.6865,340.48184
7089.0,295.33987,223.3042,321.69763,340.48492
7089.5,295.34338,223.31552,321.70874,340.48804
7090.0,295.34683,223.32687,321.7199,340.4911
7090.5,295.35025,223.33824,321.73108,340.49405
7091.0,295.35355,223.3496,321.7422,340.4969
7091.5,295.3567,223.36087,321.75314,340.49957
7092.0,295.35977,223.37213,321.76404,340.50217
7092.5,295.36295,223.38342,321.77505,340.50485
7093.0,295.36618,223.39478,321.78613,340.5076
7093.5,295.36935,223.40605,321.79712,340.5103
7094.0,295.3726,223.41725,321.80798,340.51306
7094.5,295.3759,223.42842,321.81882,340.5159
7095.0,295.3792,223.43954,321.8296,340.5188
7095.5,295.38254,223.45064,321.84036,340.5217
7096.0,295.38593,223.4617,321.85107,340.52463
7096.5,295.38937,223.47273,321.8618,340.52762
7097.0,295.3928,223.48378,321.8725,340.5306
7097.5,295.39624,223.4948,321.88318,340.5336
7098.0,295.39978,223.50583,321.89398,340.53677
7098.5,295.4036,223.51698,321.90503,340.54025
7099.0,295.40753,223.52824,321.91626,340.54388
7099.5,295.41144,223.53947,321.92746,340.54752
7100.0,295.41534,223.55067,321.93863,340.55115
7100.5,295.41934,223.56195,321.94992,340.55487
7101.0,295.4233,223.57327,321.96127,340.55856
7101.5,295.4273,223.58456,321.9726,340.56226
7102.0,295.4313,223.59576,321.98386,340.56604
7102.5,295.43546,223.60704,321.99524,340.56995
7103.0,295.4397,223.61841,322.0067,340.57394
7103.5,295.444,223.62985,322.01825,340.57794
7104.0,295.44836,223.64137,322.02982,340.58194
7104.5,295.4528,223.65294,322.04147,340.58594
7105.0,295.45724,223.66452,322.05316,340.58997
7105.5,295.4618,223.67612,322.06485,340.59412
7106.0,295.46646,223.68767,322.0766,340.59845
7106.5,295.47128,223.69922,322.0884,340.603
7107.0,295.4763,223.71072,322.10028,340.60782
7107.5,295.4815,223.7222,322.1122,340.6129
7108.0,295.4869,223.7336,322.1242,340.61832
7108.5,295.4925,223.74489,322.13623,340.62405
7109.0,295.4983,223.7561,322.14825,340.63
7109.5,295.50415,223.76723,322.16025,340.63617
7110.0,295.51016,223.77827,322.17218,340.64246
7110.5,295.51617,223.78922,322.18405,340.64883
7111.0,295.52228,223.80008,322.19586,340.6553
7111.5,295.52847,223.81088,322.20758,340.66183
7112.0,295.53467,223.82161,322.21918,340.6684
7112.5,295.54095,223.83229,322.23074,340.675
7113.0,295.54733,223.84293,322.24225,340.68167
7113.5,295.5539,223.85349,322.2537,340.68854
7114.0,295.56064,223.86401,322.26508,340.69556
7114.5,295.56757,223.87445,322.27637,340.7027
7115.0,295.57462,223.88484,322.28757,340.70993
7115.5,295.58176,223.89522,322.29858,340.7171
7116.0,295.58905,223.90553,322.30942,340.72424
7116.5,295.59644,223.91586,322.3201,340.73135
7117.0,295.60388,223.92616,322.3307,340.73843
7117.5,295.61142,223.93643,322.34134,340.7457
7118.0,295.61914,223.94669,322.3521,340.75323
7118.5,295.62698,223.95692,322.36282,340.76083
7119.0,295.6348,223.96715,322.37347,340.76834
7119.5,295.64258,223.97737,322.38412,340.77582
7120.0,295.65033,223.98761,322.3947,340.78323
7120.5,295.65793,223.99785,322.40524,340.7904
7121.0,295.66537,224.0081,322.4157,340.79742
7121.5,295.67285,224.01836,322.42633,340.80457
7122.0,295.6804,224.0286,322.43707,340.81192
7122.5,295.68793,224.03882,322.44788,340.81934
7123.0,295.69537,224.04904,322.45862,340.82666
7123.5,295.70276,224.0593,322.46927,340.83377
7124.0,295.71005,224.06955,322.4799,340.84082
7124.5,295.7174,224.0798,322.49054,340.84793
7125.0,295.72482,224.09006,322.50128,340.85516
7125.5,295.7323,224.10033,322.51205,340.86252
7126.0,295.7399,224.1106,322.5229,340.87003
7126.5,295.74765,224.12085,322.53372,340.8777
7127.0,295.75543,224.13113,322.5446,340.8854
7127.5,295.76328,224.1414,322.55548,340.89322
7128.0,295.7712,224.15166,322.56638,340.90112
7128.5,295.77924,224.16194,322.57724,340.90903
7129.0,295.78732,224.17221,322.58804,340.91696
7129.5,295.7955,224.18246,322.59885,340.925
7130.0,295.80368,224.19269,322.6097,340.93314
7130.5,295.81195,224.20291,322.62076,340.94147
7131.0,295.8202,224.21317,322.63202,340.95
7131.5,295.8285,224.22346,322.6436,340.9588
7132.0,295.83682,224.2338,322.6554,340.96783
7132.5,295.84518,224.24411,322.66724,340.97687
7133.0,295.8535,224.25447,322.67908,340.9859
7133.5,295.8617,224.26483,322.6909,340.9948
7134.0,295.8698,224.27524,322.70273,341.00363
7134.5,295.87787,224.28564,322.71457,341.01236
7135.0,295.8858,224.2961,322.72647,341.02103
7135.5,295.89368,224.30658,322.73843,341.0296
7136.0,295.9014,224.31714,322.75046,341.03806
7136.5,295.909,224.32773,322.7625,341.04642
7137.0,295.91656,224.33835,322.77466,341.05472
7137.5,295.9242,224.34895,322.7868,341.06314
7138.0,295.9319,224.35954,322.79898,341.07166
7138.5,295.9397,224.3701,322.81113,341.08026
7139.0,295.94757,224.38063,322.82327,341.089
7139.5,295.95554,224.39117,322.83548,341.09778
7140.0,295.9635,224.40173,322.84775,341.10663
7140.5,295.97144,224.41237,322.8601,341.11545
7141.0,295.97928,224.42308,322.8725,341.12415
7141.5,295.987,224.43385,322.88492,341.13272
7142.0,295.99472,224.44467,322.8974,341.14127
7142.5,296.00256,224.45547,322.90988,341.14996
7143.0,296.0105,224.4662,322.92236,341.15878
7143.5,296.01852,224.47684,322.9348,341.16776
7144.0,296.02655,224.48744,322.9472,341.1767
7144.5,296.03445,224.49808,322.95953,341.1855
7145.0,296.0422,224.50874,322.97186,341.1941
7145.5,296.0498,224.51942,322.98416,341.2025
7146.0,296.0574,224.53008,322.99637,341.21088
7146.5,296.065,224.54068,323.0085,341.21927
7147.0,296.07254,224.55122,323.02048,341.22754
7147.5,296.08002,224.56172,323.0323,341.23563
7148.0,296.0873,224.5722,323.04398,341.24344
7148.5,296.09445,224.58272,323.05563,341.2511
7149.0,296.10153,224.59328,323.06735,341.25867
7149.5,296.10852,224.60387,323.07913,341.26624
7150.0,296.11554,224.61447,323.09097,341.2738
7150.5,296.1226,224.62509,323.10284,341.28143
7151.0,296.1296,224.63573,323.11472,341.28906
7151.5,296.13663,224.64638,323.1267,341.2967
7152.0,296.14362,224.65709,323.1387,341.3043
7152.5,296.15054,224.66782,323.15073,341.31183
7153.0,296.15744,224.67854,323.16272,341.3193
7153.5,296.16425,224.68924,323.17465,341.3267
7154.0,296.17093,224.69992,323.18646,341.3339
7154.5,296.1774,224.71063,323.19824,341.34082
7155.0,296.18365,224.72139,323.21002,341.3475
7155.5,296.18973,224.73224,323.22183,341.35394
7156.0,296.19574,224.74315,323.23364,341.3603
7156.5,296.20175,224.75407,323.24548,341.36664
7157.0,296.2078,224.76497,323.2573,341.37302
7157.5,296.2138,224.77583,323.26904,341.3794
7158.0,296.21976,224.78671,323.2808,341.3857
7158.5,296.22556,224.79758,323.29248,341.3918
7159.0,296.23114,224.80847,323.30408,341.39764
7159.5,296.2365,224.81943,323.31567,341.40323
7160.0,296.24182,224.83041,323.32727,341.4087
7160.5,296.24707,224.84145,323.33893,341.4141
7161.0,296.25223,224.8525,323.3505,341.41934
7161.5,296.25723,224.86351,323.36203,341.4244
7162.0,296.2622,224.87453,323.37357,341.42947
7162.5,296.26724,224.8856,323.38513,341.43454
7163.0,296.27222,224.89674,323.39676,341.43954
7163.5,296.27716,224.90782,323.40833,341.44446
7164.0,296.28198,224.91884,323.41977,341.4493
7164.5,296.28668,224.92976,323.4311,341.454
7165.0,296.2912,224.94061,323.44223,341.4585
7165.5,296.29556,224.95135,323.45316,341.4628
7166.0,296.29993,224.9621,323.46402,341.46707
7166.5,296.30444,224.97284,323.47498,341.47153
7167.0,296.30908,224.98367,323.4861,341.47617
7167.5,296.31384,224.99461,323.4974,341.4809
7168.0,296.31854,225.00565,323.5088,341.48553
7168.5,296.3232,225.0167,323.52017,341.49014
7169.0,296.3279,225.02768,323.53152,341.49484
7169.5,296.3327,225.03867,323.54294,341.4997
7170.0,296.3377,225.04964,323.5544,341.5048
7170.5,296.34286,225.06056,323.56592,341.51013
7171.0,296.34824,225.07138,323.5774,341.51572
7171.5,296.35376,225.08215,323.58884,341.52148
7172.0,296.35934,225.09291,323.6003,341.52734
7172.5,296.365,225.10367,323.61182,341.53326
7173.0,296.3707,225.11444,323.6234,341.53928
7173.5,296.37643,225.12524,323.63504,341.54538
7174.0,296.38226,225.13605,323.6467,341.55154
7174.5,296.38818,225.14679,323.6584,341.55786
7175.0,296.39423,225.1575,323.67,341.56433
7175.5,296.40033,225.16815,323.68164,341.57086
7176.0,296.40646,225.17882,323.69327,341.57742
7176.5,296.4126,225.1895,323.70496,341.58398
7177.0,296.41873,225.20023,323.71667,341.5906
7177.5,296.42493,225.21098,323.72845,341.59723
7178.0,296.43103,225.22173,323.74023,341.6038
7178.5,296.4371,225.23251,323.75198,341.6103
7179.0,296.4431,225.24326,323.76376,341.61676
7179.5,296.4492,225.25398,323.77548,341.62323
7180.0,296.45535,225.26465,323.78717,341.62985
7180.5,296.46164,225.2752,323.79877,341.6366
7181.0,296.46793,225.28572,323.8103,341.64337
7181.5,296.4742,225.29623,323.8218,341.6501
7182.0,296.4806,225.30675,323.83337,341.65692
7182.5,296.48703,225.31726,323.84497,341.66385
7183.0,296.49347,225.32782,323.85663,341.6708
7183.5,296.49982,225.33844,323.86832,341.6777
7184.0,296.50616,225.34909,323.88007,341.68454
7184.5,296.51245,225.35977,323.89185,341.6913
7185.0,296.5187,225.37045,323.9036,341.69806
7185.5,296.52487,225.38113,323.91534,341.7047
7186.0,296.53098,225.39185,323.92706,341.7112
7186.5,296.53693,225.40259,323.9388,341.7176
7187.0,296.54282,225.41339,323.95053,341.72382
7187.5,296.5486,225.42424,323.96228,341.72998
7188.0,296.5544,225.43509,323.97403,341.73605
7188.5,296.56015,225.44597,323.98578,341.7421
7189.0,296.56586,225.45683,323.99756,341.7481
7189.5,296.57153,225.46773,324.0093,341.7541
7190.0,296.5772,225.47862,324.02106,341.76004
7190.5,296.5829,225.48952,324.0328,341.766
7191.0,296.58856,225.50041,324.04456,341.7719
7191.5,296.59424,225.5113,324.0563,341.77786
7192.0,296.5999,225.5222,324.06805,341.78378
7192.5,296.6056,225.53311,324.0798,341.78973
7193.0,296.61127,225.544,324.09152,341.79565
7193.5,296.61694,225.5549,324.10327,341.8016
7194.0,296.62262,225.56577,324.115,341.80753
7194.5,296.6283,225.57664,324.1267,341.81348
7195.0,296.63394,225.58751,324.13846,341.8194
7195.5,296.6396,225.59839,324.15018,341.82535
7196.0,296.64523,225.60925,324.16193,341.83127
7196.5,296.65088,225.6201,324.17365,341.83722
7197.0,296.65652,225.63095,324.18533,341.84314
7197.5,296.66217,225.64177,324.19705,341.84903
7198.0,296.6678,225.6526,324.20877,341.85495
7198.5,296.67343,225.66342,324.22046,341.86087
7199.0,296.67905,225.67426,324.23218,341.8668
7199.5,296.68466,225.68507,324.24387,341.87268
7200.0,296.6903,225.69588,324.25558,341.8786
7200.5,296.69592,225.70667,324.26727,341.88452
7201.0,296.70154,225.71747,324.27896,341.89044
7201.5,296.70718,225.72827,324.29062,341.89633
7202.0,296.7128,225.73907,324.3023,341.90225
7202.5,296.71844,225.74988,324.314,341.90817
7203.0,296.72406,225.76068,324.32568,341.9141
7203.5,296.72968,225.77147,324.33737,341.92
7204.0,296.73532,225.78226,324.34906,341.92596
7204.5,296.74097,225.79303,324.36072,341.9319
7205.0,296.74658,225.8038,324.3724,341.93784
7205.5,296.75223,225.81458,324.3841,341.94376
7206.0,296.75787,225.82536,324.39578,341.9497
7206.5,296.76352,225.83614,324.40747,341.95566
7207.0,296.7692,225.84691,324.41913,341.9616
7207.5,296.77487,225.85768,324.43082,341.96762
7208.0,296.78055,225.86847,324.4425,341.9736
7208.5,296.78622,225.87924,324.4542,341.97958
7209.0,296.7919,225.89001,324.46588,341.98557
7209.5,296.79755,225.90079,324.47754,341.99155
7210.0,296.80322,225.91154,324.4892,341.9975
7210.5,296.80887,225.9223,324.5009,342.00348
7211.0,296.8145,225.93304,324.51254,342.00943
7211.5,296.82016,225.9438,324.5242,342.01538
7212.0,296.82584,225.95456,324.53586,342.02136
7212.5,296.8315,225.9653,324.54752,342.02734
7213.0,296.83716,225.97604,324.55917,342.03333
7213.5,296.8428,225.98677,324.57083,342.0393
7214.0,296.84845,225.9975,324.58246,342.04526
7214.5,296.85413,226.0082,324.5941,342.0512
7215.0,296.85977,226.0189,324.6057,342.0572
7215.5,296.86542,226.02962,324.61737,342.06314
7216.0,296.87106,226.04031,324.629,342.0691
7216.5,296.8767,226.05103,324.64062,342.07507
7217.0,296.88235,226.0617,324.65225,342.08102
7217.5,296.88803,226.07239,324.6639,342.08698
7218.0,296.89365,226.08307,324.67554,342.09296
7218.5,296.89926,226.09375,324.68713,342.0989
7219.0,296.9049,226.1044,324.69876,342.10486
7219.5,296.91052,226.11507,324.71036,342.11084
7220.0,296.91614,226.12572,324.722,342.1168
7220.5,296.92178,226.13637,324.73358,342.12274
7221.0,296.9274,226.14703,324.7452,342.1287
7221.5,296.93304,226.15768,324.7568,342.13467
7222.0,296.9387,226.16835,324.76843,342.14066
7222.5,296.94434,226.179,324.78003,342.14664
7223.0,296.94998,226.18964,324.79166,342.15262
7223.5,296.95563,226.20027,324.80325,342.1586
7224.0,296.96127,226.2109,324.81488,342.16458
7224.5,296.96692,226.22154,324.82645,342.17056
7225.0,296.9726,226.23218,324.83807,342.17654
7225.5,296.97824,226.2428,324.84967,342.18256
7226.0,296.9839,226.25343,324.86127,342.18854
7226.5,296.98953,226.26405,324.87286,342.19452
7227.0,296.99518,226.27466,324.88443,342.20053
7227.5,297.0008,226.28526,324.89603,342.2065
7228.0,297.0064,226.29588,324.90762,342.2125
7228.5,297.01205,226.30646,324.9192,342.21844
7229.0,297.01767,226.31705,324.93073,342.2244
7229.5,297.0233,226.32764,324.9423,342.23038
7230.0,297.02893,226.33823,324.95386,342.23636
7230.5,297.03455,226.3488,324.96542,342.24234
7231.0,297.04016,226.35939,324.977,342.24832
7231.5,297.0458,226.36995,324.98856,342.2543
7232.0,297.05142,226.38051,325.00012,342.26028
7232.5,297.05707,226.39108,325.0117,342.26627
7233.0,297.06268,226.40164,325.02325,342.27225
7233.5,297.0683,226.4122,325.03482,342.27823
7234.0,297.07397,226.42276,325.0464,342.28424
7234.5,297.0796,226.43332,325.05792,342.29022
7235.0,297.0852,226.44386,325.0695,342.2962
7235.5,297.09085,226.4544,325.08102,342.30222
7236.0,297.0965,226.46494,325.0926,342.30823
7236.5,297.10214,226.47548,325.10413,342.31424
7237.0,297.1078,226.48602,325.11566,342.32025
7237.5,297.11343,226.49655,325.1272,342.32626
7238.0,297.11908,226.5071,325.13873,342.33228
7238.5,297.12476,226.51762,325.15027,342.3383
7239.0,297.1304,226.52817,325.1618,342.3443
7239.5,297.13605,226.53871,325.17334,342.35034
7240.0,297.14172,226.54924,325.1849,342.35638
7240.5,297.1474,226.55978,325.19644,342.36246
7241.0,297.15308,226.57031,325.208,342.36853
7241.5,297.15878,226.58089,325.21957,342.3746
7242.0,297.16452,226.59145,325.2311,342.3807
7242.5,297.17023,226.602,325.24268,342.3868
7243.0,297.17596,226.61256,325.25424,342.3929
7243.5,297.18167,226.62312,325.2658,342.39902
7244.0,297.1874,226.63367,325.27734,342.40512
7244.5,297.1931,226.64421,325.28888,342.41125
7245.0,297.19885,226.65474,325.30045,342.4174
7245.5,297.20456,226.66528,325.31198,342.42352
7246.0,297.2103,226.67583,325.32352,342.42963
7246.5,297.216,226.68636,325.33505,342.43576
7247.0,297.22174,226.6969,325.3466,342.4419
7247.5,297.22745,226.70741,325.35812,342.44803
7248.0,297.2332,226.71793,325.36966,342.45416
7248.5,297.2389,226.72844,325.3812,342.46027
7249.0,297.24463,226.73895,325.39276,342.46637
7249.5,297.25034,226.74947,325.4043,342.4725
7250.0,297.25607,226.75998,325.41583,342.47864
7250.5,297.26178,226.7705,325.42737,342.48477
7251.0,297.26752,226.781,325.43887,342.49088
7251.5,297.27322,226.7915,325.4504,342.497
7252.0,297.27896,226.80199,325.4619,342.50314
7252.5,297.28467,226.81248,325.47342,342.50928
7253.0,297.2904,226.82297,325.48495,342.5154
7253.5,297.2961,226.83347,325.49646,342.5215
7254.0,297.30185,226.84395,325.50797,342.52765
7254.5,297.3076,226.85445,325.5195,342.5338
7255.0,297.31332,226.86493,325.531,342.53995
7255.5,297.3191,226.8754,325.5425,342.5461
7256.0,297.32483,226.88586,325.55405,342.55225
7256.5,297.33057,226.89633,325.56555,342.5584
7257.0,297.3363,226.9068,325.57706,342.56454
7257.5,297.34207,226.91727,325.58856,342.5707
7258.0,297.34778,226.9277,325.60004,342.57687
7258.5,297.35352,226.93816,325.61154,342.583
7259.0,297.35928,226.9486,325.62305,342.58917
7259.5,297.36502,226.95905,325.63452,342.5953
7260.0,297.37076,226.96948,325.64603,342.60147
7260.5,297.37653,226.97992,325.6575,342.6076
7261.0,297.38226,226.99037,325.669,342.61377
7261.5,297.388,227.00078,325.68048,342.61993
7262.0,297.39374,227.0112,325.692,342.62607
7262.5,297.3995,227.02162,325.7035,342.63223
7263.0,297.40524,227.03204,325.71494,342.63837
7263.5,297.41095,227.04247,325.7264,342.64453
7264.0,297.4167,227.05289,325.73788,342.65067
7264.5,297.42242,227.06328,325.74936,342.65683
7265.0,297.42822,227.0735,325.7606,342.6631
7265.5,297.43405,227.08356,325.7715,342.66928
7266.0,297.43973,227.09354,325.78217,342.67517
7266.5,297.4453,227.10342,325.79254,342.68085
7267.0,297.4507,227.1133,325.80276,342.68625
7267.5,297.45602,227.12314,325.8128,342.69144
7268.0,297.46124,227.13297,325.82275,342.6965
7268.5,297.4664,227.14276,325.83264,342.70145
7269.0,297.47162,227.15256,325.84247,342.70645
7269.5,297.4772,227.16231,325.85245,342.71188
7270.0,297.4833,227.172,325.86258,342.718
7270.5,297.49008,227.1816,325.87296,342.72498
7271.0,297.49768,227.19109,325.8836,342.73303
