time,pm_pred,stator_yoke_pred,stator_tooth_pred,stator_winding_pred
0.0,24.554214,18.316547,18.293219,19.08667
0.5,24.57093,18.327478,18.303461,19.110046
1.0,24.587667,18.338425,18.31372,19.133457
1.5,24.604395,18.349365,18.323977,19.15685
2.0,24.621145,18.36032,18.334248,19.180279
2.5,24.637888,18.371275,18.344515,19.203686
3.0,24.654644,18.382261,18.354794,19.227072
3.5,24.671394,18.393267,18.365074,19.250423
4.0,24.688139,18.404284,18.375355,19.273746
4.5,24.70489,18.415312,18.385645,19.297066
5.0,24.721628,18.426346,18.39593,19.320354
5.5,24.738384,18.437391,18.406227,19.343664
6.0,24.755135,18.448442,18.416523,19.366959
6.5,24.771898,18.459501,18.42683,19.39027
7.0,24.788656,18.470558,18.437143,19.413582
7.5,24.805407,18.481611,18.447456,19.436884
8.0,24.822157,18.49266,18.457775,19.460197
8.5,24.838911,18.503716,18.468096,19.483515
9.0,24.855669,18.514769,18.478426,19.506845
9.5,24.872416,18.525814,18.48875,19.530159
10.0,24.889168,18.536863,18.499084,19.553488
10.5,24.90593,18.54792,18.509426,19.576822
11.0,24.922697,18.558985,18.519772,19.600163
11.5,24.93948,18.570059,18.530127,19.623526
12.0,24.956257,18.581131,18.540483,19.64688
12.5,24.97298,18.59219,18.550798,19.670088
13.0,24.98773,18.602499,18.559961,19.689741
13.5,24.998375,18.6112,18.56668,19.70205
14.0,25.003904,18.617804,18.570496,19.705837
14.5,25.003761,18.62203,18.571234,19.71204
15.0,25.002361,18.623726,18.574759,19.727259
15.5,25.005527,18.625017,18.580296,19.748276
16.0,25.01467,18.62875,18.589258,19.778889
16.5,25.029543,18.634848,18.601547,19.818827
17.0,25.049868,18.643272,18.617035,19.867682
17.5,25.07525,18.65394,18.635506,19.924803
18.0,25.104427,18.666332,18.656218,19.988117
18.5,25.13625,18.67995,18.678516,20.055782
19.0,25.1699,18.694424,18.701912,20.12644
19.5,25.204828,18.709497,18.726084,20.19919
20.0,25.240648,18.724995,18.750797,20.27339
20.5,25.277096,18.740793,18.775894,20.348593
21.0,25.313997,18.756813,18.801271,20.424519
21.5,25.351196,18.77298,18.826834,20.500889
22.0,25.388618,18.789263,18.852541,20.577593
22.5,25.426207,18.805632,18.878355,20.654528
23.0,25.46389,18.822058,18.904232,20.731583
23.5,25.501629,18.838518,18.930145,20.808674
24.0,25.53941,18.855003,18.95609,20.885788
24.5,25.577194,18.871494,18.982038,20.962858
25.0,25.614973,18.887993,19.007986,21.039867
25.5,25.652739,18.904486,19.033926,21.116806
26.0,25.690496,18.920973,19.059866,21.193691
26.5,25.728226,18.937447,19.085785,21.270477
27.0,25.765917,18.9539,19.111681,21.34715
27.5,25.803581,18.970337,19.137564,21.423733
28.0,25.84122,18.986765,19.163435,21.500225
28.5,25.878817,19.003174,19.189276,21.576584
29.0,25.916403,19.01958,19.215122,21.652887
29.5,25.95395,19.035975,19.240944,21.729069
30.0,25.991472,19.052359,19.266752,21.805153
30.5,26.028976,19.068743,19.292557,21.881165
31.0,26.066452,19.085125,19.318348,21.957071
31.5,26.10391,19.101503,19.344131,22.032896
32.0,26.141348,19.117878,19.369905,22.108633
32.5,26.178772,19.134253,19.395676,22.184298
33.0,26.21617,19.150625,19.421432,22.259872
33.5,26.253548,19.166998,19.447186,22.33537
34.0,26.290915,19.183372,19.472937,22.410795
34.5,26.328255,19.199743,19.498676,22.486124
35.0,26.365566,19.216106,19.524405,22.561363
35.5,26.402845,19.23246,19.550114,22.636496
36.0,26.440084,19.2488,19.5758,22.711512
36.5,26.477285,19.265123,19.601467,22.78642
37.0,26.514456,19.281431,19.627117,22.861223
37.5,26.551569,19.29771,19.652727,22.935877
38.0,26.588648,19.313969,19.678318,23.010431
38.5,26.625677,19.330202,19.703876,23.08485
39.0,26.662678,19.34642,19.72942,23.159178
39.5,26.699635,19.362617,19.754934,23.233383
40.0,26.736567,19.378809,19.780436,23.30749
40.5,26.773474,19.394993,19.805927,23.38151
41.0,26.810364,19.411175,19.831415,23.45546
41.5,26.847229,19.427353,19.856892,23.529322
42.0,26.88407,19.443527,19.882357,23.603098
42.5,26.920895,19.459702,19.907818,23.676798
43.0,26.957699,19.475878,19.933271,23.750416
43.5,26.994505,19.492064,19.958733,23.823994
44.0,27.031284,19.508244,19.98418,23.897474
44.5,27.068037,19.524414,20.009613,23.970858
45.0,27.10476,19.540579,20.035032,24.044147
45.5,27.14146,19.55674,20.060444,24.117355
46.0,27.178144,19.5729,20.085854,24.19049
46.5,27.214804,19.589052,20.111252,24.263535
47.0,27.251429,19.605192,20.136633,24.336473
47.5,27.288012,19.621313,20.16199,24.409294
48.0,27.324549,19.637411,20.18732,24.48199
48.5,27.361044,19.653488,20.212624,24.55457
49.0,27.397505,19.66955,20.23791,24.627045
49.5,27.433924,19.685589,20.263166,24.699402
50.0,27.470303,19.701609,20.288399,24.771648
50.5,27.506628,19.717602,20.313593,24.84375
51.0,27.54293,19.733587,20.338778,24.91577
51.5,27.579212,19.749565,20.363953,24.987717
52.0,27.615469,19.76554,20.389116,25.059574
52.5,27.651712,19.781513,20.414276,25.131365
53.0,27.687927,19.797485,20.439425,25.203064
53.5,27.724133,19.81346,20.46457,25.274702
54.0,27.76031,19.829426,20.4897,25.346247
54.5,27.796469,19.845394,20.514826,25.417719
55.0,27.832613,19.861364,20.53995,25.489117
55.5,27.86873,19.877327,20.565058,25.560417
56.0,27.90482,19.893278,20.590155,25.631634
56.5,27.940884,19.909222,20.615238,25.702757
57.0,27.976915,19.92515,20.640305,25.773779
57.5,28.01294,19.941082,20.665379,25.844755
58.0,28.048939,19.957005,20.690443,25.915644
58.5,28.084892,19.97291,20.715479,25.986406
59.0,28.12082,19.988804,20.740503,26.05708
59.5,28.156698,20.004677,20.7655,26.127628
60.0,28.192541,20.020536,20.790472,26.19807
60.5,28.228348,20.03638,20.815426,26.268417
61.0,28.264114,20.052204,20.840355,26.338646
61.5,28.29984,20.068012,20.865255,26.408762
62.0,28.335535,20.083805,20.890137,26.478777
62.5,28.3712,20.099585,20.914999,26.548698
63.0,28.406837,20.115358,20.939846,26.618532
63.5,28.442442,20.13112,20.964676,26.688263
64.0,28.47802,20.146883,20.989492,26.757904
64.5,28.51359,20.162645,21.014305,26.827482
65.0,28.549143,20.17841,21.03912,26.897001
65.5,28.584675,20.194166,21.063921,26.966429
66.0,28.620184,20.209917,21.088715,27.035782
66.5,28.655672,20.225662,21.1135,27.105055
67.0,28.691122,20.241394,21.138266,27.174213
67.5,28.726555,20.257122,21.163025,27.243298
68.0,28.761953,20.272831,21.187765,27.312284
68.5,28.797335,20.28854,21.2125,27.381199
69.0,28.832685,20.304241,21.237219,27.450012
69.5,28.86802,20.319935,21.261934,27.518764
70.0,28.903336,20.33563,21.286648,27.587444
70.5,28.938627,20.351318,21.31135,27.65604
71.0,28.973886,20.366999,21.336033,27.724535
71.5,29.009108,20.382664,21.360691,27.79292
72.0,29.044289,20.398314,21.385324,27.861193
72.5,29.079426,20.41394,21.40993,27.92935
73.0,29.114532,20.429558,21.434517,27.99742
73.5,29.149605,20.44516,21.459084,28.06539
74.0,29.184643,20.460745,21.48363,28.13326
74.5,29.219648,20.476318,21.508156,28.201035
75.0,29.254633,20.491884,21.532675,28.268734
75.5,29.28958,20.507437,21.55717,28.336323
76.0,29.3245,20.522982,21.581656,28.403828
76.5,29.359404,20.538525,21.606136,28.471262
77.0,29.394276,20.554054,21.630596,28.538593
77.5,29.429134,20.56958,21.655058,28.605865
78.0,29.463964,20.585096,21.679502,28.673046
78.5,29.498777,20.600607,21.703943,28.740158
79.0,29.533566,20.616112,21.728376,28.807196
79.5,29.568327,20.631609,21.752794,28.874134
80.0,29.603079,20.647112,21.777212,28.941023
80.5,29.63782,20.662619,21.801624,29.007843
81.0,29.672539,20.678127,21.826027,29.074577
81.5,29.707235,20.693626,21.850422,29.14124
82.0,29.741898,20.709118,21.8748,29.207802
82.5,29.77653,20.724598,21.89916,29.27427
83.0,29.811123,20.740065,21.923498,29.340637
83.5,29.845676,20.755516,21.94781,29.406887
84.0,29.88018,20.770943,21.97209,29.473015
84.5,29.914654,20.786358,21.996351,29.53906
85.0,29.949097,20.801758,22.020597,29.605019
85.5,29.983515,20.817148,22.044832,29.670902
86.0,30.017912,20.832527,22.069057,29.73672
86.5,30.05226,20.847883,22.09325,29.8024
87.0,30.086576,20.863224,22.117426,29.867983
87.5,30.120865,20.878553,22.14159,29.933483
88.0,30.15513,20.893877,22.165747,29.99891
88.5,30.189362,20.909184,22.189884,30.064232
89.0,30.223581,20.924492,22.214018,30.129492
89.5,30.25777,20.93979,22.238136,30.19466
90.0,30.291933,20.955082,22.262243,30.259743
90.5,30.32607,20.970364,22.286337,30.324741
91.0,30.360186,20.985643,22.310421,30.389664
91.5,30.394299,21.000927,22.33451,30.454546
92.0,30.42838,21.016203,22.358585,30.519331
92.5,30.46245,21.031483,22.382658,30.584064
93.0,30.496498,21.046759,22.406723,30.648726
93.5,30.530525,21.06203,22.430779,30.71331
94.0,30.564503,21.07729,22.454805,30.777771
94.5,30.59846,21.09254,22.478819,30.842152
95.0,30.632383,21.107784,22.502817,30.906448
95.5,30.666267,21.123005,22.526789,30.970636
96.0,30.70012,21.138208,22.550741,31.034735
96.5,30.733923,21.153385,22.57466,31.09871
97.0,30.767683,21.16854,22.598553,31.162565
97.5,30.801414,21.183678,22.62243,31.226343
98.0,30.83512,21.198801,22.646294,31.290037
98.5,30.868774,21.213903,22.670128,31.353601
99.0,30.902407,21.228998,22.69395,31.417093
99.5,30.936028,21.244091,22.717773,31.480534
100.0,30.969614,21.259176,22.74158,31.543869
100.5,31.0032,21.27427,22.765388,31.607168
101.0,31.036768,21.289356,22.789192,31.670397
101.5,31.070312,21.30444,22.812984,31.73355
102.0,31.103844,21.319527,22.836773,31.79664
102.5,31.137356,21.33461,22.860552,31.859661
103.0,31.170841,21.349691,22.884321,31.9226
103.5,31.204323,21.364777,22.908092,31.98549
104.0,31.237782,21.379862,22.931854,32.048313
104.5,31.271223,21.394945,22.95561,32.111065
105.0,31.304651,21.410032,22.979368,32.173775
105.5,31.338047,21.425104,23.003107,32.23639
106.0,31.371412,21.440165,23.02683,32.298912
106.5,31.404728,21.4552,23.050522,32.36131
107.0,31.438002,21.47021,23.074188,32.423603
107.5,31.471222,21.48519,23.097818,32.485764
108.0,31.504398,21.500147,23.121418,32.547806
108.5,31.537548,21.515089,23.145004,32.609776
109.0,31.570652,21.530012,23.16856,32.671627
109.5,31.603727,21.54492,23.192102,32.73339
110.0,31.636778,21.559818,23.215631,32.795082
110.5,31.669792,21.574703,23.239141,32.85667
111.0,31.702793,21.589588,23.262646,32.918198
111.5,31.735785,21.604477,23.28615,32.979675
112.0,31.768751,21.619364,23.309645,33.041077
112.5,31.801718,21.634258,23.333147,33.10244
113.0,31.834675,21.649153,23.356647,33.163754
113.5,31.867609,21.66405,23.380136,33.22499
114.0,31.900518,21.67894,23.403614,33.28615
114.5,31.933414,21.69383,23.427086,33.34725
115.0,31.966284,21.708717,23.450548,33.40827
115.5,31.999159,21.723614,23.474022,33.469273
116.0,32.032005,21.738503,23.497482,33.53019
116.5,32.06481,21.753372,23.520922,33.591003
117.0,32.09759,21.768229,23.544344,33.65173
117.5,32.13033,21.783064,23.567745,33.712353
118.0,32.163025,21.797882,23.59112,33.77287
118.5,32.195683,21.812681,23.614475,33.833286
119.0,32.228302,21.827457,23.637804,33.893604
119.5,32.26088,21.84221,23.661106,33.953815
120.0,32.29341,21.856941,23.684376,34.013905
120.5,32.325928,21.871664,23.707636,34.073936
121.0,32.35842,21.886387,23.730894,34.13391
121.5,32.39089,21.901098,23.754131,34.193794
122.0,32.42334,21.915808,23.777365,34.253616
122.5,32.455765,21.930513,23.800585,34.313362
123.0,32.488167,21.945217,23.823795,34.37304
123.5,32.52056,21.959923,23.847004,34.432663
124.0,32.552933,21.97463,23.870205,34.49221
124.5,32.5853,21.989344,23.893408,34.551712
125.0,32.61765,22.004051,23.9166,34.611145
125.5,32.64996,22.018745,23.93977,34.670475
126.0,32.682247,22.033432,23.962929,34.729733
126.5,32.714527,22.048119,23.986092,34.78895
127.0,32.74678,22.062796,24.009247,34.848095
127.5,32.779007,22.077461,24.032387,34.90715
128.0,32.811195,22.09211,24.05551,34.96611
128.5,32.84334,22.106739,24.078606,35.024963
129.0,32.87545,22.121347,24.10168,35.08372
129.5,32.90752,22.135939,24.124733,35.142372
130.0,32.939552,22.150515,24.14776,35.200924
130.5,32.97158,22.16509,24.17079,35.259438
131.0,33.00356,22.17965,24.193785,35.317837
131.5,33.035503,22.194191,24.216755,35.376137
132.0,33.067432,22.208729,24.239714,35.434376
132.5,33.099346,22.223272,24.262663,35.49254
133.0,33.131252,22.237823,24.285608,35.550655
133.5,33.163116,22.25236,24.308529,35.608665
134.0,33.19497,22.266893,24.331453,35.666637
134.5,33.226795,22.281418,24.354366,35.72454
135.0,33.258595,22.295933,24.377268,35.78236
135.5,33.290363,22.310436,24.400152,35.840096
136.0,33.32212,22.32494,24.423038,35.897785
136.5,33.353855,22.339436,24.445913,35.9554
137.0,33.385574,22.353926,24.468784,36.012955
137.5,33.41726,22.368397,24.491634,36.07042
138.0,33.448895,22.382845,24.51446,36.127766
138.5,33.480515,22.397287,24.537281,36.185055
139.0,33.512123,22.411732,24.560097,36.24228
139.5,33.5437,22.426172,24.582901,36.299427
140.0,33.57526,22.440603,24.605694,36.356503
140.5,33.60679,22.455027,24.628471,36.4135
141.0,33.638294,22.469446,24.651232,36.47042
141.5,33.669765,22.48385,24.67397,36.527245
142.0,33.701206,22.498241,24.696693,36.58399
142.5,33.7326,22.512613,24.719387,36.64063
143.0,33.763973,22.526972,24.74207,36.697205
143.5,33.79532,22.541319,24.764734,36.753704
144.0,33.82663,22.555653,24.787384,36.810127
144.5,33.85791,22.569975,24.810017,36.866463
145.0,33.889175,22.584295,24.832642,36.922733
145.5,33.92042,22.598612,24.855263,36.97895
146.0,33.951637,22.612917,24.877865,37.03508
146.5,33.98283,22.627214,24.900457,37.09114
147.0,34.014008,22.641506,24.923046,37.14714
147.5,34.045155,22.655783,24.94562,37.20306
148.0,34.076275,22.670048,24.968184,37.2589
148.5,34.107365,22.684303,24.99073,37.31465
149.0,34.138428,22.698544,25.01326,37.37032
149.5,34.169476,22.71278,25.03578,37.42592
150.0,34.200512,22.727024,25.058302,37.48148
150.5,34.23154,22.741274,25.080818,37.53698
151.0,34.26256,22.755533,25.103334,37.592426
151.5,34.29358,22.769808,25.125843,37.647816
152.0,34.324593,22.78409,25.148355,37.703175
152.5,34.35559,22.79838,25.17085,37.758453
153.0,34.38659,22.812685,25.193346,37.813698
153.5,34.417557,22.82698,25.215816,37.868847
154.0,34.448494,22.84126,25.238266,37.923904
154.5,34.479378,22.85551,25.26069,37.978863
155.0,34.51022,22.869734,25.283092,38.033737
155.5,34.54102,22.88393,25.305473,38.08852
156.0,34.571777,22.898102,25.327835,38.14322
156.5,34.60248,22.912245,25.350168,38.197807
157.0,34.633152,22.92637,25.37249,38.25231
157.5,34.66378,22.940474,25.394789,38.306713
158.0,34.694386,22.954561,25.417078,38.361046
158.5,34.72496,22.96863,25.439352,38.4153
159.0,34.755497,22.982683,25.461601,38.469448
159.5,34.78603,22.996735,25.483858,38.52357
160.0,34.816547,23.010792,25.50611,38.577633
160.5,34.847076,23.024866,25.528368,38.631668
161.0,34.877567,23.038929,25.55061,38.685627
161.5,34.908043,23.052992,25.572842,38.739517
162.0,34.938522,23.06707,25.595087,38.793392
162.5,34.969017,23.081175,25.617334,38.847237
163.0,34.99951,23.0953,25.639578,38.901024
163.5,35.03,23.109438,25.66182,38.95477
164.0,35.06045,23.12356,25.684038,39.008415
164.5,35.09089,23.137688,25.706244,39.062
165.0,35.1213,23.151802,25.728422,39.115482
165.5,35.151688,23.165916,25.750586,39.168896
166.0,35.18205,23.18002,25.772732,39.222233
166.5,35.212383,23.194105,25.79486,39.275486
167.0,35.242683,23.20818,25.816965,39.328644
167.5,35.272957,23.222244,25.839052,39.381714
168.0,35.303196,23.236292,25.86112,39.4347
168.5,35.33343,23.25034,25.883188,39.48764
169.0,35.363636,23.264383,25.90524,39.54049
169.5,35.393833,23.278429,25.927288,39.593296
170.0,35.424023,23.292477,25.949335,39.646053
170.5,35.454197,23.306528,25.971376,39.698757
171.0,35.484352,23.320574,25.993406,39.751392
171.5,35.514484,23.334616,26.015425,39.803963
172.0,35.544613,23.34867,26.037449,39.8565
172.5,35.57473,23.362724,26.05947,39.908985
173.0,35.60483,23.37678,26.081488,39.961426
173.5,35.634914,23.390827,26.1035,40.01381
174.0,35.66496,23.404861,26.125496,40.066113
174.5,35.69497,23.418869,26.147478,40.118343
175.0,35.724945,23.432867,26.169443,40.170486
175.5,35.75489,23.446856,26.19139,40.222546
176.0,35.784817,23.460836,26.213324,40.274548
176.5,35.814713,23.474802,26.23524,40.326477
177.0,35.84456,23.488743,26.257124,40.37829
177.5,35.87437,23.50266,26.278984,40.430008
178.0,35.904137,23.516556,26.300817,40.481625
178.5,35.933857,23.530424,26.322628,40.533146
179.0,35.963543,23.544268,26.344416,40.584576
179.5,35.9932,23.558096,26.366182,40.635918
180.0,36.02282,23.571915,26.387936,40.687183
180.5,36.0524,23.585707,26.40967,40.738365
181.0,36.081963,23.599495,26.431408,40.789505
181.5,36.111515,23.613285,26.45314,40.8406
182.0,36.14105,23.627075,26.474861,40.89162
182.5,36.1706,23.64089,26.496597,40.942646
183.0,36.200134,23.654703,26.518324,40.993603
183.5,36.22962,23.66849,26.540031,41.04448
184.0,36.259064,23.682243,26.561728,41.095287
184.5,36.288486,23.695988,26.583427,41.146057
185.0,36.3179,23.709743,26.605114,41.196762
185.5,36.34731,23.723503,26.626795,41.24741
186.0,36.376686,23.737257,26.648462,41.29798
186.5,36.406033,23.750996,26.670107,41.348465
187.0,36.435352,23.764723,26.69174,41.398872
187.5,36.464615,23.778412,26.713348,41.449184
188.0,36.493828,23.792063,26.734936,41.49942
188.5,36.52298,23.805672,26.756487,41.549534
189.0,36.552097,23.81926,26.778015,41.599567
189.5,36.58118,23.832834,26.799511,41.649487
190.0,36.61023,23.846392,26.820997,41.699337
190.5,36.639236,23.859924,26.842463,41.74911
191.0,36.66821,23.873438,26.863913,41.7988
191.5,36.697155,23.886944,26.885351,41.848434
192.0,36.726086,23.900448,26.906788,41.898026
192.5,36.755,23.913946,26.928219,41.94756
193.0,36.783905,23.927448,26.94965,41.997055
193.5,36.812786,23.940945,26.97107,42.046486
194.0,36.841652,23.954437,26.992485,42.09587
194.5,36.8705,23.967926,27.013891,42.14519
195.0,36.89931,23.981401,27.035275,42.194424
195.5,36.928116,23.994879,27.056664,42.24362
196.0,36.9569,24.008352,27.07804,42.292747
196.5,36.985664,24.021822,27.09941,42.34182
197.0,37.01441,24.035282,27.12077,42.39083
197.5,37.04313,24.048735,27.14212,42.439777
198.0,37.07181,24.062168,27.163448,42.488632
198.5,37.100468,24.075586,27.184763,42.537422
199.0,37.129093,24.088991,27.206062,42.586136
199.5,37.157673,24.102375,27.227327,42.634735
200.0,37.186234,24.115753,27.248573,42.68326
200.5,37.214752,24.129112,27.269796,42.7317
201.0,37.24325,24.14246,27.291002,42.780075
201.5,37.27173,24.155804,27.312204,42.828403
202.0,37.30021,24.169157,27.333412,42.87671
202.5,37.328644,24.182493,27.354591,42.924915
203.0,37.35707,24.195827,27.375772,42.97308
203.5,37.38549,24.20917,27.396948,43.021194
204.0,37.4139,24.222513,27.418116,43.06926
204.5,37.44229,24.235859,27.439278,43.117275
205.0,37.470673,24.249207,27.460438,43.165237
205.5,37.49904,24.262558,27.481588,43.213142
206.0,37.52738,24.2759,27.502724,43.260975
206.5,37.55571,24.289244,27.523848,43.30873
207.0,37.584026,24.302591,27.54497,43.356445
207.5,37.612328,24.315933,27.566082,43.404095
208.0,37.640602,24.329264,27.58718,43.45167
208.5,37.668858,24.34259,27.608269,43.499195
209.0,37.697098,24.35591,27.62936,43.54668
209.5,37.725285,24.369196,27.650421,43.59406
210.0,37.75342,24.38245,27.67146,43.641354
210.5,37.781517,24.39568,27.692482,43.688576
211.0,37.80958,24.408895,27.713484,43.735725
211.5,37.837593,24.422083,27.734455,43.78277
212.0,37.86557,24.43525,27.7554,43.829723
212.5,37.893517,24.4484,27.77633,43.87661
213.0,37.921432,24.461538,27.797243,43.923424
213.5,37.94931,24.47466,27.81813,43.97015
214.0,37.977184,24.48779,27.839024,44.016846
214.5,38.00504,24.50091,27.859901,44.063477
215.0,38.03287,24.514025,27.880775,44.110054
215.5,38.0607,24.527143,27.901653,44.1566
216.0,38.0885,24.540253,27.922514,44.203083
216.5,38.116283,24.553356,27.943369,44.249508
217.0,38.14405,24.566456,27.964216,44.295876
217.5,38.171787,24.57954,27.985052,44.34217
218.0,38.199505,24.592617,28.005877,44.38841
218.5,38.227196,24.605682,28.026686,44.43457
219.0,38.25487,24.618744,28.047497,44.480698
219.5,38.282516,24.63179,28.068287,44.526733
220.0,38.310154,24.644842,28.089077,44.572735
220.5,38.33777,24.657888,28.109858,44.618675
221.0,38.365353,24.670925,28.130621,44.66454
221.5,38.39291,24.683952,28.15137,44.710342
222.0,38.420433,24.696966,28.172094,44.756065
222.5,38.44792,24.709965,28.1928,44.80171
223.0,38.47539,24.722954,28.213491,44.847294
223.5,38.50282,24.735924,28.234154,44.89278
224.0,38.530216,24.74888,28.254799,44.93819
224.5,38.5576,24.76183,28.275436,44.98356
225.0,38.584953,24.774767,28.296059,45.028862
225.5,38.61228,24.787697,28.316671,45.0741
226.0,38.639606,24.80063,28.337284,45.11931
226.5,38.666916,24.81356,28.357897,45.16448
227.0,38.69421,24.826483,28.378498,45.209587
227.5,38.721474,24.839394,28.399082,45.25462
228.0,38.748722,24.852299,28.419664,45.299606
228.5,38.775944,24.86519,28.440231,45.344524
229.0,38.80315,24.87808,28.460793,45.389385
229.5,38.830334,24.89096,28.48134,45.43418
230.0,38.85749,24.903833,28.501875,45.47891
230.5,38.884647,24.916714,28.522417,45.523624
231.0,38.911797,24.929596,28.542953,45.568295
231.5,38.938923,24.942476,28.563482,45.612904
232.0,38.966045,24.955364,28.584015,45.657494
232.5,38.99312,24.968231,28.604513,45.70196
233.0,39.020164,24.981087,28.625,45.74638
233.5,39.047176,24.993923,28.645462,45.790707
234.0,39.074158,25.00675,28.665907,45.83497
234.5,39.101105,25.019556,28.686327,45.879147
235.0,39.128025,25.032352,28.70673,45.923252
235.5,39.15492,25.045135,28.727114,45.967285
236.0,39.181778,25.057905,28.747478,46.011246
236.5,39.208622,25.070667,28.76784,46.05516
237.0,39.235447,25.08342,28.78819,46.099026
237.5,39.26224,25.096157,28.808529,46.142815
238.0,39.28901,25.108883,28.828854,46.18654
238.5,39.315758,25.1216,28.849169,46.2302
239.0,39.34248,25.134308,28.869469,46.273796
239.5,39.369183,25.147009,28.889757,46.317326
240.0,39.39586,25.159702,28.910032,46.36079
240.5,39.42253,25.172403,28.93031,46.40423
241.0,39.449215,25.185123,28.95059,46.44764
241.5,39.475883,25.197845,28.970861,46.49099
242.0,39.50256,25.210587,28.991142,46.534336
242.5,39.52924,25.223341,29.011425,46.577656
243.0,39.55594,25.236126,29.031715,46.62095
243.5,39.582626,25.248924,29.051992,46.66419
244.0,39.609303,25.26173,29.072264,46.70738
244.5,39.635967,25.274532,29.092524,46.75051
245.0,39.66261,25.287327,29.112768,46.79359
245.5,39.689213,25.300104,29.13299,46.836575
246.0,39.715775,25.312853,29.15318,46.87947
246.5,39.742287,25.325567,29.173351,46.92229
247.0,39.768757,25.338253,29.193502,46.965034
247.5,39.795177,25.350908,29.213623,47.00767
248.0,39.82157,25.363544,29.233732,47.05025
248.5,39.847927,25.376165,29.253813,47.092735
249.0,39.874302,25.38881,29.273907,47.135212
249.5,39.900665,25.401464,29.293987,47.177624
250.0,39.927025,25.414127,29.314074,47.22001
250.5,39.953377,25.426786,29.334154,47.26235
251.0,39.9797,25.439432,29.354229,47.30465
251.5,40.00599,25.452065,29.374283,47.34687
252.0,40.032257,25.464684,29.394331,47.389038
252.5,40.058495,25.477291,29.414373,47.431164
253.0,40.084724,25.489899,29.434416,47.47326
253.5,40.11097,25.502533,29.454466,47.51534
254.0,40.137196,25.51517,29.4745,47.557346
254.5,40.163425,25.52782,29.494534,47.599323
255.0,40.189636,25.54047,29.514557,47.64124
255.5,40.215828,25.55312,29.534567,47.68309
256.0,40.242,25.565763,29.55457,47.7249
256.5,40.268143,25.578394,29.574553,47.766632
257.0,40.294262,25.59101,29.59452,47.808308
257.5,40.32032,25.603586,29.614445,47.849854
258.0,40.34635,25.616152,29.634354,47.89134
258.5,40.37235,25.628695,29.654238,47.93273
259.0,40.398335,25.641235,29.674118,47.974094
259.5,40.4243,25.653767,29.69399,48.015408
260.0,40.45023,25.66628,29.713842,48.056637
260.5,40.476124,25.678782,29.733673,48.097786
261.0,40.50201,25.691286,29.7535,48.138897
261.5,40.527897,25.7038,29.773335,48.17999
262.0,40.553776,25.716316,29.793161,48.22104
262.5,40.579628,25.72883,29.812977,48.262024
263.0,40.605484,25.74135,29.832796,48.30299
263.5,40.631325,25.75387,29.852612,48.343918
264.0,40.657154,25.766388,29.872423,48.384808
264.5,40.682972,25.778908,29.892237,48.425667
265.0,40.708786,25.791431,29.912054,48.4665
265.5,40.734604,25.803963,29.931879,48.507328
266.0,40.76039,25.816484,29.951685,48.548073
266.5,40.786148,25.828997,29.971468,48.588734
267.0,40.811867,25.841486,29.991234,48.62932
267.5,40.837536,25.85395,30.010965,48.669792
268.0,40.86319,25.866404,30.030695,48.71023
268.5,40.888794,25.878826,30.05039,48.750576
269.0,40.914356,25.891224,30.07006,48.79083
269.5,40.939884,25.9036,30.0897,48.830994
270.0,40.965378,25.915962,30.109322,48.871086
270.5,40.99085,25.928312,30.128933,48.91113
271.0,41.016308,25.94066,30.148539,48.95113
271.5,41.04174,25.952997,30.168135,48.991085
272.0,41.06715,25.96533,30.18772,49.03098
272.5,41.092537,25.977654,30.207294,49.070824
273.0,41.11791,25.989971,30.226868,49.11063
273.5,41.143265,26.002285,30.246443,49.150406
274.0,41.16861,26.014597,30.26601,49.19014
274.5,41.19394,26.026907,30.285572,49.229828
275.0,41.21926,26.039223,30.305132,49.269485
275.5,41.244537,26.051506,30.32467,49.30906
276.0,41.269787,26.063772,30.344206,49.348595
276.5,41.295013,26.076036,30.36373,49.388065
277.0,41.32024,26.088303,30.383259,49.42752
277.5,41.34544,26.100555,30.402771,49.466904
278.0,41.370594,26.112778,30.422264,49.506214
278.5,41.395725,26.124987,30.441746,49.545464
279.0,41.420795,26.137157,30.461193,49.5846
279.5,41.445827,26.14931,30.480618,49.623665
280.0,41.47083,26.161444,30.50002,49.66265
280.5,41.49581,26.173576,30.519405,49.70158
281.0,41.520763,26.185692,30.53877,49.74044
281.5,41.54567,26.197779,30.55811,49.779217
282.0,41.570534,26.209846,30.577421,49.817898
282.5,41.59537,26.221899,30.596727,49.85655
283.0,41.62018,26.233936,30.61602,49.895134
283.5,41.644962,26.24596,30.635305,49.933678
284.0,41.669724,26.25798,30.654585,49.972176
284.5,41.69446,26.269987,30.673855,50.01062
285.0,41.719185,26.281988,30.69312,50.049026
285.5,41.743885,26.293983,30.712378,50.08738
286.0,41.768578,26.305977,30.731634,50.1257
286.5,41.79325,26.31796,30.75088,50.16398
287.0,41.8179,26.32993,30.770117,50.202198
287.5,41.842518,26.341883,30.789333,50.240337
288.0,41.86711,26.353825,30.808538,50.27842
288.5,41.891678,26.365757,30.827728,50.31643
289.0,41.916237,26.37769,30.84692,50.35441
289.5,41.940823,26.389662,30.866116,50.392372
290.0,41.965397,26.401642,30.885294,50.430267
290.5,41.98999,26.413649,30.90448,50.46816
291.0,42.014576,26.425663,30.923656,50.506
291.5,42.039154,26.437685,30.942825,50.543816
292.0,42.06372,26.44971,30.961985,50.58158
292.5,42.088257,26.461718,30.981117,50.61927
293.0,42.11278,26.47373,31.000248,50.656925
293.5,42.13729,26.485739,31.019365,50.69453
294.0,42.16178,26.497742,31.03847,50.732082
294.5,42.186253,26.509745,31.057566,50.769585
295.0,42.210705,26.52174,31.076654,50.80704
295.5,42.23515,26.533737,31.095737,50.844456
296.0,42.25958,26.545736,31.114813,50.88182
296.5,42.283993,26.557732,31.133884,50.91915
297.0,42.308372,26.569712,31.152927,50.95638
297.5,42.33274,26.58169,31.171972,50.993572
298.0,42.357082,26.593653,31.190994,51.03069
298.5,42.381416,26.60561,31.210018,51.06778
299.0,42.40572,26.617554,31.22903,51.10482
299.5,42.43001,26.629492,31.24804,51.141815
300.0,42.45429,26.641428,31.26704,51.178772
300.5,42.478535,26.653355,31.286032,51.215668
301.0,42.50277,26.665283,31.305016,51.252525
301.5,42.52699,26.677206,31.323994,51.28935
302.0,42.55119,26.689127,31.34296,51.32612
302.5,42.57535,26.70103,31.361898,51.36281
303.0,42.59949,26.712927,31.380827,51.399445
303.5,42.6236,26.72481,31.399733,51.436012
304.0,42.647675,26.736671,31.418615,51.472507
304.5,42.671722,26.748518,31.437483,51.508945
305.0,42.695747,26.760355,31.456337,51.545326
305.5,42.719727,26.772175,31.475163,51.58162
306.0,42.743706,26.783997,31.493992,51.617897
306.5,42.767635,26.795786,31.5128,51.654095
307.0,42.79153,26.80755,31.531599,51.69024
307.5,42.815376,26.819273,31.550377,51.726307
308.0,42.83918,26.830975,31.569132,51.762287
308.5,42.862988,26.84268,31.587887,51.798237
309.0,42.886776,26.854383,31.60663,51.834126
309.5,42.91056,26.866093,31.625376,51.869995
310.0,42.934315,26.877779,31.644112,51.905815
310.5,42.95804,26.889452,31.662834,51.941578
311.0,42.98175,26.90112,31.681553,51.977306
311.5,43.00547,26.912811,31.700274,52.013016
312.0,43.029182,26.92451,31.718996,52.048702
312.5,43.052895,26.936218,31.73772,52.08437
313.0,43.076603,26.947937,31.756443,52.120007
313.5,43.1003,26.959654,31.775152,52.155598
314.0,43.123974,26.971367,31.79385,52.19114
314.5,43.147625,26.98307,31.812525,52.226604
315.0,43.171253,26.994768,31.831186,52.262028
315.5,43.19486,27.006453,31.849834,52.29739
316.0,43.218433,27.018122,31.868462,52.332687
316.5,43.24199,27.029774,31.887081,52.367943
317.0,43.26551,27.041409,31.905678,52.403114
317.5,43.288986,27.053019,31.924244,52.438194
318.0,43.312454,27.06463,31.942812,52.473248
318.5,43.335907,27.076235,31.961372,52.50825
319.0,43.359337,27.087828,31.97992,52.543194
319.5,43.382748,27.099415,31.998459,52.57809
320.0,43.406143,27.110996,32.016987,52.612938
320.5,43.42952,27.122578,32.035507,52.647736
321.0,43.452896,27.134165,32.054028,52.682514
321.5,43.47626,27.145758,32.07255,52.717262
322.0,43.499638,27.157364,32.09108,52.752007
322.5,43.523014,27.168983,32.109608,52.78674
323.0,43.5464,27.180618,32.128147,52.821457
323.5,43.569763,27.192255,32.14667,52.85613
324.0,43.5931,27.203884,32.16518,52.89073
324.5,43.616432,27.215519,32.183685,52.92531
325.0,43.639725,27.227137,32.202168,52.9598
325.5,43.663006,27.238747,32.220642,52.99427
326.0,43.686256,27.250343,32.239098,53.02866
326.5,43.70946,27.261919,32.25752,53.062958
327.0,43.732643,27.27348,32.275917,53.097183
327.5,43.7558,27.28502,32.294296,53.13134
328.0,43.778923,27.296553,32.31266,53.165436
328.5,43.802017,27.308065,32.331005,53.19945
329.0,43.82508,27.31956,32.34933,53.233402
329.5,43.84814,27.33105,32.36766,53.26734
330.0,43.87117,27.342531,32.38598,53.30122
330.5,43.894203,27.354017,32.404305,53.335094
331.0,43.917213,27.36549,32.422626,53.36894
331.5,43.940216,27.376965,32.44095,53.40277
332.0,43.963196,27.38843,32.459263,53.436554
332.5,43.986153,27.399885,32.477566,53.47029
333.0,44.00908,27.411324,32.49586,53.50397
333.5,44.03198,27.422752,32.514145,53.537605
334.0,44.054867,27.434181,32.532425,53.571213
334.5,44.077747,27.445614,32.550705,53.604794
335.0,44.10061,27.45704,32.568977,53.63833
335.5,44.123455,27.468464,32.58724,53.671818
336.0,44.146255,27.479862,32.60547,53.705208
336.5,44.16904,27.491257,32.6237,53.738575
337.0,44.191776,27.502615,32.641895,53.771847
337.5,44.214474,27.513945,32.66007,53.805042
338.0,44.237133,27.525251,32.678215,53.83815
338.5,44.259754,27.53653,32.696335,53.871185
339.0,44.28234,27.547789,32.71443,53.904144
339.5,44.30492,27.559052,32.73253,53.937077
340.0,44.327446,27.570284,32.75059,53.96991
340.5,44.34997,27.581518,32.768658,54.002728
341.0,44.372475,27.592749,32.786713,54.035492
341.5,44.394978,27.603985,32.80477,54.068245
342.0,44.41748,27.615229,32.822838,54.10099
342.5,44.43999,27.626492,32.840916,54.133743
343.0,44.4625,27.637762,32.858994,54.166466
343.5,44.48502,27.649048,32.877075,54.199196
344.0,44.507523,27.660334,32.89515,54.23187
344.5,44.530018,27.671623,32.91321,54.264503
345.0,44.55253,27.682936,32.931293,54.297153
345.5,44.57503,27.694252,32.94937,54.329777
346.0,44.597515,27.705559,32.967438,54.362343
346.5,44.619976,27.716858,32.985497,54.394867
347.0,44.642387,27.728128,33.003525,54.427296
347.5,44.66476,27.739372,33.021526,54.459637
348.0,44.687096,27.750593,33.0395,54.491894
348.5,44.709396,27.761793,33.057457,54.524086
349.0,44.73165,27.772963,33.07538,54.556187
349.5,44.753864,27.78411,33.093277,54.5882
350.0,44.776054,27.795242,33.111156,54.62016
350.5,44.798218,27.80636,33.129017,54.652054
351.0,44.820374,27.817478,33.146885,54.68394
351.5,44.84251,27.828588,33.16474,54.715782
352.0,44.86463,27.839699,33.1826,54.7476
352.5,44.88676,27.850824,33.200462,54.779423
353.0,44.908875,27.86195,33.218307,54.81119
353.5,44.931,27.87309,33.23617,54.842968
354.0,44.9531,27.884228,33.25402,54.874683
354.5,44.9752,27.895372,33.271873,54.90639
355.0,44.997303,27.906523,33.289734,54.938095
355.5,45.01939,27.917667,33.307587,54.969757
356.0,45.04146,27.928808,33.32542,55.00136
356.5,45.063507,27.93994,33.343254,55.03292
357.0,45.085514,27.951046,33.36106,55.064392
357.5,45.107506,27.962149,33.378864,55.095833
358.0,45.12947,27.973234,33.396652,55.12722
358.5,45.151424,27.984316,33.414433,55.15856
359.0,45.17335,27.995386,33.43219,55.18983
359.5,45.195244,28.006443,33.449924,55.221027
360.0,45.21712,28.017494,33.467648,55.252182
360.5,45.23899,28.028547,33.485367,55.28331
361.0,45.260838,28.039593,33.503063,55.314373
361.5,45.282665,28.050629,33.52075,55.345398
362.0,45.30446,28.061653,33.538414,55.37635
362.5,45.326256,28.072685,33.556084,55.407303
363.0,45.348038,28.083717,33.573746,55.43822
363.5,45.36981,28.094753,33.5914,55.469097
364.0,45.391575,28.105795,33.609055,55.499954
364.5,45.41333,28.11684,33.626705,55.53077
365.0,45.43508,28.127888,33.644356,55.561565
365.5,45.45681,28.13893,33.661987,55.592304
366.0,45.478542,28.149977,33.679626,55.62303
366.5,45.50026,28.161022,33.69726,55.65373
367.0,45.521957,28.172052,33.714886,55.68437
367.5,45.543633,28.183073,33.7325,55.71497
368.0,45.56527,28.194067,33.75009,55.745495
368.5,45.58689,28.20505,33.767677,55.775978
369.0,45.608463,28.216003,33.78524,55.80638
369.5,45.630013,28.226942,33.802795,55.83674
370.0,45.651524,28.237867,33.820324,55.867016
370.5,45.67302,28.248783,33.837845,55.897255
371.0,45.69448,28.259686,33.855343,55.927433
371.5,45.71592,28.270575,33.872826,55.957558
372.0,45.73734,28.28146,33.890297,55.987637
372.5,45.75873,28.292334,33.90775,56.017673
373.0,45.780106,28.303204,33.92519,56.047665
373.5,45.80147,28.314075,33.94263,56.07764
374.0,45.82283,28.324947,33.960068,56.107594
374.5,45.844185,28.335825,33.9775,56.137512
375.0,45.86553,28.346706,33.994926,56.167393
375.5,45.88687,28.357592,34.01236,56.19726
376.0,45.9082,28.368473,34.029778,56.22709
376.5,45.9295,28.37934,34.047188,56.256855
377.0,45.950775,28.39019,34.064575,56.286556
377.5,45.97203,28.401031,34.081955,56.316208
378.0,45.99327,28.411871,34.099327,56.345825
378.5,46.014503,28.4227,34.1167,56.37542
379.0,46.03572,28.433529,34.13407,56.40499
379.5,46.056904,28.444338,34.151417,56.434475
380.0,46.078087,28.45515,34.16877,56.46395
380.5,46.099247,28.465956,34.18611,56.493385
381.0,46.12039,28.476759,34.20344,56.522774
381.5,46.14152,28.48756,34.22077,56.552135
382.0,46.16263,28.498354,34.238083,56.58145
382.5,46.18371,28.509136,34.255375,56.61071
383.0,46.204758,28.519905,34.27265,56.639915
383.5,46.22577,28.530651,34.289898,56.669044
384.0,46.24677,28.541395,34.307144,56.698162
384.5,46.26776,28.552134,34.324394,56.72726
385.0,46.28872,28.562855,34.34162,56.756298
385.5,46.309658,28.573572,34.358837,56.785297
386.0,46.330585,28.584286,34.37605,56.81426
386.5,46.351482,28.594982,34.39324,56.843155
387.0,46.372368,28.605673,34.410435,56.87203
387.5,46.393238,28.61635,34.42762,56.900852
388.0,46.414074,28.62701,34.444782,56.92961
388.5,46.434895,28.637663,34.46194,56.95833
389.0,46.4557,28.648308,34.479088,56.987007
389.5,46.47647,28.65893,34.496223,57.015633
390.0,46.49721,28.669537,34.513344,57.0442
390.5,46.517944,28.68014,34.530468,57.072758
391.0,46.538654,28.690735,34.54758,57.101273
391.5,46.559345,28.701326,34.56469,57.129745
392.0,46.58003,28.711922,34.58179,57.158203
392.5,46.600704,28.722519,34.598892,57.186634
393.0,46.621357,28.73311,34.615986,57.215034
393.5,46.642,28.743702,34.63307,57.2434
394.0,46.66261,28.754286,34.65013,57.27169
394.5,46.6832,28.764862,34.66717,57.299923
395.0,46.70377,28.775429,34.684196,57.328106
395.5,46.724327,28.785992,34.701206,57.35625
396.0,46.744865,28.796547,34.718212,57.38436
396.5,46.765366,28.807077,34.735195,57.41239
397.0,46.78582,28.817574,34.752144,57.440334
397.5,46.80624,28.828045,34.76908,57.468224
398.0,46.82662,28.838491,34.786,57.496037
398.5,46.846973,28.848919,34.802906,57.523804
399.0,46.867313,28.859339,34.819805,57.55154
399.5,46.887634,28.869751,34.836697,57.57923
400.0,46.90794,28.880156,34.853584,57.606895
400.5,46.928223,28.890547,34.87046,57.634514
401.0,46.9485,28.90094,34.88734,57.66213
401.5,46.96877,28.911335,34.904213,57.68971
402.0,46.989033,28.921738,34.92109,57.71727
402.5,47.00931,28.932163,34.937977,57.74485
403.0,47.029583,28.942596,34.954865,57.772404
403.5,47.04986,28.95304,34.971756,57.799957
404.0,47.07011,28.963476,34.98864,57.82748
404.5,47.09034,28.973907,35.005497,57.854927
405.0,47.110554,28.984335,35.02235,57.88235
405.5,47.13074,28.994745,35.039185,57.909714
406.0,47.150864,29.005116,35.055977,57.936966
406.5,47.17096,29.015467,35.072754,57.964165
407.0,47.19102,29.025787,35.0895,57.99129
407.5,47.211044,29.036083,35.10623,58.018345
408.0,47.231033,29.046362,35.12294,58.045326
408.5,47.251007,29.056633,35.139637,58.07227
409.0,47.270958,29.066887,35.15633,58.099174
409.5,47.2909,29.077143,35.17302,58.12606
410.0,47.310818,29.087389,35.189693,58.152885
410.5,47.330738,29.097641,35.206375,58.179707
411.0,47.350647,29.107893,35.22305,58.206497
411.5,47.370556,29.118153,35.23973,58.23329
412.0,47.390465,29.128418,35.256413,58.26007
412.5,47.41037,29.13869,35.273094,58.286846
413.0,47.43027,29.148972,35.28978,58.313595
413.5,47.450165,29.15926,35.306458,58.34031
414.0,47.470078,29.169569,35.323154,58.367054
414.5,47.48998,29.179876,35.339848,58.393776
415.0,47.509865,29.190186,35.356525,58.420444
415.5,47.52973,29.200485,35.373196,58.447083
416.0,47.549557,29.210754,35.389843,58.473648
416.5,47.56935,29.221004,35.406475,58.50016
417.0,47.589104,29.231224,35.42308,58.5266
417.5,47.60881,29.24141,35.439648,58.55294
418.0,47.62848,29.251566,35.456192,58.57921
418.5,47.64811,29.261705,35.472713,58.605408
419.0,47.6677,29.271816,35.489204,58.631516
419.5,47.687263,29.281918,35.50568,58.657562
420.0,47.70681,29.292011,35.52215,58.68358
420.5,47.726357,29.30211,35.538624,58.7096
421.0,47.745888,29.312206,35.55509,58.735584
421.5,47.765427,29.322308,35.571568,58.761585
422.0,47.78493,29.33239,35.58804,58.787544
422.5,47.804394,29.34245,35.604496,58.813457
423.0,47.823853,29.3525,35.620964,58.839386
423.5,47.843296,29.36255,35.63743,58.865284
424.0,47.862713,29.372585,35.65388,58.891148
424.5,47.882126,29.382622,35.670326,58.916973
425.0,47.90155,29.392687,35.68678,58.942795
425.5,47.920967,29.402763,35.703217,58.968563
426.0,47.940384,29.412846,35.719654,58.994305
426.5,47.959785,29.42292,35.736076,59.02
427.0,47.97915,29.432976,35.752472,59.04561
427.5,47.99849,29.443016,35.768856,59.07117
428.0,48.017788,29.453033,35.7852,59.096634
428.5,48.037067,29.463037,35.801533,59.122063
429.0,48.056316,29.473024,35.81785,59.14743
429.5,48.075546,29.482996,35.83415,59.17276
430.0,48.09474,29.492954,35.85043,59.19803
430.5,48.113945,29.502913,35.86672,59.223305
431.0,48.133118,29.512861,35.882988,59.24852
431.5,48.15228,29.522812,35.89925,59.2737
432.0,48.171444,29.532772,35.91552,59.298874
432.5,48.190605,29.542742,35.931786,59.32404
433.0,48.209763,29.55272,35.948055,59.34919
433.5,48.228916,29.5627,35.964325,59.374325
434.0,48.248074,29.57269,35.9806,59.39946
434.5,48.267212,29.582676,35.996864,59.42456
435.0,48.286358,29.592672,36.01314,59.449665
435.5,48.305492,29.602665,36.029415,59.474754
436.0,48.32462,29.612652,36.045685,59.499813
436.5,48.34372,29.622623,36.06194,59.524815
437.0,48.3628,29.632586,36.078186,59.549774
437.5,48.381847,29.642534,36.094406,59.574654
438.0,48.400867,29.65247,36.11061,59.599472
438.5,48.419853,29.662386,36.12679,59.624226
439.0,48.438816,29.672285,36.142956,59.648926
439.5,48.457745,29.68217,36.159092,59.67356
440.0,48.476646,29.692041,36.175205,59.698124
440.5,48.495537,29.701916,36.191307,59.72265
441.0,48.514423,29.711788,36.207405,59.747154
441.5,48.533306,29.721664,36.223503,59.771656
442.0,48.552177,29.731543,36.239597,59.79613
442.5,48.571056,29.741426,36.255695,59.82061
443.0,48.58992,29.751318,36.271786,59.845055
443.5,48.608795,29.761229,36.287888,59.86951
444.0,48.62767,29.771147,36.303993,59.89396
444.5,48.646534,29.781061,36.32009,59.918373
445.0,48.665394,29.790983,36.336185,59.942772
445.5,48.68425,29.800907,36.352287,59.96716
446.0,48.70309,29.810822,36.368378,59.99151
446.5,48.721924,29.820732,36.384468,60.01584
447.0,48.740738,29.830631,36.400547,60.040127
447.5,48.759537,29.84052,36.41662,60.064377
448.0,48.778294,29.850384,36.43267,60.08855
448.5,48.79704,29.86024,36.44872,60.112717
449.0,48.815754,29.87008,36.464752,60.136818
449.5,48.834442,29.87991,36.480774,60.160873
450.0,48.853092,29.889717,36.496765,60.184853
450.5,48.871716,29.899508,36.512737,60.20878
451.0,48.890297,29.909277,36.528687,60.232647
451.5,48.90885,29.91903,36.544617,60.256462
452.0,48.927387,29.92877,36.560535,60.28024
452.5,48.945908,29.938507,36.57645,60.303997
453.0,48.964405,29.948238,36.592354,60.32772
453.5,48.982906,29.957977,36.608257,60.351444
454.0,49.001404,29.967722,36.62416,60.37514
454.5,49.019917,29.977486,36.640076,60.398857
455.0,49.038437,29.987257,36.655994,60.42257
455.5,49.05694,29.99703,36.671906,60.44624
456.0,49.075436,30.006805,36.687813,60.46989
456.5,49.09392,30.016571,36.703712,60.4935
457.0,49.11238,30.026325,36.719593,60.517056
457.5,49.130817,30.036064,36.735462,60.540558
458.0,49.149235,30.045792,36.75132,60.56402
458.5,49.167625,30.055511,36.767162,60.587418
459.0,49.18601,30.065224,36.78301,60.610806
459.5,49.20438,30.074934,36.798843,60.63416
460.0,49.222736,30.084642,36.81467,60.657482
460.5,49.241085,30.094349,36.830498,60.68079
461.0,49.25942,30.104053,36.846317,60.704063
461.5,49.27774,30.11376,36.862125,60.72731
462.0,49.29603,30.123451,36.87791,60.750484
462.5,49.3143,30.13314,36.893684,60.773636
463.0,49.332554,30.142817,36.909443,60.79675
463.5,49.350784,30.152489,36.925186,60.819817
464.0,49.369003,30.162155,36.94092,60.842854
464.5,49.387215,30.171827,36.956657,60.865868
465.0,49.40542,30.181492,36.97238,60.88887
465.5,49.42358,30.19114,36.988087,60.911797
466.0,49.441727,30.200773,37.003784,60.934685
466.5,49.45985,30.210394,37.01947,60.957535
467.0,49.47794,30.219988,37.035145,60.98034
467.5,49.496002,30.229557,37.05081,61.0031
468.0,49.514034,30.239101,37.066467,61.02582
468.5,49.53204,30.24863,37.082115,61.0485
469.0,49.55002,30.25814,37.097744,61.071133
469.5,49.567974,30.267637,37.11336,61.093723
470.0,49.585903,30.277124,37.128967,61.116264
470.5,49.603832,30.286615,37.144573,61.138798
471.0,49.621754,30.296112,37.160183,61.161316
471.5,49.63968,30.305613,37.175797,61.183846
472.0,49.657578,30.315107,37.1914,61.20632
472.5,49.675457,30.324596,37.206985,61.228775
473.0,49.693314,30.334076,37.22256,61.251183
473.5,49.711155,30.34355,37.23813,61.273563
474.0,49.728973,30.353012,37.253677,61.295902
474.5,49.746758,30.362453,37.269203,61.318184
475.0,49.76453,30.37189,37.284725,61.34044
475.5,49.782276,30.381313,37.300232,61.362648
476.0,49.799988,30.390717,37.315716,61.384785
476.5,49.81769,30.400112,37.331192,61.4069
477.0,49.835373,30.409496,37.34666,61.428978
477.5,49.853035,30.418869,37.362118,61.45101
478.0,49.870693,30.42824,37.37758,61.47303
478.5,49.888344,30.437607,37.393036,61.49503
479.0,49.905975,30.446962,37.40848,61.516987
479.5,49.92357,30.45629,37.423916,61.5389
480.0,49.941143,30.4656,37.439354,61.560802
480.5,49.958668,30.474876,37.45476,61.58263
481.0,49.976154,30.48413,37.470154,61.604412
481.5,49.993626,30.493382,37.48554,61.626156
482.0,50.011105,30.502657,37.500927,61.6479
482.5,50.02861,30.511961,37.516327,61.66966
483.0,50.046127,30.521286,37.53174,61.69143
483.5,50.06364,30.530617,37.547134,61.713158
484.0,50.081135,30.539948,37.562515,61.734844
484.5,50.098618,30.549276,37.57789,61.756496
485.0,50.11608,30.558601,37.59325,61.77813
485.5,50.133514,30.567905,37.608585,61.799675
486.0,50.150925,30.577194,37.6239,61.821182
486.5,50.168304,30.58647,37.63919,61.84261
487.0,50.185673,30.595736,37.65447,61.864002
487.5,50.203014,30.604986,37.669735,61.885338
488.0,50.220333,30.614227,37.684986,61.906635
488.5,50.237633,30.623453,37.700226,61.927883
489.0,50.25493,30.63268,37.715473,61.94915
489.5,50.2722,30.641895,37.730705,61.97036
490.0,50.289463,30.651104,37.74594,61.99156
490.5,50.30672,30.660313,37.761177,62.012756
491.0,50.323975,30.669529,37.776413,62.03393
491.5,50.341232,30.678753,37.791653,62.05511
492.0,50.35848,30.687977,37.80689,62.07627
492.5,50.375725,30.697208,37.82213,62.09742
493.0,50.39298,30.706457,37.837376,62.118576
493.5,50.410236,30.715715,37.85262,62.13972
494.0,50.427498,30.72499,37.867867,62.160862
494.5,50.444748,30.734268,37.88311,62.181973
495.0,50.46199,30.743546,37.898342,62.20306
495.5,50.479202,30.752808,37.91356,62.22409
496.0,50.496387,30.762049,37.92875,62.245052
496.5,50.513546,30.771276,37.943924,62.265976
497.0,50.53069,30.78049,37.95909,62.286877
497.5,50.54778,30.789667,37.97422,62.307667
498.0,50.564827,30.798817,37.989323,62.328392
498.5,50.58183,30.80794,38.004402,62.34904
499.0,50.598804,30.817038,38.01946,62.369625
499.5,50.615757,30.826122,38.034504,62.39017
500.0,50.6327,30.835209,38.049553,62.410717
500.5,50.649635,30.844292,38.0646,62.431248
501.0,50.666546,30.853357,38.079643,62.45175
501.5,50.68345,30.862417,38.094692,62.47226
502.0,50.700344,30.87148,38.109734,62.492744
502.5,50.717236,30.88054,38.124786,62.513256
503.0,50.734104,30.889591,38.13984,62.533737
503.5,50.750946,30.898624,38.154877,62.55418
504.0,50.76775,30.907637,38.16989,62.57456
504.5,50.784546,30.916649,38.18491,62.594933
505.0,50.80135,30.925678,38.19992,62.61528
505.5,50.818157,30.934721,38.214935,62.635624
506.0,50.834972,30.943779,38.229954,62.65596
506.5,50.85176,30.952824,38.24495,62.67623
507.0,50.86854,30.961864,38.259933,62.69647
507.5,50.885307,30.970901,38.2749,62.716656
508.0,50.90205,30.979925,38.289845,62.73679
508.5,50.918777,30.988941,38.30477,62.756878
509.0,50.935493,30.997955,38.319702,62.776955
509.5,50.95219,31.00696,38.33461,62.796967
510.0,50.96886,31.015947,38.349506,62.816948
510.5,50.985516,31.024927,38.36439,62.8369
511.0,51.00215,31.033901,38.379272,62.856823
511.5,51.01879,31.042885,38.394157,62.876747
512.0,51.035435,31.05188,38.409054,62.896683
512.5,51.052063,31.060875,38.42394,62.916576
513.0,51.0687,31.069878,38.43883,62.93649
513.5,51.085316,31.078875,38.453712,62.956364
514.0,51.10194,31.08788,38.4686,62.976246
514.5,51.11854,31.096872,38.48348,62.99609
515.0,51.135136,31.10587,38.49836,63.01592
515.5,51.15173,31.114868,38.513245,63.035744
516.0,51.168316,31.123865,38.52813,63.05557
516.5,51.18488,31.132847,38.543,63.075344
517.0,51.20141,31.14181,38.557846,63.09505
517.5,51.217907,31.150753,38.572674,63.114704
518.0,51.23439,31.159683,38.587494,63.134323
518.5,51.25084,31.168598,38.60229,63.153885
519.0,51.267273,31.1775,38.617073,63.17341
519.5,51.28368,31.18639,38.631836,63.192867
520.0,51.30007,31.19527,38.646584,63.21229
520.5,51.316433,31.204145,38.661304,63.23165
521.0,51.33279,31.213024,38.67602,63.250988
521.5,51.349133,31.221905,38.69073,63.270306
522.0,51.36547,31.230787,38.705437,63.2896
522.5,51.38183,31.239685,38.720154,63.308926
523.0,51.398174,31.24859,38.734875,63.32823
523.5,51.414513,31.257492,38.749584,63.347507
524.0,51.43086,31.2664,38.764305,63.366795
524.5,51.447193,31.27531,38.779022,63.386078
525.0,51.46354,31.284227,38.793747,63.405357
525.5,51.47986,31.293133,38.808464,63.42461
526.0,51.496147,31.302017,38.823166,63.44381
526.5,51.512398,31.310877,38.83785,63.462944
527.0,51.528645,31.319735,38.852535,63.48207
527.5,51.544857,31.328568,38.867195,63.501133
528.0,51.561035,31.337378,38.881844,63.520145
528.5,51.577175,31.34616,38.896473,63.539104
529.0,51.593285,31.354921,38.91108,63.558014
529.5,51.609375,31.363674,38.92568,63.57688
530.0,51.625443,31.37242,38.940258,63.595707
530.5,51.641506,31.381163,38.95483,63.614517
531.0,51.65754,31.389894,38.969383,63.63328
531.5,51.67356,31.39862,38.983925,63.652016
532.0,51.68957,31.407345,38.99846,63.670723
532.5,51.705574,31.41607,39.012993,63.689423
533.0,51.721573,31.424799,39.027523,63.708107
533.5,51.73757,31.433538,39.042057,63.726788
534.0,51.75357,31.442284,39.056587,63.745445
534.5,51.769573,31.451046,39.071117,63.764088
535.0,51.785595,31.459826,39.085655,63.782745
535.5,51.80161,31.468613,39.10019,63.801376
536.0,51.81764,31.47741,39.11473,63.82003
536.5,51.83365,31.486198,39.129265,63.83863
537.0,51.849644,31.494984,39.143787,63.85721
537.5,51.865612,31.503756,39.158295,63.875736
538.0,51.88157,31.51252,39.17279,63.894226
538.5,51.897526,31.521288,39.187294,63.91271
539.0,51.91346,31.53005,39.201782,63.931145
539.5,51.92939,31.53881,39.216267,63.949574
540.0,51.945305,31.547564,39.230743,63.967968
540.5,51.96121,31.556316,39.245213,63.986343
541.0,51.977085,31.565062,39.259663,64.00468
541.5,51.992958,31.573803,39.274113,64.023
542.0,52.008797,31.582523,39.28854,64.04126
542.5,52.024605,31.591225,39.30294,64.05946
543.0,52.040398,31.59992,39.31734,64.07765
543.5,52.056175,31.608608,39.331722,64.0958
544.0,52.071934,31.617292,39.346096,64.11392
544.5,52.08769,31.62598,39.360474,64.13204
545.0,52.103424,31.634659,39.374836,64.150116
545.5,52.119152,31.643337,39.389202,64.16819
546.0,52.134872,31.65201,39.403564,64.18624
546.5,52.15059,31.660683,39.417927,64.204285
547.0,52.16629,31.669346,39.432274,64.222275
547.5,52.181984,31.678005,39.446625,64.24026
548.0,52.197655,31.686657,39.46096,64.258194
548.5,52.21331,31.695303,39.47529,64.27611
549.0,52.228973,31.703953,39.489628,64.29404
549.5,52.244614,31.71259,39.503952,64.31192
550.0,52.260254,31.721231,39.51828,64.3298
550.5,52.27589,31.729877,39.532608,64.34767
551.0,52.29151,31.738523,39.546932,64.365524
551.5,52.307117,31.747166,39.56124,64.38334
552.0,52.322697,31.755796,39.57553,64.40111
552.5,52.338253,31.764416,39.589798,64.41881
553.0,52.353798,31.773031,39.604057,64.43649
553.5,52.36933,31.781641,39.618305,64.454155
554.0,52.384834,31.790236,39.63253,64.47176
554.5,52.400314,31.798819,39.646744,64.48933
555.0,52.415787,31.8074,39.660954,64.506874
555.5,52.431244,31.815973,39.67516,64.52441
556.0,52.446674,31.824532,39.689342,64.541885
556.5,52.46212,31.8331,39.703545,64.55938
557.0,52.47754,31.841656,39.71773,64.576836
557.5,52.49295,31.850206,39.731922,64.594284
558.0,52.508354,31.858746,39.746113,64.61173
558.5,52.52372,31.86726,39.760284,64.62912
559.0,52.53905,31.875757,39.774437,64.646454
559.5,52.554382,31.884253,39.788605,64.6638
560.0,52.569695,31.892735,39.80276,64.68112
560.5,52.584984,31.901205,39.816902,64.69841
561.0,52.600243,31.90966,39.83103,64.715645
561.5,52.615482,31.918108,39.845146,64.732834
562.0,52.6307,31.926552,39.859257,64.75
562.5,52.64592,31.934998,39.873367,64.767166
563.0,52.661114,31.943432,39.887455,64.78428
563.5,52.676296,31.951862,39.901535,64.80137
564.0,52.691452,31.96028,39.915596,64.81842
564.5,52.706593,31.968689,39.92965,64.83544
565.0,52.721703,31.977081,39.943676,64.8524
565.5,52.7368,31.985462,39.9577,64.86935
566.0,52.751877,31.99383,39.971706,64.886246
566.5,52.766926,32.002182,39.9857,64.9031
567.0,52.78197,32.010536,39.999683,64.91993
567.5,52.79701,32.018887,40.01367,64.93676
568.0,52.812035,32.027233,40.027653,64.95356
568.5,52.82706,32.035583,40.04164,64.97037
569.0,52.842075,32.043926,40.05562,64.987144
569.5,52.85707,32.05227,40.069588,65.00388
570.0,52.872066,32.060616,40.083557,65.02063
570.5,52.88705,32.068954,40.097523,65.037346
571.0,52.90204,32.077297,40.111496,65.05406
571.5,52.917023,32.085644,40.12547,65.070786
572.0,52.932,32.093994,40.139435,65.08748
572.5,52.94697,32.10235,40.153404,65.10417
573.0,52.961945,32.11071,40.167374,65.12085
573.5,52.976913,32.119072,40.181335,65.13752
574.0,52.991867,32.12744,40.19529,65.15415
574.5,53.006817,32.135807,40.209236,65.17077
575.0,53.02175,32.144173,40.223167,65.187355
575.5,53.03666,32.15252,40.237076,65.203865
576.0,53.051544,32.160854,40.25096,65.22033
576.5,53.0664,32.169174,40.264824,65.23673
577.0,53.081245,32.177494,40.278683,65.25312
577.5,53.09607,32.185802,40.292526,65.26946
578.0,53.110893,32.194115,40.30637,65.285805
578.5,53.125698,32.20242,40.320198,65.3021
579.0,53.140503,32.210724,40.334026,65.31839
579.5,53.155304,32.219032,40.347855,65.33466
580.0,53.170116,32.22735,40.3617,65.35097
580.5,53.184914,32.235664,40.375534,65.36725
581.0,53.199703,32.243977,40.389366,65.383514
581.5,53.214485,32.25228,40.40319,65.39975
582.0,53.229248,32.260586,40.417007,65.415955
582.5,53.244007,32.268887,40.430824,65.43215
583.0,53.258766,32.277195,40.444645,65.44835
583.5,53.27352,32.28551,40.45847,65.46454
584.0,53.28828,32.29383,40.472298,65.480736
584.5,53.30303,32.302143,40.486122,65.49692
585.0,53.317757,32.31045,40.499935,65.51308
585.5,53.332455,32.31874,40.51373,65.52918
586.0,53.347134,32.32702,40.527515,65.54526
586.5,53.361774,32.33527,40.54127,65.56126
587.0,53.37638,32.343502,40.555,65.5772
587.5,53.390957,32.351707,40.568703,65.59308
588.0,53.40551,32.359905,40.582397,65.60893
588.5,53.420036,32.368084,40.59607,65.62471
589.0,53.43455,32.37626,40.609734,65.64048
589.5,53.449047,32.38443,40.623386,65.65621
590.0,53.463543,32.392597,40.637043,65.671936
590.5,53.478027,32.400764,40.650692,65.687645
591.0,53.49251,32.40893,40.664345,65.703354
591.5,53.50698,32.4171,40.67799,65.71902
592.0,53.52146,32.425285,40.691643,65.73471
592.5,53.53595,32.433475,40.705303,65.75041
593.0,53.550434,32.441677,40.71896,65.766106
593.5,53.564922,32.44988,40.73262,65.7818
594.0,53.57942,32.458096,40.746296,65.7975
594.5,53.59391,32.466316,40.759964,65.81319
595.0,53.6084,32.47454,40.773636,65.82888
595.5,53.62288,32.482754,40.787308,65.84456
596.0,53.637314,32.490944,40.80095,65.86016
596.5,53.651722,32.499115,40.814575,65.87572
597.0,53.666084,32.507263,40.828167,65.8912
597.5,53.68042,32.515385,40.841743,65.90663
598.0,53.694736,32.5235,40.855305,65.922035
598.5,53.70903,32.531593,40.868855,65.9374
599.0,53.72329,32.539665,40.882374,65.95269
599.5,53.737514,32.547726,40.895874,65.96793
600.0,53.75172,32.555767,40.90936,65.98314
600.5,53.765903,32.5638,40.922836,65.99832
601.0,53.78009,32.57184,40.93632,66.01351
601.5,53.794266,32.579865,40.949802,66.028694
602.0,53.808426,32.58789,40.963287,66.04387
602.5,53.82259,32.595913,40.976776,66.059044
603.0,53.836727,32.603924,40.99025,66.074196
603.5,53.850864,32.611946,41.00373,66.08934
604.0,53.865017,32.619972,41.017223,66.10451
604.5,53.879158,32.627995,41.030712,66.119675
605.0,53.89329,32.636013,41.0442,66.13481
605.5,53.907406,32.644028,41.057674,66.14992
606.0,53.9215,32.652035,41.071144,66.16499
606.5,53.93557,32.660027,41.08459,66.180016
607.0,53.949623,32.66801,41.09803,66.19501
607.5,53.963654,32.675983,41.111458,66.20997
608.0,53.977673,32.68395,41.124874,66.2249
608.5,53.991676,32.691906,41.138275,66.239784
609.0,54.005657,32.699856,41.15166,66.25463
609.5,54.019634,32.707806,41.16503,66.269455
610.0,54.0336,32.71575,41.17839,66.28424
610.5,54.047543,32.72369,41.191734,66.29898
611.0,54.061485,32.73163,41.205074,66.31372
611.5,54.075413,32.739567,41.218403,66.328415
612.0,54.089355,32.74752,41.231743,66.34315
612.5,54.103302,32.75549,41.24509,66.35789
613.0,54.11725,32.76346,41.25844,66.37263
613.5,54.131187,32.771427,41.271782,66.387344
614.0,54.145134,32.779408,41.285137,66.402084
614.5,54.15907,32.787384,41.298477,66.41679
615.0,54.173,32.795357,41.311825,66.431496
615.5,54.186916,32.80333,41.325165,66.446175
616.0,54.20083,32.8113,41.338505,66.46084
616.5,54.21472,32.819256,41.35183,66.475464
617.0,54.228603,32.827206,41.36515,66.490074
617.5,54.242455,32.835136,41.378456,66.50464
618.0,54.25628,32.843052,41.391747,66.51915
618.5,54.270084,32.850952,41.40503,66.533646
619.0,54.28386,32.85884,41.41829,66.54809
619.5,54.297604,32.866703,41.431538,66.56249
620.0,54.311317,32.874542,41.44477,66.57686
620.5,54.324986,32.882347,41.457973,66.591156
621.0,54.338623,32.890137,41.471153,66.60541
621.5,54.35222,32.897903,41.484306,66.61958
622.0,54.365807,32.90566,41.49746,66.63376
622.5,54.379387,32.913414,41.510605,66.64792
623.0,54.39296,32.921173,41.523746,66.662056
623.5,54.40654,32.928944,41.536896,66.676216
624.0,54.42012,32.936714,41.55005,66.69038
624.5,54.433678,32.944485,41.56319,66.70449
625.0,54.447247,32.952263,41.57634,66.71863
625.5,54.4608,32.96003,41.589478,66.732735
626.0,54.474354,32.967796,41.60262,66.74684
626.5,54.487877,32.975548,41.61574,66.760895
627.0,54.501404,32.9833,41.628872,66.77494
627.5,54.514915,32.991047,41.64199,66.78896
628.0,54.528416,32.998783,41.655106,66.80296
628.5,54.541897,33.00651,41.668213,66.81694
629.0,54.55538,33.01424,41.681324,66.830925
629.5,54.568832,33.021957,41.694416,66.844864
630.0,54.582268,33.029663,41.707497,66.85876
630.5,54.595695,33.03737,41.720573,66.87264
631.0,54.609085,33.04505,41.733616,66.88645
631.5,54.622448,33.052723,41.746643,66.90022
632.0,54.63578,33.06037,41.759647,66.91395
632.5,54.649097,33.068012,41.772644,66.92764
633.0,54.662395,33.07565,41.785625,66.94131
633.5,54.675705,33.083294,41.798615,66.954994
634.0,54.68899,33.090927,41.811592,66.968636
634.5,54.70226,33.098553,41.824554,66.982254
635.0,54.715527,33.10618,41.83752,66.995865
635.5,54.728783,33.1138,41.850483,67.00945
636.0,54.74202,33.121414,41.86343,67.022995
636.5,54.755283,33.129044,41.8764,67.03659
637.0,54.76852,33.13666,41.88935,67.05013
637.5,54.781765,33.144283,41.902313,67.0637
638.0,54.794987,33.151894,41.91526,67.07722
638.5,54.8082,33.159492,41.928204,67.09072
639.0,54.821396,33.16709,41.941143,67.104195
639.5,54.83458,33.174686,41.954075,67.11765
640.0,54.847748,33.182266,41.96699,67.13106
640.5,54.8609,33.189842,41.9799,67.144455
641.0,54.874027,33.197407,41.99279,67.1578
641.5,54.887146,33.204964,42.00568,67.17114
642.0,54.900253,33.212517,42.018566,67.18448
642.5,54.913338,33.22006,42.031433,67.19778
643.0,54.926403,33.22759,42.044292,67.21105
643.5,54.93947,33.235123,42.057156,67.224335
644.0,54.952515,33.242645,42.07,67.23757
644.5,54.965546,33.25016,42.082832,67.250786
645.0,54.978554,33.25767,42.095646,67.26395
645.5,54.991573,33.26519,42.108467,67.27712
646.0,55.004585,33.272713,42.12128,67.29027
646.5,55.01759,33.280235,42.13409,67.3034
647.0,55.03058,33.28775,42.14688,67.31648
647.5,55.04356,33.295265,42.159668,67.329544
648.0,55.05654,33.302776,42.172455,67.3426
648.5,55.06952,33.310284,42.185238,67.35563
649.0,55.082478,33.317783,42.19801,67.368614
649.5,55.09544,33.325283,42.21078,67.3816
650.0,55.10838,33.332775,42.223537,67.39454
650.5,55.121326,33.34027,42.2363,67.407486
651.0,55.134274,33.34778,42.24907,67.42044
651.5,55.147217,33.355297,42.261833,67.43339
652.0,55.16017,33.362823,42.274605,67.44634
652.5,55.17312,33.370354,42.28737,67.45929
653.0,55.18604,33.377876,42.300117,67.4722
653.5,55.198936,33.385387,42.312847,67.48506
654.0,55.211838,33.3929,42.325577,67.49794
654.5,55.224728,33.40041,42.338306,67.51081
655.0,55.237602,33.40791,42.35102,67.52364
655.5,55.25046,33.415394,42.36372,67.53645
656.0,55.263275,33.422848,42.376396,67.54919
656.5,55.276054,33.430283,42.38905,67.56187
657.0,55.28881,33.437695,42.40169,67.57451
657.5,55.30154,33.44509,42.414318,67.58709
658.0,55.314266,33.45248,42.426945,67.59968
658.5,55.32697,33.45985,42.439552,67.61221
659.0,55.339664,33.467216,42.452164,67.62474
659.5,55.35234,33.474575,42.464756,67.63723
660.0,55.365013,33.481934,42.47735,67.6497
660.5,55.377686,33.489296,42.489944,67.66217
661.0,55.390366,33.49666,42.50255,67.67466
661.5,55.403023,33.504017,42.51515,67.68713
662.0,55.415665,33.51137,42.527737,67.699585
662.5,55.428303,33.518734,42.540325,67.71202
663.0,55.440945,33.526108,42.552917,67.72447
663.5,55.453587,33.53348,42.565517,67.73694
664.0,55.466206,33.54084,42.578102,67.749374
664.5,55.478794,33.548183,42.590668,67.76178
665.0,55.491352,33.55551,42.603214,67.77413
665.5,55.503876,33.562805,42.61574,67.78642
666.0,55.51636,33.570072,42.628242,67.79867
666.5,55.5288,33.5773,42.64071,67.810814
667.0,55.5412,33.5845,42.65315,67.8229
667.5,55.553562,33.59167,42.66556,67.83491
668.0,55.5659,33.598827,42.677956,67.84686
668.5,55.578224,33.605976,42.69035,67.85881
669.0,55.590557,33.61313,42.70275,67.87078
669.5,55.602867,33.620266,42.71514,67.882706
670.0,55.61518,33.627407,42.727535,67.89464
670.5,55.627476,33.63454,42.739918,67.90654
671.0,55.63978,33.641685,42.752304,67.91845
671.5,55.6521,33.648853,42.7647,67.930374
672.0,55.66442,33.65603,42.777096,67.94229
672.5,55.676758,33.663223,42.789505,67.95424
673.0,55.689114,33.67044,42.80193,67.96622
673.5,55.70147,33.677666,42.814346,67.97819
674.0,55.713814,33.684895,42.82676,67.990135
674.5,55.726166,33.692127,42.83918,68.0021
675.0,55.738483,33.69934,42.85158,68.01402
675.5,55.75077,33.706528,42.86396,68.025894
676.0,55.76303,33.713688,42.876324,68.03772
676.5,55.77524,33.720818,42.888653,68.04947
677.0,55.787426,33.727924,42.900963,68.06116
677.5,55.79959,33.73502,42.913254,68.07282
678.0,55.811756,33.742107,42.925545,68.084465
678.5,55.823906,33.74919,42.937824,68.09608
679.0,55.836052,33.75628,42.950104,68.10769
679.5,55.848175,33.763355,42.962364,68.119255
680.0,55.860287,33.770428,42.974617,68.13079
680.5,55.872387,33.777493,42.986866,68.14232
681.0,55.88448,33.784557,42.999115,68.15383
681.5,55.89657,33.79162,43.011368,68.16536
682.0,55.908638,33.798668,43.02361,68.17686
682.5,55.920715,33.805725,43.03587,68.18841
683.0,55.932774,33.812775,43.048122,68.19993
683.5,55.944836,33.819836,43.06038,68.21146
684.0,55.956894,33.826897,43.07264,68.222984
684.5,55.968933,33.833946,43.08489,68.23449
685.0,55.98097,33.840992,43.097134,68.24599
685.5,55.992973,33.84802,43.109364,68.25743
686.0,56.00494,33.855022,43.12157,68.268814
686.5,56.01689,33.86201,43.133766,68.28017
687.0,56.028812,33.86898,43.14594,68.29147
687.5,56.040703,33.875923,43.158092,68.302734
688.0,56.052567,33.882847,43.170223,68.313934
688.5,56.064407,33.889755,43.18234,68.3251
689.0,56.076252,33.896667,43.19445,68.33627
689.5,56.088074,33.903572,43.206547,68.34739
690.0,56.09988,33.910473,43.21863,68.358475
690.5,56.111675,33.917366,43.230705,68.36954
691.0,56.12348,33.92428,43.242794,68.38063
691.5,56.135296,33.9312,43.254887,68.39172
692.0,56.147106,33.93812,43.266968,68.402794
692.5,56.15893,33.945065,43.279064,68.413895
693.0,56.17077,33.952023,43.291172,68.425026
693.5,56.1826,33.95898,43.30328,68.43614
694.0,56.19443,33.965942,43.315384,68.447266
694.5,56.206257,33.972904,43.327488,68.45838
695.0,56.21807,33.97986,43.33959,68.469475
695.5,56.22986,33.986805,43.351673,68.48052
696.0,56.24164,33.99374,43.36375,68.49154
696.5,56.253414,34.000675,43.375828,68.50256
697.0,56.265156,34.007584,43.387886,68.51353
697.5,56.276882,34.014473,43.39993,68.52447
698.0,56.288563,34.021336,43.41194,68.535324
698.5,56.30021,34.02817,43.42393,68.546135
699.0,56.311817,34.03498,43.435894,68.55688
699.5,56.3234,34.041775,43.447845,68.56759
700.0,56.334965,34.048557,43.45979,68.5783
700.5,56.34652,34.055336,43.471725,68.58898
701.0,56.35805,34.062103,43.483646,68.59963
701.5,56.369583,34.06888,43.495567,68.61028
702.0,56.381123,34.07566,43.5075,68.62095
702.5,56.392662,34.082447,43.519432,68.63162
703.0,56.40421,34.089245,43.531372,68.6423
703.5,56.415756,34.096043,43.543316,68.65301
704.0,56.427296,34.102844,43.555252,68.66369
704.5,56.438828,34.109646,43.567192,68.67436
705.0,56.450356,34.11644,43.57913,68.68503
705.5,56.461872,34.123222,43.591057,68.69567
706.0,56.473362,34.129997,43.602978,68.70628
706.5,56.484848,34.13676,43.6149,68.71689
707.0,56.4963,34.1435,43.626793,68.727425
707.5,56.507725,34.150227,43.63867,68.737915
708.0,56.519127,34.15693,43.65053,68.74836
708.5,56.5305,34.16362,43.662373,68.75876
709.0,56.541832,34.17027,43.6742,68.76911
709.5,56.55312,34.176888,43.686,68.779434
710.0,56.564396,34.183506,43.6978,68.789734
710.5,56.57568,34.190132,43.70959,68.80004
711.0,56.586945,34.196754,43.721367,68.8103
711.5,56.598206,34.20338,43.733135,68.82055
712.0,56.60944,34.21,43.744884,68.83075
712.5,56.6207,34.216637,43.75665,68.840996
713.0,56.631958,34.22328,43.768414,68.851234
713.5,56.643234,34.229942,43.780197,68.86151
714.0,56.654526,34.236614,43.79199,68.87181
714.5,56.665802,34.24328,43.80378,68.88211
715.0,56.67708,34.249943,43.815567,68.89239
715.5,56.688343,34.256603,43.827343,68.90264
716.0,56.699593,34.26326,43.839115,68.91287
716.5,56.710827,34.2699,43.85088,68.92308
717.0,56.722057,34.276535,43.86264,68.93327
717.5,56.73328,34.28316,43.8744,68.94346
718.0,56.744488,34.289776,43.88615,68.953606
718.5,56.755672,34.296383,43.897892,68.96373
719.0,56.766838,34.30298,43.90961,68.9738
719.5,56.778,34.309574,43.92134,68.983894
720.0,56.789154,34.31617,43.93306,68.99397
720.5,56.8003,34.322765,43.944767,69.00403
721.0,56.811428,34.329353,43.956463,69.01407
721.5,56.82254,34.335934,43.968143,69.02406
722.0,56.83364,34.34251,43.97982,69.03406
722.5,56.84473,34.349083,43.991486,69.04402
723.0,56.85581,34.35566,44.003143,69.053986
723.5,56.866898,34.36224,44.01481,69.06396
724.0,56.877964,34.368816,44.02646,69.07389
724.5,56.889027,34.375393,44.03811,69.083824
725.0,56.900085,34.38197,44.049755,69.093735
725.5,56.911133,34.388535,44.061394,69.10363
726.0,56.922184,34.395103,44.07304,69.113525
726.5,56.933205,34.401653,44.084663,69.123375
727.0,56.944202,34.40818,44.09627,69.13317
727.5,56.95519,34.414703,44.10787,69.142944
728.0,56.96618,34.421227,44.119476,69.15273
728.5,56.977146,34.42773,44.13107,69.162476
729.0,56.9881,34.43423,44.142662,69.17221
729.5,56.999004,34.440693,44.15423,69.181885
730.0,57.009865,34.44713,44.16577,69.19151
730.5,57.020687,34.45354,44.1773,69.201096
731.0,57.031506,34.459957,44.188824,69.21067
731.5,57.042324,34.46638,44.200333,69.22023
732.0,57.05315,34.472816,44.21184,69.229774
732.5,57.063953,34.47925,44.223328,69.23928
733.0,57.074768,34.485695,44.23481,69.248795
733.5,57.085575,34.49214,44.246284,69.258286
734.0,57.096375,34.49859,44.257755,69.26777
734.5,57.107155,34.50503,44.269207,69.27721
735.0,57.11795,34.511486,44.280663,69.286644
735.5,57.12874,34.51794,44.292114,69.29606
736.0,57.139523,34.524395,44.30356,69.305466
736.5,57.15031,34.530857,44.315002,69.314865
737.0,57.161095,34.53732,44.326443,69.324234
737.5,57.171883,34.543785,44.33788,69.3336
738.0,57.182663,34.550255,44.34931,69.34295
738.5,57.19345,34.55673,44.360744,69.352295
739.0,57.20424,34.56321,44.372173,69.36162
739.5,57.215046,34.569714,44.383614,69.37098
740.0,57.225876,34.576244,44.395065,69.380356
740.5,57.236713,34.58279,44.40652,69.38975
741.0,57.247543,34.589336,44.417973,69.39914
741.5,57.258373,34.59588,44.429432,69.40854
742.0,57.269184,34.602417,44.440887,69.41794
742.5,57.279976,34.608944,44.452324,69.42729
743.0,57.290737,34.615456,44.46374,69.43661
743.5,57.3015,34.62196,44.475155,69.44592
744.0,57.312214,34.62844,44.48654,69.455185
744.5,57.322926,34.634914,44.497925,69.46443
745.0,57.33363,34.64138,44.509308,69.47369
745.5,57.34431,34.64783,44.520683,69.48292
746.0,57.35497,34.65426,44.532043,69.49211
746.5,57.36559,34.66066,44.543385,69.50125
747.0,57.376186,34.667038,44.554714,69.51036
747.5,57.386772,34.67341,44.566036,69.51944
748.0,57.397335,34.679768,44.577343,69.52849
748.5,57.407898,34.686127,44.58865,69.53752
749.0,57.41844,34.692482,44.599945,69.546524
749.5,57.428986,34.698837,44.611237,69.55553
750.0,57.43954,34.705208,44.62254,69.56456
750.5,57.45008,34.71157,44.633835,69.573555
751.0,57.46063,34.717953,44.645145,69.582596
751.5,57.47118,34.72434,44.656456,69.59163
752.0,57.481735,34.730732,44.66777,69.60068
752.5,57.49228,34.73712,44.679077,69.60971
753.0,57.502823,34.743515,44.690384,69.618744
753.5,57.513367,34.74991,44.701694,69.6278
754.0,57.523895,34.75629,44.712997,69.636826
754.5,57.53439,34.762657,44.724274,69.64581
755.0,57.544865,34.769,44.73553,69.65475
755.5,57.555317,34.775333,44.746777,69.66366
756.0,57.565754,34.781654,44.758015,69.67255
756.5,57.576168,34.787956,44.76923,69.68138
757.0,57.58655,34.79424,44.78043,69.69017
757.5,57.596935,34.800518,44.791634,69.69896
758.0,57.607304,34.806793,44.80283,69.70774
758.5,57.617672,34.813072,44.814022,69.71651
759.0,57.62804,34.81935,44.82522,69.72529
759.5,57.638405,34.825634,44.836414,69.734055
760.0,57.648785,34.831936,44.84761,69.74282
760.5,57.659184,34.83826,44.85882,69.751625
761.0,57.669598,34.844597,44.87004,69.76045
761.5,57.680016,34.850945,44.881264,69.76927
762.0,57.69044,34.857307,44.89249,69.778114
762.5,57.700867,34.86367,44.903713,69.78694
763.0,57.71128,34.870037,44.914932,69.79575
763.5,57.72169,34.876408,44.92615,69.804565
764.0,57.732098,34.882774,44.937363,69.81337
764.5,57.74247,34.889122,44.948544,69.822105
765.0,57.752823,34.89546,44.959717,69.83081
765.5,57.763153,34.90178,44.970863,69.83948
766.0,57.773464,34.90809,44.982,69.8481
766.5,57.783752,34.91438,44.99312,69.85669
767.0,57.79403,34.920662,45.004227,69.86526
767.5,57.8043,34.92694,45.015327,69.87382
768.0,57.814552,34.93321,45.026424,69.882355
768.5,57.82481,34.939484,45.037533,69.89092
769.0,57.83504,34.94574,45.048626,69.89946
769.5,57.84526,34.95198,45.059723,69.90799
770.0,57.85544,34.95819,45.070805,69.91649
770.5,57.86561,34.964394,45.081882,69.92497
771.0,57.87577,34.97059,45.092957,69.933464
771.5,57.885914,34.97678,45.10403,69.94194
772.0,57.896053,34.98297,45.115105,69.95042
772.5,57.906197,34.989166,45.12618,69.95889
773.0,57.916348,34.99537,45.13726,69.96739
773.5,57.926483,35.001568,45.14833,69.97585
774.0,57.936615,35.00777,45.1594,69.984314
774.5,57.946724,35.013958,45.170456,69.99274
775.0,57.956825,35.02015,45.181507,70.001144
775.5,57.96692,35.026333,45.19254,70.00952
776.0,57.977,35.03251,45.203568,70.01788
776.5,57.987053,35.038666,45.21457,70.0262
777.0,57.99707,35.0448,45.225555,70.03448
777.5,58.00707,35.05092,45.236523,70.04271
778.0,58.017056,35.05703,45.247486,70.050934
778.5,58.027042,35.063137,45.258446,70.059166
779.0,58.037018,35.06925,45.2694,70.06737
779.5,58.04699,35.075363,45.280346,70.07555
780.0,58.056976,35.08149,45.291294,70.08374
780.5,58.066948,35.087612,45.302235,70.09191
781.0,58.07693,35.09375,45.313187,70.100105
781.5,58.086926,35.099907,45.324146,70.10831
782.0,58.096928,35.10607,45.335106,70.11651
782.5,58.10695,35.112255,45.346073,70.12473
783.0,58.116974,35.11845,45.35704,70.132965
783.5,58.12701,35.124657,45.36802,70.14122
784.0,58.137043,35.130863,45.378994,70.14946
784.5,58.14707,35.137066,45.389977,70.15772
785.0,58.157085,35.14326,45.40095,70.165955
785.5,58.16707,35.149433,45.411907,70.17415
786.0,58.177036,35.15559,45.422855,70.18231
786.5,58.18696,35.161728,45.433773,70.190414
787.0,58.196873,35.16785,45.444687,70.198494
787.5,58.206757,35.173954,45.455574,70.206535
788.0,58.216614,35.180035,45.466446,70.21454
788.5,58.22644,35.1861,45.477295,70.22249
789.0,58.236248,35.192154,45.488125,70.2304
789.5,58.24604,35.198204,45.498943,70.23828
790.0,58.255833,35.204254,45.509766,70.24617
790.5,58.265625,35.21031,45.520588,70.25407
791.0,58.275414,35.216366,45.53141,70.26196
791.5,58.285217,35.222435,45.542248,70.26989
792.0,58.295036,35.22851,45.553097,70.277855
792.5,58.304848,35.234596,45.56395,70.28582
793.0,58.314663,35.240685,45.574802,70.29379
793.5,58.324474,35.246765,45.58565,70.301765
794.0,58.334255,35.252834,45.596485,70.30968
794.5,58.344025,35.258892,45.607315,70.31758
795.0,58.353794,35.26495,45.618145,70.325485
795.5,58.363544,35.271,45.628967,70.33337
796.0,58.37329,35.277046,45.639786,70.34123
796.5,58.38303,35.283085,45.650604,70.3491
797.0,58.39275,35.289116,45.661404,70.35692
797.5,58.402454,35.29514,45.67219,70.364716
798.0,58.41214,35.301147,45.682964,70.372475
798.5,58.42182,35.30716,45.69373,70.380226
799.0,58.431496,35.31317,45.704487,70.38796
799.5,58.441162,35.319183,45.715233,70.39568
800.0,58.450825,35.325195,45.725967,70.40338
800.5,58.4605,35.33122,45.736706,70.41109
801.0,58.470184,35.337265,45.747448,70.41881
801.5,58.479893,35.34334,45.7582,70.426544
802.0,58.489616,35.34943,45.76896,70.4343
802.5,58.499348,35.355537,45.77972,70.44207
803.0,58.509094,35.361656,45.79049,70.44985
803.5,58.518826,35.36777,45.80125,70.45762
804.0,58.52855,35.373886,45.812,70.465355
804.5,58.53827,35.379997,45.822758,70.47311
805.0,58.547966,35.386086,45.8335,70.48082
805.5,58.55764,35.392155,45.84424,70.48851
806.0,58.56729,35.398205,45.854965,70.49617
806.5,58.576923,35.404243,45.865685,70.503815
807.0,58.586533,35.410267,45.876392,70.51142
807.5,58.59614,35.416286,45.887104,70.519035
808.0,58.605724,35.42229,45.897804,70.52663
808.5,58.61529,35.428284,45.908485,70.53418
809.0,58.62484,35.434265,45.91916,70.54172
809.5,58.634384,35.440247,45.929825,70.54925
810.0,58.643894,35.446213,45.94047,70.55673
810.5,58.653397,35.45217,45.9511,70.5642
811.0,58.662914,35.45814,45.961746,70.57169
811.5,58.672417,35.464104,45.972378,70.57917
812.0,58.681904,35.470066,45.983006,70.58664
812.5,58.691383,35.476025,45.99362,70.594086
813.0,58.700867,35.48199,46.00425,70.601555
813.5,58.710335,35.48795,46.01487,70.60899
814.0,58.719795,35.493904,46.02548,70.61642
814.5,58.729248,35.49985,46.036087,70.623825
815.0,58.738697,35.505795,46.046688,70.631226
815.5,58.74812,35.51172,46.05728,70.63859
816.0,58.757538,35.517643,46.06787,70.64595
816.5,58.76695,35.52356,46.078457,70.653305
817.0,58.77636,35.529472,46.089046,70.66065
817.5,58.785767,35.53539,46.099632,70.66799
818.0,58.795174,35.54131,46.110218,70.67532
818.5,58.804585,35.547245,46.12081,70.68268
819.0,58.813995,35.55319,46.1314,70.69002
819.5,58.823414,35.559135,46.14199,70.69737
820.0,58.832817,35.56508,46.152573,70.70472
820.5,58.842213,35.571014,46.163143,70.71204
821.0,58.85159,35.576942,46.173702,70.719345
821.5,58.86095,35.582867,46.18424,70.72661
822.0,58.870308,35.588795,46.194767,70.73386
822.5,58.879673,35.59473,46.205296,70.741104
823.0,58.889038,35.600674,46.215824,70.748344
823.5,58.8984,35.60662,46.226345,70.75559
824.0,58.907772,35.612576,46.236877,70.76285
824.5,58.917133,35.61853,46.247406,70.77009
825.0,58.926495,35.624477,46.25793,70.77732
825.5,58.93584,35.630417,46.26845,70.78453
826.0,58.945168,35.636337,46.27896,70.79172
826.5,58.95447,35.642242,46.28945,70.79887
827.0,58.963745,35.648125,46.299927,70.80597
827.5,58.973003,35.65399,46.3104,70.81306
828.0,58.982254,35.65986,46.320873,70.82016
828.5,58.991493,35.66572,46.33135,70.827255
829.0,59.000725,35.67158,46.34182,70.834335
829.5,59.009945,35.677437,46.352287,70.841415
830.0,59.01916,35.68329,46.36275,70.84849
830.5,59.02835,35.689133,46.373196,70.85552
831.0,59.037556,35.694984,46.38365,70.86259
831.5,59.046734,35.70082,46.39409,70.86961
832.0,59.05591,35.706654,46.404522,70.87664
832.5,59.06505,35.71247,46.414936,70.88363
833.0,59.07418,35.71828,46.425335,70.89059
833.5,59.0833,35.724087,46.43573,70.897545
834.0,59.092403,35.729877,46.44611,70.90446
834.5,59.101486,35.735664,46.456474,70.91134
835.0,59.110565,35.741444,46.466835,70.918205
835.5,59.11963,35.747223,46.477184,70.92505
836.0,59.128696,35.752995,46.487534,70.931885
836.5,59.13775,35.758766,46.497883,70.938705
837.0,59.146816,35.764545,46.508236,70.94555
837.5,59.155857,35.77031,46.51857,70.95233
838.0,59.164913,35.77608,46.52892,70.95916
838.5,59.173965,35.781853,46.539272,70.965996
839.0,59.183014,35.787624,46.54962,70.972824
839.5,59.192074,35.793407,46.559986,70.97968
840.0,59.201126,35.799194,46.570347,70.986534
840.5,59.21017,35.804974,46.5807,70.99337
841.0,59.219204,35.810757,46.59105,71.0002
841.5,59.228237,35.81654,46.6014,71.007034
842.0,59.23726,35.822323,46.611736,71.01385
842.5,59.246273,35.828106,46.622066,71.02066
843.0,59.255264,35.83387,46.632385,71.02744
843.5,59.264236,35.83962,46.642685,71.03419
844.0,59.273182,35.845352,46.65297,71.0409
844.5,59.282104,35.851063,46.66324,71.04758
845.0,59.291004,35.856754,46.673492,71.05422
845.5,59.299892,35.86244,46.683743,71.06085
846.0,59.308754,35.868107,46.693974,71.06744
846.5,59.31762,35.87378,46.704205,71.074005
847.0,59.326477,35.87945,46.714436,71.080574
847.5,59.335335,35.885124,46.724663,71.08715
848.0,59.344196,35.890804,46.73489,71.09373
848.5,59.353065,35.89649,46.745125,71.1003
849.0,59.361935,35.90218,46.75536,71.106895
849.5,59.370796,35.90787,46.765587,71.113464
850.0,59.379665,35.91357,46.77582,71.12004
850.5,59.388542,35.91928,46.78606,71.12664
851.0,59.397434,35.925007,46.796318,71.13328
851.5,59.406334,35.930744,46.806583,71.13993
852.0,59.415226,35.93648,46.816833,71.14657
852.5,59.424103,35.94222,46.82708,71.153175
853.0,59.432964,35.947945,46.83731,71.15977
853.5,59.44182,35.953667,46.847534,71.16635
854.0,59.45065,35.959373,46.857746,71.17291
854.5,59.459465,35.96507,46.867943,71.17943
855.0,59.468258,35.97075,46.878117,71.18591
855.5,59.47702,35.976402,46.888264,71.19233
856.0,59.48577,35.98205,46.89841,71.19874
856.5,59.494503,35.987686,46.90854,71.20511
857.0,59.50322,35.99332,46.91866,71.21145
857.5,59.511948,35.998962,46.92878,71.217804
858.0,59.52068,36.004604,46.938904,71.22416
858.5,59.529423,36.010258,46.94904,71.230545
859.0,59.538155,36.01591,46.959164,71.23689
859.5,59.546886,36.02157,46.96929,71.24326
860.0,59.555614,36.02722,46.979416,71.24962
860.5,59.564354,36.032887,46.989555,71.256004
861.0,59.5731,36.038563,46.999706,71.26243
861.5,59.58186,36.044247,47.009857,71.26885
862.0,59.590614,36.049934,47.020008,71.275276
862.5,59.599377,36.05564,47.03017,71.28172
863.0,59.608143,36.06135,47.04033,71.28817
863.5,59.616894,36.067062,47.050472,71.29458
864.0,59.625645,36.072773,47.06061,71.30099
864.5,59.63437,36.07847,47.070732,71.30736
865.0,59.643078,36.084145,47.080837,71.31368
865.5,59.651764,36.089806,47.090923,71.31998
866.0,59.660404,36.09544,47.100975,71.32618
866.5,59.66905,36.10107,47.111023,71.33238
867.0,59.677677,36.10669,47.121063,71.33857
867.5,59.6863,36.112305,47.131092,71.344734
868.0,59.69491,36.11792,47.141117,71.35089
868.5,59.703518,36.123535,47.151142,71.35705
869.0,59.712135,36.129158,47.16118,71.36323
869.5,59.72076,36.134792,47.17122,71.36942
870.0,59.729385,36.140427,47.18126,71.3756
870.5,59.73802,36.14608,47.191307,71.38181
871.0,59.746666,36.15174,47.201355,71.38802
871.5,59.755325,36.157425,47.21142,71.39428
872.0,59.76398,36.163105,47.221474,71.400505
872.5,59.77265,36.168808,47.231544,71.40678
873.0,59.781338,36.174522,47.24162,71.41306
873.5,59.790028,36.180244,47.251698,71.41936
874.0,59.798706,36.185966,47.261765,71.42562
874.5,59.807373,36.191677,47.271824,71.43186
875.0,59.81601,36.19737,47.28186,71.43806
875.5,59.824623,36.203037,47.291885,71.44423
876.0,59.83321,36.20869,47.3019,71.45036
876.5,59.84177,36.214317,47.311882,71.45644
877.0,59.850304,36.21993,47.321846,71.46249
877.5,59.85881,36.225517,47.33179,71.46848
878.0,59.867317,36.231106,47.341736,71.47448
878.5,59.87581,36.236687,47.351677,71.48047
879.0,59.884304,36.24227,47.361618,71.48646
879.5,59.89279,36.247852,47.371563,71.49247
880.0,59.901268,36.25343,47.3815,71.49845
880.5,59.909733,36.259003,47.39143,71.504425
881.0,59.91822,36.2646,47.401382,71.51045
881.5,59.92671,36.270195,47.41133,71.51648
882.0,59.9352,36.275803,47.42129,71.52254
882.5,59.943695,36.28141,47.43125,71.52859
883.0,59.952194,36.28702,47.441216,71.53465
883.5,59.96067,36.29263,47.451168,71.54067
884.0,59.96916,36.29824,47.46113,71.54672
884.5,59.977634,36.30384,47.47108,71.55275
885.0,59.98609,36.309433,47.481026,71.55875
885.5,59.99452,36.315002,47.490948,71.5647
886.0,60.00291,36.32055,47.500843,71.57059
886.5,60.01128,36.326077,47.510723,71.57645
887.0,60.01961,36.33158,47.520576,71.582245
887.5,60.027927,36.33707,47.53041,71.588005
888.0,60.036217,36.34254,47.54023,71.593735
888.5,60.04451,36.348007,47.550045,71.599464
889.0,60.052788,36.353474,47.559856,71.60519
889.5,60.06106,36.358936,47.569664,71.6109
890.0,60.069336,36.36441,47.579475,71.61662
890.5,60.07762,36.36989,47.589294,71.622375
891.0,60.08591,36.37538,47.599117,71.628136
891.5,60.0942,36.380875,47.60894,71.633896
892.0,60.102505,36.386383,47.618774,71.639694
892.5,60.11081,36.3919,47.62861,71.645485
893.0,60.119102,36.39741,47.638435,71.65126
893.5,60.127396,36.402927,47.64826,71.65703
894.0,60.135696,36.408443,47.65809,71.66281
894.5,60.14399,36.413963,47.66792,71.66859
895.0,60.152275,36.419468,47.677746,71.67436
895.5,60.160553,36.424973,47.68757,71.68011
896.0,60.168797,36.43045,47.69737,71.68581
896.5,60.17703,36.43592,47.707157,71.69148
897.0,60.185234,36.441376,47.716938,71.697136
897.5,60.19342,36.446815,47.726696,71.70275
898.0,60.201584,36.452244,47.73644,71.708336
898.5,60.20974,36.45766,47.74617,71.71389
899.0,60.21787,36.463066,47.755882,71.71941
899.5,60.225986,36.468468,47.765583,71.724915
900.0,60.234104,36.47387,47.775284,71.73042
900.5,60.24221,36.479275,47.784977,71.735916
901.0,60.250328,36.484688,47.794678,71.74144
901.5,60.25846,36.490116,47.80439,71.74698
902.0,60.266582,36.495544,47.814095,71.75251
902.5,60.274715,36.500977,47.823807,71.75805
903.0,60.282856,36.506416,47.83353,71.76362
903.5,60.29098,36.51185,47.84324,71.76916
904.0,60.29909,36.517277,47.852943,71.77469
904.5,60.307205,36.522705,47.862656,71.78023
905.0,60.3153,36.528114,47.872353,71.78573
905.5,60.323364,36.5335,47.882034,71.79118
906.0,60.33141,36.538868,47.891705,71.79662
906.5,60.339443,36.544228,47.90138,71.80206
907.0,60.347443,36.549564,47.911026,71.80744
907.5,60.35543,36.554897,47.92067,71.812805
908.0,60.363407,36.560215,47.9303,71.81816
908.5,60.371357,36.565514,47.939922,71.82349
909.0,60.379303,36.570812,47.949547,71.82883
909.5,60.38723,36.576096,47.959156,71.83415
910.0,60.395145,36.581375,47.968754,71.83946
910.5,60.40303,36.58663,47.97833,71.84472
911.0,60.41091,36.591892,47.987904,71.849976
911.5,60.418766,36.597137,47.997456,71.85519
912.0,60.42663,36.602394,48.00701,71.86041
912.5,60.43449,36.607655,48.016575,71.865654
913.0,60.442364,36.612923,48.026146,71.87092
913.5,60.450237,36.618195,48.035725,71.87618
914.0,60.45812,36.62347,48.0453,71.88145
914.5,60.466003,36.628754,48.05488,71.886734
915.0,60.473866,36.634018,48.06444,71.89196
915.5,60.48172,36.63928,48.073994,71.89717
916.0,60.48958,36.644535,48.083553,71.90239
916.5,60.497414,36.649788,48.093098,71.90758
917.0,60.50523,36.655025,48.102627,71.91271
917.5,60.51305,36.660263,48.112156,71.917854
918.0,60.52086,36.6655,48.12168,71.92299
918.5,60.52867,36.670742,48.13121,71.92813
919.0,60.53649,36.67599,48.140743,71.9333
919.5,60.54431,36.681248,48.150272,71.93846
920.0,60.552113,36.686493,48.159794,71.94361
920.5,60.5599,36.691727,48.169292,71.94872
921.0,60.567657,36.696945,48.178776,71.953804
921.5,60.57539,36.702152,48.188232,71.95883
922.0,60.583126,36.707367,48.197697,71.96387
922.5,60.590862,36.71258,48.207157,71.96891
923.0,60.598583,36.71779,48.216606,71.97393
923.5,60.606297,36.722992,48.226055,71.97895
924.0,60.614025,36.72821,48.23552,71.98401
924.5,60.621758,36.73343,48.244976,71.989044
925.0,60.629486,36.73865,48.25443,71.99406
925.5,60.637222,36.743877,48.263885,71.99908
926.0,60.64496,36.749104,48.27334,72.004105
926.5,60.6527,36.75433,48.282795,72.00913
927.0,60.660435,36.759552,48.292248,72.01415
927.5,60.668163,36.76478,48.301704,72.01917
928.0,60.6759,36.77001,48.311157,72.02419
928.5,60.68364,36.775253,48.320614,72.029205
929.0,60.691387,36.780506,48.330074,72.03425
929.5,60.699142,36.785767,48.339542,72.039314
930.0,60.706894,36.79103,48.349007,72.04437
930.5,60.714634,36.79629,48.358463,72.049416
931.0,60.72236,36.80154,48.367905,72.05444
931.5,60.73007,36.80678,48.37734,72.059456
932.0,60.73776,36.81201,48.386753,72.06443
932.5,60.74543,36.81723,48.396156,72.06939
933.0,60.7531,36.82245,48.405556,72.07434
933.5,60.760754,36.827652,48.414944,72.07926
934.0,60.768394,36.832855,48.424324,72.084175
934.5,60.776024,36.838047,48.4337,72.08907
935.0,60.78363,36.843224,48.443058,72.093925
935.5,60.791225,36.84839,48.45241,72.09876
936.0,60.7988,36.853542,48.46175,72.10357
936.5,60.806377,36.858692,48.471092,72.108376
937.0,60.813946,36.86384,48.480434,72.113174
937.5,60.821503,36.868973,48.489765,72.11796
938.0,60.829075,36.87412,48.499104,72.12275
938.5,60.83663,36.87926,48.508434,72.12753
939.0,60.844196,36.884415,48.517773,72.132324
939.5,60.851772,36.88958,48.52712,72.13714
940.0,60.859352,36.894753,48.536472,72.141975
940.5,60.86693,36.89993,48.54582,72.146805
941.0,60.874504,36.905106,48.555164,72.15164
941.5,60.88207,36.910275,48.564503,72.15647
942.0,60.889626,36.915443,48.57384,72.16131
942.5,60.897167,36.92061,48.58316,72.16611
943.0,60.904682,36.925755,48.59246,72.17087
943.5,60.912193,36.930893,48.601753,72.17561
944.0,60.91969,36.936028,48.611034,72.18035
944.5,60.92717,36.94115,48.6203,72.18504
945.0,60.934628,36.94626,48.62955,72.1897
945.5,60.942078,36.951363,48.6388,72.194336
946.0,60.949528,36.956467,48.64805,72.19898
946.5,60.956966,36.961563,48.657288,72.2036
947.0,60.964405,36.96666,48.666527,72.20822
947.5,60.971855,36.97176,48.67577,72.21286
948.0,60.9793,36.97686,48.685013,72.21748
948.5,60.986744,36.981968,48.694256,72.222115
949.0,60.994183,36.987072,48.7035,72.226746
949.5,61.001633,36.992188,48.71275,72.2314
950.0,61.00909,36.99731,48.722,72.23607
950.5,61.01655,37.002438,48.731262,72.24075
951.0,61.023987,37.00756,48.74051,72.2454
951.5,61.031418,37.012684,48.749752,72.25005
952.0,61.038845,37.017803,48.758995,72.2547
952.5,61.04626,37.02291,48.768227,72.259346
953.0,61.053665,37.028015,48.777454,72.26398
953.5,61.061035,37.033096,48.78666,72.268555
954.0,61.06838,37.03816,48.79583,72.27306
954.5,61.07571,37.043213,48.805,72.27757
955.0,61.08303,37.048256,48.81415,72.28204
955.5,61.090343,37.05329,48.823307,72.28654
956.0,61.097633,37.05831,48.832443,72.29098
956.5,61.104923,37.063328,48.84158,72.29542
957.0,61.112206,37.06834,48.85072,72.29985
957.5,61.11948,37.07335,48.859848,72.30426
958.0,61.126762,37.078365,48.868977,72.308685
958.5,61.134052,37.08339,48.878113,72.31312
959.0,61.141342,37.08842,48.88725,72.31756
959.5,61.148663,37.093468,48.89641,72.32207
960.0,61.155975,37.098522,48.90557,72.32657
960.5,61.163296,37.10359,48.91473,72.33107
961.0,61.17062,37.108658,48.923897,72.33559
961.5,61.17794,37.113728,48.933064,72.3401
962.0,61.185246,37.1188,48.94222,72.344604
962.5,61.192547,37.123875,48.951366,72.3491
963.0,61.199856,37.12895,48.96052,72.35361
963.5,61.207146,37.134014,48.969666,72.35809
964.0,61.214424,37.13906,48.978798,72.362564
964.5,61.221672,37.14409,48.987907,72.36699
965.0,61.228878,37.149086,48.996986,72.37135
965.5,61.236065,37.154064,49.006058,72.37568
966.0,61.243217,37.159016,49.0151,72.379944
966.5,61.25036,37.163956,49.024136,72.3842
967.0,61.25749,37.168884,49.033165,72.38844
967.5,61.26459,37.1738,49.04218,72.39265
968.0,61.2717,37.178722,49.051197,72.396866
968.5,61.278812,37.183647,49.060223,72.40109
969.0,61.285942,37.188587,49.06926,72.40536
969.5,61.29309,37.19355,49.078304,72.409645
970.0,61.300236,37.198513,49.087345,72.413925
970.5,61.307327,37.203426,49.09635,72.418106
971.0,61.31436,37.208282,49.10535,72.42227
971.5,61.32143,37.21318,49.11437,72.42649
972.0,61.328537,37.218113,49.1234,72.430756
972.5,61.33564,37.223053,49.13243,72.43501
973.0,61.34277,37.228012,49.14148,72.439316
973.5,61.34989,37.232975,49.15052,72.44361
974.0,61.357,37.23793,49.159546,72.44787
974.5,61.364098,37.242886,49.168564,72.45211
975.0,61.371178,37.247826,49.17756,72.456314
975.5,61.378242,37.25275,49.186546,72.460495
976.0,61.385284,37.257656,49.195515,72.46464
976.5,61.392307,37.262543,49.204464,72.46874
977.0,61.3993,37.267414,49.21339,72.4728
977.5,61.406265,37.272274,49.222298,72.47681
978.0,61.413258,37.277145,49.23122,72.48085
978.5,61.42023,37.282017,49.24013,72.48487
979.0,61.42723,37.286903,49.249058,72.48893
979.5,61.43422,37.291794,49.257977,72.49297
980.0,61.44122,37.296696,49.266903,72.49704
980.5,61.448242,37.301613,49.27585,72.50116
981.0,61.455257,37.30653,49.28479,72.505264
981.5,61.462284,37.31145,49.29374,72.5094
982.0,61.46931,37.316383,49.302692,72.51354
982.5,61.476326,37.32131,49.31164,72.51768
983.0,61.48334,37.326233,49.32059,72.52181
983.5,61.490364,37.331165,49.329548,72.52597
984.0,61.497368,37.336086,49.338497,72.530106
984.5,61.50434,37.34099,49.347427,72.534195
985.0,61.51129,37.345867,49.35634,72.53825
985.5,61.518204,37.350716,49.365227,72.54226
986.0,61.52508,37.355537,49.374092,72.546196
986.5,61.531933,37.360336,49.38293,72.550095
987.0,61.538773,37.36512,49.391766,72.55398
987.5,61.545574,37.36988,49.400562,72.55779
988.0,61.552376,37.37464,49.409363,72.56161
988.5,61.559166,37.379395,49.418156,72.565414
989.0,61.56596,37.384163,49.426952,72.56923
989.5,61.572777,37.388947,49.43577,72.5731
990.0,61.579597,37.39373,49.444584,72.576965
990.5,61.586426,37.39853,49.45341,72.58087
991.0,61.593254,37.403328,49.46223,72.584755
991.5,61.600082,37.40814,49.471058,72.58866
992.0,61.606926,37.41296,49.479897,72.5926
992.5,61.61376,37.417778,49.488728,72.59651
993.0,61.620594,37.422596,49.497555,72.600426
993.5,61.62741,37.42741,49.50637,72.60432
994.0,61.63423,37.43222,49.515198,72.60822
994.5,61.641037,37.437023,49.524014,72.612114
995.0,61.647827,37.44181,49.532825,72.61598
995.5,61.654587,37.446575,49.541615,72.619804
996.0,61.661346,37.451332,49.550407,72.62365
996.5,61.66808,37.45607,49.55918,72.62744
997.0,61.674797,37.460796,49.567944,72.631226
997.5,61.681484,37.465496,49.576683,72.63495
998.0,61.68816,37.470196,49.585407,72.63866
998.5,61.69482,37.474884,49.59412,72.642334
999.0,61.701466,37.479565,49.602818,72.64598
999.5,61.708103,37.484245,49.611515,72.64963
1000.0,61.714764,37.488945,49.62022,72.653305
1000.5,61.72142,37.493656,49.628925,72.65699
1001.0,61.728104,37.498383,49.63765,72.66071
1001.5,61.734783,37.503113,49.64637,72.66444
1002.0,61.741478,37.507854,49.655098,72.668175
1002.5,61.748184,37.51261,49.663837,72.67196
1003.0,61.754894,37.517372,49.672585,72.67574
1003.5,61.76159,37.522125,49.681316,72.679504
1004.0,61.768295,37.526886,49.690056,72.68328
1004.5,61.774994,37.531643,49.69879,72.68704
1005.0,61.781693,37.5364,49.707527,72.69081
1005.5,61.78837,37.541138,49.716244,72.69453
1006.0,61.795025,37.545864,49.724953,72.69823
1006.5,61.801674,37.55058,49.733654,72.701904
1007.0,61.808308,37.555286,49.742348,72.70556
1007.5,61.814903,37.55997,49.751015,72.709175
1008.0,61.82148,37.564636,49.759663,72.712746
1008.5,61.828033,37.569286,49.76829,72.71629
1009.0,61.834587,37.573936,49.77692,72.71983
1009.5,61.84114,37.578594,49.785553,72.723404
1010.0,61.8477,37.583256,49.79419,72.72698
1010.5,61.854248,37.587914,49.802814,72.730545
1011.0,61.860794,37.592575,49.811436,72.7341
1011.5,61.867344,37.59724,49.82006,72.73767
1012.0,61.873905,37.60192,49.82869,72.74126
1012.5,61.880474,37.60661,49.837326,72.74485
1013.0,61.887043,37.611298,49.845963,72.74845
1013.5,61.893623,37.61599,49.85461,72.752075
1014.0,61.90018,37.620674,49.863235,72.75566
1014.5,61.906727,37.625347,49.87186,72.759224
1015.0,61.913265,37.630016,49.88048,72.762794
1015.5,61.919792,37.634678,49.889095,72.76634
1016.0,61.926315,37.63934,49.897717,72.76989
1016.5,61.93283,37.64399,49.906322,72.77342
1017.0,61.939342,37.648632,49.91493,72.77695
1017.5,61.94583,37.653263,49.923523,72.78043
1018.0,61.952312,37.65789,49.932106,72.78392
1018.5,61.95879,37.66252,49.940685,72.7874
1019.0,61.965263,37.667152,49.949257,72.79087
1019.5,61.97173,37.671783,49.95782,72.79434
1020.0,61.97819,37.67641,49.966373,72.79779
1020.5,61.984653,37.68104,49.974922,72.80124
1021.0,61.99112,37.685688,49.983467,72.80468
1021.5,61.997593,37.690342,49.992016,72.80814
1022.0,62.00406,37.695,50.000553,72.81158
1022.5,62.010532,37.69967,50.009094,72.81503
1023.0,62.017025,37.70435,50.01765,72.8185
1023.5,62.02351,37.709026,50.026196,72.82197
1024.0,62.029984,37.713696,50.034744,72.825424
1024.5,62.03647,37.718372,50.043304,72.82892
1025.0,62.042927,37.723026,50.051846,72.83237
1025.5,62.049366,37.72766,50.060375,72.83577
1026.0,62.055798,37.732292,50.068897,72.83918
1026.5,62.06223,37.73692,50.077427,72.84259
1027.0,62.06864,37.74154,50.08595,72.845985
1027.5,62.07506,37.74616,50.09448,72.849396
1028.0,62.081455,37.750767,50.10299,72.85277
1028.5,62.087852,37.755375,50.111504,72.856155
1029.0,62.094242,37.759975,50.120014,72.85955
1029.5,62.10062,37.76457,50.128513,72.86293
1030.0,62.10696,37.769142,50.136982,72.86624
1030.5,62.113297,37.773712,50.145454,72.86956
1031.0,62.119614,37.77827,50.153904,72.87285
1031.5,62.125916,37.782818,50.162346,72.87611
1032.0,62.13221,37.78737,50.17078,72.87937
1032.5,62.13851,37.791924,50.179214,72.882645
1033.0,62.14481,37.796482,50.187653,72.88593
1033.5,62.151104,37.80104,50.196095,72.889206
1034.0,62.157406,37.8056,50.20454,72.8925
1034.5,62.163692,37.81015,50.212975,72.895775
1035.0,62.169975,37.814693,50.2214,72.89904
1035.5,62.176247,37.81923,50.229824,72.902275
1036.0,62.182503,37.823753,50.23824,72.9055
1036.5,62.188755,37.82827,50.246655,72.90872
1037.0,62.195004,37.832787,50.255066,72.91193
1037.5,62.201263,37.837307,50.26349,72.91518
1038.0,62.207508,37.841827,50.2719,72.918396
1038.5,62.21376,37.846344,50.28032,72.92164
1039.0,62.22,37.850864,50.28873,72.924866
1039.5,62.226242,37.85538,50.297142,72.92809
1040.0,62.23247,37.859898,50.305546,72.93131
1040.5,62.238693,37.864407,50.313942,72.93453
1041.0,62.244904,37.868916,50.32233,72.93773
1041.5,62.251102,37.873413,50.33071,72.94092
1042.0,62.25728,37.877903,50.339066,72.94406
1042.5,62.263443,37.882385,50.347412,72.94719
1043.0,62.269604,37.886868,50.355755,72.95032
1043.5,62.27575,37.89134,50.364082,72.95341
1044.0,62.281883,37.8958,50.372402,72.95648
1044.5,62.28801,37.900265,50.380726,72.95956
1045.0,62.29415,37.904736,50.389057,72.96266
1045.5,62.300278,37.909195,50.397385,72.965744
1046.0,62.30641,37.91365,50.405712,72.968834
1046.5,62.312542,37.91811,50.414043,72.97194
1047.0,62.318665,37.922558,50.422363,72.97502
1047.5,62.32478,37.92701,50.430687,72.97809
1048.0,62.330906,37.931465,50.43901,72.98119
1048.5,62.337048,37.935932,50.44735,72.984314
1049.0,62.34317,37.940395,50.455677,72.98741
1049.5,62.34929,37.94486,50.464005,72.99051
1050.0,62.355415,37.949326,50.472332,72.99362
1050.5,62.361546,37.9538,50.480663,72.99675
1051.0,62.367664,37.958275,50.488983,72.99986
1051.5,62.373775,37.96274,50.4973,73.00296
1052.0,62.37988,37.96721,50.505604,73.00604
1052.5,62.385975,37.971676,50.513893,73.00911
1053.0,62.392063,37.976135,50.52217,73.01215
1053.5,62.398155,37.980606,50.530445,73.0152
1054.0,62.404232,37.98507,50.53871,73.01823
1054.5,62.41031,37.989525,50.546974,73.02124
1055.0,62.416363,37.99397,50.55522,73.02422
1055.5,62.422413,37.99841,50.563465,73.0272
1056.0,62.428455,38.002842,50.571705,73.03016
1056.5,62.43449,38.00727,50.579937,73.033104
1057.0,62.440514,38.011692,50.588165,73.03604
1057.5,62.44654,38.01611,50.596397,73.03898
1058.0,62.452568,38.020535,50.60463,73.04192
1058.5,62.4586,38.02496,50.612865,73.044876
1059.0,62.46463,38.029392,50.621105,73.04784
1059.5,62.470673,38.033836,50.629353,73.05083
1060.0,62.47672,38.038284,50.637604,73.05382
1060.5,62.482758,38.04273,50.645847,73.05681
1061.0,62.48879,38.047176,50.65409,73.05979
1061.5,62.49482,38.051624,50.662334,73.06279
1062.0,62.50085,38.05608,50.67057,73.06578
1062.5,62.50689,38.060547,50.678814,73.068794
1063.0,62.512905,38.06499,50.687035,73.07176
1063.5,62.518894,38.069424,50.69523,73.07468
1064.0,62.52487,38.073845,50.70341,73.07757
1064.5,62.530846,38.078262,50.71159,73.08046
1065.0,62.536804,38.082676,50.719757,73.08332
1065.5,62.542744,38.08707,50.727898,73.08613
1066.0,62.54869,38.091473,50.736053,73.08896
1066.5,62.554623,38.095863,50.7442,73.091774
1067.0,62.56056,38.10025,50.752346,73.0946
1067.5,62.566494,38.10464,50.7605,73.097435
1068.0,62.572445,38.10904,50.76866,73.100296
1068.5,62.578373,38.113426,50.776817,73.103134
1069.0,62.584305,38.117813,50.784977,73.105995
1069.5,62.590225,38.122192,50.79313,73.10885
1070.0,62.59614,38.12657,50.801285,73.1117
1070.5,62.602066,38.130955,50.809456,73.11459
1071.0,62.60798,38.135334,50.81762,73.11747
1071.5,62.61389,38.139717,50.82578,73.120346
1072.0,62.619812,38.144104,50.833946,73.12324
1072.5,62.625706,38.148483,50.842094,73.1261
1073.0,62.631596,38.15286,50.850235,73.128944
1073.5,62.637466,38.15722,50.85836,73.13177
1074.0,62.643326,38.16157,50.866478,73.134575
1074.5,62.649155,38.165897,50.874573,73.13733
1075.0,62.654964,38.170208,50.88265,73.14007
1075.5,62.66076,38.174515,50.890713,73.14278
1076.0,62.66653,38.178795,50.89876,73.14545
1076.5,62.672295,38.18307,50.906807,73.14811
1077.0,62.67804,38.187336,50.91484,73.15074
1077.5,62.683792,38.191605,50.922882,73.1534
1078.0,62.68955,38.195877,50.93093,73.15607
1078.5,62.6953,38.200153,50.938976,73.15874
1079.0,62.70107,38.204437,50.947033,73.16144
1079.5,62.706833,38.208725,50.955086,73.16413
1080.0,62.712605,38.21302,50.963146,73.16683
1080.5,62.718372,38.21732,50.9712,73.169525
1081.0,62.724148,38.221626,50.97925,73.172226
1081.5,62.72993,38.22594,50.98731,73.174934
1082.0,62.735718,38.230263,50.99537,73.17765
1082.5,62.741516,38.234604,51.003437,73.180405
1083.0,62.747322,38.238945,51.011513,73.183174
1083.5,62.753105,38.243275,51.019573,73.185905
1084.0,62.75887,38.24759,51.027615,73.188614
1084.5,62.76462,38.251892,51.03565,73.1913
1085.0,62.770348,38.256176,51.04366,73.19395
1085.5,62.77604,38.26044,51.051647,73.19654
1086.0,62.781723,38.264683,51.05962,73.19912
1086.5,62.787376,38.268906,51.067585,73.20166
1087.0,62.79301,38.273113,51.075535,73.20418
1087.5,62.798626,38.277313,51.083477,73.20667
1088.0,62.804234,38.281506,51.091408,73.20915
1088.5,62.809837,38.285698,51.099342,73.21163
1089.0,62.815445,38.289898,51.10728,73.214134
1089.5,62.82104,38.29409,51.115215,73.21661
1090.0,62.826653,38.29829,51.123154,73.21911
1090.5,62.83226,38.302498,51.131092,73.22162
1091.0,62.83788,38.306705,51.139038,73.224144
1091.5,62.843506,38.31093,51.146996,73.2267
1092.0,62.84915,38.315166,51.154964,73.22929
1092.5,62.854797,38.319405,51.162933,73.23187
1093.0,62.860447,38.323647,51.17091,73.23449
1093.5,62.86608,38.32788,51.17887,73.237076
1094.0,62.871696,38.332104,51.186825,73.239624
1094.5,62.877308,38.336327,51.194775,73.24219
1095.0,62.882893,38.340523,51.2027,73.244705
1095.5,62.888466,38.344707,51.210625,73.247215
1096.0,62.894028,38.348885,51.21854,73.24972
1096.5,62.89956,38.353035,51.226425,73.25215
1097.0,62.905075,38.357178,51.2343,73.25457
1097.5,62.910576,38.361313,51.24216,73.25696
1098.0,62.916065,38.36544,51.250015,73.25934
1098.5,62.921547,38.369568,51.257866,73.26171
1099.0,62.927036,38.373695,51.265717,73.264084
1099.5,62.93252,38.377823,51.273567,73.26646
1100.0,62.93801,38.381966,51.281418,73.268845
1100.5,62.943512,38.386112,51.28928,73.271255
1101.0,62.94902,38.39027,51.297142,73.273674
1101.5,62.95453,38.394432,51.305,73.2761
1102.0,62.960064,38.398613,51.31289,73.27857
1102.5,62.965614,38.40281,51.320778,73.28106
1103.0,62.97117,38.407013,51.32868,73.28357
1103.5,62.976723,38.411217,51.336582,73.286095
1104.0,62.982273,38.415417,51.34448,73.288605
1104.5,62.987812,38.419605,51.352364,73.29111
1105.0,62.993324,38.423775,51.360237,73.293564
1105.5,62.998814,38.427925,51.368095,73.29599
1106.0,63.004284,38.43206,51.37594,73.29839
1106.5,63.009747,38.436188,51.383774,73.30079
1107.0,63.015167,38.44029,51.391582,73.30313
1107.5,63.02058,38.444378,51.399387,73.305466
1108.0,63.025963,38.448452,51.407158,73.30773
1108.5,63.031326,38.452515,51.414917,73.309975
1109.0,63.036697,38.456585,51.42268,73.312225
1109.5,63.042088,38.46067,51.430458,73.314514
1110.0,63.047474,38.464752,51.43823,73.316795
1110.5,63.052864,38.46884,51.446003,73.319084
1111.0,63.05826,38.47294,51.45379,73.321396
1111.5,63.063663,38.477047,51.46157,73.32371
1112.0,63.06907,38.48116,51.469357,73.32603
1112.5,63.074474,38.48528,51.47714,73.32835
1113.0,63.07988,38.489403,51.484924,73.33067
1113.5,63.08529,38.493523,51.49271,73.33299
1114.0,63.090706,38.49765,51.5005,73.33533
1114.5,63.09611,38.50177,51.508286,73.33765
1115.0,63.101505,38.505882,51.516064,73.339966
1115.5,63.106888,38.509983,51.523834,73.342255
1116.0,63.112247,38.51407,51.53159,73.34451
1116.5,63.117607,38.51815,51.539345,73.34679
1117.0,63.122948,38.522217,51.547085,73.34904
1117.5,63.128273,38.526276,51.554817,73.35128
1118.0,63.133575,38.530315,51.562523,73.35347
1118.5,63.13886,38.534344,51.570217,73.355644
1119.0,63.14413,38.53836,51.577904,73.35779
1119.5,63.149387,38.542374,51.58557,73.35991
1120.0,63.154644,38.54639,51.593243,73.36204
1120.5,63.15991,38.550415,51.60092,73.364174
1121.0,63.165195,38.55446,51.608616,73.36636
1121.5,63.170494,38.558506,51.61632,73.368576
1122.0,63.175797,38.562565,51.62403,73.37081
1122.5,63.181107,38.566635,51.631744,73.37305
1123.0,63.186424,38.570705,51.63946,73.37531
1123.5,63.191734,38.574776,51.64718,73.37757
1124.0,63.19705,38.578842,51.654892,73.37982
1124.5,63.20233,38.58289,51.66259,73.38203
1125.0,63.207638,38.586952,51.6703,73.38427
1125.5,63.21292,38.590996,51.677998,73.38647
1126.0,63.218193,38.595036,51.68569,73.388664
1126.5,63.22345,38.599068,51.693367,73.39084
1127.0,63.22871,38.603096,51.701046,73.39302
1127.5,63.23394,38.60711,51.70871,73.39517
1128.0,63.239143,38.611103,51.71635,73.39727
1128.5,63.244343,38.615086,51.723988,73.39937
1129.0,63.249516,38.61906,51.731606,73.401436
1129.5,63.254677,38.623024,51.73921,73.40348
1130.0,63.259834,38.626984,51.74681,73.405525
1130.5,63.264977,38.63094,51.7544,73.40754
1131.0,63.27014,38.634907,51.761997,73.40959
1131.5,63.27529,38.63887,51.769592,73.41163
1132.0,63.280434,38.64284,51.77718,73.413666
1132.5,63.28559,38.64682,51.78478,73.41572
1133.0,63.290756,38.650806,51.79238,73.41781
1133.5,63.295937,38.654797,51.8,73.41992
1134.0,63.301105,38.658783,51.807613,73.42201
1134.5,63.306267,38.66276,51.815216,73.424095
1135.0,63.31141,38.666733,51.82281,73.42615
1135.5,63.31656,38.6707,51.83041,73.42821
1136.0,63.321697,38.674664,51.837994,73.43024
1136.5,63.326824,38.678627,51.84557,73.43225
1137.0,63.331955,38.68259,51.85315,73.43428
1137.5,63.337082,38.686546,51.860725,73.4363
1138.0,63.3422,38.690506,51.8683,73.43833
1138.5,63.34731,38.69445,51.875866,73.44034
1139.0,63.352406,38.69839,51.883423,73.44234
1139.5,63.357483,38.702316,51.890965,73.4443
1140.0,63.36255,38.706234,51.89849,73.44626
1140.5,63.36759,38.71014,51.906002,73.448166
1141.0,63.372646,38.714058,51.913517,73.45011
1141.5,63.377697,38.71797,51.92103,73.45205
1142.0,63.382755,38.7219,51.92855,73.45402
1142.5,63.3878,38.72582,51.93606,73.455956
1143.0,63.39283,38.729736,51.943558,73.45786
1143.5,63.397873,38.733658,51.95106,73.45979
1144.0,63.402927,38.737587,51.95858,73.46176
1144.5,63.407974,38.74151,51.966095,73.46372
1145.0,63.413013,38.745422,51.9736,73.46566
1145.5,63.418053,38.749332,51.98111,73.467606
1146.0,63.423084,38.753242,51.988613,73.469536
1146.5,63.42811,38.75714,51.996113,73.47145
1147.0,63.433147,38.76105,52.003624,73.4734
1147.5,63.43818,38.76496,52.011127,73.47533
1148.0,63.443195,38.76886,52.018623,73.47724
1148.5,63.448208,38.77276,52.026115,73.479164
1149.0,63.45321,38.77665,52.033596,73.481064
1149.5,63.458206,38.780537,52.041077,73.48297
1150.0,63.463203,38.784428,52.048565,73.4849
1150.5,63.4682,38.78831,52.056046,73.48683
1151.0,63.47317,38.792183,52.0635,73.48871
1151.5,63.47813,38.79605,52.070946,73.49057
1152.0,63.48307,38.79991,52.078373,73.4924
1152.5,63.488007,38.803776,52.0858,73.494225
1153.0,63.492954,38.807648,52.09323,73.49607
1153.5,63.497902,38.811523,52.100666,73.49792
1154.0,63.50285,38.815395,52.108097,73.49977
1154.5,63.50779,38.819267,52.115524,73.50162
1155.0,63.51273,38.823128,52.12295,73.503456
1155.5,63.51766,38.82698,52.13037,73.50529
1156.0,63.52259,38.830833,52.1378,73.507126
1156.5,63.52752,38.834686,52.145218,73.50896
1157.0,63.53244,38.83853,52.15264,73.51078
1157.5,63.537346,38.842373,52.16004,73.51257
1158.0,63.54224,38.846214,52.16744,73.514336
1158.5,63.547146,38.850056,52.174843,73.51612
1159.0,63.55207,38.853912,52.182262,73.51795
1159.5,63.556976,38.85776,52.189667,73.519745
1160.0,63.561882,38.86161,52.197067,73.52155
1160.5,63.56679,38.86546,52.20448,73.5234
1161.0,63.571693,38.869305,52.211876,73.52522
1161.5,63.57658,38.873142,52.21926,73.52703
1162.0,63.581455,38.876976,52.22663,73.528824
1162.5,63.586323,38.88081,52.234,73.53061
1163.0,63.591187,38.88464,52.241367,73.532394
1163.5,63.59604,38.888462,52.248722,73.53414
1164.0,63.60088,38.89228,52.256073,73.53588
1164.5,63.605713,38.89609,52.263416,73.537605
1165.0,63.610546,38.8999,52.27076,73.53934
1165.5,63.61537,38.903698,52.278095,73.541046
1166.0,63.620186,38.907494,52.285427,73.54275
1166.5,63.625008,38.91129,52.292763,73.544464
1167.0,63.629818,38.91508,52.30009,73.54615
1167.5,63.63464,38.918877,52.307423,73.54787
1168.0,63.63946,38.922676,52.31476,73.54958
1168.5,63.64429,38.926483,52.322094,73.5513
1169.0,63.649124,38.930294,52.329433,73.55303
1169.5,63.653976,38.934124,52.33679,73.55481
1170.0,63.65882,38.937954,52.34414,73.556564
1170.5,63.663662,38.941784,52.351475,73.55831
1171.0,63.668495,38.945614,52.358807,73.56006
1171.5,63.673313,38.949432,52.366127,73.56178
1172.0,63.678116,38.953247,52.37343,73.56348
1172.5,63.682915,38.957058,52.380722,73.56517
1173.0,63.687717,38.960873,52.38802,73.56687
1173.5,63.692505,38.964672,52.3953,73.56855
1174.0,63.697277,38.968464,52.40258,73.57023
1174.5,63.702045,38.972256,52.40986,73.5719
1175.0,63.706802,38.976036,52.41712,73.57355
1175.5,63.71156,38.97981,52.424397,73.5752
1176.0,63.716297,38.98357,52.431656,73.576836
1176.5,63.721024,38.98732,52.438908,73.57845
1177.0,63.725758,38.991074,52.446167,73.58009
1177.5,63.73049,38.99482,52.45343,73.58173
1178.0,63.735218,38.99856,52.46069,73.583374
1178.5,63.739933,39.002304,52.46794,73.58499
1179.0,63.744663,39.006054,52.47521,73.58664
1179.5,63.74939,39.009808,52.482468,73.58828
1180.0,63.754124,39.013565,52.489735,73.58994
1180.5,63.75885,39.017323,52.496994,73.59159
1181.0,63.763573,39.021084,52.504253,73.59324
1181.5,63.7683,39.02485,52.511513,73.59491
1182.0,63.773006,39.02861,52.51876,73.59656
1182.5,63.777702,39.032356,52.525997,73.59819
1183.0,63.782387,39.0361,52.533222,73.5998
1183.5,63.787056,39.03982,52.540432,73.601395
1184.0,63.79171,39.043537,52.547634,73.60297
1184.5,63.796352,39.047245,52.55482,73.604515
1185.0,63.80098,39.050938,52.561996,73.606026
1185.5,63.80559,39.05462,52.569168,73.60752
1186.0,63.8102,39.058296,52.57634,73.609024
1186.5,63.814808,39.061974,52.58351,73.610535
1187.0,63.81941,39.065647,52.590675,73.61202
1187.5,63.824005,39.06932,52.59783,73.6135
1188.0,63.828598,39.07299,52.604992,73.614975
1188.5,63.833202,39.076664,52.61215,73.61647
1189.0,63.837803,39.08034,52.61931,73.61796
1189.5,63.842403,39.084026,52.626465,73.619446
1190.0,63.84703,39.087723,52.633644,73.62099
1190.5,63.851665,39.091434,52.64083,73.62255
1191.0,63.856304,39.09515,52.648018,73.62413
1191.5,63.860947,39.098873,52.655212,73.62572
1192.0,63.865597,39.1026,52.662415,73.62734
1192.5,63.87023,39.106323,52.669598,73.62893
1193.0,63.87486,39.11004,52.67678,73.63052
1193.5,63.87946,39.11374,52.683937,73.63207
1194.0,63.884045,39.117424,52.69108,73.63359
1194.5,63.888622,39.121098,52.69821,73.63511
1195.0,63.89319,39.12476,52.705338,73.63659
1195.5,63.897736,39.12841,52.71245,73.63804
1196.0,63.90226,39.132053,52.719532,73.63945
1196.5,63.906776,39.13569,52.726616,73.64084
1197.0,63.91131,39.139336,52.733707,73.64225
1197.5,63.915844,39.142982,52.7408,73.64367
1198.0,63.920383,39.146637,52.7479,73.6451
1198.5,63.924927,39.150295,52.754997,73.64654
1199.0,63.929443,39.153942,52.762077,73.647934
1199.5,63.933975,39.157597,52.769173,73.64937
1200.0,63.93851,39.161255,52.776264,73.6508
1200.5,63.94304,39.164906,52.78336,73.65223
1201.0,63.947575,39.16857,52.79046,73.65368
1201.5,63.952126,39.17225,52.79757,73.65517
1202.0,63.956665,39.175926,52.804672,73.65665
1202.5,63.96122,39.179607,52.81179,73.65816
1203.0,63.965755,39.18328,52.818893,73.659645
1203.5,63.97029,39.186954,52.825993,73.66113
1204.0,63.974815,39.19062,52.83308,73.662605
1204.5,63.97932,39.194275,52.84015,73.664055
1205.0,63.983814,39.197918,52.847206,73.66547
1205.5,63.98828,39.20154,52.85424,73.666824
1206.0,63.992725,39.20515,52.861256,73.66815
1206.5,63.99716,39.208748,52.868263,73.669464
1207.0,64.001595,39.212345,52.875275,73.67078
1207.5,64.00603,39.215942,52.88227,73.672066
1208.0,64.01046,39.219547,52.889275,73.67337
1208.5,64.01491,39.22316,52.89629,73.6747
1209.0,64.01936,39.226772,52.903313,73.67604
1209.5,64.02382,39.230392,52.910336,73.67741
1210.0,64.02828,39.234013,52.917355,73.678764
1210.5,64.03274,39.237637,52.92438,73.680145
1211.0,64.0372,39.241264,52.931416,73.68154
1211.5,64.04168,39.244904,52.938454,73.68296
1212.0,64.04617,39.248554,52.94552,73.68443
1212.5,64.05066,39.252205,52.952583,73.68591
1213.0,64.05513,39.255844,52.959625,73.68736
1213.5,64.05958,39.259468,52.96666,73.688774
1214.0,64.06401,39.263077,52.973675,73.690155
1214.5,64.06843,39.266674,52.980686,73.69153
1215.0,64.072815,39.270245,52.98767,73.692856
1215.5,64.07718,39.273804,52.994644,73.69416
1216.0,64.08152,39.27734,53.001595,73.69541
1216.5,64.08585,39.280865,53.008537,73.696655
1217.0,64.09015,39.28437,53.015453,73.69783
1217.5,64.09445,39.287876,53.022373,73.69903
1218.0,64.09875,39.291378,53.029285,73.70021
1218.5,64.10305,39.294888,53.036205,73.70141
1219.0,64.10736,39.298405,53.043133,73.70262
1219.5,64.11168,39.301933,53.05006,73.70384
1220.0,64.11602,39.30548,53.056995,73.7051
1220.5,64.12037,39.30904,53.063942,73.706375
1221.0,64.124725,39.312607,53.070885,73.70765
1221.5,64.1291,39.316185,53.077835,73.708954
1222.0,64.13348,39.319782,53.084797,73.71027
1222.5,64.13788,39.323387,53.09177,73.71164
1223.0,64.142265,39.326992,53.098743,73.71299
1223.5,64.14667,39.3306,53.105724,73.71437
1224.0,64.15104,39.334194,53.112686,73.71571
1224.5,64.1554,39.33777,53.119637,73.717026
1225.0,64.15973,39.341324,53.126568,73.7183
1225.5,64.16403,39.344856,53.13348,73.719536
1226.0,64.168304,39.348366,53.140373,73.72073
1226.5,64.17255,39.35185,53.147243,73.72189
1227.0,64.17678,39.35532,53.154106,73.72303
1227.5,64.180984,39.358772,53.160942,73.72412
1228.0,64.18517,39.36222,53.16777,73.7252
1228.5,64.18936,39.365665,53.1746,73.726265
1229.0,64.19356,39.369118,53.181435,73.72736
1229.5,64.19776,39.372574,53.18827,73.72847
1230.0,64.201965,39.37604,53.195107,73.72958
1230.5,64.20619,39.37952,53.201954,73.73073
1231.0,64.21044,39.383026,53.20882,73.73191
1231.5,64.21471,39.386543,53.215687,73.73311
1232.0,64.218994,39.39008,53.22258,73.73436
1232.5,64.2233,39.393627,53.22947,73.73562
1233.0,64.22759,39.39718,53.23636,73.736885
1233.5,64.231895,39.400738,53.243256,73.73815
1234.0,64.2362,39.4043,53.250153,73.739426
1234.5,64.24049,39.407845,53.257042,73.74069
1235.0,64.24477,39.411377,53.26392,73.74193
1235.5,64.24902,39.414894,53.270786,73.74314
1236.0,64.25327,39.418396,53.27764,73.74434
1236.5,64.2575,39.421886,53.284485,73.74552
1237.0,64.26172,39.425365,53.29132,73.7467
1237.5,64.2659,39.42882,53.298126,73.74781
1238.0,64.270065,39.432262,53.304916,73.748886
1238.5,64.274216,39.435696,53.311695,73.74994
1239.0,64.27836,39.439125,53.318466,73.750984
1239.5,64.282486,39.442547,53.32523,73.75201
1240.0,64.28663,39.445972,53.33201,73.75307
1240.5,64.29077,39.449406,53.33879,73.75415
1241.0,64.294914,39.452847,53.345573,73.75525
1241.5,64.29906,39.456284,53.352356,73.75634
1242.0,64.303215,39.459732,53.359146,73.757454
1242.5,64.307365,39.463184,53.365932,73.75857
1243.0,64.31154,39.46665,53.37274,73.75972
1243.5,64.31572,39.47012,53.379555,73.760895
1244.0,64.319885,39.47358,53.386353,73.76204
1244.5,64.32404,39.477036,53.39315,73.76317
1245.0,64.3282,39.480488,53.399944,73.7643
1245.5,64.332344,39.48393,53.406734,73.76541
1246.0,64.33648,39.487362,53.413517,73.76652
1246.5,64.340576,39.490776,53.420277,73.76757
1247.0,64.344666,39.49417,53.42702,73.768616
1247.5,64.34875,39.49756,53.433765,73.76965
1248.0,64.3528,39.50093,53.440483,73.770645
1248.5,64.35684,39.504288,53.447186,73.771614
1249.0,64.360855,39.507633,53.45387,73.772545
1249.5,64.36487,39.510975,53.46055,73.77346
1250.0,64.368866,39.514313,53.46722,73.77436
1250.5,64.372894,39.51767,53.473907,73.775314
1251.0,64.376915,39.521027,53.480595,73.77627
1251.5,64.38096,39.524406,53.4873,73.77727
1252.0,64.38501,39.52779,53.494007,73.778275
1252.5,64.38906,39.531178,53.500717,73.7793
1253.0,64.39311,39.534573,53.50743,73.78032
1253.5,64.39717,39.537968,53.514145,73.78136
1254.0,64.40123,39.54136,53.52086,73.78239
1254.5,64.40529,39.544754,53.527576,73.78343
1255.0,64.409355,39.548145,53.534298,73.784485
1255.5,64.413414,39.551533,53.54101,73.78552
1256.0,64.41744,39.55491,53.54771,73.78653
1256.5,64.42147,39.558273,53.554398,73.78751
1257.0,64.425476,39.561634,53.561073,73.78847
1257.5,64.429474,39.564983,53.567738,73.7894
1258.0,64.433464,39.568325,53.574394,73.79033
1258.5,64.43745,39.571663,53.58104,73.791245
1259.0,64.44141,39.574986,53.58767,73.79213
1259.5,64.44537,39.57831,53.594296,73.79302
1260.0,64.449326,39.58163,53.600914,73.793884
1260.5,64.45328,39.584957,53.60753,73.79476
1261.0,64.45723,39.588284,53.61414,73.79562
1261.5,64.461174,39.59162,53.62075,73.7965
1262.0,64.46514,39.59497,53.627373,73.79739
1262.5,64.46912,39.598324,53.634,73.798325
1263.0,64.4731,39.60169,53.640633,73.79926
1263.5,64.47709,39.605053,53.647266,73.80021
1264.0,64.48109,39.60843,53.653915,73.80118
1264.5,64.485085,39.611797,53.660553,73.80214
1265.0,64.489075,39.61516,53.667187,73.803085
1265.5,64.49309,39.618538,53.67384,73.80408
1266.0,64.49706,39.6219,53.680473,73.80501
1266.5,64.50106,39.625263,53.687115,73.80598
1267.0,64.50504,39.62862,53.69375,73.80693
1267.5,64.50902,39.631973,53.70037,73.80786
1268.0,64.51298,39.63531,53.706993,73.80879
1268.5,64.5169,39.63863,53.71359,73.80968
1269.0,64.520805,39.64193,53.72017,73.810524
1269.5,64.52468,39.645203,53.726723,73.811325
1270.0,64.528534,39.648468,53.73326,73.812096
1270.5,64.53238,39.651726,53.73979,73.81286
1271.0,64.536224,39.65499,53.746326,73.81363
1271.5,64.540085,39.658264,53.752865,73.81442
1272.0,64.54394,39.661537,53.759403,73.81522
1272.5,64.5478,39.66482,53.765945,73.81605
1273.0,64.55167,39.668102,53.7725,73.81689
1273.5,64.55555,39.671394,53.77906,73.81776
1274.0,64.559425,39.674683,53.785618,73.8186
1274.5,64.5633,39.677967,53.79217,73.819466
1275.0,64.56716,39.68124,53.798717,73.8203
1275.5,64.571014,39.684513,53.805264,73.82113
1276.0,64.57487,39.68778,53.811802,73.82194
1276.5,64.578705,39.691032,53.81833,73.82272
1277.0,64.582535,39.694286,53.82486,73.82352
1277.5,64.586365,39.697533,53.83138,73.824295
1278.0,64.590195,39.700783,53.837906,73.82508
1278.5,64.594,39.704018,53.844418,73.82584
1279.0,64.59779,39.70725,53.850918,73.8266
1279.5,64.601585,39.710472,53.857414,73.82735
1280.0,64.605354,39.713688,53.863895,73.82807
1280.5,64.60912,39.7169,53.87037,73.8288
1281.0,64.61288,39.720108,53.87683,73.82948
1281.5,64.61664,39.72332,53.883297,73.83021
1282.0,64.62039,39.72653,53.88975,73.83091
1282.5,64.624146,39.72974,53.896206,73.83161
1283.0,64.6279,39.732952,53.90266,73.832306
1283.5,64.63167,39.73618,53.90913,73.833046
1284.0,64.635445,39.739407,53.915607,73.83381
1284.5,64.63922,39.742634,53.92208,73.83457
1285.0,64.643005,39.74586,53.928555,73.835335
1285.5,64.64678,39.74909,53.935028,73.8361
1286.0,64.65056,39.752316,53.941494,73.836845
1286.5,64.65433,39.755543,53.947956,73.83757
1287.0,64.65809,39.75876,53.954403,73.83827
1287.5,64.66186,39.761982,53.96086,73.83898
1288.0,64.665634,39.76521,53.967327,73.83972
1288.5,64.6694,39.768436,53.97378,73.84045
1289.0,64.67317,39.771664,53.980236,73.84117
1289.5,64.67695,39.7749,53.986694,73.84192
1290.0,64.68071,39.778126,53.99314,73.84266
1290.5,64.68446,39.781345,53.99958,73.84338
1291.0,64.6882,39.78456,54.006012,73.8441
1291.5,64.691925,39.78776,54.012417,73.84478
1292.0,64.69565,39.790962,54.018826,73.84547
1292.5,64.69937,39.79417,54.025234,73.84615
1293.0,64.703094,39.79738,54.03164,73.846855
1293.5,64.70682,39.800583,54.038048,73.84754
1294.0,64.710526,39.803783,54.044445,73.84821
1294.5,64.71424,39.80699,54.050846,73.8489
1295.0,64.71797,39.810204,54.05725,73.849594
1295.5,64.7217,39.813416,54.06366,73.85029
1296.0,64.725426,39.816624,54.070057,73.85096
1296.5,64.72914,39.819828,54.07645,73.85162
1297.0,64.732864,39.82303,54.08284,73.85229
1297.5,64.73657,39.82622,54.089226,73.85292
1298.0,64.74029,39.82943,54.095615,73.85358
1298.5,64.74401,39.832645,54.10201,73.85425
1299.0,64.74775,39.83587,54.108418,73.85495
1299.5,64.75148,39.83909,54.11482,73.85566
1300.0,64.7552,39.842308,54.12121,73.85634
1300.5,64.75892,39.845528,54.127598,73.857025
1301.0,64.76262,39.848736,54.13397,73.85768
1301.5,64.76633,39.851944,54.140343,73.85835
1302.0,64.77002,39.85515,54.146706,73.859024
1302.5,64.7737,39.858337,54.153053,73.859665
1303.0,64.77736,39.86152,54.15939,73.860275
1303.5,64.78102,39.864697,54.165737,73.860916
1304.0,64.784676,39.867867,54.17208,73.86155
1304.5,64.78831,39.871017,54.17841,73.86215
1305.0,64.79193,39.874165,54.184734,73.862755
1305.5,64.79553,39.87729,54.191048,73.86333
1306.0,64.79913,39.880405,54.197357,73.86389
1306.5,64.80273,39.88352,54.203667,73.86444
1307.0,64.80631,39.886623,54.209972,73.865005
1307.5,64.80989,39.88972,54.216267,73.865524
1308.0,64.81348,39.892826,54.222572,73.86607
1308.5,64.81707,39.89594,54.228886,73.86664
1309.0,64.82067,39.899063,54.235195,73.86722
1309.5,64.82428,39.9022,54.24151,73.86779
1310.0,64.8279,39.90535,54.247833,73.868416
1310.5,64.83153,39.908504,54.25415,73.86903
1311.0,64.83515,39.911663,54.260468,73.86965
1311.5,64.83877,39.91482,54.266773,73.87026
1312.0,64.84239,39.91798,54.273087,73.8709
1312.5,64.84601,39.92114,54.279392,73.87153
1313.0,64.849625,39.924286,54.285694,73.87215
1313.5,64.85321,39.92742,54.29197,73.87273
1314.0,64.85679,39.930553,54.29824,73.87329
1314.5,64.86036,39.933674,54.304504,73.87384
1315.0,64.8639,39.93678,54.310753,73.874344
1315.5,64.86742,39.939865,54.316986,73.87482
1316.0,64.87093,39.94294,54.323215,73.87528
1316.5,64.87444,39.946003,54.32945,73.87577
1317.0,64.87794,39.94905,54.33567,73.87623
1317.5,64.881424,39.95209,54.34189,73.87668
1318.0,64.88491,39.95513,54.348118,73.877144
1318.5,64.8884,39.958168,54.354347,73.87762
1319.0,64.89189,39.96121,54.360573,73.8781
1319.5,64.8954,39.964268,54.366814,73.8786
1320.0,64.898926,39.967346,54.373074,73.87916
1320.5,64.90246,39.970432,54.379333,73.87972
1321.0,64.906,39.973522,54.385597,73.8803
1321.5,64.90952,39.976612,54.39185,73.88087
1322.0,64.91305,39.9797,54.398094,73.88143
1322.5,64.91656,39.982777,54.40433,73.88198
1323.0,64.920044,39.985836,54.41054,73.882484
1323.5,64.92352,39.98889,54.41675,73.882996
1324.0,64.926994,39.991936,54.42295,73.88349
1324.5,64.93045,39.994972,54.429142,73.88397
1325.0,64.933876,39.997982,54.435314,73.8844
1325.5,64.93729,40.000977,54.441475,73.8848
1326.0,64.94069,40.003963,54.44763,73.88521
1326.5,64.944084,40.00694,54.453785,73.88558
1327.0,64.947495,40.00992,54.459953,73.88601
1327.5,64.950874,40.012886,54.4661,73.88638
1328.0,64.954254,40.015846,54.472244,73.88676
1328.5,64.957634,40.01881,54.47839,73.88714
1329.0,64.96103,40.021786,54.48454,73.88754
1329.5,64.964424,40.02477,54.490696,73.88795
1330.0,64.967834,40.027767,54.496853,73.88837
1330.5,64.97126,40.03078,54.503036,73.88885
1331.0,64.9747,40.033806,54.509224,73.88934
1331.5,64.97814,40.03683,54.51541,73.889854
1332.0,64.98157,40.039852,54.521584,73.89034
1332.5,64.985,40.04288,54.527767,73.89085
1333.0,64.98843,40.0459,54.53394,73.89135
1333.5,64.99183,40.048904,54.540092,73.891815
1334.0,64.995224,40.051895,54.54623,73.89226
1334.5,64.99859,40.05487,54.552345,73.89265
1335.0,65.001915,40.057823,54.558434,73.89296
1335.5,65.00524,40.060772,54.56451,73.89327
1336.0,65.008545,40.0637,54.57057,73.89354
1336.5,65.011856,40.06663,54.57664,73.89383
1337.0,65.01517,40.06956,54.58271,73.894104
1337.5,65.01846,40.072487,54.588764,73.89436
1338.0,65.021774,40.075417,54.594826,73.89464
1338.5,65.02509,40.078354,54.6009,73.89494
1339.0,65.028404,40.08129,54.606968,73.89524
1339.5,65.03173,40.08424,54.61305,73.89556
1340.0,65.03507,40.0872,54.61913,73.8959
1340.5,65.03842,40.09017,54.625217,73.896255
1341.0,65.04179,40.09317,54.63132,73.89665
1341.5,65.045166,40.096176,54.63744,73.89708
1342.0,65.04855,40.09919,54.64356,73.89753
1342.5,65.051926,40.1022,54.649662,73.89794
1343.0,65.055305,40.105213,54.655766,73.89837
1343.5,65.058685,40.10823,54.66187,73.898796
1344.0,65.06206,40.11124,54.66796,73.899216
1344.5,65.0654,40.11422,54.67403,73.89958
1345.0,65.06871,40.117172,54.680073,73.899895
1345.5,65.072,40.120106,54.686104,73.900185
1346.0,65.07527,40.12302,54.69212,73.90044
1346.5,65.07853,40.125916,54.698128,73.90067
1347.0,65.08175,40.12879,54.704105,73.90083
1347.5,65.08497,40.131668,54.710094,73.90103
1348.0,65.08819,40.13454,54.716087,73.90123
1348.5,65.09142,40.13742,54.722088,73.90146
1349.0,65.094666,40.14031,54.728096,73.90172
1349.5,65.09791,40.143196,54.734104,73.90198
1350.0,65.10117,40.1461,54.74013,73.90228
1350.5,65.104454,40.149025,54.74617,73.90261
1351.0,65.10774,40.15196,54.7522,73.90295
1351.5,65.111046,40.154907,54.758255,73.903336
1352.0,65.11436,40.157864,54.764313,73.903725
1352.5,65.11766,40.16082,54.770363,73.904106
1353.0,65.12096,40.16378,54.776413,73.904495
1353.5,65.12425,40.16673,54.782463,73.90489
1354.0,65.12751,40.16965,54.788475,73.9052
1354.5,65.130745,40.172554,54.79447,73.90549
1355.0,65.13396,40.175438,54.80045,73.90573
1355.5,65.13715,40.178307,54.806416,73.90595
1356.0,65.14033,40.181152,54.81236,73.90612
1356.5,65.14347,40.18398,54.818283,73.90626
1357.0,65.14662,40.18681,54.82421,73.906395
1357.5,65.14978,40.189644,54.830135,73.90655
1358.0,65.15294,40.19248,54.83606,73.906685
1358.5,65.1561,40.19532,54.841984,73.90684
1359.0,65.15926,40.198177,54.847916,73.907005
1359.5,65.16245,40.201046,54.853855,73.9072
1360.0,65.16567,40.203938,54.85981,73.90743
1360.5,65.1689,40.206844,54.865772,73.907684
1361.0,65.17216,40.209774,54.87175,73.90799
1361.5,65.17542,40.212723,54.87774,73.908325
1362.0,65.17872,40.215694,54.883747,73.90871
1362.5,65.18202,40.218674,54.889763,73.9091
1363.0,65.18533,40.221657,54.895775,73.90951
1363.5,65.18863,40.22463,54.901783,73.909904
1364.0,65.19191,40.227592,54.907787,73.910286
1364.5,65.19516,40.230526,54.913757,73.9106
1365.0,65.19839,40.23344,54.919712,73.91089
1365.5,65.20159,40.23633,54.925663,73.911156
1366.0,65.20477,40.239193,54.931587,73.91138
1366.5,65.20792,40.242035,54.93749,73.911545
1367.0,65.211044,40.244858,54.94337,73.91169
1367.5,65.21415,40.24767,54.949234,73.91179
1368.0,65.21726,40.25048,54.95511,73.91191
1368.5,65.22038,40.2533,54.960995,73.91207
1369.0,65.223495,40.25611,54.966873,73.91222
1369.5,65.22659,40.25892,54.972744,73.912346
1370.0,65.22971,40.26174,54.978626,73.91251
1370.5,65.232834,40.264572,54.984516,73.9127
1371.0,65.23597,40.267414,54.990417,73.91291
1371.5,65.239105,40.270256,54.99632,73.91313
1372.0,65.24225,40.27311,55.002224,73.91338
1372.5,65.24539,40.275963,55.008133,73.913635
1373.0,65.24854,40.278828,55.01405,73.91392
1373.5,65.25169,40.281685,55.01997,73.914185
1374.0,65.254814,40.28452,55.025875,73.91443
1374.5,65.25791,40.28734,55.031765,73.91464
1375.0,65.26099,40.29013,55.037636,73.91481
1375.5,65.26406,40.29291,55.0435,73.91498
1376.0,65.26708,40.29566,55.04933,73.91506
1376.5,65.27008,40.298386,55.05514,73.915115
1377.0,65.273056,40.301094,55.060936,73.91513
1377.5,65.27602,40.30379,55.066715,73.91514
1378.0,65.27897,40.30648,55.072487,73.915115
1378.5,65.281906,40.309162,55.07825,73.915085
1379.0,65.28487,40.311863,55.08403,73.9151
1379.5,65.28782,40.314564,55.089806,73.9151
1380.0,65.290794,40.317284,55.095596,73.91514
1380.5,65.293785,40.320007,55.101387,73.91521
1381.0,65.29678,40.32275,55.107193,73.915306
1381.5,65.29981,40.325512,55.113018,73.91544
1382.0,65.30284,40.328285,55.118847,73.9156
1382.5,65.30588,40.331062,55.124676,73.91577
1383.0,65.308914,40.33384,55.130505,73.91593
1383.5,65.31196,40.336624,55.136345,73.91612
1384.0,65.31499,40.339394,55.142178,73.91628
1384.5,65.318,40.342155,55.147987,73.91641
1385.0,65.32101,40.344906,55.153805,73.91655
1385.5,65.324005,40.34764,55.159603,73.91665
1386.0,65.32698,40.35036,55.165386,73.91672
1386.5,65.329926,40.35306,55.17115,73.916756
1387.0,65.33286,40.355755,55.176903,73.91677
1387.5,65.335785,40.358433,55.182636,73.916756
1388.0,65.3387,40.361107,55.188362,73.91673
1388.5,65.341606,40.363773,55.19408,73.91669
1389.0,65.3445,40.36644,55.19979,73.91663
1389.5,65.3474,40.369106,55.2055,73.91659
1390.0,65.350296,40.37178,55.211216,73.91656
1390.5,65.35322,40.374474,55.21695,73.916565
1391.0,65.356155,40.377182,55.222702,73.91663
1391.5,65.35911,40.3799,55.228455,73.91672
1392.0,65.36207,40.38263,55.23421,73.91681
1392.5,65.36504,40.38537,55.239983,73.91694
1393.0,65.368,40.3881,55.24574,73.91704
1393.5,65.370964,40.39084,55.25151,73.91716
1394.0,65.373924,40.393562,55.25727,73.917274
1394.5,65.37689,40.39629,55.263042,73.917404
1395.0,65.37983,40.398994,55.268795,73.91748
1395.5,65.38276,40.40169,55.27454,73.91756
1396.0,65.385666,40.40437,55.280262,73.91758
1396.5,65.38855,40.407036,55.285973,73.91757
1397.0,65.39141,40.40968,55.291664,73.91753
1397.5,65.39426,40.41231,55.297344,73.917465
1398.0,65.39709,40.41493,55.303,73.917366
1398.5,65.399895,40.41754,55.308647,73.91725
1399.0,65.402695,40.420143,55.314285,73.91712
1399.5,65.40549,40.422745,55.319912,73.91697
1400.0,65.4083,40.42536,55.325554,73.91687
1400.5,65.41115,40.428005,55.33122,73.916824
1401.0,65.413994,40.430656,55.336887,73.9168
1401.5,65.41688,40.43333,55.342587,73.91685
1402.0,65.41976,40.436016,55.348278,73.916885
1402.5,65.42265,40.4387,55.353973,73.91695
1403.0,65.42554,40.441383,55.35966,73.916985
1403.5,65.42842,40.44406,55.36535,73.917015
1404.0,65.43128,40.446728,55.37102,73.91702
1404.5,65.43414,40.449387,55.37669,73.917
1405.0,65.43699,40.452038,55.38236,73.91699
1405.5,65.43982,40.454678,55.388016,73.91695
1406.0,65.44264,40.457306,55.393673,73.9169
1406.5,65.445465,40.459927,55.399315,73.91684
1407.0,65.44826,40.46253,55.40494,73.91674
1407.5,65.45105,40.46513,55.410576,73.91666
1408.0,65.453835,40.46772,55.416195,73.91656
1408.5,65.4566,40.470295,55.4218,73.91643
1409.0,65.459335,40.472855,55.42739,73.91628
1409.5,65.46205,40.475403,55.432957,73.91609
1410.0,65.46476,40.477943,55.43852,73.91589
1410.5,65.46747,40.48049,55.444084,73.91572
1411.0,65.47019,40.483047,55.449657,73.91556
1411.5,65.472916,40.485607,55.45523,73.91541
1412.0,65.475655,40.488182,55.460823,73.915306
1412.5,65.47839,40.49076,55.466415,73.91521
1413.0,65.48114,40.493336,55.472004,73.915115
1413.5,65.48387,40.495907,55.477596,73.915016
1414.0,65.4866,40.498466,55.48318,73.91491
1414.5,65.48932,40.501015,55.488758,73.91479
1415.0,65.49204,40.503567,55.494343,73.91468
1415.5,65.49477,40.506115,55.499924,73.91456
1416.0,65.497475,40.508656,55.50549,73.914406
1416.5,65.500206,40.511208,55.51108,73.91431
1417.0,65.502914,40.513744,55.51666,73.914185
1417.5,65.505615,40.516273,55.52222,73.91404
1418.0,65.50831,40.518795,55.527775,73.91389
1418.5,65.51099,40.521317,55.533325,73.91373
1419.0,65.513664,40.523834,55.538864,73.913536
1419.5,65.51634,40.526356,55.544395,73.91335
1420.0,65.519005,40.528877,55.549915,73.913155
1420.5,65.52165,40.531384,55.555416,73.912926
1421.0,65.52431,40.533905,55.56092,73.91271
1421.5,65.526985,40.536446,55.566437,73.91252
1422.0,65.52968,40.53901,55.571968,73.91238
1422.5,65.53239,40.54158,55.5775,73.91225
1423.0,65.5351,40.54416,55.583042,73.91214
1423.5,65.53782,40.546738,55.588585,73.91203
1424.0,65.54054,40.549313,55.594128,73.91193
1424.5,65.54325,40.551872,55.59966,73.91179
1425.0,65.54595,40.554432,55.605186,73.91164
1425.5,65.548645,40.556984,55.610703,73.91148
1426.0,65.55134,40.55954,55.616222,73.91132
1426.5,65.55404,40.56209,55.62175,73.91118
1427.0,65.55674,40.56465,55.627274,73.91103
1427.5,65.55943,40.5672,55.632793,73.91088
1428.0,65.562126,40.569756,55.638313,73.910736
1428.5,65.56482,40.572304,55.643826,73.91059
1429.0,65.56749,40.574844,55.649323,73.910416
1429.5,65.570145,40.577374,55.654804,73.91022
1430.0,65.57281,40.579906,55.66029,73.910034
1430.5,65.57546,40.582443,55.66577,73.90985
1431.0,65.5781,40.584972,55.671234,73.90964
1431.5,65.580765,40.587517,55.676704,73.90945
1432.0,65.583435,40.590076,55.682182,73.90929
1432.5,65.58611,40.592648,55.687668,73.90915
1433.0,65.588806,40.595226,55.69316,73.90903
1433.5,65.5915,40.5978,55.698647,73.90889
1434.0,65.59419,40.600376,55.704136,73.90876
1434.5,65.59687,40.60294,55.709618,73.908615
1435.0,65.599556,40.6055,55.715103,73.90847
1435.5,65.60223,40.608044,55.72058,73.90832
1436.0,65.60488,40.610584,55.726044,73.90814
1436.5,65.607544,40.61313,55.731518,73.90797
1437.0,65.610214,40.615677,55.736988,73.90779
1437.5,65.612885,40.61823,55.742466,73.90763
1438.0,65.615555,40.62078,55.74794,73.90748
1438.5,65.618225,40.623333,55.753414,73.90733
1439.0,65.620895,40.62588,55.75889,73.90718
1439.5,65.62356,40.628426,55.764355,73.90704
1440.0,65.626205,40.630962,55.769806,73.90688
1440.5,65.628845,40.633495,55.775253,73.90672
1441.0,65.63149,40.63604,55.780697,73.906555
1441.5,65.63414,40.638588,55.78614,73.9064
1442.0,65.636795,40.641148,55.791576,73.906235
1442.5,65.63946,40.64371,55.797012,73.90608
1443.0,65.642105,40.646275,55.80244,73.905914
1443.5,65.64477,40.64885,55.807877,73.90576
1444.0,65.64744,40.65142,55.813313,73.9056
1444.5,65.65011,40.653996,55.81875,73.90545
1445.0,65.65278,40.656574,55.824192,73.905304
1445.5,65.65545,40.659145,55.82962,73.905136
1446.0,65.65812,40.66172,55.83505,73.904976
1446.5,65.6608,40.664295,55.840485,73.904816
1447.0,65.66349,40.66688,55.845936,73.904686
1447.5,65.66618,40.66947,55.851383,73.904564
1448.0,65.6689,40.672077,55.856842,73.90448
1448.5,65.6716,40.67468,55.86229,73.904366
1449.0,65.67432,40.677288,55.86775,73.9043
1449.5,65.67702,40.679893,55.873196,73.90419
1450.0,65.67971,40.682495,55.87864,73.9041
1450.5,65.68238,40.685085,55.884064,73.90397
1451.0,65.68505,40.68767,55.88948,73.90383
1451.5,65.687706,40.69025,55.894882,73.90368
1452.0,65.69035,40.692825,55.900288,73.90354
1452.5,65.69299,40.6954,55.90568,73.9034
1453.0,65.69563,40.697964,55.911076,73.903244
1453.5,65.69824,40.700512,55.91645,73.90305
1454.0,65.70084,40.703053,55.92183,73.90286
1454.5,65.703445,40.70558,55.927204,73.902664
1455.0,65.70605,40.708103,55.932583,73.90247
1455.5,65.708626,40.710613,55.937946,73.90225
1456.0,65.7112,40.713108,55.9433,73.90201
1456.5,65.71375,40.715595,55.948647,73.90175
1457.0,65.71631,40.718082,55.95399,73.9015
1457.5,65.71887,40.72057,55.959343,73.90126
1458.0,65.72143,40.72306,55.964695,73.90102
1458.5,65.72401,40.725563,55.970062,73.90081
1459.0,65.726585,40.728073,55.97543,73.90063
1459.5,65.729164,40.730583,55.9808,73.90045
1460.0,65.73174,40.733097,55.986168,73.90027
1460.5,65.73431,40.735607,55.991524,73.900085
1461.0,65.736885,40.738125,55.996883,73.89992
1461.5,65.73943,40.740623,56.002224,73.89972
1462.0,65.74198,40.74312,56.007557,73.89953
1462.5,65.744514,40.745605,56.012886,73.899315
1463.0,65.74705,40.748093,56.018215,73.89912
1463.5,65.74957,40.75057,56.023537,73.8989
1464.0,65.7521,40.75304,56.028862,73.8987
1464.5,65.754616,40.7555,56.034184,73.89849
1465.0,65.7571,40.757942,56.039474,73.8982
1465.5,65.75959,40.760384,56.044777,73.89793
1466.0,65.762085,40.76283,56.05008,73.897675
1466.5,65.76459,40.765278,56.055386,73.89743
1467.0,65.767075,40.767715,56.060677,73.89714
1467.5,65.76957,40.770157,56.065975,73.89687
1468.0,65.77207,40.77261,56.071274,73.896614
1468.5,65.77459,40.775074,56.076588,73.896385
1469.0,65.77711,40.777542,56.081898,73.89616
1469.5,65.77965,40.78003,56.087227,73.89598
1470.0,65.7822,40.78253,56.092567,73.895836
1470.5,65.78477,40.785046,56.0979,73.8957
1471.0,65.78733,40.787563,56.10323,73.89555
1471.5,65.78989,40.790085,56.10856,73.89541
1472.0,65.79244,40.7926,56.11387,73.89523
1472.5,65.79497,40.795105,56.119156,73.89502
1473.0,65.79749,40.79761,56.124435,73.89479
1473.5,65.800026,40.800114,56.12972,73.89457
1474.0,65.80255,40.802616,56.135,73.89435
1474.5,65.80505,40.805096,56.140263,73.89408
1475.0,65.80756,40.807568,56.14553,73.89384
1475.5,65.81006,40.810036,56.150795,73.89358
1476.0,65.812546,40.812496,56.156044,73.89329
1476.5,65.81502,40.814953,56.16129,73.89299
1477.0,65.81752,40.81742,56.166553,73.89274
1477.5,65.82004,40.819904,56.17182,73.89251
1478.0,65.822556,40.82239,56.177094,73.89228
1478.5,65.825066,40.82488,56.18236,73.89205
1479.0,65.8276,40.827377,56.187637,73.891846
1479.5,65.83013,40.829884,56.192917,73.891655
1480.0,65.83267,40.832405,56.198208,73.89149
1480.5,65.83523,40.834927,56.203506,73.89136
1481.0,65.83778,40.837456,56.20881,73.891235
1481.5,65.840324,40.839977,56.2141,73.891106
1482.0,65.84286,40.842487,56.21938,73.89096
1482.5,65.84539,40.844997,56.224655,73.89081
1483.0,65.847885,40.847485,56.229908,73.89061
1483.5,65.85038,40.849968,56.235157,73.89043
1484.0,65.85286,40.852432,56.24039,73.89019
1484.5,65.855316,40.85488,56.245613,73.88994
1485.0,65.857765,40.857323,56.250824,73.88966
1485.5,65.8602,40.859756,56.256027,73.889366
1486.0,65.86265,40.862194,56.261242,73.88911
1486.5,65.8651,40.86463,56.266457,73.88885
1487.0,65.867546,40.867065,56.271667,73.88857
1487.5,65.869995,40.869503,56.276875,73.8883
1488.0,65.87243,40.87194,56.282078,73.888
1488.5,65.874886,40.87439,56.287296,73.88776
1489.0,65.87736,40.876846,56.292515,73.88751
1489.5,65.87984,40.879322,56.29775,73.887314
1490.0,65.88232,40.8818,56.302982,73.88712
1490.5,65.8848,40.88428,56.30822,73.88694
1491.0,65.887276,40.886757,56.31346,73.88677
1491.5,65.88974,40.88922,56.318687,73.88658
1492.0,65.89218,40.89167,56.3239,73.88636
1492.5,65.89461,40.894108,56.3291,73.88612
1493.0,65.897026,40.896534,56.334297,73.8859
1493.5,65.8994,40.898933,56.339466,73.885605
1494.0,65.90177,40.901325,56.344635,73.885315
1494.5,65.90411,40.90369,56.349777,73.88497
1495.0,65.90645,40.906044,56.35491,73.88461
1495.5,65.90876,40.908386,56.36003,73.88422
1496.0,65.91107,40.910725,56.365143,73.883804
1496.5,65.91339,40.91307,56.37027,73.88342
1497.0,65.915726,40.91542,56.37541,73.88307
1497.5,65.91807,40.917778,56.380547,73.88274
1498.0,65.92042,40.920143,56.38569,73.88241
1498.5,65.922775,40.92252,56.39084,73.88211
1499.0,65.92515,40.924908,56.395996,73.88182
1499.5,65.92752,40.927303,56.40115,73.88154
1500.0,65.92991,40.929707,56.40632,73.88128
1500.5,65.932304,40.932117,56.41149,73.88106
1501.0,65.934685,40.93453,56.41666,73.88081
1501.5,65.93708,40.93694,56.42184,73.880615
1502.0,65.93945,40.93934,56.427002,73.88037
1502.5,65.94182,40.941727,56.432163,73.88013
1503.0,65.94415,40.9441,56.4373,73.879845
1503.5,65.94649,40.946465,56.442432,73.879555
1504.0,65.94879,40.948807,56.447548,73.879234
1504.5,65.951065,40.951122,56.452633,73.878845
1505.0,65.95332,40.953426,56.45771,73.878456
1505.5,65.955574,40.955723,56.462776,73.87804
1506.0,65.9578,40.958004,56.46783,73.87759
1506.5,65.96004,40.96029,56.47288,73.87713
1507.0,65.96228,40.962578,56.477936,73.87669
1507.5,65.96454,40.96488,56.483,73.87628
1508.0,65.96682,40.9672,56.48808,73.87591
1508.5,65.969124,40.969543,56.493176,73.87558
1509.0,65.97145,40.9719,56.498283,73.87529
1509.5,65.973785,40.974266,56.50339,73.87501
1510.0,65.97611,40.976635,56.5085,73.87473
1510.5,65.97845,40.97901,56.513615,73.87446
1511.0,65.98078,40.981384,56.518723,73.874176
1511.5,65.98312,40.98377,56.52384,73.87392
1512.0,65.98545,40.98615,56.528957,73.87366
1512.5,65.98778,40.988518,56.534065,73.87339
1513.0,65.99009,40.990875,56.539165,73.87311
1513.5,65.992386,40.99322,56.54426,73.87281
1514.0,65.99466,40.995552,56.549328,73.87248
1514.5,65.99691,40.997868,56.554382,73.87212
1515.0,65.99914,41.000164,56.559418,73.87173
1515.5,66.00136,41.002445,56.56445,73.87132
1516.0,66.003555,41.00471,56.569458,73.870865
1516.5,66.00577,41.00698,56.574474,73.87045
1517.0,66.00797,41.009254,56.579494,73.870026
1517.5,66.0102,41.011543,56.58453,73.86965
1518.0,66.01242,41.01383,56.58956,73.86928
1518.5,66.01466,41.01612,56.594612,73.868935
1519.0,66.0169,41.018414,56.59965,73.86859
1519.5,66.01915,41.020714,56.604706,73.86827
1520.0,66.02141,41.023026,56.609768,73.86797
1520.5,66.02366,41.025333,56.61483,73.86768
1521.0,66.02591,41.027634,56.61989,73.8674
1521.5,66.02815,41.02993,56.624954,73.86713
1522.0,66.030396,41.032227,56.63002,73.86686
1522.5,66.03262,41.03451,56.635082,73.866585
1523.0,66.03484,41.03679,56.640137,73.86629
1523.5,66.03705,41.03906,56.64518,73.865974
1524.0,66.03923,41.041306,56.650204,73.86562
1524.5,66.04138,41.04353,56.655205,73.865234
1525.0,66.04349,41.045723,56.660168,73.86477
1525.5,66.04557,41.047897,56.665115,73.86426
1526.0,66.04765,41.050068,56.670063,73.863754
1526.5,66.04974,41.05224,56.67502,73.86327
1527.0,66.05183,41.05441,56.67996,73.86277
1527.5,66.053925,41.0566,56.684906,73.86229
1528.0,66.05605,41.058815,56.68987,73.861855
1528.5,66.058205,41.061047,56.694847,73.86144
1529.0,66.06038,41.063293,56.69983,73.86105
1529.5,66.06255,41.06555,56.704815,73.86067
1530.0,66.064735,41.067814,56.7098,73.86029
1530.5,66.06694,41.070095,56.7148,73.85996
1531.0,66.06917,41.072388,56.719822,73.859665
1531.5,66.071396,41.07469,56.724842,73.859375
1532.0,66.07362,41.076996,56.729855,73.85907
1532.5,66.07586,41.079308,56.73488,73.858795
1533.0,66.078094,41.081615,56.739895,73.85852
1533.5,66.08031,41.083916,56.744904,73.858215
1534.0,66.08252,41.086212,56.749905,73.857895
1534.5,66.08472,41.0885,56.754894,73.85756
1535.0,66.08691,41.090782,56.75987,73.85721
1535.5,66.08908,41.093052,56.764835,73.85683
1536.0,66.09125,41.095314,56.769787,73.856445
1536.5,66.093414,41.097565,56.774734,73.85604
1537.0,66.09557,41.09982,56.77968,73.855644
1537.5,66.09772,41.102066,56.784607,73.85521
1538.0,66.09987,41.10432,56.789543,73.85479
1538.5,66.10201,41.10657,56.79447,73.85436
1539.0,66.10418,41.108833,56.79941,73.85398
1539.5,66.10634,41.11109,56.80435,73.85359
1540.0,66.1085,41.113354,56.8093,73.85322
1540.5,66.110664,41.115616,56.814247,73.85285
1541.0,66.11284,41.11789,56.8192,73.85251
1541.5,66.11503,41.120167,56.824165,73.8522
1542.0,66.11722,41.122448,56.829132,73.8519
1542.5,66.1194,41.124733,56.834095,73.85159
1543.0,66.12159,41.127014,56.839066,73.851295
1543.5,66.123764,41.12929,56.844032,73.85098
1544.0,66.12593,41.131557,56.84899,73.85066
1544.5,66.128075,41.133804,56.85393,73.85032
1545.0,66.13019,41.13603,56.858856,73.84992
1545.5,66.132286,41.13824,56.86376,73.8495
1546.0,66.13438,41.14044,56.868656,73.84905
1546.5,66.13645,41.142635,56.873535,73.8486
1547.0,66.13851,41.14482,56.878407,73.84812
1547.5,66.140564,41.146996,56.883263,73.84762
1548.0,66.14262,41.149174,56.888126,73.84713
1548.5,66.14467,41.151352,56.892998,73.846664
1549.0,66.14672,41.153526,56.89786,73.84618
1549.5,66.148766,41.155697,56.902725,73.84571
1550.0,66.15082,41.157867,56.9076,73.845276
1550.5,66.15288,41.16004,56.912483,73.844864
1551.0,66.15494,41.16222,56.917374,73.844475
1551.5,66.157,41.164402,56.922264,73.84408
1552.0,66.15907,41.16659,56.927155,73.8437
1552.5,66.16115,41.168785,56.932056,73.84334
1553.0,66.16322,41.170975,56.93695,73.842964
1553.5,66.1653,41.173164,56.94185,73.8426
1554.0,66.16737,41.175358,56.946747,73.84224
1554.5,66.16943,41.17754,56.95164,73.841866
1555.0,66.171486,41.179718,56.956524,73.84146
1555.5,66.17353,41.181885,56.961395,73.84105
1556.0,66.175575,41.18405,56.966255,73.84063
1556.5,66.1776,41.18621,56.971104,73.84018
1557.0,66.17963,41.18837,56.975945,73.83972
1557.5,66.18164,41.19052,56.980766,73.83923
1558.0,66.18365,41.192673,56.985577,73.83872
1558.5,66.18567,41.194836,56.99039,73.83822
1559.0,66.1877,41.197006,56.995213,73.837746
1559.5,66.18974,41.199192,57.000042,73.83729
1560.0,66.1918,41.201393,57.004883,73.83687
1560.5,66.19389,41.203613,57.00973,73.83648
1561.0,66.19599,41.205853,57.014595,73.83612
1561.5,66.19812,41.20811,57.01947,73.8358
1562.0,66.20026,41.210377,57.02435,73.83548
1562.5,66.20239,41.212658,57.029217,73.83515
1563.0,66.20455,41.21495,57.0341,73.83484
1563.5,66.20673,41.21726,57.038998,73.83457
1564.0,66.20891,41.219563,57.043884,73.83428
1564.5,66.21108,41.221867,57.048775,73.834
1565.0,66.21324,41.224163,57.05366,73.83371
1565.5,66.21542,41.226463,57.058556,73.83344
1566.0,66.21758,41.228756,57.063442,73.83316
1566.5,66.219734,41.231037,57.068314,73.832855
1567.0,66.22185,41.23329,57.07315,73.8325
1567.5,66.22394,41.235523,57.07797,73.83209
1568.0,66.22601,41.237743,57.08278,73.83168
1568.5,66.22806,41.23995,57.08757,73.83122
1569.0,66.23012,41.242157,57.09238,73.830826
1569.5,66.23218,41.244358,57.09719,73.83043
1570.0,66.23423,41.24656,57.102,73.83005
1570.5,66.23629,41.248764,57.10681,73.82966
1571.0,66.238335,41.25097,57.11162,73.82928
1571.5,66.24041,41.25319,57.116455,73.82895
1572.0,66.2425,41.255413,57.1213,73.82865
1572.5,66.244576,41.257637,57.126133,73.82833
1573.0,66.24664,41.259853,57.130962,73.828
1573.5,66.24871,41.262066,57.13579,73.827675
1574.0,66.25078,41.26428,57.140625,73.82736
1574.5,66.25283,41.266483,57.145454,73.827034
1575.0,66.25489,41.268684,57.150288,73.82671
1575.5,66.25693,41.270863,57.1551,73.82636
1576.0,66.25896,41.273037,57.159912,73.826
1576.5,66.26097,41.275196,57.16471,73.82561
1577.0,66.26297,41.27735,57.169502,73.825226
1577.5,66.26495,41.2795,57.17428,73.82478
1578.0,66.26693,41.281635,57.179035,73.82433
1578.5,66.2689,41.283768,57.183784,73.823875
1579.0,66.270874,41.285908,57.18854,73.82343
1579.5,66.27286,41.288055,57.1933,73.823006
1580.0,66.27482,41.290195,57.19804,73.82255
1580.5,66.27682,41.29236,57.202805,73.82214
1581.0,66.2788,41.294514,57.207554,73.82172
1581.5,66.2808,41.296684,57.21232,73.82133
1582.0,66.28282,41.29887,57.2171,73.82097
1582.5,66.28484,41.301052,57.221878,73.82062
1583.0,66.286865,41.303238,57.22665,73.82025
1583.5,66.2889,41.30544,57.231445,73.81993
1584.0,66.29095,41.307636,57.236237,73.81961
1584.5,66.29299,41.309834,57.241028,73.81929
1585.0,66.29503,41.31203,57.245808,73.818954
1585.5,66.297066,41.314228,57.250595,73.81862
1586.0,66.299095,41.31642,57.25537,73.81826
1586.5,66.30112,41.318607,57.26013,73.81788
1587.0,66.30312,41.320786,57.26489,73.81749
1587.5,66.30513,41.32296,57.269638,73.8171
1588.0,66.30713,41.325127,57.274376,73.816696
1588.5,66.30912,41.327293,57.27911,73.81628
1589.0,66.31111,41.32946,57.283836,73.81585
1589.5,66.3131,41.33163,57.28856,73.81543
1590.0,66.315094,41.333805,57.293274,73.815
1590.5,66.31708,41.335976,57.297993,73.81459
1591.0,66.31907,41.33815,57.30271,73.81418
1591.5,66.32106,41.340324,57.307426,73.81376
1592.0,66.32305,41.342503,57.312157,73.81337
1592.5,66.32506,41.344685,57.316887,73.81299
1593.0,66.327065,41.34687,57.32162,73.81263
1593.5,66.32909,41.349068,57.32636,73.81228
1594.0,66.331116,41.351273,57.331104,73.81195
1594.5,66.333145,41.353474,57.335842,73.8116
1595.0,66.3352,41.355686,57.3406,73.8113
1595.5,66.33724,41.357903,57.34535,73.81099
1596.0,66.33929,41.360115,57.350098,73.81067
1596.5,66.341324,41.362328,57.354843,73.81034
1597.0,66.34335,41.364532,57.35958,73.80999
1597.5,66.34538,41.366734,57.364315,73.80965
1598.0,66.34741,41.36893,57.36905,73.80931
1598.5,66.34941,41.371117,57.373756,73.80894
1599.0,66.35141,41.3733,57.37846,73.808556
1599.5,66.35341,41.375484,57.383163,73.80818
1600.0,66.355415,41.377678,57.38785,73.80779
1600.5,66.35743,41.379883,57.392555,73.807434
1601.0,66.35944,41.382084,57.39726,73.807076
1601.5,66.36144,41.38428,57.401955,73.80671
1602.0,66.36345,41.386475,57.406647,73.80634
1602.5,66.36546,41.38868,57.411343,73.805984
1603.0,66.36748,41.39089,57.416046,73.80563
1603.5,66.3695,41.3931,57.420742,73.805275
1604.0,66.37152,41.395317,57.425446,73.80493
1604.5,66.37355,41.397537,57.43014,73.804565
1605.0,66.37558,41.399754,57.434837,73.804214
1605.5,66.3776,41.401966,57.439537,73.803856
1606.0,66.379616,41.40417,57.444233,73.80348
1606.5,66.38164,41.40638,57.448936,73.80315
1607.0,66.38365,41.408573,57.453632,73.80279
1607.5,66.38564,41.41075,57.458317,73.802414
1608.0,66.38763,41.41292,57.462997,73.802025
1608.5,66.3896,41.415085,57.46767,73.80163
1609.0,66.391556,41.417233,57.472324,73.801216
1609.5,66.393486,41.419365,57.476967,73.80078
1610.0,66.39541,41.42149,57.481606,73.80034
1610.5,66.39731,41.423595,57.48623,73.79988
1611.0,66.39921,41.425697,57.490856,73.79943
1611.5,66.401085,41.42779,57.495464,73.79895
1612.0,66.40297,41.429886,57.500084,73.79849
1612.5,66.40486,41.43198,57.504707,73.79805
1613.0,66.40675,41.434067,57.509335,73.79762
1613.5,66.40863,41.43615,57.513954,73.79717
1614.0,66.41051,41.438225,57.518578,73.79674
1614.5,66.41236,41.44029,57.523186,73.79626
1615.0,66.41422,41.44235,57.527798,73.79579
1615.5,66.41607,41.4444,57.532394,73.79529
1616.0,66.41791,41.44645,57.53699,73.79478
1616.5,66.419754,41.448505,57.54158,73.79426
1617.0,66.42162,41.450577,57.54619,73.79378
1617.5,66.423485,41.452652,57.55079,73.79328
1618.0,66.42537,41.454742,57.555397,73.79281
1618.5,66.42725,41.45684,57.559998,73.792336
1619.0,66.42914,41.458935,57.56459,73.79186
1619.5,66.431015,41.461025,57.569183,73.791374
1620.0,66.4329,41.463116,57.573772,73.7909
1620.5,66.434784,41.46521,57.578354,73.79043
1621.0,66.436676,41.46731,57.58294,73.78996
1621.5,66.43856,41.469414,57.58752,73.78951
1622.0,66.44045,41.471516,57.592106,73.78906
1622.5,66.44234,41.473618,57.596684,73.7886
1623.0,66.44422,41.475723,57.60126,73.78814
1623.5,66.44611,41.477833,57.60584,73.787674
1624.0,66.448006,41.479935,57.610424,73.787224
1624.5,66.449875,41.48203,57.614986,73.786736
1625.0,66.451744,41.484116,57.619553,73.78624
1625.5,66.45361,41.486195,57.624115,73.78574
1626.0,66.45531,41.48812,57.628624,73.78512
1626.5,66.45707,41.490105,57.633156,73.784546
1627.0,66.45876,41.492016,57.637627,73.783806
1627.5,66.460495,41.49397,57.64212,73.78313
1628.0,66.46226,41.495953,57.646633,73.7825
1628.5,66.46404,41.497955,57.651146,73.78189
1629.0,66.46585,41.499977,57.65568,73.781334
1629.5,66.46765,41.502007,57.66021,73.780785
1630.0,66.469444,41.504025,57.664734,73.78023
1630.5,66.47122,41.506027,57.66924,73.77965
1631.0,66.472984,41.508022,57.673748,73.77908
1631.5,66.47473,41.510002,57.678234,73.77849
1632.0,66.47647,41.51198,57.682724,73.77789
1632.5,66.4782,41.513947,57.687206,73.77728
1633.0,66.47992,41.515903,57.69168,73.77666
1633.5,66.48163,41.517853,57.696144,73.77601
1634.0,66.48333,41.5198,57.70061,73.77536
1634.5,66.485016,41.52173,57.705063,73.77469
1635.0,66.4867,41.523655,57.709522,73.774025
1635.5,66.48839,41.52557,57.713974,73.773346
1636.0,66.49005,41.52747,57.718414,73.772644
1636.5,66.491714,41.52937,57.722855,73.771935
1637.0,66.49338,41.531265,57.727295,73.771225
1637.5,66.49504,41.533165,57.731735,73.77053
1638.0,66.49672,41.535072,57.736195,73.76986
1638.5,66.4984,41.53698,57.740646,73.769196
1639.0,66.5001,41.538902,57.74511,73.76857
1639.5,66.50179,41.540833,57.74958,73.76795
1640.0,66.503494,41.542763,57.754047,73.76735
1640.5,66.50519,41.544693,57.758503,73.76673
1641.0,66.50689,41.546627,57.762962,73.76614
1641.5,66.5086,41.54856,57.76742,73.76555
1642.0,66.510284,41.55049,57.771862,73.76493
1642.5,66.51195,41.552402,57.77628,73.76427
1643.0,66.5136,41.554314,57.780693,73.763596
1643.5,66.51526,41.556213,57.785107,73.76291
1644.0,66.5169,41.55811,57.78951,73.76222
1644.5,66.51854,41.55999,57.793915,73.76152
1645.0,66.52016,41.56186,57.7983,73.76078
1645.5,66.521774,41.563717,57.80269,73.76003
1646.0,66.52337,41.56556,57.807056,73.75925
1646.5,66.52497,41.5674,57.81143,73.75848
1647.0,66.526566,41.56924,57.815807,73.7577
1647.5,66.52817,41.57108,57.820175,73.75691
1648.0,66.52978,41.572933,57.82456,73.756165
1648.5,66.5314,41.57479,57.828957,73.755455
1649.0,66.53303,41.57666,57.833355,73.754745
1649.5,66.53467,41.578537,57.83776,73.75406
1650.0,66.536316,41.580425,57.842167,73.75339
1650.5,66.53796,41.582317,57.846565,73.752716
1651.0,66.53961,41.584217,57.850964,73.75206
1651.5,66.54125,41.58612,57.85535,73.75138
1652.0,66.5429,41.588024,57.85973,73.75071
1652.5,66.544525,41.589916,57.864094,73.74999
1653.0,66.546135,41.591793,57.86844,73.74925
1653.5,66.547745,41.593662,57.87279,73.74851
1654.0,66.54934,41.59552,57.877125,73.74773
1654.5,66.55092,41.597363,57.88145,73.746925
1655.0,66.552505,41.599213,57.885788,73.74616
1655.5,66.55409,41.60105,57.89013,73.74539
1656.0,66.55567,41.60288,57.89447,73.74462
1656.5,66.55724,41.6047,57.8988,73.74384
1657.0,66.5588,41.606503,57.903122,73.74304
1657.5,66.56035,41.60831,57.907444,73.742226
1658.0,66.56192,41.610126,57.911777,73.741455
1658.5,66.5635,41.61195,57.916122,73.7407
1659.0,66.56508,41.613777,57.920464,73.73995
1659.5,66.566666,41.61562,57.92481,73.73922
1660.0,66.56827,41.617477,57.929157,73.73851
1660.5,66.56988,41.619347,57.93351,73.73781
1661.0,66.57149,41.62122,57.937855,73.73711
1661.5,66.573105,41.623108,57.9422,73.73642
1662.0,66.57472,41.62499,57.94654,73.735725
1662.5,66.57632,41.626854,57.950855,73.73499
1663.0,66.57789,41.628704,57.95516,73.73423
1663.5,66.57947,41.630547,57.95947,73.73348
1664.0,66.58103,41.63238,57.96376,73.73269
1664.5,66.58257,41.634197,57.968037,73.73188
1665.0,66.58411,41.636,57.972317,73.73106
1665.5,66.58563,41.63779,57.976593,73.73023
1666.0,66.58713,41.63956,57.980846,73.72936
1666.5,66.58862,41.641323,57.985107,73.72849
1667.0,66.59012,41.643085,57.989372,73.72763
1667.5,66.59161,41.644844,57.993633,73.726776
1668.0,66.5931,41.6466,57.997883,73.7259
1668.5,66.59458,41.648357,58.002132,73.72501
1669.0,66.59608,41.65013,58.006393,73.72417
1669.5,66.5976,41.651924,58.01068,73.72338
1670.0,66.59912,41.65372,58.014957,73.72259
1670.5,66.60065,41.655518,58.019238,73.7218
1671.0,66.60217,41.65732,58.023525,73.72104
1671.5,66.6037,41.65912,58.027805,73.72027
1672.0,66.60521,41.660915,58.032078,73.7195
1672.5,66.60671,41.6627,58.03634,73.718704
1673.0,66.6082,41.66447,58.040585,73.71788
1673.5,66.60967,41.66623,58.044815,73.71704
1674.0,66.61113,41.667973,58.049034,73.71616
1674.5,66.61258,41.6697,58.05324,73.71528
1675.0,66.61402,41.67143,58.05745,73.71438
1675.5,66.61545,41.673145,58.061646,73.713455
1676.0,66.61689,41.674862,58.06585,73.712555
1676.5,66.61832,41.67658,58.070045,73.711624
1677.0,66.61975,41.678295,58.07424,73.71072
1677.5,66.621185,41.68001,58.078438,73.70979
1678.0,66.622635,41.68174,58.082645,73.7089
1678.5,66.6241,41.68348,58.08686,73.70803
1679.0,66.62557,41.68523,58.09108,73.707184
1679.5,66.627045,41.68699,58.0953,73.70633
1680.0,66.628525,41.68876,58.099525,73.7055
1680.5,66.63002,41.69054,58.103764,73.704704
1681.0,66.63154,41.692337,58.108013,73.70394
1681.5,66.63305,41.694134,58.112263,73.70319
1682.0,66.63456,41.69593,58.1165,73.70243
1682.5,66.636055,41.697712,58.120728,73.70165
1683.0,66.637535,41.699486,58.124935,73.700836
1683.5,66.63901,41.70124,58.129143,73.70002
1684.0,66.64046,41.702984,58.133335,73.69917
1684.5,66.64191,41.704716,58.13752,73.69831
1685.0,66.64334,41.706444,58.14169,73.697426
1685.5,66.644775,41.708168,58.145863,73.69653
1686.0,66.64621,41.709892,58.15003,73.69563
1686.5,66.64765,41.711624,58.1542,73.69476
1687.0,66.64912,41.713367,58.15838,73.6939
1687.5,66.65058,41.71511,58.162563,73.69305
1688.0,66.65206,41.71687,58.166756,73.692215
1688.5,66.653534,41.718636,58.170937,73.691376
1689.0,66.65504,41.720417,58.175133,73.69056
1689.5,66.656555,41.72222,58.179344,73.68978
1690.0,66.65809,41.72404,58.183567,73.68905
1690.5,66.65964,41.725872,58.187794,73.68833
1691.0,66.661194,41.727715,58.19203,73.687645
1691.5,66.66275,41.729553,58.19627,73.68696
1692.0,66.66431,41.73139,58.20051,73.68628
1692.5,66.665855,41.73322,58.204735,73.685585
1693.0,66.66738,41.735027,58.208935,73.684845
1693.5,66.66886,41.736805,58.213116,73.68405
1694.0,66.67032,41.73856,58.217274,73.68322
1694.5,66.67175,41.740295,58.221413,73.682335
1695.0,66.67318,41.74202,58.225548,73.68146
1695.5,66.674576,41.74373,58.229668,73.680534
1696.0,66.67599,41.745438,58.23379,73.67963
1696.5,66.67738,41.747128,58.23791,73.67871
1697.0,66.67877,41.748817,58.242035,73.67781
1697.5,66.68016,41.750504,58.246155,73.6769
1698.0,66.68156,41.752193,58.25029,73.67603
1698.5,66.68296,41.753883,58.254433,73.67518
1699.0,66.68436,41.755573,58.258568,73.674324
1699.5,66.68576,41.75727,58.26271,73.67348
1700.0,66.68717,41.75898,58.26686,73.67266
1700.5,66.688576,41.760693,58.271004,73.67183
1701.0,66.69002,41.762424,58.27517,73.67105
1701.5,66.69145,41.764156,58.279335,73.67029
1702.0,66.69289,41.76589,58.28351,73.66954
1702.5,66.694305,41.767597,58.287666,73.66878
1703.0,66.695694,41.769287,58.291805,73.66797
1703.5,66.69705,41.770947,58.295925,73.66712
1704.0,66.69838,41.772575,58.30002,73.66622
1704.5,66.699684,41.774178,58.3041,73.665306
1705.0,66.70095,41.775753,58.30816,73.66433
1705.5,66.70221,41.77732,58.312214,73.66335
1706.0,66.70347,41.77889,58.31626,73.66236
1706.5,66.70473,41.78046,58.32031,73.66137
1707.0,66.70599,41.782036,58.324356,73.660385
1707.5,66.70727,41.783627,58.328407,73.65942
1708.0,66.70856,41.785233,58.332466,73.65846
1708.5,66.70987,41.786854,58.336536,73.65754
1709.0,66.71118,41.788483,58.34061,73.65662
1709.5,66.71253,41.790134,58.344704,73.65576
1710.0,66.71389,41.7918,58.348816,73.654945
1710.5,66.71528,41.793484,58.35294,73.65416
1711.0,66.71667,41.795174,58.35706,73.65337
1711.5,66.71806,41.796875,58.361183,73.652596
1712.0,66.71945,41.79858,58.365303,73.65181
1712.5,66.72084,41.800278,58.36941,73.65101
1713.0,66.72221,41.801968,58.373512,73.65021
1713.5,66.72357,41.803642,58.3776,73.649376
1714.0,66.72492,41.8053,58.381676,73.64852
1714.5,66.72624,41.80694,58.385735,73.64764
1715.0,66.72754,41.808556,58.38977,73.6467
1715.5,66.72882,41.810165,58.393795,73.64574
1716.0,66.73009,41.811764,58.397804,73.644745
1716.5,66.73138,41.813377,58.401825,73.64378
1717.0,66.732666,41.815,58.40584,73.64282
1717.5,66.733986,41.81663,58.409874,73.6419
1718.0,66.73531,41.818275,58.41392,73.641014
1718.5,66.73666,41.81993,58.417976,73.64014
1719.0,66.73801,41.821598,58.422035,73.63928
1719.5,66.73939,41.823288,58.426105,73.63847
1720.0,66.74076,41.82498,58.430172,73.63765
1720.5,66.74215,41.82669,58.434242,73.63683
1721.0,66.74356,41.828423,58.43833,73.63607
1721.5,66.74498,41.830166,58.442425,73.635315
1722.0,66.74642,41.831924,58.446526,73.63458
1722.5,66.74787,41.833694,58.450626,73.633865
1723.0,66.74931,41.83545,58.454723,73.633125
1723.5,66.750755,41.837208,58.458817,73.63239
1724.0,66.752174,41.838943,58.462894,73.63162
1724.5,66.75357,41.840664,58.466953,73.63082
1725.0,66.75495,41.842365,58.470993,73.62999
1725.5,66.756325,41.84405,58.475025,73.629135
1726.0,66.757675,41.845722,58.479034,73.62825
1726.5,66.75901,41.84739,58.48304,73.62734
1727.0,66.760345,41.849056,58.487053,73.626465
1727.5,66.76169,41.850723,58.491062,73.62559
1728.0,66.76305,41.852406,58.495087,73.62474
1728.5,66.76443,41.854103,58.499123,73.62392
1729.0,66.76581,41.855804,58.50316,73.62311
1729.5,66.7672,41.857517,58.5072,73.62231
1730.0,66.76861,41.859245,58.511257,73.62156
1730.5,66.77003,41.86098,58.515324,73.620834
1731.0,66.77146,41.862724,58.519394,73.62012
1731.5,66.77289,41.864475,58.523457,73.61939
1732.0,66.77432,41.86623,58.527523,73.61868
1732.5,66.77575,41.86799,58.531593,73.617966
1733.0,66.77719,41.86975,58.53567,73.61728
1733.5,66.778625,41.8715,58.53974,73.616585
1734.0,66.78005,41.873245,58.543808,73.615875
1734.5,66.78146,41.874977,58.547855,73.615135
1735.0,66.78285,41.876694,58.551876,73.61434
1735.5,66.78422,41.878395,58.555878,73.61351
1736.0,66.78558,41.88009,58.559875,73.61267
1736.5,66.78693,41.88177,58.563858,73.61181
1737.0,66.78829,41.883465,58.567856,73.610985
1737.5,66.789635,41.885147,58.571835,73.610115
1738.0,66.791,41.88685,58.57582,73.60928
1738.5,66.79239,41.888565,58.579826,73.60849
1739.0,66.79379,41.8903,58.583843,73.60773
1739.5,66.79523,41.892063,58.58788,73.60702
1740.0,66.79667,41.893837,58.591908,73.60629
1740.5,66.79812,41.89562,58.595936,73.605576
1741.0,66.79958,41.897415,58.599983,73.6049
1741.5,66.801056,41.899216,58.60404,73.60424
1742.0,66.80251,41.900997,58.608086,73.60357
1742.5,66.80396,41.902775,58.612133,73.6029
1743.0,66.805405,41.90455,58.616173,73.60221
1743.5,66.80685,41.906322,58.620216,73.60154
1744.0,66.80828,41.90809,58.62425,73.600845
1744.5,66.80972,41.90986,58.628284,73.60016
1745.0,66.811165,41.91162,58.63231,73.59946
1745.5,66.81258,41.91337,58.636307,73.5987
1746.0,66.81398,41.91511,58.640297,73.59793
1746.5,66.815384,41.916847,58.644276,73.59715
1747.0,66.81677,41.918575,58.648254,73.59636
1747.5,66.81816,41.920307,58.65222,73.59556
1748.0,66.81956,41.922047,58.656197,73.59479
1748.5,66.82097,41.923798,58.66018,73.59403
1749.0,66.822395,41.92556,58.664173,73.59331
1749.5,66.82383,41.927338,58.66818,73.592606
1750.0,66.82529,41.92913,58.672195,73.59195
1750.5,66.82676,41.93094,58.676224,73.591324
1751.0,66.82824,41.93275,58.680256,73.5907
1751.5,66.82972,41.934563,58.684284,73.59008
1752.0,66.8312,41.936382,58.68832,73.58948
1752.5,66.832695,41.938206,58.692352,73.58887
1753.0,66.834175,41.94003,58.696384,73.58825
1753.5,66.835655,41.94184,58.700405,73.58762
1754.0,66.83713,41.94365,58.70443,73.587
1754.5,66.83858,41.94544,58.708443,73.58635
1755.0,66.83999,41.94719,58.71242,73.58563
1755.5,66.84137,41.948917,58.7164,73.584915
1756.0,66.84272,41.95061,58.720352,73.584145
1756.5,66.84404,41.952282,58.72429,73.58335
1757.0,66.84535,41.95394,58.728226,73.58255
1757.5,66.84665,41.955585,58.732147,73.58174
1758.0,66.84793,41.957226,58.73606,73.58092
1758.5,66.84922,41.958866,58.739983,73.580124
1759.0,66.850494,41.960503,58.7439,73.57931
1759.5,66.851776,41.962143,58.74782,73.57851
1760.0,66.85307,41.9638,58.751755,73.57774
1760.5,66.85439,41.965466,58.755703,73.577
1761.0,66.85572,41.967144,58.75966,73.5763
1761.5,66.857056,41.968822,58.76362,73.57561
1762.0,66.85838,41.9705,58.76757,73.574905
1762.5,66.85972,41.972183,58.771526,73.57421
1763.0,66.86105,41.973873,58.77549,73.573524
1763.5,66.8624,41.975563,58.77945,73.57283
1764.0,66.86372,41.977245,58.7834,73.57211
1764.5,66.86506,41.978924,58.787346,73.57139
1765.0,66.86637,41.980587,58.79128,73.57065
1765.5,66.867676,41.982243,58.7952,73.569885
1766.0,66.868965,41.983887,58.79911,73.56911
1766.5,66.87024,41.985523,58.80301,73.5683
1767.0,66.8715,41.98715,58.80689,73.56746
1767.5,66.872765,41.988773,58.810772,73.56663
1768.0,66.87402,41.990395,58.81465,73.5658
1768.5,66.87527,41.992016,58.81852,73.56496
1769.0,66.87653,41.99365,58.8224,73.56415
1769.5,66.87781,41.995293,58.826286,73.563354
1770.0,66.8791,41.99695,58.830177,73.562584
1770.5,66.880394,41.998623,58.834084,73.561844
1771.0,66.881714,42.0003,58.837997,73.561134
1771.5,66.88302,42.00198,58.841915,73.560425
1772.0,66.88432,42.00365,58.845818,73.5597
1772.5,66.88562,42.005314,58.849735,73.55899
1773.0,66.88692,42.00697,58.853645,73.55827
1773.5,66.8882,42.008614,58.857548,73.55755
1774.0,66.88948,42.010254,58.861454,73.55682
1774.5,66.890755,42.011887,58.865356,73.5561
1775.0,66.89202,42.013515,58.869255,73.55536
1775.5,66.893295,42.01515,58.873146,73.5546
1776.0,66.89457,42.01678,58.877037,73.55386
1776.5,66.895836,42.018406,58.880924,73.553116
1777.0,66.89709,42.020023,58.88479,73.55233
1777.5,66.89834,42.02164,58.88865,73.551544
1778.0,66.899605,42.02327,58.892513,73.55077
1778.5,66.900856,42.0249,58.89637,73.549995
1779.0,66.902115,42.026527,58.90023,73.54923
1779.5,66.90336,42.028152,58.904087,73.54847
1780.0,66.90462,42.02978,58.907963,73.547745
1780.5,66.90587,42.031414,58.911835,73.54702
1781.0,66.907135,42.033047,58.915718,73.546326
1781.5,66.90838,42.034668,58.919586,73.54559
1782.0,66.909615,42.03628,58.923447,73.54486
1782.5,66.91084,42.03789,58.927303,73.544106
1783.0,66.91206,42.039494,58.931152,73.54335
1783.5,66.91329,42.041092,58.935017,73.54261
1784.0,66.91449,42.042675,58.93886,73.541824
1784.5,66.91569,42.04425,58.942707,73.54104
1785.0,66.91686,42.04581,58.946545,73.54024
1785.5,66.918045,42.047363,58.950382,73.53944
1786.0,66.919205,42.0489,58.954205,73.538605
1786.5,66.92036,42.050438,58.958023,73.53778
1787.0,66.92151,42.051968,58.961838,73.53696
1787.5,66.922646,42.053486,58.96564,73.536125
1788.0,66.92376,42.05498,58.969433,73.53527
1788.5,66.924866,42.05647,58.97321,73.5344
1789.0,66.92595,42.057945,58.97698,73.53351
1789.5,66.92705,42.059433,58.980762,73.532646
1790.0,66.92814,42.06092,58.984543,73.53179
1790.5,66.92923,42.06241,58.98832,73.530945
1791.0,66.93033,42.063904,58.992107,73.5301
1791.5,66.93145,42.06541,58.995903,73.52929
1792.0,66.93256,42.066917,58.999695,73.52847
1792.5,66.9337,42.068436,59.0035,73.527695
1793.0,66.93482,42.069946,59.007305,73.52692
1793.5,66.93596,42.071465,59.011112,73.526146
1794.0,66.937096,42.07298,59.014927,73.52538
1794.5,66.93825,42.074497,59.018753,73.52465
1795.0,66.93936,42.075993,59.022552,73.52385
1795.5,66.940475,42.077484,59.02635,73.52305
1796.0,66.94158,42.07897,59.030144,73.522255
1796.5,66.94268,42.080452,59.03393,73.52144
1797.0,66.943756,42.081917,59.037697,73.52059
1797.5,66.94483,42.083378,59.04146,73.519745
1798.0,66.9459,42.084843,59.045208,73.518875
1798.5,66.94698,42.086315,59.04896,73.51804
1799.0,66.94806,42.087788,59.05272,73.517204
1799.5,66.94915,42.089268,59.056465,73.51636
1800.0,66.95025,42.090767,59.060223,73.51553
1800.5,66.95137,42.092285,59.063988,73.51474
1801.0,66.9525,42.093815,59.067757,73.51395
1801.5,66.95364,42.095356,59.071533,73.51319
1802.0,66.9548,42.096905,59.075314,73.51244
1802.5,66.95596,42.09846,59.079098,73.5117
1803.0,66.95712,42.100014,59.08288,73.51095
1803.5,66.9583,42.101578,59.086674,73.51023
1804.0,66.95947,42.103146,59.09047,73.50952
1804.5,66.96065,42.104713,59.09426,73.5088
1805.0,66.961815,42.106262,59.098045,73.50806
1805.5,66.96297,42.1078,59.101833,73.50732
1806.0,66.9641,42.10933,59.105618,73.50658
1806.5,66.96524,42.11086,59.10939,73.50582
1807.0,66.96638,42.112396,59.113163,73.50507
1807.5,66.967514,42.113926,59.116924,73.5043
1808.0,66.96864,42.115456,59.120678,73.50353
1808.5,66.96977,42.116985,59.124435,73.50277
1809.0,66.9709,42.11851,59.128178,73.50201
1809.5,66.97202,42.120033,59.131916,73.50122
1810.0,66.97313,42.121548,59.135635,73.5004
1810.5,66.97424,42.12307,59.139366,73.4996
1811.0,66.97537,42.124607,59.14311,73.49885
1811.5,66.97651,42.12615,59.14685,73.49809
1812.0,66.97765,42.127693,59.150593,73.49734
1812.5,66.97881,42.12925,59.154354,73.49663
1813.0,66.97997,42.130806,59.158115,73.49592
1813.5,66.98114,42.132362,59.161877,73.495224
1814.0,66.9823,42.13392,59.165634,73.49451
1814.5,66.98346,42.135475,59.169388,73.49379
1815.0,66.98463,42.137035,59.173157,73.493095
1815.5,66.985794,42.138596,59.176914,73.49239
1816.0,66.98696,42.14016,59.180676,73.491684
1816.5,66.98813,42.14172,59.184444,73.491
1817.0,66.98929,42.143272,59.188198,73.490295
1817.5,66.99043,42.14482,59.191948,73.48958
1818.0,66.99158,42.146362,59.19569,73.48885
1818.5,66.99272,42.147903,59.19943,73.48814
1819.0,66.99384,42.14943,59.203148,73.48739
1819.5,66.99497,42.150955,59.206867,73.48665
1820.0,66.99608,42.152477,59.210567,73.48588
1820.5,66.997185,42.154,59.214275,73.485115
1821.0,66.99831,42.155525,59.217983,73.48435
1821.5,66.99941,42.15705,59.221684,73.48359
1822.0,67.00052,42.158577,59.225388,73.48283
1822.5,67.00164,42.16011,59.2291,73.48208
1823.0,67.00277,42.161644,59.232815,73.481346
1823.5,67.00389,42.163177,59.236526,73.48061
1824.0,67.00504,42.164726,59.240257,73.47993
1824.5,67.00619,42.166267,59.243988,73.47923
1825.0,67.00734,42.167816,59.24772,73.478546
1825.5,67.00849,42.16936,59.25145,73.47787
1826.0,67.009636,42.170902,59.255184,73.47717
1826.5,67.01079,42.17245,59.258915,73.47649
1827.0,67.01192,42.17399,59.262634,73.47578
1827.5,67.01305,42.175526,59.266354,73.47508
1828.0,67.014175,42.177055,59.270065,73.47437
1828.5,67.0153,42.17858,59.273773,73.47366
1829.0,67.016396,42.180096,59.27747,73.47293
1829.5,67.01749,42.1816,59.28115,73.472176
1830.0,67.01858,42.183094,59.284836,73.471436
1830.5,67.01964,42.184574,59.2885,73.47067
1831.0,67.0207,42.18605,59.292168,73.4699
1831.5,67.02176,42.187527,59.295834,73.46914
1832.0,67.02282,42.18901,59.2995,73.46837
1832.5,67.02388,42.19049,59.303158,73.46759
1833.0,67.024956,42.19198,59.306835,73.46684
1833.5,67.02602,42.19346,59.31051,73.466095
1834.0,67.027084,42.19493,59.31418,73.465355
1834.5,67.028145,42.196404,59.317844,73.4646
1835.0,67.0292,42.19787,59.32151,73.46383
1835.5,67.03025,42.199333,59.325176,73.46307
1836.0,67.0313,42.200798,59.328842,73.46231
1836.5,67.032364,42.20227,59.33252,73.46157
1837.0,67.03344,42.20375,59.336197,73.46084
1837.5,67.03452,42.205246,59.33988,73.46013
1838.0,67.03561,42.20674,59.34355,73.459404
1838.5,67.03669,42.208237,59.347225,73.45869
1839.0,67.03777,42.209732,59.35089,73.45797
1839.5,67.03884,42.211224,59.354538,73.45722
1840.0,67.03991,42.21271,59.35818,73.45647
1840.5,67.04098,42.21421,59.36182,73.45572
1841.0,67.04207,42.215725,59.365482,73.45501
1841.5,67.043175,42.217247,59.36914,73.454315
1842.0,67.0443,42.218784,59.372807,73.45364
1842.5,67.04542,42.220318,59.376465,73.45296
1843.0,67.04653,42.22185,59.380127,73.45226
1843.5,67.04765,42.223392,59.383797,73.4516
1844.0,67.04878,42.22493,59.38747,73.45094
1844.5,67.04991,42.226467,59.391136,73.450264
1845.0,67.05103,42.228004,59.394802,73.44959
1845.5,67.05217,42.22954,59.398468,73.44893
1846.0,67.0533,42.231083,59.40213,73.44825
1846.5,67.054436,42.23263,59.405804,73.44759
1847.0,67.05558,42.234184,59.40948,73.446945
1847.5,67.056725,42.23574,59.413155,73.44629
1848.0,67.05788,42.2373,59.416832,73.44566
1848.5,67.05904,42.238865,59.42051,73.445045
1849.0,67.06018,42.24043,59.42418,73.44443
1849.5,67.06133,42.241993,59.427845,73.4438
1850.0,67.062485,42.243557,59.431503,73.44317
1850.5,67.063614,42.24511,59.435146,73.442505
1851.0,67.064735,42.24666,59.438778,73.44182
1851.5,67.065865,42.248207,59.442406,73.44115
1852.0,67.06699,42.249767,59.44605,73.44049
1852.5,67.06813,42.25132,59.449684,73.43983
1853.0,67.06926,42.252876,59.45332,73.43916
1853.5,67.07039,42.25443,59.456955,73.4385
1854.0,67.07151,42.255974,59.460587,73.43782
1854.5,67.072624,42.257515,59.46421,73.43713
1855.0,67.07374,42.259056,59.467834,73.43645
1855.5,67.074875,42.2606,59.47147,73.43579
1856.0,67.07601,42.262154,59.475113,73.43514
1856.5,67.077126,42.26369,59.478737,73.43445
1857.0,67.07826,42.265244,59.482376,73.43379
1857.5,67.07939,42.2668,59.486015,73.43314
1858.0,67.08052,42.26835,59.489643,73.43247
1858.5,67.08165,42.269897,59.493275,73.431816
1859.0,67.08276,42.27144,59.4969,73.43115
1859.5,67.08387,42.272972,59.500515,73.43048
1860.0,67.08498,42.274506,59.504135,73.429825
1860.5,67.08607,42.276035,59.507744,73.42915
1861.0,67.08716,42.277554,59.51134,73.42847
1861.5,67.08824,42.27907,59.514935,73.42779
1862.0,67.08931,42.280582,59.51852,73.427086
1862.5,67.0904,42.282093,59.522118,73.426414
1863.0,67.09148,42.283604,59.525703,73.42572
1863.5,67.09256,42.285122,59.529293,73.42503
1864.0,67.09365,42.286644,59.532883,73.42434
1864.5,67.094765,42.288177,59.536476,73.42366
1865.0,67.09586,42.289715,59.540062,73.422966
1865.5,67.09698,42.291256,59.543655,73.42228
1866.0,67.0981,42.292805,59.547245,73.42159
1866.5,67.09923,42.29437,59.550846,73.42092
1867.0,67.10037,42.295937,59.55445,73.42027
1867.5,67.10152,42.29751,59.55806,73.41962
1868.0,67.10267,42.299084,59.56167,73.41898
1868.5,67.10383,42.300663,59.56528,73.41836
1869.0,67.10498,42.302246,59.5689,73.41774
1869.5,67.10614,42.303833,59.572514,73.41713
1870.0,67.1073,42.30542,59.576122,73.416534
1870.5,67.10846,42.30701,59.57973,73.41593
1871.0,67.10961,42.308594,59.583317,73.415306
1871.5,67.11076,42.310184,59.586914,73.414696
1872.0,67.11192,42.31178,59.5905,73.41407
1872.5,67.1131,42.313385,59.594093,73.413475
1873.0,67.11426,42.314983,59.597683,73.41286
1873.5,67.11542,42.316566,59.601273,73.41224
1874.0,67.11654,42.318123,59.604847,73.41159
1874.5,67.11765,42.31966,59.608418,73.41093
1875.0,67.11874,42.321182,59.611977,73.41024
1875.5,67.119804,42.322685,59.61553,73.40953
1876.0,67.120865,42.324173,59.61907,73.408806
1876.5,67.121925,42.325665,59.62262,73.40811
1877.0,67.122986,42.327152,59.626175,73.40741
1877.5,67.124054,42.328655,59.629734,73.40674
1878.0,67.125145,42.33017,59.633297,73.40607
1878.5,67.126236,42.331696,59.636868,73.40542
1879.0,67.127335,42.33323,59.640438,73.40476
1879.5,67.12843,42.334755,59.644,73.40412
1880.0,67.129524,42.336285,59.647568,73.40348
1880.5,67.13061,42.33781,59.651123,73.40284
1881.0,67.13168,42.339325,59.65467,73.402176
1881.5,67.132744,42.34083,59.65821,73.401505
1882.0,67.13378,42.34231,59.66172,73.40078
1882.5,67.13482,42.34379,59.665237,73.40008
1883.0,67.135826,42.34525,59.668743,73.39934
1883.5,67.136826,42.346695,59.672237,73.39857
1884.0,67.13782,42.348137,59.675728,73.397804
1884.5,67.138824,42.349583,59.67923,73.39706
1885.0,67.13983,42.351025,59.68272,73.39629
1885.5,67.14083,42.352467,59.686214,73.39554
1886.0,67.141815,42.353897,59.6897,73.39475
1886.5,67.142815,42.35534,59.693207,73.39401
1887.0,67.143814,42.356773,59.696705,73.39327
1887.5,67.14481,42.358204,59.700203,73.392525
1888.0,67.1458,42.359634,59.7037,73.39177
1888.5,67.146805,42.361073,59.707207,73.39105
1889.0,67.14779,42.362507,59.710705,73.39031
1889.5,67.14879,42.36394,59.71421,73.38959
1890.0,67.14977,42.36538,59.71771,73.38886
1890.5,67.150764,42.366814,59.721203,73.38814
1891.0,67.15174,42.36824,59.72469,73.387405
1891.5,67.15272,42.369663,59.728165,73.38666
1892.0,67.153694,42.371086,59.731644,73.38593
1892.5,67.154655,42.372494,59.735107,73.38517
1893.0,67.1556,42.373894,59.73856,73.384384
1893.5,67.15653,42.375286,59.741993,73.38356
1894.0,67.157455,42.37667,59.745426,73.38274
1894.5,67.15837,42.378044,59.74885,73.38189
1895.0,67.159294,42.379425,59.752285,73.38106
1895.5,67.16021,42.3808,59.75572,73.380226
1896.0,67.16113,42.382168,59.759148,73.37938
1896.5,67.16206,42.38355,59.762585,73.37857
1897.0,67.16301,42.384933,59.76603,73.37778
1897.5,67.163956,42.38633,59.76948,73.377
1898.0,67.164925,42.387737,59.772945,73.37626
1898.5,67.16589,42.389145,59.776413,73.37552
1899.0,67.16688,42.390564,59.77989,73.3748
1899.5,67.167854,42.391983,59.783356,73.374084
1900.0,67.16883,42.393406,59.786827,73.37335
1900.5,67.1698,42.39483,59.79029,73.37263
1901.0,67.170784,42.39626,59.79375,73.37191
1901.5,67.17177,42.397686,59.79721,73.371185
1902.0,67.17273,42.39911,59.800655,73.37044
1902.5,67.173676,42.400513,59.80407,73.36964
1903.0,67.17461,42.401905,59.80748,73.36882
1903.5,67.17555,42.403305,59.81089,73.368004
1904.0,67.176476,42.40469,59.814285,73.367165
1904.5,67.17739,42.406067,59.817684,73.36632
1905.0,67.17832,42.407444,59.821087,73.36549
1905.5,67.179245,42.408817,59.824486,73.364655
1906.0,67.18016,42.410187,59.827877,73.36381
1906.5,67.18108,42.411552,59.831272,73.362976
1907.0,67.182014,42.412933,59.83469,73.362175
1907.5,67.18296,42.414326,59.838104,73.36139
1908.0,67.18394,42.415733,59.841537,73.36065
1908.5,67.18492,42.41716,59.84498,73.359924
1909.0,67.18591,42.41859,59.848423,73.35921
1909.5,67.18691,42.420025,59.851868,73.3585
1910.0,67.1879,42.42146,59.855312,73.357796
1910.5,67.18887,42.422886,59.85875,73.35708
1911.0,67.18984,42.424305,59.862183,73.35636
1911.5,67.1908,42.42571,59.865612,73.35564
1912.0,67.19175,42.427105,59.869034,73.35491
1912.5,67.192665,42.428474,59.87243,73.35413
1913.0,67.193565,42.42982,59.87581,73.35333
1913.5,67.194435,42.431145,59.879173,73.35248
1914.0,67.1953,42.432465,59.882526,73.35162
1914.5,67.196144,42.433765,59.88587,73.35073
1915.0,67.197,42.43507,59.88922,73.349846
1915.5,67.19784,42.436367,59.89256,73.34893
1916.0,67.19867,42.43766,59.89589,73.34801
1916.5,67.19951,42.43896,59.899227,73.3471
1917.0,67.20035,42.440258,59.90256,73.34618
1917.5,67.201195,42.441563,59.9059,73.34528
1918.0,67.20206,42.442875,59.90925,73.344406
1918.5,67.202934,42.4442,59.91261,73.34357
1919.0,67.20383,42.44554,59.915977,73.34275
1919.5,67.204735,42.446896,59.919357,73.34197
1920.0,67.20564,42.448257,59.922745,73.341194
1920.5,67.20656,42.44963,59.92613,73.34043
1921.0,67.2075,42.45102,59.929527,73.33969
1921.5,67.20844,42.45241,59.932922,73.33898
1922.0,67.20937,42.4538,59.936314,73.33825
1922.5,67.21029,42.455173,59.939682,73.33746
1923.0,67.21119,42.456528,59.94303,73.33665
1923.5,67.21207,42.457863,59.946358,73.335785
1924.0,67.21292,42.459187,59.949673,73.3349
1924.5,67.213776,42.460503,59.95298,73.333984
1925.0,67.21462,42.46181,59.956276,73.33305
1925.5,67.215454,42.46311,59.95956,73.33209
1926.0,67.2163,42.46442,59.962856,73.33115
1926.5,67.21715,42.465736,59.96615,73.3302
1927.0,67.218,42.467056,59.969444,73.32926
1927.5,67.21888,42.46839,59.972755,73.32838
1928.0,67.21977,42.46973,59.976078,73.327515
1928.5,67.220665,42.471077,59.97941,73.32669
1929.0,67.22155,42.472424,59.982742,73.32587
1929.5,67.222466,42.47378,59.986095,73.325096
1930.0,67.223366,42.475136,59.989445,73.324326
1930.5,67.22427,42.476498,59.99281,73.323586
1931.0,67.225174,42.477856,59.996162,73.32283
1931.5,67.22607,42.4792,59.99951,73.32208
1932.0,67.226944,42.48053,60.002857,73.321304
1932.5,67.2278,42.481846,60.006187,73.32052
1933.0,67.228615,42.483128,60.00949,73.319664
1933.5,67.229416,42.484386,60.012775,73.31877
1934.0,67.23017,42.48561,60.01603,73.3178
1934.5,67.2309,42.486813,60.019268,73.3168
1935.0,67.23163,42.488007,60.02249,73.31577
1935.5,67.23235,42.489197,60.025723,73.31475
1936.0,67.23307,42.49039,60.028946,73.31372
1936.5,67.2338,42.491585,60.032177,73.3127
1937.0,67.23454,42.49279,60.03541,73.31171
1937.5,67.235306,42.494007,60.038662,73.310745
1938.0,67.23606,42.49523,60.041912,73.309784
1938.5,67.23683,42.49646,60.045166,73.30884
1939.0,67.23762,42.497707,60.04843,73.30792
1939.5,67.23843,42.498974,60.051716,73.30707
1940.0,67.239235,42.500248,60.055,73.306206
1940.5,67.240074,42.50154,60.0583,73.30539
1941.0,67.24091,42.502842,60.061604,73.30458
1941.5,67.241745,42.50414,60.064907,73.30377
1942.0,67.24257,42.50542,60.068195,73.30294
1942.5,67.24337,42.506687,60.071476,73.30209
1943.0,67.24415,42.507935,60.07473,73.30119
1943.5,67.2449,42.50916,60.077965,73.30025
1944.0,67.24564,42.51037,60.08119,73.299286
1944.5,67.24637,42.51156,60.084404,73.298294
1945.0,67.247086,42.512737,60.087597,73.29727
1945.5,67.247795,42.513916,60.090794,73.29625
1946.0,67.2485,42.51509,60.093983,73.29521
1946.5,67.24921,42.516266,60.097168,73.294174
1947.0,67.249916,42.517452,60.100365,73.29316
1947.5,67.25065,42.518642,60.103565,73.29217
1948.0,67.25139,42.519848,60.106777,73.2912
1948.5,67.25215,42.521065,60.110004,73.29027
1949.0,67.25291,42.52229,60.11322,73.28933
1949.5,67.25369,42.523533,60.11646,73.28844
1950.0,67.25449,42.524796,60.119713,73.28758
1950.5,67.25531,42.52607,60.122974,73.28675
1951.0,67.25614,42.527355,60.12625,73.285965
1951.5,67.256966,42.528645,60.129524,73.285164
1952.0,67.25778,42.529922,60.13279,73.284355
1952.5,67.25858,42.531185,60.13604,73.28351
1953.0,67.25937,42.532425,60.139275,73.28264
1953.5,67.26012,42.53364,60.142487,73.28172
1954.0,67.26084,42.534836,60.145687,73.28078
1954.5,67.26154,42.536003,60.148857,73.27978
1955.0,67.26223,42.53716,60.152023,73.278755
1955.5,67.26291,42.5383,60.15517,73.2777
1956.0,67.26357,42.53944,60.158318,73.27664
1956.5,67.264244,42.54058,60.161465,73.27558
1957.0,67.26491,42.541718,60.16461,73.27453
1957.5,67.26559,42.54287,60.16777,73.273506
1958.0,67.26629,42.544033,60.170937,73.2725
1958.5,67.267,42.54521,60.174107,73.27152
1959.0,67.267715,42.546402,60.177284,73.27056
1959.5,67.26847,42.547623,60.180485,73.26966
1960.0,67.26926,42.548862,60.183697,73.2688
1960.5,67.27006,42.550125,60.186928,73.267975
1961.0,67.27089,42.551407,60.19017,73.26719
1961.5,67.27173,42.5527,60.193424,73.266426
1962.0,67.27255,42.55399,60.196667,73.26563
1962.5,67.27337,42.55527,60.199898,73.26482
1963.0,67.274185,42.55654,60.203125,73.26398
1963.5,67.27496,42.557793,60.206326,73.26309
1964.0,67.27571,42.559013,60.209496,73.262146
1964.5,67.27644,42.560207,60.212654,73.261185
1965.0,67.27716,42.561386,60.2158,73.2602
1965.5,67.27784,42.562546,60.21893,73.25917
1966.0,67.27851,42.563694,60.222046,73.25812
1966.5,67.27919,42.564846,60.22517,73.257095
1967.0,67.279854,42.565987,60.228287,73.25605
1967.5,67.28053,42.567135,60.23141,73.25502
1968.0,67.281204,42.568283,60.234535,73.25399
1968.5,67.2819,42.569443,60.23767,73.253006
1969.0,67.282585,42.57061,60.240807,73.25202
1969.5,67.28332,42.5718,60.24397,73.251114
1970.0,67.284065,42.57301,60.247154,73.25025
1970.5,67.28482,42.574223,60.250343,73.24941
1971.0,67.28559,42.575447,60.253544,73.24859
1971.5,67.28636,42.576675,60.256737,73.24776
1972.0,67.28713,42.5779,60.259937,73.24694
1972.5,67.28788,42.579113,60.263123,73.24608
1973.0,67.288605,42.58031,60.266285,73.24518
1973.5,67.28933,42.581497,60.269444,73.24427
1974.0,67.29004,42.58267,60.272587,73.243324
1974.5,67.29075,42.58384,60.275723,73.242386
1975.0,67.291435,42.585,60.27884,73.2414
1975.5,67.292114,42.586143,60.281937,73.24038
1976.0,67.292786,42.587296,60.285038,73.239365
1976.5,67.29348,42.58846,60.288143,73.23836
1977.0,67.29419,42.58964,60.29125,73.23737
1977.5,67.29492,42.590843,60.294373,73.23642
1978.0,67.29567,42.592056,60.2975,73.23548
1978.5,67.29644,42.593296,60.300644,73.23458
1979.0,67.29724,42.59455,60.303802,73.23373
1979.5,67.29806,42.595825,60.306973,73.23291
1980.0,67.29888,42.59711,60.31015,73.23212
1980.5,67.29972,42.59841,60.31334,73.23134
1981.0,67.30057,42.599712,60.316532,73.23058
1981.5,67.301414,42.60101,60.31973,73.229836
1982.0,67.30224,42.60229,60.322906,73.22904
1982.5,67.30306,42.60357,60.326088,73.228264
1983.0,67.303856,42.60482,60.329254,73.22744
1983.5,67.30462,42.606052,60.3324,73.22657
1984.0,67.30536,42.607265,60.33553,73.22568
1984.5,67.30609,42.60846,60.338646,73.22475
1985.0,67.30678,42.60963,60.34173,73.22374
1985.5,67.307465,42.610798,60.34481,73.22275
1986.0,67.30816,42.611965,60.347885,73.22175
1986.5,67.308846,42.613136,60.350956,73.22073
1987.0,67.30954,42.614315,60.35402,73.21972
1987.5,67.31024,42.6155,60.357086,73.21872
1988.0,67.31098,42.61672,60.36018,73.21778
1988.5,67.31174,42.617954,60.36328,73.21686
1989.0,67.31253,42.61922,60.366398,73.21599
1989.5,67.31334,42.620506,60.369534,73.215164
1990.0,67.31417,42.62181,60.37268,73.21437
1990.5,67.315025,42.62313,60.37584,73.2136
1991.0,67.31588,42.62445,60.378994,73.21283
1991.5,67.31675,42.625782,60.382156,73.212074
1992.0,67.31762,42.627117,60.385323,73.21133
1992.5,67.3185,42.628452,60.388493,73.21059
1993.0,67.31935,42.629772,60.39165,73.20982
1993.5,67.32019,42.631073,60.394794,73.209015
1994.0,67.321,42.632355,60.39791,73.20817
1994.5,67.3218,42.63363,60.401024,73.2073
1995.0,67.32258,42.634888,60.40412,73.206406
1995.5,67.32337,42.636143,60.407227,73.20554
1996.0,67.32414,42.637383,60.410316,73.20464
1996.5,67.324905,42.638615,60.41339,73.20373
1997.0,67.32566,42.639847,60.416454,73.2028
1997.5,67.32642,42.641087,60.41953,73.20188
1998.0,67.3272,42.64234,60.42262,73.201004
1998.5,67.32798,42.643597,60.425705,73.200134
1999.0,67.32877,42.644867,60.4288,73.19928
1999.5,67.32959,42.646156,60.431908,73.19848
2000.0,67.3304,42.64744,60.43502,73.19767
2000.5,67.33122,42.64873,60.438137,73.19688
2001.0,67.33204,42.650017,60.44126,73.196106
2001.5,67.33285,42.6513,60.444378,73.195335
2002.0,67.33364,42.652565,60.447495,73.19454
2002.5,67.334435,42.65382,60.450607,73.19375
2003.0,67.3352,42.655056,60.45371,73.19292
2003.5,67.33595,42.65628,60.456802,73.19208
2004.0,67.336685,42.657482,60.45989,73.19122
2004.5,67.337395,42.658665,60.46296,73.19033
2005.0,67.33809,42.65983,60.466015,73.189415
2005.5,67.33875,42.660973,60.469055,73.18847
2006.0,67.33942,42.66211,60.472088,73.18752
2006.5,67.34007,42.663242,60.475117,73.18656
2007.0,67.34071,42.664368,60.478134,73.185585
2007.5,67.341354,42.66549,60.481144,73.1846
2008.0,67.341995,42.66661,60.484158,73.18365
2008.5,67.34265,42.667744,60.487186,73.18272
2009.0,67.343315,42.66889,60.490227,73.18181
2009.5,67.344,42.67005,60.49328,73.18094
2010.0,67.344696,42.671223,60.49633,73.18008
2010.5,67.34539,42.672394,60.49939,73.17923
2011.0,67.3461,42.673576,60.502453,73.17839
2011.5,67.346794,42.67475,60.505505,73.17753
2012.0,67.34749,42.67592,60.508556,73.17667
2012.5,67.34817,42.677082,60.51161,73.1758
2013.0,67.34885,42.678238,60.514652,73.17492
2013.5,67.349525,42.679386,60.517693,73.17402
2014.0,67.350204,42.680542,60.520733,73.173134
2014.5,67.350876,42.681694,60.523773,73.17224
2015.0,67.35156,42.682854,60.526814,73.171364
2015.5,67.352234,42.684006,60.52984,73.170456
2016.0,67.352905,42.685158,60.532856,73.16954
2016.5,67.35357,42.686302,60.535854,73.16859
2017.0,67.35425,42.68746,60.538857,73.167656
2017.5,67.354935,42.688633,60.54187,73.16675
2018.0,67.35564,42.689808,60.544884,73.165855
2018.5,67.35634,42.690994,60.547905,73.16498
2019.0,67.35704,42.69218,60.550926,73.16411
2019.5,67.35776,42.693386,60.553963,73.16326
2020.0,67.35851,42.694614,60.557014,73.16248
2020.5,67.35928,42.695858,60.560078,73.16173
2021.0,67.36007,42.697113,60.56314,73.16097
2021.5,67.36086,42.698376,60.566216,73.16025
2022.0,67.36166,42.69964,60.569286,73.1595
2022.5,67.36243,42.700893,60.57234,73.15872
2023.0,67.3632,42.702137,60.57539,73.157936
2023.5,67.36395,42.703373,60.578434,73.157135
2024.0,67.36471,42.704594,60.581486,73.15634
2024.5,67.36544,42.705803,60.584526,73.15554
2025.0,67.36615,42.706985,60.587555,73.15471
2025.5,67.366844,42.70816,60.590576,73.15386
2026.0,67.36752,42.709316,60.593586,73.15299
2026.5,67.368195,42.71046,60.596584,73.15211
2027.0,67.36885,42.711594,60.59957,73.151215
2027.5,67.3695,42.71273,60.60256,73.15032
2028.0,67.37015,42.71386,60.605537,73.14942
2028.5,67.370766,42.714977,60.6085,73.14848
2029.0,67.37139,42.716103,60.61147,73.14756
2029.5,67.37205,42.717247,60.614456,73.14668
2030.0,67.37271,42.718395,60.617447,73.14583
2030.5,67.37339,42.71956,60.620457,73.14501
2031.0,67.37406,42.72072,60.623463,73.144196
2031.5,67.374725,42.721867,60.626457,73.143364
2032.0,67.37539,42.72301,60.629463,73.14254
2032.5,67.376045,42.72415,60.63247,73.141716
2033.0,67.3767,42.72528,60.63547,73.14089
2033.5,67.37734,42.726395,60.63846,73.14004
2034.0,67.37796,42.727497,60.641434,73.139145
2034.5,67.37858,42.728596,60.644405,73.138245
2035.0,67.379196,42.7297,60.64738,73.137344
2035.5,67.379814,42.7308,60.65035,73.13645
2036.0,67.38043,42.731895,60.653313,73.135544
2036.5,67.381035,42.73299,60.65627,73.13463
2037.0,67.38165,42.73409,60.659225,73.13373
2037.5,67.38226,42.73519,60.662167,73.13282
2038.0,67.38289,42.7363,60.66512,73.13193
2038.5,67.383514,42.737415,60.668064,73.13103
2039.0,67.38413,42.738537,60.671,73.13012
2039.5,67.384766,42.73967,60.673946,73.12923
2040.0,67.38541,42.74081,60.676895,73.12835
2040.5,67.38607,42.741974,60.679863,73.12752
2041.0,67.38674,42.74314,60.682835,73.12669
2041.5,67.38741,42.744305,60.685806,73.12588
2042.0,67.388084,42.74547,60.688774,73.125046
2042.5,67.388756,42.74663,60.69175,73.12423
2043.0,67.38943,42.74779,60.694725,73.123405
2043.5,67.390114,42.74895,60.697704,73.122604
2044.0,67.39078,42.7501,60.70067,73.12176
2044.5,67.39143,42.75124,60.70363,73.1209
2045.0,67.39208,42.752377,60.706593,73.12005
2045.5,67.39272,42.7535,60.70955,73.1192
2046.0,67.39336,42.754623,60.712498,73.11833
2046.5,67.39398,42.755737,60.715443,73.11747
2047.0,67.39459,42.75684,60.718376,73.116585
2047.5,67.39519,42.757935,60.721294,73.11567
2048.0,67.39579,42.75903,60.724216,73.11477
2048.5,67.39639,42.76012,60.72714,73.113884
2049.0,67.396996,42.761223,60.730053,73.112976
2049.5,67.39761,42.762344,60.73298,73.112114
2050.0,67.39825,42.76348,60.735905,73.11126
2050.5,67.39892,42.764645,60.73887,73.11049
2051.0,67.3996,42.765823,60.741825,73.1097
2051.5,67.40028,42.76701,60.74478,73.10893
2052.0,67.40099,42.768204,60.74775,73.108185
2052.5,67.40171,42.769405,60.750725,73.10745
2053.0,67.402435,42.770607,60.753696,73.10671
2053.5,67.40315,42.7718,60.75667,73.105965
2054.0,67.40387,42.773,60.75965,73.10523
2054.5,67.404594,42.774193,60.76263,73.1045
2055.0,67.4053,42.77538,60.765602,73.103745
2055.5,67.40599,42.77656,60.768562,73.10298
2056.0,67.406685,42.777733,60.77152,73.1022
2056.5,67.40738,42.778904,60.774467,73.101425
2057.0,67.40806,42.78007,60.77742,73.10065
2057.5,67.40873,42.781227,60.780354,73.09985
2058.0,67.40939,42.78238,60.78328,73.099045
2058.5,67.41004,42.783527,60.786194,73.09822
2059.0,67.4107,42.784683,60.78912,73.097435
2059.5,67.411354,42.78584,60.792034,73.09662
2060.0,67.41202,42.787003,60.794956,73.09582
2060.5,67.4127,42.78818,60.79789,73.09505
2061.0,67.41339,42.78937,60.800827,73.0943
2061.5,67.4141,42.79057,60.803776,73.09357
2062.0,67.41481,42.791767,60.80673,73.09285
2062.5,67.41553,42.79297,60.809685,73.09215
2063.0,67.41623,42.794167,60.812634,73.09144
2063.5,67.41694,42.79536,60.815586,73.090706
2064.0,67.41763,42.796543,60.818527,73.089966
2064.5,67.41832,42.797718,60.82147,73.08921
2065.0,67.41901,42.798893,60.8244,73.08845
2065.5,67.41969,42.800068,60.82733,73.087685
2066.0,67.4204,42.801266,60.830276,73.08695
2066.5,67.42112,42.802467,60.83323,73.086235
2067.0,67.42184,42.80367,60.836174,73.08552
2067.5,67.42255,42.80487,60.839104,73.084785
2068.0,67.423256,42.806072,60.842037,73.08406
2068.5,67.42396,42.807274,60.84495,73.08332
2069.0,67.424675,42.808487,60.847878,73.082596
2069.5,67.425385,42.809696,60.8508,73.08187
2070.0,67.426094,42.81091,60.853714,73.08113
2070.5,67.4268,42.812122,60.85662,73.08038
2071.0,67.42752,42.813343,60.859535,73.07965
2071.5,67.42825,42.814575,60.86247,73.07896
2072.0,67.42899,42.815807,60.865402,73.07827
2072.5,67.42975,42.817043,60.86834,73.0776
2073.0,67.43048,42.818275,60.871273,73.076904
2073.5,67.43122,42.819504,60.8742,73.07621
2074.0,67.43198,42.820736,60.87714,73.07552
2074.5,67.43273,42.82197,60.88008,73.07485
2075.0,67.43348,42.823208,60.883015,73.074165
2075.5,67.434235,42.824448,60.88596,73.0735
2076.0,67.43499,42.825684,60.888905,73.07285
2076.5,67.435745,42.826916,60.89185,73.072205
2077.0,67.436485,42.82814,60.894794,73.07157
2077.5,67.437225,42.829357,60.89773,73.07092
2078.0,67.43795,42.830566,60.900665,73.07027
2078.5,67.43865,42.831757,60.903572,73.069565
2079.0,67.439354,42.83294,60.906487,73.068886
2079.5,67.44005,42.83413,60.90939,73.0682
2080.0,67.44075,42.835323,60.91229,73.06749
2080.5,67.44145,42.836525,60.915184,73.06679
2081.0,67.44216,42.837727,60.918087,73.0661
2081.5,67.44287,42.838932,60.92099,73.065414
2082.0,67.44358,42.840134,60.923893,73.064735
2082.5,67.4443,42.841343,60.9268,73.06406
2083.0,67.44501,42.842545,60.92971,73.063385
2083.5,67.445694,42.84373,60.932613,73.06269
2084.0,67.44638,42.844906,60.93551,73.06198
2084.5,67.44707,42.846077,60.938408,73.06129
2085.0,67.44775,42.847244,60.941303,73.060585
2085.5,67.44843,42.848415,60.944206,73.0599
2086.0,67.44912,42.849598,60.947113,73.059235
2086.5,67.44982,42.85078,60.950027,73.05858
2087.0,67.4505,42.85195,60.95293,73.0579
2087.5,67.45118,42.853123,60.95583,73.05721
2088.0,67.45185,42.854294,60.958714,73.05651
2088.5,67.45253,42.85547,60.961594,73.05582
2089.0,67.45318,42.85663,60.964455,73.05508
2089.5,67.45384,42.85779,60.96732,73.05435
2090.0,67.4545,42.85896,60.970177,73.05362
2090.5,67.45516,42.86013,60.97303,73.05289
2091.0,67.4558,42.86129,60.975872,73.05212
2091.5,67.45645,42.86245,60.978718,73.05135
2092.0,67.4571,42.863613,60.98156,73.05059
2092.5,67.457756,42.864788,60.984413,73.04985
2093.0,67.45843,42.865967,60.98727,73.049126
2093.5,67.459114,42.867157,60.990135,73.04842
2094.0,67.45979,42.868343,60.992996,73.047714
2094.5,67.460464,42.869522,60.995857,73.047
2095.0,67.46115,42.870705,60.998734,73.04631
2095.5,67.46184,42.871887,61.00161,73.04563
2096.0,67.46252,42.873062,61.00449,73.04496
2096.5,67.46318,42.87422,61.007355,73.04427
2097.0,67.46384,42.875385,61.01023,73.04359
2097.5,67.464485,42.876534,61.013092,73.042885
2098.0,67.46512,42.877666,61.015953,73.0422
2098.5,67.46574,42.878784,61.018795,73.04147
2099.0,67.46634,42.879887,61.021633,73.04075
2099.5,67.46692,42.880974,61.024452,73.03999
2100.0,67.46748,42.882053,61.02726,73.03922
2100.5,67.46806,42.883133,61.03008,73.038475
2101.0,67.46863,42.88421,61.032887,73.0377
2101.5,67.46918,42.885277,61.035686,73.03691
2102.0,67.46975,42.88635,61.038494,73.03615
2102.5,67.470314,42.88742,61.0413,73.03538
2103.0,67.47088,42.888496,61.04411,73.0346
2103.5,67.47145,42.889576,61.04692,73.033844
2104.0,67.472015,42.89065,61.04973,73.03307
2104.5,67.47259,42.89173,61.052536,73.03231
2105.0,67.47318,42.892826,61.055355,73.03157
2105.5,67.47378,42.89393,61.058174,73.030815
2106.0,67.47439,42.895046,61.06101,73.030106
2106.5,67.47502,42.896175,61.06385,73.02941
2107.0,67.47565,42.897305,61.06668,73.028694
2107.5,67.47629,42.89845,61.069523,73.028015
2108.0,67.476944,42.8996,61.07236,73.02734
2108.5,67.47758,42.900745,61.07519,73.02666
2109.0,67.47821,42.90188,61.07802,73.02597
2109.5,67.47882,42.903004,61.080826,73.02525
2110.0,67.47944,42.90413,61.083633,73.024536
2110.5,67.48005,42.90526,61.086433,73.02382
2111.0,67.48066,42.906384,61.08923,73.02309
2111.5,67.48126,42.907505,61.092026,73.022354
2112.0,67.48187,42.908623,61.094826,73.02163
2112.5,67.48249,42.909744,61.097633,73.020935
2113.0,67.48311,42.91087,61.10045,73.02024
2113.5,67.48373,42.912,61.103256,73.01955
2114.0,67.48437,42.913136,61.106068,73.01886
2114.5,67.48501,42.914284,61.108875,73.018166
2115.0,67.48566,42.91544,61.111687,73.01748
2115.5,67.48633,42.916607,61.114513,73.01682
2116.0,67.487,42.917774,61.117344,73.01618
2116.5,67.48767,42.918934,61.12018,73.01555
2117.0,67.48832,42.920082,61.123,73.01489
2117.5,67.48896,42.92123,61.125828,73.014244
2118.0,67.48959,42.922367,61.128647,73.01359
2118.5,67.49021,42.923485,61.131454,73.01291
2119.0,67.490814,42.924587,61.134262,73.01225
2119.5,67.4914,42.925674,61.137054,73.011566
2120.0,67.49196,42.926743,61.13984,73.01086
2120.5,67.49251,42.927803,61.142612,73.01013
2121.0,67.493034,42.92884,61.145367,73.00937
2121.5,67.49354,42.92987,61.148106,73.00857
2122.0,67.49404,42.930893,61.150845,73.00776
2122.5,67.494545,42.93191,61.15358,73.006966
2123.0,67.49503,42.932926,61.156315,73.00615
2123.5,67.49553,42.93394,61.159058,73.00536
2124.0,67.49604,42.93496,61.161804,73.004585
2124.5,67.496544,42.935978,61.16455,73.00381
2125.0,67.497055,42.936996,61.167313,73.00306
2125.5,67.49757,42.93801,61.17006,73.00229
2126.0,67.498085,42.939037,61.17282,73.00155
2126.5,67.4986,42.94006,61.17557,73.000786
2127.0,67.49912,42.94109,61.178337,73.00007
2127.5,67.49965,42.942123,61.181103,72.999344
2128.0,67.50019,42.943165,61.183884,72.99866
2128.5,67.50074,42.944214,61.186665,72.997986
2129.0,67.50126,42.945248,61.189426,72.99727
2129.5,67.50179,42.94628,61.192184,72.99657
2130.0,67.502304,42.94731,61.19494,72.99586
2130.5,67.50282,42.94834,61.197693,72.995155
2131.0,67.50333,42.949356,61.200428,72.99441
2131.5,67.50383,42.950375,61.203163,72.993675
2132.0,67.50432,42.951374,61.205883,72.9929
2132.5,67.50479,42.95237,61.208595,72.992096
2133.0,67.50526,42.95336,61.2113,72.99129
2133.5,67.50574,42.95436,61.21402,72.99051
2134.0,67.50622,42.955357,61.216724,72.98971
2134.5,67.50671,42.95636,61.219437,72.988914
2135.0,67.5072,42.957375,61.22215,72.98812
2135.5,67.50772,42.958405,61.224876,72.987366
2136.0,67.508255,42.959454,61.227615,72.986626
2136.5,67.50882,42.96052,61.230362,72.985916
2137.0,67.50939,42.961605,61.233116,72.98523
2137.5,67.509995,42.96271,61.235886,72.98458
2138.0,67.51062,42.96383,61.23867,72.98397
2138.5,67.51122,42.964943,61.241444,72.983345
2139.0,67.51184,42.96606,61.24422,72.982735
2139.5,67.51245,42.967175,61.246998,72.98213
2140.0,67.51306,42.968285,61.249767,72.98152
2140.5,67.51367,42.9694,61.252533,72.98092
2141.0,67.51427,42.9705,61.255283,72.98028
2141.5,67.514854,42.971596,61.258022,72.97963
2142.0,67.515434,42.972683,61.260754,72.97895
2142.5,67.51599,42.973763,61.263474,72.97824
2143.0,67.51657,42.97485,61.26621,72.97758
2143.5,67.517136,42.97593,61.268932,72.97689
2144.0,67.51771,42.97701,61.27166,72.97621
2144.5,67.51827,42.97808,61.274384,72.975525
2145.0,67.518845,42.979156,61.277122,72.97485
2145.5,67.51942,42.98023,61.27985,72.974174
2146.0,67.51999,42.98131,61.282585,72.97351
2146.5,67.52059,42.982407,61.28534,72.972885
2147.0,67.52121,42.983513,61.2881,72.97227
2147.5,67.52182,42.984623,61.290855,72.97164
2148.0,67.522446,42.98575,61.29362,72.971054
2148.5,67.52307,42.98688,61.29638,72.97046
2149.0,67.5237,42.98802,61.29914,72.96987
2149.5,67.524345,42.989174,61.301907,72.96931
2150.0,67.52498,42.990322,61.304646,72.96869
2150.5,67.52562,42.991478,61.307396,72.96811
2151.0,67.52626,42.992626,61.31013,72.9675
2151.5,67.526886,42.993774,61.31286,72.96687
2152.0,67.52752,42.99492,61.315582,72.96625
2152.5,67.52816,42.996067,61.318314,72.96563
2153.0,67.5288,42.997215,61.321045,72.96502
2153.5,67.529434,42.99836,61.32377,72.96439
2154.0,67.530075,42.999516,61.326496,72.96378
2154.5,67.53072,43.000668,61.329224,72.96316
2155.0,67.531364,43.001823,61.331947,72.96253
2155.5,67.53201,43.00298,61.334675,72.96191
2156.0,67.53266,43.00413,61.337395,72.96127
2156.5,67.53332,43.005295,61.34013,72.96067
2157.0,67.53399,43.00647,61.342865,72.960075
2157.5,67.53467,43.007652,61.34562,72.95951
2158.0,67.53534,43.008823,61.348366,72.958954
2158.5,67.535995,43.009983,61.351116,72.95839
2159.0,67.53664,43.011127,61.35385,72.95781
2159.5,67.53727,43.012264,61.35659,72.957245
2160.0,67.53787,43.01338,61.35932,72.956665
2160.5,67.53845,43.014473,61.362034,72.95605
2161.0,67.53901,43.01554,61.364735,72.955414
2161.5,67.539536,43.016586,61.36741,72.954735
2162.0,67.54005,43.017612,61.370075,72.95404
2162.5,67.54054,43.01863,61.372738,72.95332
2163.0,67.54103,43.019634,61.375393,72.9526
2163.5,67.5415,43.020626,61.378036,72.95185
2164.0,67.54196,43.021606,61.38068,72.951096
2164.5,67.54243,43.022583,61.383324,72.95034
2165.0,67.54288,43.023552,61.38596,72.94956
2165.5,67.543335,43.024525,61.3886,72.94879
2166.0,67.543785,43.025497,61.39124,72.94803
2166.5,67.54424,43.026466,61.393883,72.94727
2167.0,67.5447,43.02744,61.396523,72.94651
2167.5,67.545166,43.02842,61.399166,72.945755
2168.0,67.54563,43.029408,61.401814,72.94501
2168.5,67.54612,43.030415,61.404484,72.94433
2169.0,67.546616,43.031425,61.40715,72.943634
2169.5,67.54713,43.032448,61.40982,72.94296
2170.0,67.547646,43.033485,61.412495,72.942314
2170.5,67.548164,43.03452,61.415173,72.94168
2171.0,67.54869,43.035557,61.417847,72.94105
2171.5,67.54921,43.03659,61.420506,72.940384
2172.0,67.54972,43.03762,61.423157,72.939705
2172.5,67.55023,43.038643,61.4258,72.93901
2173.0,67.55073,43.039658,61.42843,72.93828
2173.5,67.551216,43.040672,61.431046,72.93753
2174.0,67.55171,43.041695,61.433674,72.9368
2174.5,67.55222,43.042717,61.436302,72.936066
2175.0,67.55272,43.043736,61.438923,72.93532
2175.5,67.55323,43.044758,61.441547,72.93458
2176.0,67.55373,43.045776,61.444168,72.93383
2176.5,67.554245,43.046806,61.446796,72.9331
2177.0,67.55476,43.047844,61.449432,72.93239
2177.5,67.55528,43.04888,61.45207,72.93167
2178.0,67.55583,43.049942,61.45472,72.93101
2178.5,67.5564,43.05102,61.457382,72.93037
2179.0,67.55699,43.05212,61.460068,72.92978
2179.5,67.55759,43.053226,61.46274,72.92918
2180.0,67.55818,43.054333,61.46542,72.9286
2180.5,67.55876,43.05543,61.46809,72.92799
2181.0,67.55935,43.056522,61.470753,72.9274
2181.5,67.55989,43.057587,61.473392,72.92674
2182.0,67.56041,43.058624,61.476017,72.92605
2182.5,67.56092,43.059654,61.478634,72.92535
2183.0,67.56141,43.060665,61.48123,72.9246
2183.5,67.561874,43.061653,61.483826,72.92384
2184.0,67.56232,43.062626,61.486404,72.923065
2184.5,67.56276,43.06359,61.48898,72.92227
2185.0,67.563194,43.064545,61.491554,72.92148
2185.5,67.56364,43.065506,61.494137,72.9207
2186.0,67.56408,43.066467,61.496723,72.91993
2186.5,67.56454,43.067436,61.499317,72.919174
2187.0,67.56498,43.068394,61.501896,72.91839
2187.5,67.56543,43.069363,61.504482,72.917625
2188.0,67.56589,43.070343,61.507076,72.91687
2188.5,67.56638,43.071346,61.509697,72.91618
2189.0,67.56688,43.072353,61.512314,72.9155
2189.5,67.567375,43.073364,61.51494,72.91483
2190.0,67.56787,43.074375,61.517555,72.914154
2190.5,67.56836,43.075382,61.520164,72.91348
2191.0,67.56885,43.076385,61.522778,72.9128
2191.5,67.56932,43.077377,61.525375,72.91211
2192.0,67.56978,43.07835,61.527954,72.911385
2192.5,67.570206,43.0793,61.530514,72.91061
2193.0,67.570625,43.080242,61.533062,72.909805
2193.5,67.57103,43.081173,61.535603,72.90898
2194.0,67.571434,43.082108,61.538147,72.90818
2194.5,67.571846,43.083035,61.54069,72.90738
2195.0,67.57226,43.08396,61.543243,72.90659
2195.5,67.57266,43.08488,61.545795,72.9058
2196.0,67.57307,43.085793,61.548347,72.90501
2196.5,67.57344,43.086697,61.55088,72.904175
2197.0,67.57384,43.08761,61.55343,72.90338
2197.5,67.57424,43.088524,61.55599,72.9026
2198.0,67.57466,43.089447,61.558556,72.901855
2198.5,67.57509,43.090378,61.56113,72.90113
2199.0,67.57553,43.091324,61.563713,72.90042
2199.5,67.57599,43.092285,61.566307,72.899734
2200.0,67.57645,43.093254,61.568905,72.89907
2200.5,67.57691,43.09423,61.571495,72.898415
2201.0,67.57738,43.095203,61.574085,72.89774
2201.5,67.57782,43.096165,61.576645,72.897026
2202.0,67.57827,43.097122,61.57921,72.89632
2202.5,67.57871,43.098083,61.581768,72.895584
2203.0,67.579155,43.099037,61.584312,72.89484
2203.5,67.5796,43.099987,61.58685,72.89408
2204.0,67.580025,43.10093,61.58938,72.893295
2204.5,67.58045,43.10187,61.5919,72.892494
2205.0,67.58089,43.102825,61.594433,72.89171
2205.5,67.581345,43.103794,61.596977,72.89096
2206.0,67.58182,43.10477,61.59952,72.89021
2206.5,67.58231,43.105774,61.602085,72.88952
2207.0,67.582825,43.10679,61.60465,72.888824
2207.5,67.58335,43.107815,61.607216,72.88814
2208.0,67.583885,43.108845,61.6098,72.88748
2208.5,67.584404,43.109875,61.612373,72.88682
2209.0,67.584946,43.110916,61.61496,72.886185
2209.5,67.58548,43.11196,61.617546,72.885544
2210.0,67.58603,43.113018,61.62014,72.884926
2210.5,67.58658,43.11407,61.622726,72.8843
2211.0,67.587135,43.11513,61.62532,72.88369
2211.5,67.58766,43.116173,61.627888,72.883026
2212.0,67.588165,43.11719,61.63044,72.88234
2212.5,67.58865,43.11819,61.632984,72.88164
2213.0,67.58912,43.119167,61.6355,72.88087
2213.5,67.589554,43.120136,61.637993,72.88005
2214.0,67.59001,43.121113,61.640495,72.87926
2214.5,67.59047,43.122086,61.642998,72.878456
2215.0,67.59094,43.123062,61.645508,72.87768
2215.5,67.5914,43.124035,61.648006,72.87686
2216.0,67.59187,43.12502,61.650513,72.87609
2216.5,67.59236,43.126015,61.65303,72.875336
2217.0,67.59287,43.127026,61.655563,72.874626
2217.5,67.59339,43.128044,61.658104,72.87393
2218.0,67.59392,43.12907,61.66065,72.87326
2218.5,67.59446,43.130104,61.6632,72.872604
2219.0,67.59498,43.131134,61.66575,72.87194
2219.5,67.59551,43.132168,61.66831,72.8713
2220.0,67.59602,43.13319,61.670856,72.87064
2220.5,67.59653,43.134197,61.6734,72.86997
2221.0,67.59699,43.13518,61.675938,72.869286
2221.5,67.59745,43.136143,61.678463,72.86859
2222.0,67.59787,43.13708,61.680965,72.86784
2222.5,67.59827,43.137993,61.683456,72.86707
2223.0,67.59863,43.138878,61.685925,72.86626
2223.5,67.59895,43.13972,61.688362,72.865364
2224.0,67.599266,43.140545,61.690796,72.86446
2224.5,67.59957,43.141357,61.693226,72.86356
2225.0,67.599846,43.142155,61.69564,72.86261
2225.5,67.600105,43.14294,61.698048,72.86164
2226.0,67.60037,43.14373,61.70046,72.86068
2226.5,67.60065,43.14452,61.702866,72.859726
2227.0,67.600914,43.14531,61.705273,72.85877
2227.5,67.601204,43.146114,61.7077,72.857864
2228.0,67.60152,43.146942,61.710136,72.85698
2228.5,67.60185,43.14779,61.712593,72.856155
2229.0,67.60222,43.14866,61.715065,72.85537
2229.5,67.60259,43.14954,61.717545,72.8546
2230.0,67.60299,43.150433,61.72004,72.85387
2230.5,67.60339,43.15134,61.72254,72.85316
2231.0,67.60379,43.152245,61.725037,72.85243
2231.5,67.60419,43.153145,61.727535,72.851715
2232.0,67.60456,43.154026,61.73001,72.85095
2232.5,67.60491,43.15489,61.73246,72.85014
2233.0,67.60525,43.15573,61.734898,72.849304
2233.5,67.60555,43.15655,61.737312,72.84842
2234.0,67.60585,43.15736,61.73971,72.8475
2234.5,67.60612,43.158142,61.742092,72.84653
2235.0,67.60635,43.158905,61.744453,72.84551
2235.5,67.60659,43.15966,61.74682,72.844505
2236.0,67.60684,43.16042,61.749195,72.84354
2236.5,67.60708,43.161182,61.751568,72.842545
2237.0,67.60734,43.161953,61.75395,72.841576
2237.5,67.60761,43.16274,61.756336,72.84064
2238.0,67.60791,43.163544,61.758743,72.839745
2238.5,67.608215,43.16436,61.761158,72.83886
2239.0,67.60853,43.165188,61.76358,72.838
2239.5,67.60887,43.166042,61.76602,72.837204
2240.0,67.60923,43.166904,61.76847,72.836426
2240.5,67.60958,43.167767,61.770927,72.83566
2241.0,67.60994,43.168633,61.773384,72.83491
2241.5,67.61029,43.16948,61.775833,72.83414
2242.0,67.61061,43.170307,61.778267,72.83332
2242.5,67.6109,43.17111,61.780674,72.83246
2243.0,67.61116,43.171883,61.783062,72.83155
2243.5,67.611404,43.172634,61.785435,72.83062
2244.0,67.611626,43.173363,61.787785,72.82963
2244.5,67.611824,43.174076,61.79012,72.82861
2245.0,67.61202,43.17479,61.792458,72.8276
2245.5,67.612206,43.17549,61.79478,72.82656
2246.0,67.6124,43.176197,61.79711,72.82553
2246.5,67.612595,43.176907,61.79945,72.82452
2247.0,67.6128,43.177624,61.801792,72.82353
2247.5,67.61302,43.17836,61.80414,72.822556
2248.0,67.613266,43.179108,61.806507,72.82163
2248.5,67.61353,43.179874,61.808884,72.82074
2249.0,67.61381,43.18065,61.811268,72.81986
2249.5,67.61408,43.181442,61.813652,72.818985
2250.0,67.6144,43.182266,61.816067,72.81818
2250.5,67.61471,43.183086,61.81847,72.817345
2251.0,67.61503,43.18391,61.82089,72.81656
2251.5,67.61533,43.184723,61.823296,72.81576
2252.0,67.61563,43.18552,61.8257,72.814926
2252.5,67.615906,43.1863,61.828087,72.81408
2253.0,67.61615,43.187054,61.830456,72.81318
2253.5,67.61638,43.187786,61.832798,72.81223
2254.0,67.61658,43.188496,61.835117,72.811226
2254.5,67.61676,43.189194,61.83743,72.81021
2255.0,67.61693,43.189873,61.839718,72.80915
2255.5,67.6171,43.190567,61.842026,72.80812
2256.0,67.61727,43.19125,61.84432,72.80707
2256.5,67.617455,43.191948,61.84662,72.80604
2257.0,67.617645,43.192654,61.848934,72.80503
2257.5,67.617836,43.19336,61.851234,72.804
2258.0,67.61804,43.194084,61.853554,72.803024
2258.5,67.618286,43.19483,61.855896,72.80209
2259.0,67.618546,43.195595,61.858242,72.80119
2259.5,67.61882,43.196373,61.860615,72.800354
2260.0,67.61912,43.19717,61.86299,72.79953
2260.5,67.61943,43.197975,61.86539,72.798744
2261.0,67.61972,43.19877,61.867767,72.79792
2261.5,67.62001,43.19956,61.870148,72.79709
2262.0,67.62026,43.20033,61.8725,72.79621
2262.5,67.62051,43.201073,61.874836,72.79529
2263.0,67.62072,43.201797,61.877163,72.79435
2263.5,67.62092,43.202507,61.879475,72.79338
2264.0,67.6211,43.203197,61.881767,72.79238
2264.5,67.62127,43.203873,61.884056,72.79137
2265.0,67.62142,43.204533,61.886322,72.790306
2265.5,67.62159,43.205204,61.888607,72.78928
2266.0,67.62174,43.20587,61.890877,72.78824
2266.5,67.62192,43.20655,61.893154,72.78722
2267.0,67.6221,43.207245,61.895443,72.786224
2267.5,67.62229,43.207947,61.89773,72.78523
2268.0,67.622505,43.20867,61.900036,72.78428
2268.5,67.62276,43.209423,61.902367,72.78339
2269.0,67.623024,43.21019,61.904705,72.782524
2269.5,67.6233,43.21097,61.90704,72.781654
2270.0,67.62361,43.21178,61.909397,72.78083
2270.5,67.623924,43.212597,61.91175,72.78001
2271.0,67.624245,43.213425,61.91411,72.7792
2271.5,67.62456,43.214237,61.91646,72.77836
2272.0,67.62486,43.215046,61.918808,72.77752
2272.5,67.62514,43.21583,61.92113,72.776634
2273.0,67.62543,43.216618,61.923454,72.77575
2273.5,67.62572,43.2174,61.925774,72.77486
2274.0,67.62599,43.218185,61.92808,72.77394
2274.5,67.62628,43.218975,61.93038,72.77302
2275.0,67.626564,43.219765,61.93267,72.77208
2275.5,67.62686,43.22056,61.934967,72.77115
2276.0,67.627144,43.221355,61.93725,72.770195
2276.5,67.62746,43.22216,61.939556,72.769295
2277.0,67.627754,43.22297,61.941856,72.76839
2277.5,67.62806,43.22378,61.944164,72.767494
2278.0,67.62838,43.224598,61.946476,72.76662
2278.5,67.62871,43.225426,61.9488,72.765785
2279.0,67.62907,43.226276,61.951138,72.764984
2279.5,67.62945,43.22715,61.95349,72.76422
2280.0,67.62983,43.22803,61.955845,72.76346
2280.5,67.63023,43.22892,61.95821,72.762726
2281.0,67.63063,43.229805,61.96058,72.762
2281.5,67.63103,43.23069,61.96295,72.76128
2282.0,67.6314,43.231556,61.96531,72.76053
2282.5,67.63176,43.232403,61.96766,72.75976
2283.0,67.63207,43.233215,61.969982,72.758934
2283.5,67.63236,43.234,61.972282,72.75805
2284.0,67.63263,43.234764,61.97457,72.75715
2284.5,67.632866,43.235508,61.976845,72.75621
2285.0,67.6331,43.23624,61.97911,72.755264
2285.5,67.63333,43.236965,61.98137,72.75431
2286.0,67.63354,43.237675,61.98362,72.75335
2286.5,67.63374,43.238377,61.985874,72.75239
2287.0,67.63394,43.23908,61.98813,72.75143
2287.5,67.634125,43.239773,61.990376,72.75045
2288.0,67.63432,43.24048,61.992638,72.74952
2288.5,67.63454,43.241188,61.994904,72.7486
2289.0,67.63475,43.241905,61.997177,72.747696
2289.5,67.63496,43.242622,61.99944,72.74678
2290.0,67.63519,43.243355,62.001724,72.74592
2290.5,67.63544,43.244095,62.004017,72.74507
2291.0,67.63569,43.244846,62.006325,72.744255
2291.5,67.635956,43.245598,62.008633,72.743454
2292.0,67.63621,43.24635,62.010933,72.74262
2292.5,67.63646,43.247093,62.013226,72.741776
2293.0,67.63668,43.247814,62.01549,72.74087
2293.5,67.63689,43.248535,62.017746,72.73994
2294.0,67.63708,43.249233,62.01998,72.73896
2294.5,67.63725,43.24992,62.0222,72.73797
2295.0,67.637405,43.250587,62.02441,72.736946
2295.5,67.63756,43.251247,62.026615,72.73592
2296.0,67.6377,43.2519,62.02882,72.7349
2296.5,67.63785,43.252552,62.03103,72.73391
2297.0,67.638,43.253212,62.03325,72.73294
2297.5,67.63817,43.253876,62.035477,72.73199
2298.0,67.638336,43.254547,62.037704,72.73104
2298.5,67.6385,43.255215,62.03993,72.73008
2299.0,67.638695,43.255913,62.042183,72.72919
2299.5,67.6389,43.25662,62.04444,72.728325
2300.0,67.63911,43.257324,62.046696,72.72745
2300.5,67.63931,43.258038,62.048954,72.726585
2301.0,67.63953,43.25875,62.051212,72.72572
2301.5,67.63973,43.25946,62.053467,72.72484
2302.0,67.63994,43.26017,62.055725,72.723976
2302.5,67.640144,43.260868,62.05798,72.7231
2303.0,67.64032,43.26155,62.06021,72.722176
2303.5,67.640495,43.262226,62.062447,72.72126
2304.0,67.64066,43.262886,62.06467,72.72032
2304.5,67.64082,43.263542,62.066887,72.71938
2305.0,67.640976,43.264187,62.0691,72.71842
2305.5,67.6411,43.264816,62.07129,72.71743
2306.0,67.64122,43.26544,62.07347,72.71642
2306.5,67.64133,43.266064,62.075645,72.71541
2307.0,67.64146,43.266697,62.077827,72.71441
2307.5,67.641594,43.267345,62.080013,72.71343
2308.0,67.64174,43.268005,62.082214,72.71248
2308.5,67.641914,43.268677,62.08443,72.71156
2309.0,67.64209,43.26936,62.086647,72.710655
2309.5,67.64228,43.270054,62.08888,72.70978
2310.0,67.64248,43.27076,62.091106,72.70891
2310.5,67.64269,43.271477,62.093346,72.70807
2311.0,67.64291,43.27219,62.09559,72.70723
2311.5,67.64312,43.2729,62.097816,72.70636
2312.0,67.64333,43.27361,62.10005,72.7055
2312.5,67.64353,43.27431,62.102283,72.70463
2313.0,67.64373,43.275005,62.104504,72.70374
2313.5,67.64391,43.275684,62.106716,72.702835
2314.0,67.64408,43.276352,62.10892,72.70191
2314.5,67.644226,43.277,62.11111,72.70096
2315.0,67.64437,43.277645,62.113293,72.7
2315.5,67.644516,43.27829,62.11547,72.69904
2316.0,67.64465,43.27893,62.11764,72.69806
2316.5,67.64479,43.279575,62.119804,72.697075
2317.0,67.64495,43.28024,62.121986,72.69614
2317.5,67.64511,43.280907,62.12417,72.6952
2318.0,67.6453,43.281593,62.12636,72.6943
2318.5,67.64549,43.282295,62.128563,72.693405
2319.0,67.64571,43.283016,62.13078,72.69256
2319.5,67.64596,43.283756,62.133003,72.69174
2320.0,67.64623,43.284523,62.135242,72.69097
2320.5,67.64651,43.285294,62.137486,72.690186
2321.0,67.646805,43.286083,62.139744,72.68945
2321.5,67.64713,43.286884,62.142014,72.68874
2322.0,67.64744,43.287685,62.144268,72.68798
2322.5,67.647766,43.2885,62.146526,72.68725
2323.0,67.64809,43.289318,62.148773,72.68648
2323.5,67.648415,43.290142,62.15102,72.685715
2324.0,67.64874,43.290962,62.153263,72.68494
2324.5,67.64907,43.29178,62.155502,72.684166
2325.0,67.64939,43.29259,62.157734,72.68337
2325.5,67.6497,43.293385,62.15995,72.68256
2326.0,67.64998,43.29415,62.162163,72.68175
2326.5,67.65023,43.294895,62.16436,72.68091
2327.0,67.65045,43.295616,62.166553,72.68005
2327.5,67.65065,43.296318,62.168728,72.67916
2328.0,67.65086,43.297024,62.170918,72.678314
2328.5,67.65108,43.297733,62.173122,72.677505
2329.0,67.6513,43.298447,62.175323,72.6767
2329.5,67.65152,43.299168,62.17752,72.67588
2330.0,67.65175,43.2999,62.179733,72.67509
2330.5,67.651985,43.30064,62.18195,72.67431
2331.0,67.652245,43.301388,62.184177,72.67357
2331.5,67.652504,43.302135,62.18641,72.67283
2332.0,67.65277,43.30289,62.188637,72.6721
2332.5,67.65305,43.303654,62.190872,72.671364
2333.0,67.653336,43.30442,62.193108,72.67062
2333.5,67.65362,43.30519,62.195335,72.66987
2334.0,67.65389,43.305958,62.197556,72.66909
2334.5,67.65418,43.30673,62.19977,72.66833
2335.0,67.65445,43.307487,62.201977,72.667534
2335.5,67.65471,43.30824,62.20417,72.666725
2336.0,67.65494,43.30897,62.206345,72.66588
2336.5,67.65518,43.309708,62.208527,72.66506
2337.0,67.65541,43.310432,62.21069,72.664215
2337.5,67.65563,43.31116,62.212856,72.66336
2338.0,67.65587,43.311893,62.215023,72.66253
2338.5,67.65611,43.312637,62.217205,72.66171
2339.0,67.656364,43.31339,62.219387,72.660904
2339.5,67.65664,43.314163,62.221592,72.660164
2340.0,67.65694,43.314945,62.22381,72.659454
2340.5,67.65723,43.31573,62.22603,72.65874
2341.0,67.65752,43.316517,62.228237,72.65801
2341.5,67.657814,43.3173,62.230457,72.657295
2342.0,67.65808,43.318073,62.232662,72.65654
2342.5,67.65838,43.318848,62.234886,72.65584
2343.0,67.65865,43.319607,62.237095,72.655106
2343.5,67.658905,43.32035,62.239296,72.65435
2344.0,67.65915,43.321083,62.24148,72.653564
2344.5,67.65937,43.3218,62.243664,72.65277
2345.0,67.659584,43.322502,62.24584,72.65196
2345.5,67.65977,43.32319,62.247997,72.651115
2346.0,67.65994,43.323868,62.250145,72.65027
2346.5,67.660126,43.324543,62.25229,72.649414
2347.0,67.66029,43.32522,62.25443,72.64857
2347.5,67.66047,43.325893,62.25656,72.647705
2348.0,67.66066,43.326588,62.258713,72.64689
2348.5,67.66085,43.327282,62.260864,72.64607
2349.0,67.66106,43.327984,62.263023,72.64527
2349.5,67.661255,43.328693,62.265182,72.644485
2350.0,67.66147,43.32941,62.26735,72.64372
2350.5,67.66168,43.33013,62.26952,72.64297
2351.0,67.6619,43.33085,62.271698,72.64221
2351.5,67.66212,43.33156,62.273865,72.64146
2352.0,67.66234,43.332268,62.276047,72.640724
2352.5,67.662544,43.332966,62.278217,72.639946
2353.0,67.66274,43.33366,62.28038,72.63916
2353.5,67.66295,43.334354,62.282555,72.638405
2354.0,67.66316,43.335056,62.284733,72.63765
2354.5,67.663376,43.33576,62.286903,72.63689
2355.0,67.6636,43.336468,62.28907,72.63612
2355.5,67.6638,43.337166,62.29122,72.63532
2356.0,67.664,43.337868,62.29336,72.63452
2356.5,67.664215,43.33857,62.2955,72.63372
2357.0,67.66443,43.339283,62.29764,72.63293
2357.5,67.66465,43.340004,62.29979,72.63215
2358.0,67.66486,43.340725,62.30192,72.63136
2358.5,67.665085,43.341454,62.30407,72.6306
2359.0,67.66533,43.342197,62.306225,72.62986
2359.5,67.66559,43.342953,62.308395,72.629166
2360.0,67.66585,43.343708,62.31056,72.62845
2360.5,67.66612,43.34448,62.312744,72.62779
2361.0,67.6664,43.34524,62.314922,72.627106
2361.5,67.666664,43.346004,62.317104,72.626434
2362.0,67.66694,43.34676,62.31928,72.62575
2362.5,67.667206,43.347515,62.32146,72.62508
2363.0,67.667465,43.348263,62.323643,72.6244
2363.5,67.66772,43.348995,62.325817,72.6237
2364.0,67.66795,43.349724,62.327988,72.62299
2364.5,67.66818,43.350433,62.33015,72.62226
2365.0,67.6684,43.35114,62.33231,72.621544
2365.5,67.668594,43.35182,62.33445,72.62077
2366.0,67.66876,43.35249,62.33657,72.61997
2366.5,67.66893,43.353146,62.338684,72.61916
2367.0,67.66908,43.353806,62.34079,72.61834
2367.5,67.66923,43.354458,62.34288,72.6175
2368.0,67.66937,43.355118,62.34498,72.61667
2368.5,67.66953,43.355785,62.347084,72.615875
2369.0,67.66969,43.356453,62.349182,72.61507
2369.5,67.66986,43.357132,62.3513,72.61429
2370.0,67.670044,43.35782,62.35342,72.61353
2370.5,67.67024,43.358517,62.355553,72.6128
2371.0,67.67044,43.35921,62.35769,72.61207
2371.5,67.67064,43.35991,62.35982,72.611336
2372.0,67.67085,43.36061,62.36197,72.61064
2372.5,67.67105,43.36131,62.3641,72.60991
2373.0,67.67126,43.362007,62.36624,72.60919
2373.5,67.67148,43.36271,62.3684,72.608505
2374.0,67.6717,43.36341,62.370552,72.60782
2374.5,67.671906,43.3641,62.372696,72.60711
2375.0,67.67212,43.36479,62.374844,72.606415
2375.5,67.67232,43.365482,62.376976,72.6057
2376.0,67.67252,43.366165,62.37911,72.60499
2376.5,67.672714,43.366848,62.381233,72.60427
2377.0,67.6729,43.36752,62.383347,72.60354
2377.5,67.67307,43.36819,62.385452,72.60279
2378.0,67.67324,43.36886,62.38755,72.60203
2378.5,67.67342,43.369534,62.38966,72.601295
2379.0,67.6736,43.370213,62.391766,72.600555
2379.5,67.67379,43.370895,62.39388,72.59984
2380.0,67.67398,43.371586,62.395996,72.59912
2380.5,67.67419,43.372284,62.398125,72.59844
2381.0,67.674385,43.372982,62.400234,72.59771
2381.5,67.674614,43.373695,62.402367,72.59704
2382.0,67.674835,43.37441,62.404495,72.59636
2382.5,67.67508,43.375145,62.406628,72.595695
2383.0,67.67533,43.375885,62.408764,72.595024
2383.5,67.6756,43.376644,62.410908,72.59437
2384.0,67.67587,43.37742,62.413055,72.59372
2384.5,67.67618,43.3782,62.41521,72.593094
2385.0,67.676476,43.37899,62.41737,72.59248
2385.5,67.676796,43.379787,62.419533,72.591896
2386.0,67.67711,43.380585,62.42169,72.5913
2386.5,67.67742,43.381386,62.423832,72.59067
2387.0,67.67773,43.38219,62.425964,72.59003
2387.5,67.67805,43.383007,62.4281,72.58939
2388.0,67.67836,43.38382,62.430214,72.58873
2388.5,67.67869,43.38465,62.43235,72.588104
2389.0,67.67904,43.38549,62.43449,72.587494
2389.5,67.679375,43.386333,62.436623,72.586876
2390.0,67.67975,43.38719,62.438774,72.58631
2390.5,67.680115,43.388046,62.440933,72.58576
2391.0,67.68048,43.38889,62.443096,72.58522
2391.5,67.68083,43.38972,62.44525,72.58466
2392.0,67.68118,43.390553,62.44742,72.58412
2392.5,67.68153,43.391384,62.449574,72.583565
2393.0,67.68187,43.39221,62.451725,72.58299
2393.5,67.682236,43.39304,62.453903,72.58247
2394.0,67.68259,43.393864,62.45607,72.581955
2394.5,67.68293,43.394676,62.458237,72.58141
2395.0,67.68324,43.39547,62.46039,72.58085
2395.5,67.68354,43.396255,62.46253,72.58026
2396.0,67.68383,43.397034,62.46466,72.57965
2396.5,67.68412,43.397804,62.46679,72.57904
2397.0,67.6844,43.39857,62.46891,72.57844
2397.5,67.68467,43.39933,62.471016,72.5778
2398.0,67.684944,43.400097,62.473125,72.57716
2398.5,67.6852,43.40086,62.475216,72.57651
2399.0,67.68549,43.401638,62.477325,72.57588
2399.5,67.68578,43.402424,62.479435,72.57528
2400.0,67.686066,43.40321,62.48154,72.57465
2400.5,67.686356,43.40399,62.483643,72.57403
2401.0,67.686646,43.404778,62.48576,72.57342
2401.5,67.68695,43.405567,62.48788,72.57283
2402.0,67.687256,43.406357,62.490005,72.57224
2402.5,67.68757,43.407143,62.492134,72.57167
2403.0,67.687874,43.40793,62.49426,72.5711
2403.5,67.68816,43.40871,62.496376,72.57049
2404.0,67.68846,43.409492,62.498497,72.56989
2404.5,67.68877,43.410282,62.500626,72.56931
2405.0,67.68906,43.411064,62.502747,72.56872
2405.5,67.68935,43.411842,62.50487,72.56814
2406.0,67.68964,43.41261,62.506985,72.56754
2406.5,67.68991,43.413372,62.5091,72.56696
2407.0,67.690155,43.414104,62.511192,72.56633
2407.5,67.69038,43.414818,62.513275,72.565674
2408.0,67.69058,43.41552,62.515335,72.56499
2408.5,67.69078,43.41622,62.5174,72.564316
2409.0,67.690994,43.41692,62.519466,72.563644
2409.5,67.69119,43.41762,62.52153,72.56297
2410.0,67.69141,43.418327,62.523598,72.56232
2410.5,67.69162,43.419037,62.525673,72.56167
2411.0,67.69183,43.419746,62.527744,72.56102
2411.5,67.69206,43.420464,62.529827,72.560394
2412.0,67.69231,43.42119,62.531914,72.55978
2412.5,67.69255,43.42192,62.534004,72.55918
2413.0,67.69282,43.422665,62.536102,72.558586
2413.5,67.69309,43.423416,62.538208,72.55801
2414.0,67.693375,43.424175,62.540318,72.55744
2414.5,67.69367,43.424942,62.542427,72.55688
2415.0,67.69398,43.425724,62.544548,72.556335
2415.5,67.69429,43.42651,62.546665,72.55578
2416.0,67.6946,43.427303,62.548782,72.55523
2416.5,67.6949,43.42809,62.55088,72.55466
2417.0,67.695206,43.42888,62.55297,72.55408
2417.5,67.695526,43.42968,62.55506,72.553505
2418.0,67.69582,43.430473,62.557148,72.552925
2418.5,67.69613,43.431263,62.559235,72.55235
2419.0,67.696434,43.432064,62.561314,72.55177
2419.5,67.69675,43.43287,62.563396,72.55119
2420.0,67.69707,43.43368,62.565483,72.55062
2420.5,67.69739,43.434494,62.567566,72.55005
2421.0,67.6977,43.435303,62.56965,72.54948
2421.5,67.69803,43.43611,62.571747,72.548935
2422.0,67.69836,43.43692,62.573845,72.54841
2422.5,67.69868,43.43772,62.575943,72.547874
2423.0,67.69899,43.43852,62.57803,72.54731
2423.5,67.69932,43.439327,62.580128,72.546776
2424.0,67.69968,43.44016,62.582237,72.546265
2424.5,67.70004,43.441,62.58435,72.54577
2425.0,67.7004,43.44184,62.586456,72.545235
2425.5,67.70078,43.44269,62.588577,72.54476
2426.0,67.70116,43.44354,62.590702,72.54428
2426.5,67.701515,43.44438,62.59281,72.543785
2427.0,67.70187,43.44522,62.594913,72.54328
2427.5,67.702225,43.446053,62.597008,72.542755
2428.0,67.70256,43.446873,62.599087,72.542206
2428.5,67.7029,43.447697,62.601166,72.54167
2429.0,67.70326,43.448536,62.60326,72.54117
2429.5,67.70361,43.44938,62.605347,72.54065
2430.0,67.70397,43.450222,62.607426,72.54012
2430.5,67.70433,43.451073,62.609512,72.53961
2431.0,67.704704,43.451927,62.61161,72.53912
2431.5,67.70506,43.452774,62.61369,72.538605
2432.0,67.70544,43.453632,62.615784,72.53811
2432.5,67.7058,43.454483,62.617867,72.5376
2433.0,67.706184,43.45534,62.619965,72.53711
2433.5,67.706566,43.4562,62.622063,72.53662
2434.0,67.706955,43.45706,62.62417,72.53614
2434.5,67.70734,43.45792,62.62626,72.53564
2435.0,67.70774,43.45879,62.628376,72.535194
2435.5,67.70813,43.459652,62.630474,72.534706
2436.0,67.70851,43.46051,62.632572,72.53422
2436.5,67.70888,43.46136,62.63466,72.53371
2437.0,67.70925,43.46221,62.636745,72.5332
2437.5,67.70962,43.46306,62.638832,72.5327
2438.0,67.70998,43.4639,62.640907,72.532196
2438.5,67.71031,43.46472,62.642967,72.53167
2439.0,67.710625,43.465527,62.645023,72.531136
2439.5,67.71092,43.466312,62.647076,72.530594
2440.0,67.711205,43.46708,62.64912,72.53003
2440.5,67.71149,43.467846,62.65117,72.52948
2441.0,67.71174,43.468594,62.653206,72.52891
2441.5,67.712,43.469334,62.65525,72.52834
2442.0,67.71224,43.470062,62.65729,72.52777
2442.5,67.71247,43.47077,62.659317,72.52716
2443.0,67.712685,43.47148,62.66133,72.52653
2443.5,67.71291,43.472195,62.663364,72.525925
2444.0,67.71315,43.472908,62.665398,72.52532
2444.5,67.713394,43.473633,62.667435,72.524734
2445.0,67.71363,43.47435,62.66946,72.524124
2445.5,67.71387,43.47507,62.67149,72.52351
2446.0,67.7141,43.475792,62.673523,72.52291
2446.5,67.71435,43.476517,62.675552,72.522316
2447.0,67.71459,43.47724,62.677593,72.52174
2447.5,67.71483,43.477962,62.67962,72.52116
2448.0,67.715034,43.47867,62.681614,72.52051
2448.5,67.715256,43.479378,62.683617,72.51988
2449.0,67.71548,43.480087,62.68562,72.51926
2449.5,67.71568,43.48079,62.68761,72.51861
2450.0,67.71587,43.481483,62.689598,72.51795
2450.5,67.716064,43.482178,62.691593,72.51733
2451.0,67.716255,43.48287,62.693584,72.516685
2451.5,67.716446,43.48355,62.695568,72.51604
2452.0,67.71664,43.484234,62.697567,72.5154
2452.5,67.71685,43.484924,62.699574,72.5148
2453.0,67.71703,43.4856,62.701565,72.51416
2453.5,67.71722,43.48627,62.703556,72.51351
2454.0,67.7174,43.486935,62.70554,72.512856
2454.5,67.717575,43.4876,62.70753,72.5122
2455.0,67.71776,43.48827,62.70953,72.51155
2455.5,67.71797,43.488956,62.711544,72.510956
2456.0,67.718185,43.489643,62.71355,72.510345
2456.5,67.7184,43.490337,62.71556,72.50974
2457.0,67.71861,43.49103,62.717564,72.50913
2457.5,67.71882,43.491726,62.71956,72.508514
2458.0,67.71902,43.49241,62.72155,72.50789
2458.5,67.71922,43.493095,62.72354,72.50727
2459.0,67.71942,43.493774,62.725525,72.50667
2459.5,67.719604,43.494446,62.7275,72.506035
2460.0,67.71976,43.495102,62.729454,72.50536
2460.5,67.71991,43.49575,62.731407,72.504684
2461.0,67.72007,43.496403,62.73337,72.50403
2461.5,67.72023,43.49705,62.735332,72.50336
2462.0,67.72038,43.497692,62.737286,72.502686
2462.5,67.720535,43.498333,62.739246,72.502014
2463.0,67.72069,43.498974,62.741207,72.50134
2463.5,67.72083,43.49961,62.743164,72.50066
2464.0,67.721,43.50025,62.745125,72.5
2464.5,67.72115,43.50089,62.747086,72.49932
2465.0,67.72131,43.50153,62.749054,72.498665
2465.5,67.72149,43.502174,62.751026,72.498024
2466.0,67.72165,43.502827,62.753,72.49738
2466.5,67.721825,43.50348,62.75497,72.49674
2467.0,67.72199,43.504128,62.756943,72.4961
2467.5,67.72215,43.504772,62.758904,72.49545
2468.0,67.722305,43.50541,62.76086,72.4948
2468.5,67.72244,43.506042,62.762802,72.49412
2469.0,67.722595,43.50668,62.76475,72.49346
2469.5,67.72273,43.50731,62.76668,72.492775
2470.0,67.72286,43.507935,62.76861,72.49207
2470.5,67.72299,43.508556,62.770535,72.49136
2471.0,67.72312,43.509182,62.772457,72.49066
2471.5,67.72325,43.50981,62.774384,72.48996
2472.0,67.7234,43.510445,62.776314,72.489265
2472.5,67.72354,43.511078,62.77825,72.488594
2473.0,67.723694,43.51171,62.78019,72.487915
2473.5,67.72382,43.51233,62.78211,72.48719
2474.0,67.72395,43.512947,62.784027,72.486465
2474.5,67.7241,43.51357,62.785957,72.48576
2475.0,67.72423,43.514187,62.78788,72.48503
2475.5,67.72438,43.514812,62.78981,72.48433
2476.0,67.72454,43.515446,62.79175,72.483665
2476.5,67.72469,43.516083,62.79369,72.482994
2477.0,67.72485,43.516724,62.79563,72.48234
2477.5,67.72502,43.517365,62.79758,72.481705
2478.0,67.72517,43.517994,62.799515,72.48103
2478.5,67.7253,43.518616,62.801437,72.480354
2479.0,67.725426,43.519226,62.803352,72.47965
2479.5,67.72555,43.519833,62.805264,72.478966
2480.0,67.72566,43.520435,62.80717,72.478264
2480.5,67.725784,43.521038,62.809086,72.47758
2481.0,67.72589,43.52163,62.810986,72.47687
2481.5,67.726006,43.52223,62.812893,72.47618
2482.0,67.72613,43.52283,62.814808,72.4755
2482.5,67.72625,43.523426,62.816715,72.47481
2483.0,67.72636,43.524017,62.81861,72.47408
2483.5,67.72647,43.524612,62.82051,72.473366
2484.0,67.72657,43.525192,62.822403,72.47261
2484.5,67.72668,43.525772,62.82429,72.471855
2485.0,67.72679,43.526356,62.826187,72.471115
2485.5,67.72689,43.526947,62.82807,72.470345
2486.0,67.72702,43.527557,62.82997,72.46961
2486.5,67.72717,43.528183,62.831886,72.46891
2487.0,67.727356,43.528835,62.833817,72.46826
2487.5,67.727554,43.529507,62.835747,72.46763
2488.0,67.72777,43.53019,62.83769,72.467026
2488.5,67.727974,43.530876,62.839622,72.4664
2489.0,67.72819,43.531563,62.841545,72.46578
2489.5,67.72839,43.532253,62.843468,72.465164
2490.0,67.7286,43.53293,62.84538,72.46454
2490.5,67.728775,43.533592,62.847282,72.463875
2491.0,67.728935,43.53424,62.84917,72.46319
2491.5,67.7291,43.534885,62.851067,72.46251
2492.0,67.729256,43.535522,62.852955,72.46182
2492.5,67.72941,43.536148,62.854843,72.46113
2493.0,67.72955,43.536766,62.85674,72.460434
2493.5,67.7297,43.537376,62.858627,72.45974
2494.0,67.72982,43.537968,62.860508,72.459
2494.5,67.72995,43.53856,62.862396,72.45829
2495.0,67.730064,43.539135,62.864273,72.45755
2495.5,67.73019,43.539722,62.866158,72.456825
2496.0,67.73031,43.54031,62.868034,72.45609
2496.5,67.73042,43.5409,62.86991,72.45536
2497.0,67.73057,43.54151,62.871815,72.45468
2497.5,67.73071,43.542126,62.87371,72.454
2498.0,67.730865,43.542747,62.87561,72.45335
2498.5,67.73101,43.543373,62.877506,72.45268
2499.0,67.73116,43.544,62.879395,72.45201
2499.5,67.7313,43.544624,62.88127,72.45133
2500.0,67.73147,43.545265,62.883163,72.45068
2500.5,67.73163,43.545906,62.88504,72.45001
2501.0,67.73179,43.546547,62.886913,72.44933
2501.5,67.73195,43.547188,62.88878,72.44864
2502.0,67.73213,43.54784,62.890656,72.44796
2502.5,67.73229,43.54848,62.89252,72.44724
2503.0,67.73246,43.54912,62.894394,72.44654
2503.5,67.73261,43.549744,62.89625,72.445816
2504.0,67.73277,43.55037,62.898117,72.44509
2504.5,67.73295,43.551003,62.899982,72.44438
2505.0,67.73312,43.551636,62.901855,72.44368
2505.5,67.733315,43.55229,62.90374,72.443
2506.0,67.733536,43.552963,62.905632,72.44236
2506.5,67.73377,43.55365,62.907536,72.44172
2507.0,67.734,43.554344,62.90943,72.441086
2507.5,67.73424,43.555046,62.91134,72.44047
2508.0,67.73446,43.55574,62.913227,72.43983
2508.5,67.7347,43.556442,62.915134,72.43923
2509.0,67.73495,43.557156,62.917034,72.438644
2509.5,67.73519,43.55787,62.91893,72.43806
2510.0,67.735435,43.55858,62.920826,72.43746
2510.5,67.73567,43.559288,62.922714,72.43687
2511.0,67.7359,43.55999,62.924595,72.43623
2511.5,67.7361,43.560673,62.92645,72.43555
2512.0,67.736305,43.561348,62.928303,72.43486
2512.5,67.7365,43.562023,62.930153,72.43417
2513.0,67.736725,43.562695,62.932022,72.43351
2513.5,67.736916,43.56336,62.93387,72.43279
2514.0,67.73712,43.564022,62.935722,72.4321
2514.5,67.73732,43.564682,62.93758,72.43141
2515.0,67.73753,43.565346,62.93944,72.43073
2515.5,67.73775,43.566013,62.9413,72.43005
2516.0,67.73797,43.56669,62.943172,72.4294
2516.5,67.738205,43.56738,62.945057,72.428764
2517.0,67.73845,43.568077,62.946938,72.42815
2517.5,67.73871,43.568787,62.94883,72.42754
2518.0,67.73895,43.569492,62.950714,72.42694
2518.5,67.7392,43.570206,62.952602,72.426346
2519.0,67.73943,43.5709,62.95448,72.42575
2519.5,67.73965,43.571583,62.956352,72.42513
2520.0,67.739845,43.57225,62.95821,72.4245
2520.5,67.740005,43.57289,62.96004,72.42381
2521.0,67.740166,43.573524,62.961872,72.42311
2521.5,67.74031,43.574135,62.963696,72.42239
2522.0,67.74041,43.57472,62.965496,72.421616
2522.5,67.74051,43.575283,62.967293,72.42084
2523.0,67.740585,43.575832,62.96908,72.42003
2523.5,67.74066,43.576378,62.97088,72.419235
2524.0,67.74073,43.576916,62.97267,72.41844
2524.5,67.74081,43.577446,62.974464,72.41764
2525.0,67.74086,43.57797,62.976246,72.41682
2525.5,67.74092,43.578495,62.978035,72.416016
2526.0,67.74099,43.579025,62.979836,72.41523
2526.5,67.741066,43.57956,62.98164,72.41447
2527.0,67.74116,43.5801,62.98346,72.41373
2527.5,67.74124,43.580647,62.98527,72.41299
2528.0,67.741325,43.581192,62.98709,72.412254
2528.5,67.74141,43.581738,62.9889,72.411514
2529.0,67.74149,43.5823,62.990715,72.4108
2529.5,67.741585,43.582855,62.99252,72.41007
2530.0,67.741684,43.58342,62.99433,72.40937
2530.5,67.741776,43.583977,62.99613,72.40864
2531.0,67.74188,43.58454,62.997944,72.40794
2531.5,67.741974,43.58509,62.999737,72.4072
2532.0,67.74206,43.58564,63.00152,72.40644
2532.5,67.74214,43.58619,63.003304,72.40567
2533.0,67.74221,43.586727,63.005074,72.40487
2533.5,67.74228,43.58727,63.006836,72.404045
2534.0,67.742355,43.58781,63.008602,72.40323
2534.5,67.74243,43.588356,63.010372,72.40242
2535.0,67.742516,43.5889,63.012142,72.40161
2535.5,67.7426,43.589447,63.013912,72.40081
2536.0,67.74269,43.590008,63.015694,72.40003
2536.5,67.74279,43.590565,63.017483,72.39926
2537.0,67.74289,43.59113,63.019276,72.39851
2537.5,67.743,43.5917,63.021076,72.39778
2538.0,67.74312,43.59228,63.02288,72.39708
2538.5,67.74325,43.592873,63.024693,72.3964
2539.0,67.74338,43.593464,63.026505,72.39572
2539.5,67.74351,43.59405,63.028316,72.39506
2540.0,67.74363,43.594627,63.030125,72.39439
2540.5,67.74373,43.595192,63.031914,72.39368
2541.0,67.74382,43.595745,63.033684,72.39294
2541.5,67.7439,43.596287,63.03544,72.392166
2542.0,67.743965,43.596825,63.037186,72.39136
2542.5,67.74404,43.597374,63.038933,72.39056
2543.0,67.744125,43.597927,63.04068,72.38975
2543.5,67.744225,43.598495,63.04243,72.388954
2544.0,67.74434,43.599068,63.04419,72.38817
2544.5,67.74446,43.599648,63.04596,72.38741
2545.0,67.7446,43.600235,63.047737,72.38668
2545.5,67.74472,43.600815,63.049515,72.38594
2546.0,67.744865,43.60141,63.051308,72.38523
2546.5,67.74501,43.602005,63.0531,72.38454
2547.0,67.745155,43.602604,63.054893,72.38384
2547.5,67.74532,43.603226,63.05671,72.38319
2548.0,67.7455,43.603863,63.058517,72.38254
2548.5,67.74569,43.604507,63.060345,72.38193
2549.0,67.74589,43.60516,63.06216,72.38131
2549.5,67.74609,43.605816,63.06398,72.38071
2550.0,67.746284,43.60646,63.065784,72.38008
2550.5,67.74647,43.6071,63.067585,72.379456
2551.0,67.746635,43.607723,63.069374,72.37879
2551.5,67.74677,43.60833,63.071144,72.37809
2552.0,67.7469,43.608917,63.072895,72.37735
2552.5,67.74702,43.609493,63.074642,72.376595
2553.0,67.7471,43.61005,63.07637,72.375786
2553.5,67.74721,43.610615,63.078106,72.375
2554.0,67.747314,43.61118,63.079853,72.37422
2554.5,67.74741,43.61174,63.081593,72.373436
2555.0,67.74753,43.61231,63.083344,72.372696
2555.5,67.74764,43.61287,63.085102,72.371956
2556.0,67.74776,43.613438,63.08686,72.37122
2556.5,67.74788,43.614014,63.08863,72.370514
2557.0,67.748,43.614594,63.0904,72.369804
2557.5,67.74814,43.61518,63.092186,72.369125
2558.0,67.748276,43.61577,63.09397,72.36848
2558.5,67.748405,43.61635,63.09575,72.3678
2559.0,67.748535,43.61694,63.097527,72.367134
2559.5,67.74866,43.617527,63.099297,72.366455
2560.0,67.74877,43.618107,63.10105,72.36576
2560.5,67.74887,43.61867,63.1028,72.36504
2561.0,67.74896,43.61923,63.104534,72.3643
2561.5,67.74904,43.61977,63.10626,72.36354
2562.0,67.74911,43.6203,63.107967,72.36275
2562.5,67.74917,43.620827,63.109676,72.36194
2563.0,67.74923,43.62135,63.11139,72.361145
2563.5,67.74929,43.621872,63.113106,72.36035
2564.0,67.74937,43.622406,63.114815,72.35955
2564.5,67.74946,43.62296,63.116543,72.35879
2565.0,67.74957,43.623524,63.11828,72.35805
2565.5,67.7497,43.624104,63.120026,72.35733
2566.0,67.74983,43.62469,63.121765,72.35661
2566.5,67.74999,43.625294,63.123524,72.35593
2567.0,67.75018,43.625927,63.125313,72.35531
2567.5,67.750374,43.626568,63.1271,72.3547
2568.0,67.75058,43.627216,63.128895,72.3541
2568.5,67.750786,43.627872,63.130688,72.353516
2569.0,67.751,43.628532,63.132477,72.35292
2569.5,67.751205,43.62919,63.134266,72.35234
2570.0,67.75143,43.629852,63.13606,72.35178
2570.5,67.751625,43.6305,63.13784,72.3512
2571.0,67.751816,43.631134,63.13961,72.3506
2571.5,67.75198,43.63174,63.141365,72.349945
2572.0,67.75212,43.63233,63.143097,72.349266
2572.5,67.75225,43.632908,63.14483,72.348564
2573.0,67.75236,43.633472,63.146538,72.34782
2573.5,67.75246,43.634037,63.148243,72.34705
2574.0,67.75256,43.6346,63.149952,72.3463
2574.5,67.75268,43.63517,63.15167,72.345566
2575.0,67.752785,43.63573,63.153385,72.34484
2575.5,67.75288,43.636276,63.15509,72.344086
2576.0,67.75296,43.636814,63.156803,72.34334
2576.5,67.75305,43.63736,63.158524,72.34262
2577.0,67.75316,43.63791,63.16026,72.34194
2577.5,67.753265,43.638466,63.162,72.34128
2578.0,67.75337,43.639023,63.163746,72.34063
2578.5,67.75347,43.639572,63.165485,72.33997
2579.0,67.753555,43.64011,63.16722,72.339294
2579.5,67.75361,43.64063,63.168938,72.33859
2580.0,67.75364,43.641125,63.170647,72.337875
2580.5,67.75365,43.641598,63.172333,72.3371
2581.0,67.75363,43.642048,63.174004,72.336296
2581.5,67.753586,43.642475,63.17566,72.33547
2582.0,67.75355,43.642895,63.17732,72.33464
2582.5,67.7535,43.643307,63.17897,72.3338
2583.0,67.75344,43.64371,63.180614,72.33295
2583.5,67.75339,43.644115,63.18226,72.33209
2584.0,67.753334,43.64452,63.18391,72.33125
2584.5,67.753296,43.64494,63.185574,72.33043
2585.0,67.75327,43.645367,63.18724,72.32963
2585.5,67.75327,43.64581,63.188927,72.32887
2586.0,67.75327,43.646248,63.190617,72.32812
2586.5,67.75328,43.646698,63.192303,72.32737
2587.0,67.75331,43.647175,63.19401,72.326675
2587.5,67.75335,43.64765,63.195724,72.32599
2588.0,67.7534,43.648148,63.197445,72.32533
2588.5,67.75345,43.648643,63.19916,72.32466
2589.0,67.75351,43.64914,63.200886,72.324
2589.5,67.753555,43.649635,63.202602,72.32333
2590.0,67.753586,43.650116,63.204308,72.32264
2590.5,67.75359,43.65058,63.205994,72.32192
2591.0,67.753586,43.651028,63.20767,72.321175
2591.5,67.75357,43.651463,63.20933,72.32041
2592.0,67.75353,43.65188,63.210983,72.31962
2592.5,67.753494,43.65229,63.212627,72.31882
2593.0,67.75345,43.6527,63.21427,72.31801
2593.5,67.753395,43.653103,63.21591,72.31719
2594.0,67.75334,43.653503,63.217537,72.31633
2594.5,67.753296,43.65392,63.219177,72.315506
2595.0,67.75327,43.65435,63.22082,72.314705
2595.5,67.75325,43.654785,63.22246,72.31388
2596.0,67.75326,43.655243,63.224125,72.31312
2596.5,67.75328,43.655716,63.225792,72.31238
2597.0,67.753334,43.656216,63.22748,72.31169
2597.5,67.75341,43.65674,63.229187,72.31103
2598.0,67.75351,43.657284,63.230904,72.31041
2598.5,67.753624,43.65784,63.232624,72.3098
2599.0,67.75376,43.65842,63.23436,72.30923
2599.5,67.75391,43.659008,63.236088,72.30865
2600.0,67.75405,43.659603,63.237823,72.308075
2600.5,67.75421,43.660202,63.239555,72.30752
2601.0,67.75436,43.66079,63.241272,72.30692
2601.5,67.75449,43.66137,63.242977,72.30631
2602.0,67.7546,43.661926,63.24466,72.30564
2602.5,67.75471,43.662483,63.246338,72.30497
2603.0,67.754814,43.66303,63.248016,72.30428
2603.5,67.754906,43.663567,63.249683,72.30359
2604.0,67.75499,43.664104,63.251347,72.302864
2604.5,67.75509,43.66465,63.253014,72.30216
2605.0,67.75519,43.6652,63.254692,72.301476
2605.5,67.755295,43.665756,63.256367,72.30079
2606.0,67.7554,43.66631,63.258045,72.30012
2606.5,67.755516,43.666862,63.25973,72.29947
2607.0,67.75561,43.667408,63.261414,72.2988
2607.5,67.75572,43.667965,63.26311,72.29817
2608.0,67.75585,43.668537,63.264824,72.29759
2608.5,67.755974,43.669106,63.266533,72.297005
2609.0,67.756096,43.66967,63.26825,72.29644
2609.5,67.75621,43.670227,63.269966,72.29587
2610.0,67.75631,43.670765,63.27167,72.29528
2610.5,67.756386,43.671288,63.27337,72.29468
2611.0,67.75644,43.671783,63.27505,72.29404
2611.5,67.756485,43.672268,63.27672,72.29339
2612.0,67.75651,43.672737,63.27837,72.292694
2612.5,67.75651,43.673187,63.28001,72.29197
2613.0,67.7565,43.673626,63.28164,72.291214
2613.5,67.75648,43.674053,63.283253,72.290436
2614.0,67.756454,43.674488,63.28488,72.28969
2614.5,67.75644,43.67492,63.286503,72.28893
2615.0,67.756424,43.675354,63.288136,72.2882
2615.5,67.756424,43.675797,63.28978,72.28749
2616.0,67.75645,43.676254,63.29143,72.286804
2616.5,67.756454,43.676712,63.293083,72.28611
2617.0,67.756485,43.677177,63.29474,72.285446
2617.5,67.75652,43.677658,63.296406,72.28479
2618.0,67.75657,43.67815,63.298077,72.28416
2618.5,67.75663,43.678658,63.29976,72.28354
2619.0,67.75671,43.679184,63.30145,72.28295
2619.5,67.75678,43.679707,63.303143,72.28237
2620.0,67.75686,43.680225,63.30483,72.28179
2620.5,67.75691,43.680733,63.306503,72.28119
2621.0,67.75695,43.68122,63.308163,72.28054
2621.5,67.756966,43.681686,63.309795,72.27984
2622.0,67.75695,43.682133,63.31141,72.2791
2622.5,67.75693,43.682568,63.313015,72.278336
2623.0,67.756905,43.682995,63.314617,72.27758
2623.5,67.756874,43.683422,63.316216,72.27681
2624.0,67.75685,43.683853,63.317825,72.27606
2624.5,67.75683,43.684284,63.319427,72.27531
2625.0,67.75681,43.684723,63.321037,72.27456
2625.5,67.75681,43.685173,63.32266,72.27385
2626.0,67.75683,43.68563,63.324284,72.27316
2626.5,67.75685,43.6861,63.325924,72.27249
2627.0,67.756905,43.686596,63.32758,72.271866
2627.5,67.75699,43.68712,63.329254,72.27129
2628.0,67.75708,43.687656,63.33093,72.27071
2628.5,67.75721,43.688217,63.332623,72.27019
2629.0,67.75733,43.688786,63.33432,72.26967
2629.5,67.757454,43.689354,63.33601,72.26913
2630.0,67.75758,43.689926,63.337708,72.26861
2630.5,67.7577,43.690483,63.33939,72.26807
2631.0,67.75779,43.69103,63.341053,72.26747
2631.5,67.75788,43.69157,63.342697,72.26685
2632.0,67.75797,43.692104,63.344337,72.26622
2632.5,67.758064,43.692646,63.345974,72.26559
2633.0,67.758156,43.693184,63.347603,72.26493
2633.5,67.75825,43.693726,63.349228,72.264275
2634.0,67.75834,43.69427,63.35085,72.263596
2634.5,67.758446,43.69483,63.35248,72.262955
2635.0,67.758575,43.6954,63.354122,72.26234
2635.5,67.75871,43.695988,63.35578,72.26174
2636.0,67.75887,43.696587,63.35745,72.26119
2636.5,67.75905,43.697197,63.359123,72.26065
2637.0,67.75924,43.697823,63.360806,72.26013
2637.5,67.759445,43.698467,63.362503,72.25967
2638.0,67.759674,43.699127,63.364212,72.259224
2638.5,67.75991,43.699795,63.365936,72.258804
2639.0,67.760155,43.700466,63.367664,72.2584
2639.5,67.76038,43.70113,63.36938,72.25798
2640.0,67.7606,43.701786,63.371094,72.25754
2640.5,67.76081,43.702435,63.372795,72.25709
2641.0,67.761024,43.70308,63.374508,72.25666
2641.5,67.76121,43.703697,63.376194,72.25618
2642.0,67.761375,43.7043,63.377857,72.25567
2642.5,67.76152,43.704887,63.3795,72.255104
2643.0,67.76165,43.705463,63.381134,72.2545
2643.5,67.76177,43.70603,63.382755,72.25388
2644.0,67.7619,43.706608,63.38439,72.253296
2644.5,67.76204,43.707188,63.38603,72.25272
2645.0,67.76219,43.707775,63.387672,72.25216
2645.5,67.762344,43.708366,63.38933,72.251625
2646.0,67.7625,43.70895,63.390987,72.25109
2646.5,67.76264,43.709534,63.39265,72.25057
2647.0,67.76279,43.710117,63.394314,72.25006
2647.5,67.76293,43.710697,63.395977,72.24955
2648.0,67.76308,43.711277,63.39765,72.24907
2648.5,67.76323,43.711857,63.399326,72.24859
2649.0,67.76335,43.712418,63.400997,72.24809
2649.5,67.76348,43.712986,63.40267,72.24761
2650.0,67.7636,43.71354,63.404346,72.24713
2650.5,67.7637,43.71408,63.40601,72.24662
2651.0,67.76379,43.714603,63.40766,72.24609
2651.5,67.76386,43.715115,63.409294,72.24553
2652.0,67.763916,43.715614,63.410915,72.24494
2652.5,67.76394,43.716095,63.41251,72.24431
2653.0,67.76398,43.716576,63.41411,72.243675
2653.5,67.76399,43.71705,63.415688,72.243
2654.0,67.764046,43.71754,63.417286,72.24236
2654.5,67.76411,43.71805,63.418884,72.24173
2655.0,67.76419,43.71858,63.420494,72.24112
2655.5,67.7643,43.719135,63.422115,72.240555
2656.0,67.76444,43.71972,63.42375,72.24003
2656.5,67.7646,43.72032,63.4254,72.23952
2657.0,67.7648,43.720947,63.427067,72.239075
2657.5,67.76501,43.721584,63.42874,72.23863
2658.0,67.76522,43.72223,63.430416,72.2382
2658.5,67.76544,43.72288,63.432102,72.23779
2659.0,67.765656,43.723526,63.433792,72.23737
2659.5,67.76585,43.724163,63.435467,72.23693
2660.0,67.766045,43.724792,63.43714,72.236496
2660.5,67.76623,43.725418,63.438805,72.23603
2661.0,67.76641,43.726044,63.44046,72.235565
2661.5,67.76659,43.726654,63.442112,72.23509
2662.0,67.76675,43.727257,63.44375,72.2346
2662.5,67.766884,43.72784,63.445377,72.23407
2663.0,67.76702,43.728413,63.447,72.23354
2663.5,67.76716,43.72899,63.44862,72.23302
2664.0,67.767296,43.729565,63.450233,72.232475
2664.5,67.76744,43.73015,63.451862,72.231964
2665.0,67.76761,43.730743,63.453503,72.23148
2665.5,67.767784,43.731354,63.455154,72.23103
2666.0,67.76797,43.731968,63.4568,72.23057
2666.5,67.76817,43.7326,63.458466,72.230156
2667.0,67.76839,43.733242,63.46013,72.22974
2667.5,67.76862,43.7339,63.46181,72.22936
2668.0,67.76887,43.734562,63.46349,72.22899
2668.5,67.76912,43.73524,63.465183,72.228645
2669.0,67.76938,43.735924,63.466877,72.228294
2669.5,67.76963,43.736603,63.46857,72.227936
2670.0,67.76987,43.737274,63.470257,72.22757
2670.5,67.770096,43.737934,63.47193,72.22719
2671.0,67.77031,43.738575,63.4736,72.22678
2671.5,67.770485,43.73919,63.47525,72.22635
2672.0,67.770645,43.739777,63.476883,72.22587
2672.5,67.77078,43.740353,63.478504,72.22539
2673.0,67.7709,43.740906,63.480114,72.22487
2673.5,67.77101,43.741455,63.48172,72.22435
2674.0,67.7711,43.74199,63.48331,72.2238
2674.5,67.771164,43.742504,63.484882,72.22321
2675.0,67.77124,43.743023,63.486473,72.22265
2675.5,67.771324,43.743538,63.488068,72.2221
2676.0,67.771416,43.74407,63.489677,72.22158
2676.5,67.771515,43.7446,63.49129,72.221085
2677.0,67.77163,43.745144,63.492905,72.2206
2677.5,67.77176,43.745705,63.494534,72.22014
2678.0,67.7719,43.746273,63.496166,72.219696
2678.5,67.77204,43.74685,63.49781,72.21927
2679.0,67.7722,43.747433,63.49946,72.21886
2679.5,67.77235,43.748013,63.501102,72.21842
2680.0,67.77251,43.7486,63.502754,72.21801
2680.5,67.77267,43.749187,63.5044,72.2176
2681.0,67.772835,43.74978,63.506042,72.217186
2681.5,67.772995,43.750374,63.507683,72.21676
2682.0,67.77316,43.750965,63.509315,72.21633
2682.5,67.77333,43.751556,63.51094,72.2159
2683.0,67.773476,43.75214,63.512558,72.21543
2683.5,67.773605,43.75271,63.514145,72.214905
2684.0,67.77373,43.753273,63.515728,72.21438
2684.5,67.77384,43.753826,63.51732,72.21386
2685.0,67.77393,43.754364,63.518894,72.213295
2685.5,67.77403,43.7549,63.520477,72.212776
2686.0,67.774124,43.75544,63.52206,72.212234
2686.5,67.77423,43.75598,63.523655,72.21174
2687.0,67.774345,43.75653,63.52526,72.21125
2687.5,67.77447,43.757088,63.52687,72.210785
2688.0,67.7746,43.75765,63.528484,72.21034
2688.5,67.77476,43.75823,63.530117,72.209946
2689.0,67.77492,43.758816,63.531757,72.20956
2689.5,67.77507,43.759396,63.53339,72.20915
2690.0,67.77522,43.75998,63.535023,72.20874
2690.5,67.77537,43.760563,63.53665,72.20832
2691.0,67.77551,43.76114,63.538273,72.207886
2691.5,67.77566,43.76172,63.539898,72.20747
2692.0,67.77582,43.762295,63.541527,72.20707
2692.5,67.775955,43.762867,63.54313,72.20662
2693.0,67.77611,43.763443,63.54473,72.20617
2693.5,67.77626,43.764023,63.54633,72.20571
2694.0,67.7764,43.764595,63.54791,72.20521
2694.5,67.77654,43.765175,63.549496,72.20473
2695.0,67.776695,43.765762,63.551086,72.20425
2695.5,67.776855,43.766357,63.552677,72.20378
2696.0,67.77702,43.766956,63.554268,72.203316
2696.5,67.777214,43.76758,63.555878,72.20289
2697.0,67.77742,43.76821,63.557507,72.20251
2697.5,67.77765,43.76886,63.559143,72.202156
2698.0,67.777885,43.769516,63.56079,72.20183
2698.5,67.77812,43.770184,63.562435,72.20149
2699.0,67.778366,43.77085,63.564087,72.20117
2699.5,67.77861,43.77152,63.56574,72.20084
2700.0,67.77885,43.772186,63.567383,72.20051
2700.5,67.77908,43.772846,63.569035,72.20019
2701.0,67.779305,43.773495,63.570667,72.19982
2701.5,67.77952,43.774136,63.5723,72.199455
2702.0,67.77972,43.77477,63.57392,72.19907
2702.5,67.77991,43.775383,63.57552,72.19865
2703.0,67.780075,43.775986,63.5771,72.19818
2703.5,67.780235,43.776585,63.57868,72.197716
2704.0,67.780396,43.77718,63.580257,72.19726
2704.5,67.78056,43.777775,63.58183,72.196785
2705.0,67.78072,43.778374,63.58341,72.19632
2705.5,67.78088,43.778976,63.584984,72.195854
2706.0,67.78105,43.779587,63.58657,72.1954
2706.5,67.781235,43.780205,63.588154,72.194954
2707.0,67.78143,43.780838,63.589756,72.19455
2707.5,67.781654,43.78148,63.591366,72.19417
2708.0,67.781876,43.78213,63.592995,72.193825
2708.5,67.782104,43.782787,63.594616,72.193474
2709.0,67.78235,43.78345,63.596256,72.19316
2709.5,67.782585,43.78412,63.597893,72.19285
2710.0,67.78284,43.78479,63.59954,72.19256
2710.5,67.783066,43.785446,63.601173,72.19223
2711.0,67.783295,43.786102,63.6028,72.19188
2711.5,67.78352,43.786755,63.60442,72.191536
2712.0,67.78374,43.787395,63.606037,72.19118
2712.5,67.78393,43.788017,63.60763,72.19079
2713.0,67.7841,43.78863,63.60922,72.19037
2713.5,67.78428,43.78923,63.610794,72.18993
2714.0,67.784454,43.789833,63.612366,72.1895
2714.5,67.78462,43.790432,63.613934,72.18905
2715.0,67.78478,43.79103,63.615494,72.18859
2715.5,67.78495,43.79164,63.61706,72.18815
2716.0,67.78516,43.792274,63.61865,72.187744
2716.5,67.78538,43.792923,63.620247,72.18738
2717.0,67.785614,43.79359,63.621857,72.18703
2717.5,67.78587,43.794273,63.62347,72.1867
2718.0,67.78614,43.794964,63.625084,72.18637
2718.5,67.78642,43.795666,63.626717,72.1861
2719.0,67.786705,43.796368,63.628353,72.185814
2719.5,67.78698,43.79707,63.629986,72.185524
2720.0,67.78726,43.797775,63.63163,72.18526
2720.5,67.787544,43.798473,63.633274,72.185
2721.0,67.78781,43.79916,63.634907,72.184715
2721.5,67.78806,43.799835,63.636543,72.184425
2722.0,67.78831,43.8005,63.63816,72.18413
2722.5,67.78852,43.801136,63.63976,72.18378
2723.0,67.78873,43.801765,63.641346,72.1834
2723.5,67.78892,43.802376,63.642918,72.183
2724.0,67.789116,43.802994,63.644497,72.18261
2724.5,67.78928,43.8036,63.646053,72.182175
2725.0,67.78945,43.804203,63.647606,72.18172
2725.5,67.78964,43.80482,63.64917,72.181305
2726.0,67.78985,43.80545,63.650745,72.18091
2726.5,67.790054,43.806087,63.652325,72.18053
2727.0,67.79027,43.806736,63.653904,72.18016
2727.5,67.790504,43.807392,63.655495,72.17982
2728.0,67.790726,43.80805,63.657085,72.179474
2728.5,67.79098,43.808723,63.658695,72.17917
2729.0,67.791245,43.809406,63.660316,72.178894
2729.5,67.79152,43.810093,63.661945,72.178635
2730.0,67.791794,43.810783,63.66357,72.17838
2730.5,67.79206,43.811462,63.66519,72.17811
2731.0,67.792305,43.812134,63.66681,72.17782
2731.5,67.79254,43.812786,63.66841,72.177505
2732.0,67.792755,43.813423,63.670002,72.17716
2732.5,67.792946,43.81404,63.671577,72.17679
2733.0,67.79311,43.814636,63.673134,72.17638
2733.5,67.79326,43.815212,63.67467,72.175934
2734.0,67.7934,43.815784,63.6762,72.175476
2734.5,67.79354,43.816357,63.677734,72.17501
2735.0,67.79368,43.816925,63.679268,72.17456
2735.5,67.793816,43.817493,63.680798,72.1741
2736.0,67.79397,43.81807,63.682343,72.17367
2736.5,67.794106,43.81864,63.68388,72.173225
2737.0,67.79426,43.81922,63.685436,72.17283
2737.5,67.7944,43.8198,63.686985,72.17242
2738.0,67.794556,43.820377,63.68854,72.17201
2738.5,67.79469,43.82095,63.69009,72.1716
2739.0,67.79485,43.821533,63.691658,72.17123
2739.5,67.795006,43.822117,63.69322,72.17084
2740.0,67.795166,43.822704,63.694794,72.17048
2740.5,67.79532,43.823288,63.69636,72.17011
2741.0,67.79547,43.82386,63.69792,72.16973
2741.5,67.79559,43.82442,63.69947,72.16932
2742.0,67.795715,43.82497,63.701015,72.16891
2742.5,67.79582,43.82551,63.702553,72.16847
2743.0,67.795906,43.826027,63.704075,72.16801
2743.5,67.79598,43.82653,63.70559,72.16753
2744.0,67.79606,43.82703,63.70709,72.16703
2744.5,67.79612,43.82752,63.708584,72.16652
2745.0,67.79618,43.82802,63.710083,72.16601
2745.5,67.79626,43.828526,63.71158,72.165504
2746.0,67.79636,43.829052,63.713085,72.16502
2746.5,67.79648,43.8296,63.71461,72.16459
2747.0,67.796616,43.830162,63.716145,72.16417
2747.5,67.79677,43.830734,63.71768,72.16377
2748.0,67.796936,43.83133,63.71924,72.163414
2748.5,67.79715,43.831947,63.72081,72.16311
2749.0,67.797356,43.832577,63.722385,72.1628
2749.5,67.797585,43.83322,63.72397,72.16251
2750.0,67.79783,43.833878,63.725567,72.162254
2750.5,67.79806,43.834526,63.727146,72.16195
2751.0,67.79829,43.835175,63.728733,72.16166
2751.5,67.798515,43.835815,63.730312,72.161354
2752.0,67.79872,43.836437,63.73188,72.161026
2752.5,67.798904,43.83704,63.73343,72.16067
2753.0,67.79908,43.837627,63.734966,72.160286
2753.5,67.79923,43.838203,63.736492,72.15988
2754.0,67.79938,43.838768,63.738007,72.159454
2754.5,67.79951,43.839325,63.73951,72.15899
2755.0,67.799644,43.839886,63.74101,72.15853
2755.5,67.79977,43.840443,63.742493,72.158035
2756.0,67.79991,43.841015,63.744003,72.15759
2756.5,67.80007,43.841602,63.745518,72.157166
2757.0,67.80026,43.842213,63.747047,72.156784
2757.5,67.80046,43.842834,63.748585,72.156425
2758.0,67.80068,43.843475,63.750137,72.1561
2758.5,67.80092,43.844128,63.75169,72.15578
2759.0,67.801155,43.844788,63.753254,72.155464
2759.5,67.8014,43.845455,63.754814,72.15515
2760.0,67.80165,43.846123,63.75639,72.15487
2760.5,67.8019,43.846794,63.75797,72.1546
2761.0,67.80216,43.847458,63.75955,72.15433
2761.5,67.8024,43.84811,63.761116,72.15404
2762.0,67.80262,43.848743,63.762672,72.15372
2762.5,67.802826,43.84936,63.764214,72.15338
2763.0,67.80301,43.849957,63.765747,72.15301
2763.5,67.80316,43.850533,63.767254,72.152596
2764.0,67.80331,43.851093,63.76875,72.15215
2764.5,67.80343,43.851643,63.770233,72.15169
2765.0,67.80356,43.852192,63.771717,72.15122
2765.5,67.80368,43.85274,63.7732,72.150764
2766.0,67.80381,43.853294,63.774693,72.150314
2766.5,67.80395,43.85386,63.776184,72.149864
2767.0,67.80411,43.854435,63.777687,72.14945
2767.5,67.80427,43.855022,63.779198,72.14906
2768.0,67.80447,43.855633,63.78073,72.14872
2768.5,67.80467,43.856247,63.78227,72.14839
2769.0,67.80487,43.85686,63.783802,72.148056
2769.5,67.80508,43.857487,63.785343,72.14774
2770.0,67.80529,43.858116,63.78689,72.14744
2770.5,67.80551,43.85875,63.788445,72.14714
2771.0,67.80572,43.85937,63.789986,72.14682
2771.5,67.805916,43.85998,63.79152,72.146484
2772.0,67.80611,43.860584,63.793053,72.14614
2772.5,67.80628,43.86117,63.79457,72.145775
2773.0,67.80645,43.86175,63.796085,72.1454
2773.5,67.80661,43.862316,63.79759,72.145004
2774.0,67.80675,43.862865,63.799076,72.14458
2774.5,67.806854,43.8634,63.800545,72.14411
2775.0,67.80697,43.86393,63.802002,72.14362
2775.5,67.807076,43.864464,63.80347,72.14315
2776.0,67.80719,43.865,63.80493,72.14267
2776.5,67.80732,43.865547,63.806404,72.142204
2777.0,67.80746,43.866104,63.80788,72.14176
2777.5,67.8076,43.866673,63.809372,72.14134
2778.0,67.807755,43.86725,63.810856,72.140915
2778.5,67.80794,43.867847,63.81237,72.14056
2779.0,67.80813,43.868454,63.813885,72.1402
2779.5,67.80834,43.869076,63.815414,72.13989
2780.0,67.808556,43.869698,63.816948,72.13959
2780.5,67.80877,43.87032,63.818474,72.13927
2781.0,67.80899,43.870945,63.820004,72.13895
2781.5,67.80922,43.87158,63.82154,72.13863
2782.0,67.80943,43.8722,63.823063,72.13829
2782.5,67.80964,43.872814,63.824577,72.13793
2783.0,67.80983,43.87342,63.826073,72.13754
2783.5,67.81001,43.874016,63.82756,72.137146
2784.0,67.81018,43.874603,63.82904,72.13673
2784.5,67.81036,43.87519,63.83052,72.13632
2785.0,67.81053,43.87578,63.83199,72.135895
2785.5,67.810715,43.87637,63.83346,72.135475
2786.0,67.8109,43.876972,63.834934,72.135056
2786.5,67.81109,43.877583,63.836407,72.134636
2787.0,67.811295,43.87821,63.8379,72.13425
2787.5,67.81152,43.87885,63.839394,72.133896
2788.0,67.81176,43.8795,63.840897,72.13355
2788.5,67.81201,43.88016,63.842403,72.133224
2789.0,67.81228,43.880833,63.843925,72.13293
2789.5,67.812546,43.881508,63.845444,72.13263
2790.0,67.8128,43.88218,63.846962,72.13232
2790.5,67.81305,43.88284,63.848476,72.13199
2791.0,67.8133,43.88349,63.850002,72.13169
2791.5,67.81353,43.884125,63.851517,72.13136
2792.0,67.813736,43.88474,63.85302,72.131004
2792.5,67.81392,43.88533,63.85451,72.13062
2793.0,67.81408,43.885895,63.85598,72.13021
2793.5,67.81422,43.886436,63.85744,72.12977
2794.0,67.81432,43.886955,63.858883,72.129295
2794.5,67.81441,43.887444,63.860302,72.12877
2795.0,67.81447,43.88792,63.86172,72.12824
2795.5,67.8145,43.88838,63.863117,72.12766
2796.0,67.814545,43.88884,63.864517,72.127106
2796.5,67.814575,43.889297,63.865925,72.12655
2797.0,67.81462,43.889763,63.867344,72.12602
2797.5,67.814674,43.890232,63.868767,72.12553
2798.0,67.81472,43.89069,63.870193,72.125015
2798.5,67.81476,43.891148,63.871616,72.12452
2799.0,67.81477,43.891586,63.873028,72.123985
2799.5,67.8148,43.89203,63.874454,72.12348
2800.0,67.81481,43.892467,63.875877,72.12297
2800.5,67.814835,43.892902,63.877304,72.12246
2801.0,67.81484,43.89333,63.87872,72.12193
2801.5,67.81484,43.89375,63.880135,72.12139
2802.0,67.814835,43.894157,63.881546,72.12084
2802.5,67.81481,43.89455,63.882946,72.12029
2803.0,67.81477,43.894924,63.884335,72.119705
2803.5,67.8147,43.895267,63.88569,72.11905
2804.0,67.81461,43.895607,63.887043,72.11838
2804.5,67.81451,43.895927,63.88838,72.11767
2805.0,67.81441,43.89625,63.889713,72.116974
2805.5,67.81432,43.89659,63.89105,72.11628
2806.0,67.81427,43.896954,63.892395,72.115616
2806.5,67.81422,43.897335,63.893745,72.11497
2807.0,67.81421,43.89774,63.89512,72.114365
2807.5,67.81421,43.89816,63.8965,72.113785
2808.0,67.81423,43.898594,63.897903,72.11326
2808.5,67.81426,43.899036,63.899307,72.11275
2809.0,67.81429,43.89948,63.90071,72.11223
2809.5,67.81432,43.899933,63.902115,72.11172
2810.0,67.8144,43.90041,63.90354,72.11125
2810.5,67.814476,43.900898,63.904964,72.11078
2811.0,67.81457,43.901394,63.90639,72.11031
2811.5,67.81465,43.901886,63.907814,72.10983
2812.0,67.81473,43.90237,63.909233,72.10935
2812.5,67.81481,43.902847,63.910645,72.10886
2813.0,67.81487,43.90331,63.912052,72.10834
2813.5,67.8149,43.90374,63.913433,72.10777
2814.0,67.8149,43.90415,63.914795,72.107155
2814.5,67.81489,43.904537,63.91614,72.10651
2815.0,67.81484,43.90491,63.91747,72.10582
2815.5,67.81481,43.905293,63.918804,72.10516
2816.0,67.81477,43.905674,63.92014,72.10449
2816.5,67.81474,43.90606,63.921474,72.10384
2817.0,67.81474,43.90647,63.922836,72.10325
2817.5,67.81476,43.9069,63.92421,72.1027
2818.0,67.81479,43.907337,63.925587,72.10215
2818.5,67.814835,43.907795,63.926983,72.10165
2819.0,67.814896,43.90826,63.928383,72.10116
2819.5,67.81496,43.908726,63.92979,72.100685
2820.0,67.815025,43.90919,63.931202,72.10022
2820.5,67.81506,43.909637,63.9326,72.099724
2821.0,67.81509,43.91007,63.933987,72.0992
2821.5,67.8151,43.91049,63.935368,72.09865
2822.0,67.815094,43.91089,63.93674,72.09807
2822.5,67.81507,43.911266,63.9381,72.09746
2823.0,67.81502,43.911625,63.939434,72.0968
2823.5,67.814964,43.911976,63.94077,72.09615
2824.0,67.81491,43.91233,63.942093,72.09548
2824.5,67.81486,43.91269,63.94341,72.094795
2825.0,67.81481,43.91305,63.94472,72.09412
2825.5,67.81479,43.913433,63.946045,72.09346
2826.0,67.81477,43.91383,63.947372,72.09283
2826.5,67.81479,43.914253,63.948727,72.09225
2827.0,67.814835,43.914692,63.950092,72.0917
2827.5,67.81489,43.91515,63.95146,72.09117
2828.0,67.81497,43.91563,63.95285,72.09068
2828.5,67.815056,43.91612,63.954247,72.09022
2829.0,67.81515,43.916615,63.955643,72.08975
2829.5,67.81525,43.917114,63.957043,72.0893
2830.0,67.81537,43.91762,63.958454,72.08888
2830.5,67.815475,43.918118,63.95986,72.08843
2831.0,67.815575,43.91861,63.961266,72.08798
2831.5,67.81566,43.919083,63.962658,72.08748
2832.0,67.81573,43.919548,63.96404,72.08696
2832.5,67.81579,43.920006,63.965416,72.086426
2833.0,67.81584,43.92045,63.966785,72.085884
2833.5,67.81587,43.92087,63.968132,72.085304
2834.0,67.81588,43.92128,63.969467,72.084694
2834.5,67.81588,43.92168,63.97079,72.08406
2835.0,67.815865,43.922073,63.97209,72.08338
2835.5,67.81586,43.92247,63.973404,72.08273
2836.0,67.81585,43.922874,63.974716,72.082085
2836.5,67.815865,43.92329,63.976036,72.08147
2837.0,67.81588,43.923714,63.97736,72.08085
2837.5,67.81593,43.924164,63.978714,72.080315
2838.0,67.81601,43.924637,63.98008,72.0798
2838.5,67.81609,43.925125,63.98145,72.07931
2839.0,67.816216,43.925632,63.982838,72.07886
2839.5,67.816345,43.92615,63.984234,72.07843
2840.0,67.816475,43.92667,63.985626,72.07799
2840.5,67.81658,43.92718,63.987003,72.0775
2841.0,67.81671,43.927696,63.988388,72.07703
2841.5,67.81684,43.928215,63.989777,72.07656
2842.0,67.81696,43.928726,63.991158,72.07607
2842.5,67.81709,43.929237,63.992542,72.07559
2843.0,67.817215,43.929737,63.99391,72.075096
2843.5,67.81733,43.930237,63.995285,72.0746
2844.0,67.81742,43.930714,63.996635,72.07406
2844.5,67.81749,43.93117,63.99797,72.0735
2845.0,67.81752,43.9316,63.99928,72.07287
2845.5,67.81754,43.93202,64.00058,72.07224
2846.0,67.817566,43.932438,64.00189,72.07163
2846.5,67.8176,43.93286,64.0032,72.07101
2847.0,67.81762,43.933292,64.00451,72.070404
2847.5,67.817665,43.93374,64.00584,72.069824
2848.0,67.817726,43.9342,64.00717,72.069275
2848.5,67.8178,43.934673,64.00852,72.06877
2849.0,67.817894,43.935154,64.00989,72.0683
2849.5,67.81797,43.935623,64.011246,72.0678
2850.0,67.818054,43.936096,64.01261,72.06733
2850.5,67.81814,43.936558,64.01398,72.06686
2851.0,67.8182,43.937008,64.01533,72.06634
2851.5,67.81826,43.937454,64.016685,72.06583
2852.0,67.8183,43.93788,64.01802,72.06528
2852.5,67.81831,43.93829,64.01934,72.06469
2853.0,67.81831,43.93868,64.02066,72.064095
2853.5,67.81828,43.93904,64.02196,72.06346
2854.0,67.81823,43.93938,64.02324,72.06279
2854.5,67.81816,43.939716,64.02451,72.0621
2855.0,67.81811,43.940052,64.02579,72.06142
2855.5,67.818054,43.940395,64.027054,72.06074
2856.0,67.818,43.940746,64.02832,72.06007
2856.5,67.817955,43.941105,64.029594,72.059395
2857.0,67.81793,43.94148,64.030876,72.058754
2857.5,67.81792,43.941864,64.032166,72.05813
2858.0,67.81792,43.94227,64.03348,72.057556
2858.5,67.81795,43.942688,64.034805,72.057014
2859.0,67.81799,43.94311,64.03614,72.0565
2859.5,67.81804,43.94354,64.037476,72.056015
2860.0,67.81808,43.943962,64.03881,72.0555
2860.5,67.81811,43.944378,64.04014,72.05496
2861.0,67.81814,43.944794,64.04147,72.054436
2861.5,67.81816,43.945206,64.0428,72.053894
2862.0,67.818184,43.945606,64.04412,72.05334
2862.5,67.81818,43.945988,64.045425,72.05275
2863.0,67.81816,43.94636,64.04672,72.05213
2863.5,67.81813,43.946724,64.04801,72.0515
2864.0,67.818085,43.947063,64.04929,72.050865
2864.5,67.818016,43.947384,64.05055,72.050186
2865.0,67.817924,43.94769,64.051796,72.049484
2865.5,67.817825,43.947983,64.05303,72.04877
2866.0,67.817726,43.948277,64.054276,72.04806
2866.5,67.81762,43.948574,64.05552,72.047356
2867.0,67.817535,43.948887,64.05678,72.0467
2867.5,67.81746,43.9492,64.05804,72.04605
2868.0,67.81739,43.949528,64.05931,72.04543
2868.5,67.81732,43.94986,64.06059,72.04482
2869.0,67.817276,43.950203,64.06189,72.04425
2869.5,67.81724,43.95055,64.063194,72.0437
2870.0,67.81719,43.950893,64.06448,72.04313
2870.5,67.81714,43.951233,64.065765,72.04253
2871.0,67.8171,43.95158,64.06706,72.04194
2871.5,67.81705,43.95192,64.068344,72.041336
2872.0,67.817,43.952255,64.06963,72.040726
2872.5,67.81695,43.95259,64.070915,72.04011
2873.0,67.81691,43.95293,64.0722,72.0395
2873.5,67.81686,43.95327,64.07347,72.038864
2874.0,67.816795,43.9536,64.07472,72.03819
2874.5,67.816734,43.953938,64.07597,72.03752
2875.0,67.816696,43.954285,64.077225,72.036865
2875.5,67.816635,43.954628,64.07846,72.036194
2876.0,67.81661,43.954994,64.07972,72.03556
2876.5,67.81658,43.95536,64.08097,72.03493
2877.0,67.816574,43.955746,64.08224,72.03431
2877.5,67.81658,43.956146,64.08351,72.03372
2878.0,67.8166,43.95656,64.08479,72.03316
2878.5,67.816635,43.956993,64.08609,72.03263
2879.0,67.816696,43.95743,64.0874,72.032135
2879.5,67.81675,43.957874,64.088715,72.03164
2880.0,67.8168,43.95831,64.09001,72.03112
2880.5,67.81686,43.958744,64.09132,72.03061
2881.0,67.8169,43.959175,64.09262,72.03008
2881.5,67.81694,43.959595,64.09392,72.02955
2882.0,67.81696,43.960007,64.095215,72.02901
2882.5,67.81698,43.960407,64.0965,72.02843
2883.0,67.81699,43.960808,64.097786,72.02786
2883.5,67.81702,43.961205,64.099075,72.0273
2884.0,67.81702,43.961586,64.10034,72.0267
2884.5,67.81699,43.961952,64.10159,72.026085
2885.0,67.81696,43.96231,64.102844,72.02545
2885.5,67.81694,43.962673,64.10409,72.024826
2886.0,67.81691,43.96303,64.10533,72.02419
2886.5,67.81688,43.963398,64.106575,72.02357
2887.0,67.81685,43.963764,64.10781,72.02293
2887.5,67.81682,43.964134,64.109055,72.02229
2888.0,67.8168,43.964504,64.110306,72.02171
2888.5,67.81677,43.964874,64.11157,72.02115
2889.0,67.81675,43.965237,64.11284,72.02059
2889.5,67.8167,43.965584,64.1141,72.02001
2890.0,67.81665,43.96592,64.11536,72.01943
2890.5,67.81658,43.966244,64.11661,72.01883
2891.0,67.816505,43.96655,64.11785,72.0182
2891.5,67.81642,43.966854,64.1191,72.01757
2892.0,67.81634,43.96716,64.12036,72.01696
2892.5,67.816246,43.967445,64.121605,72.01633
2893.0,67.81614,43.967724,64.12284,72.01568
2893.5,67.816025,43.96799,64.12407,72.015015
2894.0,67.8159,43.968258,64.12529,72.01433
2894.5,67.81579,43.96852,64.12651,72.013664
2895.0,67.81566,43.96878,64.127716,72.01297
2895.5,67.81553,43.96904,64.12892,72.0123
2896.0,67.81541,43.96931,64.13013,72.01161
2896.5,67.815285,43.969585,64.13133,72.010925
2897.0,67.81519,43.969883,64.13255,72.010284
2897.5,67.81511,43.970196,64.13377,72.00966
2898.0,67.81504,43.970524,64.13502,72.00907
2898.5,67.814995,43.97086,64.13627,72.008514
2899.0,67.81495,43.971195,64.13753,72.007965
2899.5,67.81491,43.97153,64.13878,72.007416
2900.0,67.814865,43.97187,64.140045,72.00688
2900.5,67.81483,43.972202,64.14131,72.00635
2901.0,67.8148,43.97254,64.142586,72.00583
2901.5,67.814766,43.972874,64.14385,72.0053
2902.0,67.81472,43.973198,64.14512,72.00475
2902.5,67.81465,43.97351,64.14637,72.00417
2903.0,67.814575,43.97381,64.147606,72.00358
2903.5,67.81448,43.9741,64.148834,72.00296
2904.0,67.814384,43.97438,64.150055,72.00232
2904.5,67.81429,43.974667,64.15127,72.001686
2905.0,67.8142,43.974957,64.15248,72.001045
2905.5,67.8141,43.975258,64.15368,72.00038
2906.0,67.81404,43.97558,64.154884,71.99974
2906.5,67.81398,43.975914,64.1561,71.99911
2907.0,67.81394,43.97627,64.15731,71.998505
2907.5,67.81393,43.976643,64.158554,71.99794
2908.0,67.813934,43.97704,64.159805,71.99741
2908.5,67.813965,43.97745,64.16107,71.99691
2909.0,67.81401,43.97788,64.162346,71.99645
2909.5,67.81407,43.978313,64.16363,71.996
2910.0,67.814125,43.978745,64.1649,71.99554
2910.5,67.81418,43.979176,64.16617,71.99506
2911.0,67.81424,43.97961,64.16746,71.994606
2911.5,67.8143,43.980045,64.16874,71.99414
2912.0,67.81436,43.98047,64.17002,71.993675
2912.5,67.814415,43.980892,64.171295,71.9932
2913.0,67.81446,43.9813,64.17256,71.9927
2913.5,67.81449,43.98171,64.17382,71.992195
2914.0,67.814514,43.982105,64.17507,71.99168
2914.5,67.81454,43.9825,64.17632,71.99114
2915.0,67.81455,43.98289,64.17757,71.99062
2915.5,67.814545,43.98327,64.17879,71.99005
2916.0,67.814545,43.983646,64.18001,71.98949
2916.5,67.814545,43.984035,64.181244,71.98895
2917.0,67.81455,43.984425,64.18247,71.98841
2917.5,67.814575,43.984833,64.183716,71.98791
2918.0,67.81461,43.985252,64.184975,71.98744
2918.5,67.81466,43.985676,64.18624,71.986984
2919.0,67.814705,43.9861,64.1875,71.98651
2919.5,67.81475,43.986523,64.18877,71.98607
2920.0,67.81478,43.98693,64.190025,71.985596
2920.5,67.814804,43.987328,64.191284,71.98513
2921.0,67.81481,43.98771,64.192535,71.98464
2921.5,67.814804,43.988075,64.19378,71.98414
2922.0,67.81477,43.988422,64.19502,71.9836
2922.5,67.81473,43.988754,64.19625,71.983055
2923.0,67.814674,43.989075,64.19747,71.98249
2923.5,67.81462,43.98939,64.19871,71.98196
2924.0,67.814545,43.989697,64.19992,71.981384
2924.5,67.81446,43.98999,64.20113,71.980804
2925.0,67.81438,43.990284,64.20234,71.98023
2925.5,67.81427,43.990566,64.20353,71.97963
2926.0,67.81417,43.990852,64.20472,71.97902
2926.5,67.81409,43.99115,64.20592,71.97844
2927.0,67.814026,43.99147,64.207115,71.977875
2927.5,67.81395,43.991795,64.20832,71.97731
2928.0,67.813896,43.99213,64.20954,71.976776
2928.5,67.81386,43.992474,64.21076,71.976265
2929.0,67.81382,43.99282,64.212,71.97577
2929.5,67.81378,43.99316,64.21323,71.97529
2930.0,67.81374,43.993492,64.21446,71.97479
2930.5,67.8137,43.99382,64.2157,71.974304
2931.0,67.81366,43.99415,64.216934,71.97382
2931.5,67.8136,43.99446,64.21816,71.973305
2932.0,67.81353,43.994762,64.219376,71.97276
2932.5,67.81345,43.995064,64.2206,71.97222
2933.0,67.81337,43.995358,64.2218,71.97166
2933.5,67.81328,43.995647,64.22301,71.97109
2934.0,67.81318,43.995922,64.224205,71.970505
2934.5,67.81307,43.996197,64.22539,71.96992
2935.0,67.81296,43.996468,64.22657,71.969315
2935.5,67.81286,43.996746,64.227745,71.96873
2936.0,67.81277,43.99704,64.22894,71.96816
2936.5,67.812706,43.99735,64.23014,71.96763
2937.0,67.81264,43.99766,64.23133,71.96708
2937.5,67.81258,43.99799,64.23254,71.96655
2938.0,67.81253,43.99833,64.23375,71.966064
2938.5,67.81251,43.998688,64.23498,71.9656
2939.0,67.8125,43.999058,64.23621,71.96516
2939.5,67.8125,43.999435,64.23745,71.96473
2940.0,67.8125,43.999805,64.23869,71.964294
2940.5,67.81252,44.000187,64.23995,71.9639
2941.0,67.812515,44.000557,64.24118,71.96344
2941.5,67.812515,44.000927,64.242424,71.96299
2942.0,67.81251,44.00129,64.24366,71.96253
2942.5,67.8125,44.001648,64.24489,71.96206
2943.0,67.81247,44.001995,64.24611,71.96157
2943.5,67.81244,44.002335,64.24734,71.96108
2944.0,67.812416,44.00267,64.24856,71.9606
2944.5,67.812386,44.003006,64.24977,71.96013
2945.0,67.81235,44.003338,64.25098,71.959625
2945.5,67.8123,44.003666,64.252174,71.95912
2946.0,67.812256,44.003998,64.25338,71.958626
2946.5,67.812225,44.004345,64.254585,71.958145
2947.0,67.81221,44.004707,64.25579,71.95768
2947.5,67.81223,44.0051,64.25703,71.957275
2948.0,67.812256,44.005497,64.258255,71.95684
2948.5,67.8123,44.005913,64.25949,71.956436
2949.0,67.81234,44.006332,64.26072,71.956024
2949.5,67.812416,44.006775,64.26198,71.95567
2950.0,67.81249,44.007217,64.26323,71.95531
2950.5,67.81258,44.007668,64.264496,71.954956
2951.0,67.81265,44.008114,64.26575,71.954575
2951.5,67.81273,44.00856,64.267,71.95419
2952.0,67.81281,44.009007,64.26826,71.95382
2952.5,67.81288,44.00945,64.26951,71.95343
2953.0,67.812965,44.0099,64.27077,71.95305
2953.5,67.81304,44.010345,64.27202,71.95267
2954.0,67.81312,44.01078,64.27326,71.95227
2954.5,67.81318,44.011208,64.274506,71.95187
2955.0,67.81323,44.01163,64.27573,71.951454
2955.5,67.81328,44.01205,64.276955,71.951035
2956.0,67.81332,44.01247,64.27816,71.9506
2956.5,67.81337,44.012897,64.27938,71.95019
2957.0,67.813446,44.013336,64.28062,71.949814
2957.5,67.813515,44.01378,64.28185,71.94944
2958.0,67.81358,44.014225,64.28308,71.94907
2958.5,67.81367,44.01468,64.28433,71.94872
2959.0,67.81377,44.01514,64.28558,71.948395
2959.5,67.813866,44.015606,64.28684,71.948074
2960.0,67.813965,44.01607,64.2881,71.947754
2960.5,67.81408,44.016544,64.28935,71.94744
2961.0,67.814186,44.017014,64.29061,71.94711
2961.5,67.8143,44.017494,64.291885,71.9468
2962.0,67.814415,44.01797,64.293144,71.94649
2962.5,67.81453,44.018444,64.29441,71.94616
2963.0,67.81464,44.018913,64.29567,71.94584
2963.5,67.81473,44.019375,64.29693,71.9455
2964.0,67.81484,44.019844,64.29819,71.94519
2964.5,67.81494,44.020306,64.29944,71.94487
2965.0,67.81505,44.020767,64.30069,71.94456
2965.5,67.81514,44.021217,64.30193,71.94422
2966.0,67.815216,44.021664,64.303154,71.94385
2966.5,67.8153,44.022118,64.30438,71.94349
2967.0,67.81539,44.02258,64.30562,71.943146
2967.5,67.81549,44.023052,64.30685,71.9428
2968.0,67.815605,44.023537,64.3081,71.94248
2968.5,67.81573,44.024025,64.30934,71.94216
2969.0,67.81587,44.02453,64.31061,71.94189
2969.5,67.816025,44.025043,64.311874,71.94163
2970.0,67.81618,44.02555,64.31314,71.94135
2970.5,67.81632,44.02606,64.31441,71.941086
2971.0,67.81647,44.026558,64.315674,71.94082
2971.5,67.81661,44.027058,64.31695,71.94056
2972.0,67.81675,44.02755,64.318214,71.940285
2972.5,67.81689,44.02804,64.31949,71.94001
2973.0,67.81702,44.02853,64.320755,71.93974
2973.5,67.817154,44.029015,64.32202,71.93948
2974.0,67.817276,44.02949,64.32329,71.93921
2974.5,67.817375,44.029953,64.32453,71.938896
2975.0,67.81747,44.030407,64.32576,71.93855
2975.5,67.81755,44.03085,64.32698,71.93821
2976.0,67.81762,44.03129,64.3282,71.93785
2976.5,67.81769,44.031723,64.32941,71.937485
2977.0,67.81776,44.032158,64.33062,71.93711
2977.5,67.81782,44.032597,64.33183,71.93676
2978.0,67.81789,44.033035,64.33305,71.9364
2978.5,67.81796,44.033478,64.33428,71.93608
2979.0,67.81803,44.033916,64.33552,71.93577
2979.5,67.818085,44.034336,64.33675,71.93543
2980.0,67.81814,44.034748,64.337975,71.9351
2980.5,67.81817,44.035145,64.33919,71.93474
2981.0,67.8182,44.03554,64.3404,71.93436
2981.5,67.81822,44.03593,64.341606,71.93397
2982.0,67.81825,44.036327,64.34283,71.9336
2982.5,67.8183,44.03673,64.344055,71.933266
2983.0,67.81833,44.03713,64.345276,71.93291
2983.5,67.81836,44.03752,64.3465,71.93256
2984.0,67.818375,44.0379,64.34771,71.93219
2984.5,67.81837,44.03826,64.34891,71.9318
2985.0,67.81834,44.0386,64.35008,71.931366
2985.5,67.81831,44.038944,64.35126,71.93095
2986.0,67.818275,44.039276,64.35243,71.93052
2986.5,67.81824,44.039608,64.3536,71.93007
2987.0,67.81821,44.039948,64.354774,71.92964
2987.5,67.818184,44.040295,64.35595,71.92922
2988.0,67.81817,44.040657,64.35713,71.92882
2988.5,67.81816,44.041023,64.35832,71.92843
2989.0,67.81818,44.0414,64.35953,71.92807
2989.5,67.8182,44.04179,64.36073,71.92773
2990.0,67.818245,44.042187,64.361946,71.92741
2990.5,67.818275,44.042587,64.36315,71.927055
2991.0,67.81832,44.042988,64.364365,71.92671
2991.5,67.818375,44.0434,64.36558,71.92638
2992.0,67.81845,44.043835,64.36681,71.92609
2992.5,67.81854,44.044277,64.36804,71.9258
2993.0,67.81863,44.04472,64.36927,71.92549
2993.5,67.818726,44.04517,64.37051,71.9252
2994.0,67.81881,44.045616,64.37173,71.92489
2994.5,67.81889,44.046055,64.37295,71.924576
2995.0,67.81896,44.04649,64.37415,71.92425
2995.5,67.81902,44.046913,64.37534,71.92389
2996.0,67.81907,44.047337,64.376526,71.9235
2996.5,67.81912,44.04776,64.377716,71.923134
2997.0,67.81918,44.048195,64.3789,71.92277
2997.5,67.81925,44.048634,64.38009,71.92241
2998.0,67.81936,44.049103,64.38132,71.922134
2998.5,67.81947,44.049576,64.38254,71.92186
2999.0,67.819595,44.05006,64.383766,71.92159
2999.5,67.81974,44.05056,64.384995,71.92135
3000.0,67.819885,44.051064,64.38623,71.9211
3000.5,67.82004,44.05157,64.387474,71.920845
3001.0,67.82019,44.05208,64.38871,71.92061
3001.5,67.82034,44.05258,64.38995,71.92037
3002.0,67.82049,44.05308,64.391205,71.920135
3002.5,67.82063,44.053574,64.39244,71.9199
3003.0,67.820755,44.054058,64.39367,71.919624
3003.5,67.82089,44.054543,64.394905,71.919365
3004.0,67.82101,44.05502,64.396126,71.919075
3004.5,67.821106,44.05548,64.39733,71.918755
3005.0,67.8212,44.05593,64.39852,71.91842
3005.5,67.82129,44.05638,64.39971,71.91808
3006.0,67.821365,44.05683,64.400894,71.91773
3006.5,67.82146,44.05728,64.402084,71.91741
3007.0,67.82154,44.05774,64.403275,71.91709
3007.5,67.82165,44.058205,64.40448,71.916794
3008.0,67.821754,44.058678,64.405685,71.91651
3008.5,67.82187,44.05916,64.4069,71.91623
3009.0,67.82201,44.05965,64.40813,71.91599
3009.5,67.82214,44.060143,64.40935,71.91575
3010.0,67.82229,44.06064,64.410576,71.91551
3010.5,67.822426,44.061127,64.4118,71.91526
3011.0,67.82256,44.061615,64.41302,71.91501
3011.5,67.8227,44.062107,64.41424,71.91474
3012.0,67.82285,44.062607,64.415474,71.9145
3012.5,67.82299,44.0631,64.4167,71.91423
3013.0,67.82313,44.063587,64.41793,71.91399
3013.5,67.82326,44.064064,64.41914,71.91372
3014.0,67.823364,44.064526,64.42036,71.91344
3014.5,67.82345,44.064972,64.421555,71.913124
3015.0,67.823524,44.065407,64.42273,71.91278
3015.5,67.823586,44.065834,64.423904,71.91242
3016.0,67.82365,44.066257,64.42507,71.91206
3016.5,67.8237,44.06668,64.42623,71.91169
3017.0,67.82375,44.067104,64.42739,71.911316
3017.5,67.82381,44.06754,64.42856,71.910965
3018.0,67.82388,44.06798,64.42973,71.91065
3018.5,67.823975,44.068436,64.43093,71.910355
3019.0,67.82407,44.06889,64.43213,71.91008
3019.5,67.82417,44.069347,64.43333,71.9098
3020.0,67.824265,44.0698,64.43452,71.90951
3020.5,67.82437,44.07026,64.435715,71.90922
3021.0,67.82446,44.07071,64.43691,71.90893
3021.5,67.824554,44.071156,64.4381,71.90862
3022.0,67.824646,44.071598,64.4393,71.90831
3022.5,67.82473,44.072044,64.44049,71.908005
3023.0,67.82481,44.07248,64.44167,71.90768
3023.5,67.82487,44.072906,64.44285,71.90733
3024.0,67.82492,44.07331,64.444016,71.906975
3024.5,67.82494,44.073696,64.445175,71.90659
3025.0,67.82496,44.074078,64.44633,71.90621
3025.5,67.82496,44.074448,64.447464,71.9058
3026.0,67.82497,44.074814,64.4486,71.905396
3026.5,67.82495,44.075172,64.44973,71.904976
3027.0,67.82495,44.075542,64.45087,71.90458
3027.5,67.82497,44.075924,64.45201,71.9042
3028.0,67.825005,44.07633,64.45316,71.903854
3028.5,67.82508,44.076756,64.454346,71.903564
3029.0,67.825165,44.077194,64.455536,71.90329
3029.5,67.82525,44.077633,64.45671,71.903
3030.0,67.82533,44.07807,64.4579,71.90272
3030.5,67.82544,44.078518,64.45909,71.90245
3031.0,67.825516,44.07895,64.460266,71.90213
3031.5,67.82561,44.079388,64.46145,71.90184
3032.0,67.82568,44.079815,64.46263,71.90153
3032.5,67.82574,44.080227,64.4638,71.901184
3033.0,67.825775,44.08063,64.464966,71.900826
3033.5,67.82582,44.081028,64.466125,71.90048
3034.0,67.82586,44.081425,64.46729,71.90015
3034.5,67.82589,44.081814,64.468445,71.89978
3035.0,67.82591,44.082195,64.46959,71.8994
3035.5,67.82593,44.082565,64.47072,71.89901
3036.0,67.82593,44.082924,64.47185,71.89861
3036.5,67.825905,44.08327,64.47295,71.898155
3037.0,67.825905,44.083633,64.474075,71.89775
3037.5,67.825905,44.08401,64.4752,71.89734
3038.0,67.82593,44.084396,64.476326,71.89695
3038.5,67.82594,44.08478,64.47746,71.89657
3039.0,67.82597,44.08517,64.47861,71.89621
3039.5,67.82601,44.085564,64.47976,71.89588
3040.0,67.82605,44.085957,64.48091,71.89556
3040.5,67.82609,44.08634,64.48207,71.89523
3041.0,67.82612,44.086723,64.48322,71.8949
3041.5,67.82613,44.087086,64.484375,71.89454
3042.0,67.82613,44.087433,64.48551,71.89416
3042.5,67.826126,44.087772,64.48666,71.89377
3043.0,67.826096,44.088097,64.48778,71.89335
3043.5,67.82606,44.08841,64.48889,71.892914
3044.0,67.826004,44.088715,64.49,71.892456
3044.5,67.82595,44.08902,64.4911,71.89201
3045.0,67.82588,44.089317,64.492195,71.89155
3045.5,67.82582,44.08961,64.493286,71.89108
3046.0,67.82576,44.089912,64.49438,71.890625
3046.5,67.82571,44.090225,64.49547,71.89017
3047.0,67.82566,44.09054,64.49657,71.889725
3047.5,67.82562,44.090862,64.497665,71.88928
3048.0,67.82558,44.091194,64.49876,71.88884
3048.5,67.825554,44.09153,64.49987,71.888435
3049.0,67.82553,44.09187,64.500984,71.88804
3049.5,67.825516,44.092205,64.502106,71.887634
3050.0,67.825485,44.092537,64.50322,71.88723
3050.5,67.82546,44.09287,64.50433,71.88684
3051.0,67.82542,44.09319,64.50545,71.88641
3051.5,67.825386,44.0935,64.50656,71.885994
3052.0,67.82533,44.093792,64.50767,71.88556
3052.5,67.82527,44.09408,64.50877,71.88511
3053.0,67.8252,44.094364,64.50987,71.88465
3053.5,67.825134,44.094643,64.510956,71.88417
3054.0,67.82508,44.094933,64.51205,71.883705
3054.5,67.825005,44.09521,64.51313,71.88322
3055.0,67.82493,44.09549,64.5142,71.88272
3055.5,67.82487,44.095776,64.515274,71.88223
3056.0,67.824814,44.09608,64.51635,71.88175
3056.5,67.82478,44.09641,64.51743,71.88131
3057.0,67.82477,44.09675,64.518524,71.88089
3057.5,67.824776,44.09711,64.51962,71.88049
3058.0,67.82479,44.09748,64.52074,71.8801
3058.5,67.82483,44.097866,64.52186,71.87973
3059.0,67.82487,44.09826,64.52297,71.87937
3059.5,67.824936,44.098663,64.52412,71.87907
3060.0,67.825,44.099064,64.52525,71.87874
3060.5,67.825035,44.09945,64.526375,71.87837
3061.0,67.82507,44.09983,64.52749,71.87799
3061.5,67.82511,44.100212,64.52861,71.877625
3062.0,67.82514,44.10059,64.529724,71.87723
3062.5,67.82517,44.10096,64.53084,71.87683
3063.0,67.8252,44.101326,64.53195,71.876434
3063.5,67.825226,44.10168,64.53306,71.87602
3064.0,67.82523,44.102036,64.53416,71.8756
3064.5,67.82522,44.102367,64.53523,71.87512
3065.0,67.82521,44.102703,64.53631,71.87467
3065.5,67.82519,44.10303,64.53738,71.8742
3066.0,67.825165,44.10336,64.53844,71.87371
3066.5,67.82514,44.1037,64.539505,71.87325
3067.0,67.82513,44.104042,64.54057,71.87279
3067.5,67.82512,44.104397,64.54165,71.87235
3068.0,67.82513,44.10476,64.54273,71.87193
3068.5,67.82513,44.105114,64.543816,71.871506
3069.0,67.82511,44.105465,64.54489,71.87108
3069.5,67.82511,44.10581,64.54598,71.870674
3070.0,67.82509,44.106136,64.54706,71.870224
3070.5,67.82506,44.10646,64.54815,71.86979
3071.0,67.825035,44.106773,64.54923,71.869354
3071.5,67.82499,44.107063,64.5503,71.86888
3072.0,67.824936,44.10735,64.55137,71.86839
3072.5,67.82486,44.107616,64.55242,71.86788
3073.0,67.82476,44.107864,64.55347,71.86733
3073.5,67.82465,44.108105,64.554504,71.86679
3074.0,67.824524,44.108326,64.555534,71.86621
3074.5,67.8244,44.108543,64.55656,71.86564
3075.0,67.82426,44.10875,64.55758,71.86507
3075.5,67.824104,44.108948,64.558586,71.86447
3076.0,67.82397,44.10916,64.55959,71.8639
3076.5,67.82385,44.109394,64.56062,71.86336
3077.0,67.82375,44.10965,64.56165,71.86284
3077.5,67.82367,44.109917,64.5627,71.86234
3078.0,67.82359,44.110195,64.56374,71.86188
3078.5,67.82353,44.11048,64.564804,71.86142
3079.0,67.82347,44.11077,64.565865,71.86097
3079.5,67.82341,44.111053,64.566925,71.86052
3080.0,67.82334,44.11132,64.56798,71.860054
3080.5,67.82326,44.111576,64.56902,71.859566
3081.0,67.82318,44.11183,64.57008,71.859085
3081.5,67.8231,44.11208,64.57113,71.85859
3082.0,67.82301,44.112328,64.57218,71.85809
3082.5,67.82292,44.11257,64.573235,71.85759
3083.0,67.82282,44.112812,64.57428,71.85706
3083.5,67.82271,44.113037,64.5753,71.85651
3084.0,67.822586,44.11326,64.576324,71.85594
3084.5,67.822464,44.113476,64.57733,71.85537
3085.0,67.82235,44.113705,64.57835,71.854805
3085.5,67.82225,44.11395,64.57936,71.854256
3086.0,67.82217,44.114204,64.580376,71.853714
3086.5,67.82209,44.11448,64.58139,71.85319
3087.0,67.82204,44.114773,64.58242,71.85268
3087.5,67.82201,44.11509,64.583466,71.852234
3088.0,67.82201,44.11543,64.58453,71.85182
3088.5,67.82202,44.115776,64.58561,71.85144
3089.0,67.82204,44.116123,64.58668,71.85104
3089.5,67.82204,44.116463,64.587746,71.85063
3090.0,67.82204,44.1168,64.588806,71.850204
3090.5,67.822044,44.117138,64.589874,71.84979
3091.0,67.822044,44.117466,64.59094,71.84937
3091.5,67.82202,44.117775,64.591995,71.84889
3092.0,67.82199,44.11808,64.59303,71.848404
3092.5,67.82195,44.118378,64.59407,71.84789
3093.0,67.8219,44.118668,64.5951,71.84736
3093.5,67.821846,44.11895,64.59612,71.846825
3094.0,67.821785,44.11923,64.59713,71.84627
3094.5,67.82173,44.119507,64.59815,71.84575
3095.0,67.82167,44.11978,64.59917,71.84522
3095.5,67.82161,44.120056,64.60018,71.844696
3096.0,67.82154,44.12033,64.6012,71.84417
3096.5,67.82149,44.120617,64.60221,71.84366
3097.0,67.82144,44.12091,64.60323,71.84318
3097.5,67.82142,44.12122,64.60427,71.84273
3098.0,67.821396,44.121536,64.60531,71.84226
3098.5,67.82138,44.12186,64.60635,71.84184
3099.0,67.82138,44.12219,64.607414,71.84144
3099.5,67.82138,44.122513,64.60846,71.84101
3100.0,67.82137,44.122837,64.60951,71.84058
3100.5,67.82136,44.12315,64.61055,71.84013
3101.0,67.82134,44.123463,64.611595,71.83968
3101.5,67.82131,44.12376,64.612625,71.839195
3102.0,67.8213,44.12406,64.61367,71.83874
3102.5,67.82126,44.12435,64.6147,71.83826
3103.0,67.82122,44.124638,64.61573,71.83777
3103.5,67.82118,44.124924,64.61676,71.83727
3104.0,67.821144,44.12521,64.61778,71.83678
3104.5,67.821106,44.1255,64.6188,71.836266
3105.0,67.82106,44.12579,64.61981,71.835754
3105.5,67.821014,44.126076,64.62081,71.835236
3106.0,67.82097,44.126366,64.62182,71.834724
3106.5,67.82093,44.126667,64.622826,71.83421
3107.0,67.82091,44.12698,64.62385,71.83373
3107.5,67.8209,44.127308,64.62488,71.8333
3108.0,67.82089,44.12764,64.62591,71.832855
3108.5,67.82089,44.127975,64.62694,71.83241
3109.0,67.82089,44.128315,64.62797,71.83197
3109.5,67.82089,44.12865,64.629,71.83153
3110.0,67.82089,44.128986,64.630035,71.83106
3110.5,67.82091,44.129326,64.631065,71.83062
3111.0,67.82094,44.129673,64.632126,71.830215
3111.5,67.82095,44.130005,64.63316,71.82978
3112.0,67.82095,44.130333,64.6342,71.82932
3112.5,67.82096,44.13065,64.63524,71.82888
3113.0,67.820946,44.130955,64.63627,71.82841
3113.5,67.820915,44.131245,64.63728,71.82791
3114.0,67.82088,44.13153,64.63829,71.82741
3114.5,67.82083,44.131813,64.63928,71.82688
3115.0,67.82078,44.132095,64.640274,71.82636
3115.5,67.82073,44.13238,64.64127,71.82584
3116.0,67.82069,44.132668,64.642265,71.82532
3116.5,67.82065,44.13296,64.64326,71.824814
3117.0,67.82062,44.133266,64.64426,71.824326
3117.5,67.8206,44.133587,64.64528,71.823875
3118.0,67.82061,44.133926,64.64631,71.82346
3118.5,67.82062,44.134266,64.64734,71.82305
3119.0,67.82062,44.134598,64.64837,71.82262
3119.5,67.82062,44.134926,64.64939,71.82219
3120.0,67.82063,44.135258,64.65042,71.82177
3120.5,67.820625,44.13558,64.65144,71.82132
3121.0,67.82062,44.1359,64.652466,71.82087
3121.5,67.8206,44.136204,64.65348,71.82039
3122.0,67.82059,44.136513,64.6545,71.81993
3122.5,67.820564,44.13681,64.65552,71.81946
3123.0,67.82053,44.137096,64.65653,71.818985
3123.5,67.82049,44.13737,64.65753,71.81848
3124.0,67.82042,44.13763,64.658516,71.81795
3124.5,67.82035,44.137882,64.6595,71.81743
3125.0,67.820274,44.13813,64.66048,71.8169
3125.5,67.82018,44.13837,64.66144,71.816345
3126.0,67.82008,44.13861,64.6624,71.815796
3126.5,67.82,44.138855,64.66338,71.81528
3127.0,67.819916,44.139107,64.66435,71.81474
3127.5,67.819855,44.139378,64.665344,71.81426
3128.0,67.81981,44.139664,64.666336,71.81379
3128.5,67.81977,44.139954,64.66734,71.813354
3129.0,67.81975,44.14025,64.66836,71.81292
3129.5,67.81972,44.140545,64.669365,71.81248
3130.0,67.819664,44.140816,64.67036,71.812
3130.5,67.81961,44.141083,64.671364,71.81155
3131.0,67.81955,44.141342,64.67236,71.81105
3131.5,67.81946,44.14158,64.67335,71.810524
3132.0,67.81937,44.141804,64.67433,71.81
3132.5,67.81925,44.142014,64.67531,71.809456
3133.0,67.819115,44.1422,64.67627,71.80889
3133.5,67.81895,44.14237,64.67722,71.80829
3134.0,67.81877,44.142525,64.67816,71.807686
3134.5,67.818596,44.142673,64.6791,71.80708
3135.0,67.81841,44.14282,64.68003,71.80647
3135.5,67.81822,44.14296,64.68096,71.80587
3136.0,67.81803,44.143105,64.681885,71.80525
3136.5,67.81784,44.143253,64.68281,71.804634
3137.0,67.81767,44.143414,64.68375,71.80406
3137.5,67.81751,44.14359,64.68469,71.80349
3138.0,67.817375,44.14378,64.68566,71.802986
3138.5,67.81724,44.14397,64.68662,71.80247
3139.0,67.817116,44.144173,64.68761,71.80199
3139.5,67.81699,44.14437,64.68858,71.8015
3140.0,67.81687,44.14457,64.68955,71.80099
3140.5,67.81674,44.14476,64.69052,71.80046
3141.0,67.81661,44.14495,64.69149,71.79994
3141.5,67.81648,44.14514,64.69246,71.79941
3142.0,67.81635,44.145325,64.69342,71.79887
3142.5,67.81623,44.14552,64.69439,71.798355
3143.0,67.8161,44.145706,64.69536,71.79782
3143.5,67.815956,44.14588,64.69631,71.797264
3144.0,67.815796,44.14604,64.69725,71.796684
3144.5,67.81562,44.14619,64.69818,71.79608
3145.0,67.81543,44.146336,64.699104,71.79547
3145.5,67.81524,44.146477,64.70001,71.79485
3146.0,67.81506,44.14663,64.70094,71.79427
3146.5,67.814896,44.14679,64.70188,71.79372
3147.0,67.81472,44.146946,64.70281,71.79316
3147.5,67.81455,44.14711,64.70376,71.79262
3148.0,67.81439,44.147278,64.7047,71.79208
3148.5,67.81422,44.14744,64.70564,71.79154
3149.0,67.81405,44.1476,64.70658,71.791
3149.5,67.813866,44.147747,64.70753,71.79044
3150.0,67.81369,44.147892,64.708466,71.789894
3150.5,67.81352,44.148045,64.709404,71.789345
3151.0,67.81335,44.14819,64.71036,71.788795
3151.5,67.81317,44.148327,64.711296,71.78823
3152.0,67.81299,44.148457,64.712234,71.78766
3152.5,67.8128,44.148586,64.713165,71.78709
3153.0,67.81259,44.1487,64.714096,71.78649
3153.5,67.81238,44.14881,64.71502,71.78589
3154.0,67.81214,44.148914,64.71592,71.78524
3154.5,67.811905,44.14901,64.71681,71.784584
3155.0,67.811676,44.149105,64.717705,71.783936
3155.5,67.81144,44.1492,64.71859,71.78329
3156.0,67.811226,44.14932,64.71949,71.78267
3156.5,67.81103,44.14945,64.7204,71.782074
3157.0,67.81086,44.14962,64.72133,71.78153
3157.5,67.81074,44.149822,64.722275,71.78104
3158.0,67.810646,44.150055,64.72324,71.78059
3158.5,67.81057,44.1503,64.724205,71.780136
3159.0,67.81053,44.15057,64.7252,71.77974
3159.5,67.810486,44.150845,64.72618,71.77933
3160.0,67.81047,44.15113,64.72717,71.778946
3160.5,67.810455,44.151417,64.72817,71.77856
3161.0,67.81043,44.1517,64.729164,71.77816
3161.5,67.8104,44.151978,64.730156,71.77774
3162.0,67.81037,44.152252,64.73114,71.77731
3162.5,67.81032,44.152515,64.73211,71.776855
3163.0,67.810265,44.15277,64.73307,71.776375
3163.5,67.81021,44.15303,64.73404,71.77591
3164.0,67.81015,44.15328,64.73499,71.77545
3164.5,67.810074,44.153522,64.73595,71.77497
3165.0,67.810005,44.15377,64.73689,71.7745
3165.5,67.80994,44.154022,64.73784,71.774025
3166.0,67.80985,44.15427,64.73878,71.773544
3166.5,67.8098,44.15453,64.73973,71.77309
3167.0,67.809746,44.154797,64.740685,71.772644
3167.5,67.80969,44.15507,64.741646,71.77221
3168.0,67.809654,44.155346,64.74262,71.7718
3168.5,67.80959,44.155617,64.743576,71.771355
3169.0,67.80954,44.155876,64.74455,71.77095
3169.5,67.80945,44.15611,64.74551,71.77049
3170.0,67.809364,44.15633,64.74646,71.770035
3170.5,67.80925,44.15654,64.74739,71.76953
3171.0,67.80914,44.15675,64.748344,71.76905
3171.5,67.80902,44.15694,64.74928,71.76853
3172.0,67.8089,44.15713,64.75022,71.76801
3172.5,67.80877,44.15732,64.75116,71.76752
3173.0,67.80863,44.157497,64.75209,71.767
3173.5,67.808495,44.157673,64.75302,71.76648
3174.0,67.80836,44.15785,64.75395,71.76597
3174.5,67.808205,44.158016,64.75487,71.76545
3175.0,67.80805,44.15818,64.75578,71.76493
3175.5,67.80789,44.15834,64.75668,71.76439
3176.0,67.80773,44.15851,64.75759,71.763855
3176.5,67.807594,44.158688,64.75851,71.76334
3177.0,67.80746,44.158882,64.75944,71.76286
3177.5,67.807365,44.1591,64.76038,71.76243
3178.0,67.807304,44.159348,64.76135,71.76205
3178.5,67.807274,44.159615,64.76234,71.7617
3179.0,67.807236,44.159885,64.763306,71.76133
3179.5,67.80721,44.160164,64.7643,71.76099
3180.0,67.80719,44.16044,64.765274,71.76063
3180.5,67.80717,44.160713,64.76624,71.76025
3181.0,67.80716,44.160995,64.76723,71.75987
3181.5,67.80715,44.161285,64.76822,71.75952
3182.0,67.807144,44.161575,64.7692,71.759155
3182.5,67.80713,44.16186,64.77019,71.7588
3183.0,67.8071,44.16213,64.77115,71.75839
3183.5,67.807045,44.162376,64.7721,71.75797
3184.0,67.80698,44.162617,64.773056,71.75756
3184.5,67.80689,44.162838,64.774,71.75712
3185.0,67.80681,44.16306,64.77494,71.7567
3185.5,67.80672,44.16328,64.77588,71.75626
3186.0,67.80663,44.163506,64.77682,71.75582
3186.5,67.80657,44.163754,64.77777,71.75545
3187.0,67.8065,44.164005,64.778725,71.75505
3187.5,67.806465,44.164272,64.779686,71.7547
3188.0,67.80643,44.16455,64.780655,71.75435
3188.5,67.8064,44.164833,64.781624,71.754
3189.0,67.80637,44.165115,64.78259,71.753654
3189.5,67.806335,44.16538,64.783554,71.75327
3190.0,67.80629,44.165646,64.78451,71.75288
3190.5,67.80627,44.165928,64.78548,71.75251
3191.0,67.80622,44.166195,64.78643,71.75209
3191.5,67.80618,44.166466,64.787384,71.75169
3192.0,67.806145,44.166737,64.788345,71.75128
3192.5,67.80611,44.167007,64.7893,71.75088
3193.0,67.80607,44.16728,64.79026,71.75048
3193.5,67.80604,44.16755,64.791214,71.750084
3194.0,67.806,44.167816,64.79216,71.74968
3194.5,67.805954,44.168076,64.7931,71.74927
3195.0,67.80589,44.168327,64.79402,71.74882
3195.5,67.805824,44.168587,64.79494,71.74837
3196.0,67.80579,44.16886,64.79588,71.74796
3196.5,67.80577,44.16915,64.79683,71.74759
3197.0,67.80577,44.16946,64.7978,71.74725
3197.5,67.80577,44.169773,64.79876,71.74692
3198.0,67.805786,44.1701,64.799736,71.74661
3198.5,67.80582,44.17044,64.80072,71.746315
3199.0,67.80587,44.17079,64.80172,71.74605
3199.5,67.80593,44.171146,64.80271,71.74579
3200.0,67.805984,44.171497,64.8037,71.74551
3200.5,67.80602,44.171844,64.80469,71.74521
3201.0,67.80607,44.172188,64.80567,71.74492
3201.5,67.806114,44.172527,64.806656,71.74461
3202.0,67.80615,44.172863,64.80764,71.7443
3202.5,67.806175,44.173195,64.808624,71.74399
3203.0,67.8062,44.17351,64.80959,71.74366
3203.5,67.806206,44.17382,64.81056,71.743324
3204.0,67.80618,44.174118,64.8115,71.74294
3204.5,67.80617,44.174404,64.81244,71.74255
3205.0,67.80615,44.174698,64.81338,71.742165
3205.5,67.80614,44.175,64.81431,71.74178
3206.0,67.80614,44.175316,64.815254,71.74142
3206.5,67.80615,44.175644,64.8162,71.74107
3207.0,67.80618,44.176,64.81717,71.74076
3207.5,67.80624,44.176365,64.818146,71.740486
3208.0,67.80631,44.176746,64.81913,71.74025
3208.5,67.806404,44.17713,64.82013,71.74002
3209.0,67.8065,44.177525,64.82113,71.7398
3209.5,67.806595,44.17792,64.82213,71.73958
3210.0,67.806694,44.178318,64.823135,71.73937
3210.5,67.80678,44.1787,64.82413,71.739105
3211.0,67.806854,44.179077,64.82512,71.738846
3211.5,67.80693,44.17945,64.82611,71.73859
3212.0,67.80701,44.179825,64.82711,71.738335
3212.5,67.807076,44.18019,64.828094,71.73805
3213.0,67.80714,44.180557,64.82908,71.73778
3213.5,67.8072,44.180916,64.83005,71.737495
3214.0,67.80724,44.18127,64.83101,71.737175
3214.5,67.807304,44.181637,64.83197,71.73689
3215.0,67.80737,44.182007,64.83294,71.73661
3215.5,67.80746,44.18239,64.833916,71.73635
3216.0,67.80754,44.18277,64.834885,71.736084
3216.5,67.80762,44.183155,64.83586,71.73583
3217.0,67.8077,44.183544,64.836845,71.7356
3217.5,67.80779,44.183937,64.83784,71.73538
3218.0,67.807884,44.184334,64.83883,71.73515
3218.5,67.80799,44.184734,64.83983,71.73496
3219.0,67.80808,44.185127,64.84082,71.73475
3219.5,67.80817,44.185513,64.84181,71.73454
3220.0,67.80824,44.18589,64.842804,71.734314
3220.5,67.80833,44.186264,64.843796,71.7341
3221.0,67.80841,44.186638,64.844795,71.73387
3221.5,67.808495,44.187016,64.84579,71.73365
3222.0,67.808556,44.187374,64.84677,71.733406
3222.5,67.80861,44.187725,64.84774,71.73313
3223.0,67.80864,44.188057,64.8487,71.73283
3223.5,67.808655,44.188385,64.849655,71.73251
3224.0,67.808685,44.18871,64.85061,71.732216
3224.5,67.80869,44.189026,64.851555,71.73191
3225.0,67.808716,44.18935,64.85251,71.731606
3225.5,67.808754,44.18969,64.85346,71.73132
3226.0,67.8088,44.190044,64.854416,71.731064
3226.5,67.80886,44.190403,64.855385,71.73082
3227.0,67.80892,44.19077,64.85635,71.730576
3227.5,67.80898,44.191135,64.85733,71.73035
3228.0,67.80907,44.191513,64.858315,71.73015
3228.5,67.80915,44.19189,64.8593,71.72995
3229.0,67.80923,44.192265,64.860275,71.72973
3229.5,67.80931,44.192642,64.861275,71.72954
3230.0,67.80939,44.193016,64.86227,71.72934
3230.5,67.80945,44.19338,64.86324,71.72912
3231.0,67.80951,44.193733,64.86423,71.72888
3231.5,67.80957,44.194084,64.865204,71.72865
3232.0,67.80961,44.194424,64.86617,71.728386
3232.5,67.80964,44.19476,64.86714,71.72813
3233.0,67.80966,44.195087,64.8681,71.72786
3233.5,67.80968,44.195404,64.86905,71.72756
3234.0,67.80969,44.19572,64.87,71.72728
3234.5,67.80969,44.19603,64.87094,71.72699
3235.0,67.80969,44.19634,64.87188,71.726685
3235.5,67.80969,44.196648,64.87281,71.72639
3236.0,67.809715,44.196968,64.873764,71.72612
3236.5,67.80973,44.19729,64.8747,71.72584
3237.0,67.80977,44.197624,64.87566,71.72561
3237.5,67.809814,44.197968,64.876625,71.72537
3238.0,67.80987,44.198322,64.877594,71.72515
3238.5,67.80994,44.198685,64.87857,71.72496
3239.0,67.810005,44.19905,64.87954,71.72475
3239.5,67.81008,44.199425,64.88052,71.72455
3240.0,67.81019,44.199814,64.881516,71.724396
3240.5,67.8103,44.20022,64.882515,71.72425
3241.0,67.81042,44.20062,64.883514,71.72409
3241.5,67.81053,44.201027,64.88453,71.723946
3242.0,67.810646,44.201427,64.88551,71.72376
3242.5,67.81075,44.201828,64.886505,71.723595
3243.0,67.810844,44.20222,64.88749,71.723404
3243.5,67.81091,44.202595,64.88845,71.72316
3244.0,67.810974,44.20296,64.889404,71.722916
3244.5,67.81103,44.20331,64.89035,71.722664
3245.0,67.81105,44.203644,64.89128,71.72239
3245.5,67.81108,44.20398,64.89222,71.722115
3246.0,67.81111,44.204315,64.893166,71.72185
3246.5,67.81116,44.20466,64.89411,71.7216
3247.0,67.81121,44.20501,64.89507,71.72138
3247.5,67.81126,44.20536,64.89603,71.72115
3248.0,67.8113,44.20571,64.89698,71.72094
3248.5,67.81137,44.206066,64.89796,71.72076
3249.0,67.81143,44.20642,64.89892,71.72055
3249.5,67.811485,44.206776,64.89989,71.720345
3250.0,67.81155,44.20713,64.900856,71.72014
3250.5,67.8116,44.20748,64.90182,71.71991
3251.0,67.81167,44.20784,64.902794,71.71973
3251.5,67.81172,44.208195,64.90376,71.719505
3252.0,67.81177,44.20854,64.90472,71.71928
3252.5,67.81181,44.20888,64.90568,71.71905
3253.0,67.811844,44.209213,64.90663,71.7188
3253.5,67.811874,44.20954,64.90758,71.71857
3254.0,67.81189,44.20985,64.90851,71.7183
3254.5,67.81189,44.210155,64.90943,71.71801
3255.0,67.8119,44.21046,64.910355,71.71774
3255.5,67.811905,44.210773,64.911285,71.717476
3256.0,67.81191,44.211086,64.91221,71.7172
3256.5,67.811935,44.21141,64.91315,71.71695
3257.0,67.81195,44.21174,64.91408,71.71669
3257.5,67.81199,44.21208,64.91502,71.71646
3258.0,67.812035,44.212425,64.91598,71.71626
3258.5,67.81209,44.212772,64.91693,71.71606
3259.0,67.81214,44.213123,64.91789,71.715866
3259.5,67.812195,44.213474,64.918846,71.71566
3260.0,67.812256,44.21382,64.91981,71.715454
3260.5,67.81231,44.214172,64.92077,71.71525
3261.0,67.81236,44.21452,64.92172,71.71501
3261.5,67.8124,44.214863,64.92267,71.714775
3262.0,67.81244,44.2152,64.92362,71.714554
3262.5,67.81248,44.21553,64.924576,71.71433
3263.0,67.81249,44.215836,64.92551,71.71408
3263.5,67.81248,44.21612,64.92644,71.71381
3264.0,67.81245,44.216393,64.927345,71.713524
3264.5,67.812416,44.21666,64.92825,71.71322
3265.0,67.81237,44.21692,64.92915,71.712906
3265.5,67.81233,44.217186,64.93006,71.712616
3266.0,67.81231,44.21746,64.93098,71.712326
3266.5,67.81229,44.217747,64.93189,71.71206
3267.0,67.812294,44.218056,64.93282,71.71182
3267.5,67.812325,44.218384,64.93376,71.71162
3268.0,67.81238,44.218727,64.934715,71.71144
3268.5,67.81243,44.219078,64.93567,71.71126
3269.0,67.812485,44.21943,64.93662,71.71106
3269.5,67.81255,44.219788,64.937584,71.7109
3270.0,67.81262,44.22015,64.938545,71.71071
3270.5,67.8127,44.220516,64.939514,71.71055
3271.0,67.812775,44.220886,64.940475,71.71037
3271.5,67.81287,44.221268,64.941444,71.71021
3272.0,67.81296,44.22165,64.94241,71.710045
3272.5,67.81305,44.222034,64.94338,71.709885
3273.0,67.81313,44.222404,64.944336,71.7097
3273.5,67.8132,44.22277,64.94528,71.70951
3274.0,67.81327,44.22313,64.94622,71.70931
3274.5,67.81333,44.223488,64.94715,71.7091
3275.0,67.8134,44.22385,64.94808,71.708885
3275.5,67.81345,44.224213,64.949005,71.70866
3276.0,67.81353,44.224586,64.94994,71.70846
3276.5,67.813614,44.224968,64.95088,71.708275
3277.0,67.81371,44.22537,64.951836,71.70812
3277.5,67.813835,44.22578,64.95281,71.70801
3278.0,67.813965,44.226204,64.95377,71.70788
3278.5,67.8141,44.226635,64.95475,71.70777
3279.0,67.814255,44.227074,64.95573,71.70768
3279.5,67.8144,44.227512,64.9567,71.70756
3280.0,67.814545,44.227955,64.95768,71.70744
3280.5,67.81469,44.228386,64.95866,71.70732
3281.0,67.81483,44.228813,64.959625,71.70719
3281.5,67.81495,44.22923,64.960594,71.707054
3282.0,67.815056,44.229633,64.961555,71.706894
3282.5,67.815155,44.23003,64.962494,71.706696
3283.0,67.815254,44.230423,64.96344,71.70651
3283.5,67.81534,44.230804,64.96437,71.70631
3284.0,67.815414,44.231174,64.9653,71.7061
3284.5,67.815475,44.23153,64.96622,71.70587
3285.0,67.81552,44.23188,64.96713,71.705635
3285.5,67.815575,44.232227,64.96805,71.7054
3286.0,67.81562,44.23258,64.96896,71.705185
3286.5,67.815674,44.232937,64.969894,71.70499
3287.0,67.81575,44.23331,64.97083,71.70483
3287.5,67.81585,44.233696,64.97179,71.70469
3288.0,67.81595,44.234085,64.97275,71.704575
3288.5,67.81604,44.234474,64.9737,71.70444
3289.0,67.81613,44.234856,64.97465,71.704285
3289.5,67.81623,44.235245,64.97561,71.704155
3290.0,67.81633,44.23563,64.97657,71.70403
3290.5,67.816414,44.236008,64.97752,71.70387
3291.0,67.81649,44.236378,64.97848,71.703705
3291.5,67.81656,44.236736,64.97942,71.70354
3292.0,67.81661,44.237087,64.980354,71.70334
3292.5,67.816666,44.237423,64.981285,71.70313
3293.0,67.816696,44.237747,64.9822,71.7029
3293.5,67.8167,44.23806,64.9831,71.702644
3294.0,67.81672,44.238373,64.98401,71.7024
3294.5,67.816734,44.23868,64.9849,71.70215
3295.0,67.81676,44.239002,64.9858,71.701904
3295.5,67.8168,44.239338,64.98672,71.70171
3296.0,67.81686,44.23968,64.98764,71.70153
3296.5,67.81691,44.240032,64.98857,71.70136
3297.0,67.81699,44.2404,64.98951,71.701225
3297.5,67.81707,44.240765,64.990456,71.70108
3298.0,67.817154,44.241135,64.9914,71.70095
3298.5,67.81724,44.24151,64.99235,71.70082
3299.0,67.81733,44.24189,64.99331,71.70071
3299.5,67.81742,44.242268,64.99426,71.700584
3300.0,67.8175,44.242634,64.99521,71.70044
3300.5,67.81758,44.243004,64.99616,71.70031
3301.0,67.81766,44.24337,64.99711,71.70016
3301.5,67.81772,44.243725,64.99804,71.699974
3302.0,67.81778,44.24408,64.99897,71.6998
3302.5,67.81785,44.24443,64.99989,71.699615
3303.0,67.8179,44.24478,65.00081,71.69941
3303.5,67.81795,44.24513,65.00172,71.69919
3304.0,67.818,44.245476,65.00262,71.698975
3304.5,67.81807,44.245834,65.00353,71.698784
3305.0,67.81812,44.246185,65.00443,71.69856
3305.5,67.818184,44.246544,65.00534,71.698364
3306.0,67.81825,44.246914,65.006256,71.69819
3306.5,67.81834,44.24729,65.00719,71.69804
3307.0,67.81842,44.247673,65.00811,71.697876
3307.5,67.818535,44.24807,65.00906,71.69778
3308.0,67.81865,44.24847,65.01001,71.69768
3308.5,67.81875,44.248863,65.010956,71.697556
3309.0,67.81885,44.249256,65.011894,71.69743
3309.5,67.818954,44.249645,65.01283,71.6973
3310.0,67.81904,44.250023,65.01376,71.69714
3310.5,67.81912,44.2504,65.01471,71.69701
3311.0,67.81921,44.25077,65.01564,71.69685
3311.5,67.81929,44.251137,65.01659,71.69671
3312.0,67.81935,44.251488,65.01751,71.69653
3312.5,67.81939,44.251827,65.01842,71.69632
3313.0,67.81943,44.25216,65.01932,71.696106
3313.5,67.81945,44.252476,65.02022,71.69588
3314.0,67.81946,44.252785,65.021095,71.69561
3314.5,67.81948,44.253098,65.02198,71.695366
3315.0,67.81951,44.25342,65.02287,71.69514
3315.5,67.819534,44.253746,65.023766,71.6949
3316.0,67.81958,44.25409,65.024666,71.69471
3316.5,67.81963,44.254436,65.02558,71.69453
3317.0,67.81971,44.2548,65.026505,71.69438
3317.5,67.819786,44.25516,65.02743,71.694244
3318.0,67.81986,44.255527,65.02835,71.69411
3318.5,67.81993,44.25589,65.02927,71.69395
3319.0,67.81999,44.25624,65.03019,71.69378
3319.5,67.820045,44.256584,65.031105,71.6936
3320.0,67.8201,44.256924,65.03202,71.693436
3320.5,67.820145,44.257256,65.03294,71.69326
3321.0,67.82017,44.257576,65.033844,71.693054
3321.5,67.82018,44.257874,65.03475,71.692856
3322.0,67.820175,44.258152,65.035645,71.69262
3322.5,67.82015,44.258423,65.03652,71.69237
3323.0,67.820114,44.25867,65.037384,71.69209
3323.5,67.82005,44.258904,65.03824,71.69179
3324.0,67.81998,44.25913,65.03908,71.691444
3324.5,67.81991,44.259354,65.03992,71.69112
3325.0,67.81984,44.259586,65.040764,71.69081
3325.5,67.819786,44.259827,65.04162,71.69052
3326.0,67.81973,44.26007,65.04248,71.69025
3326.5,67.819695,44.26033,65.04335,71.69
3327.0,67.819664,44.260593,65.044235,71.68978
3327.5,67.819664,44.260876,65.04513,71.68959
3328.0,67.81968,44.261177,65.046036,71.68943
3328.5,67.81971,44.26149,65.04695,71.689285
3329.0,67.81974,44.261803,65.04787,71.689125
3329.5,67.81977,44.262123,65.048775,71.68894
3330.0,67.81981,44.26245,65.04968,71.68878
3330.5,67.81985,44.262775,65.05059,71.68859
3331.0,67.819885,44.263096,65.05149,71.68839
3331.5,67.819916,44.263416,65.05239,71.6882
3332.0,67.81994,44.263725,65.05327,71.68797
3332.5,67.819954,44.264023,65.05415,71.68774
3333.0,67.81996,44.264317,65.05502,71.68749
3333.5,67.81996,44.264606,65.055885,71.68723
3334.0,67.819954,44.26489,65.05674,71.68695
3334.5,67.819954,44.265182,65.0576,71.68668
3335.0,67.81996,44.26548,65.05846,71.686424
3335.5,67.82,44.26581,65.05934,71.68621
3336.0,67.82005,44.26615,65.06023,71.68601
3336.5,67.820114,44.266506,65.06112,71.685814
3337.0,67.8202,44.266876,65.06202,71.68567
3337.5,67.820305,44.26726,65.06294,71.68556
3338.0,67.8204,44.26764,65.06386,71.68543
3338.5,67.82049,44.268017,65.06477,71.6853
3339.0,67.82059,44.2684,65.0657,71.685196
3339.5,67.82068,44.26877,65.066605,71.68505
3340.0,67.82076,44.26914,65.06752,71.684906
3340.5,67.82082,44.269493,65.06841,71.68471
3341.0,67.82089,44.26984,65.06931,71.684525
3341.5,67.820946,44.27018,65.07021,71.68433
3342.0,67.82098,44.270496,65.07109,71.68411
3342.5,67.82099,44.270798,65.07196,71.68387
3343.0,67.820984,44.27108,65.07281,71.68358
3343.5,67.82097,44.271362,65.07365,71.68329
3344.0,67.82097,44.27164,65.07449,71.683
3344.5,67.82095,44.271927,65.07533,71.68272
3345.0,67.82095,44.27222,65.07618,71.682434
3345.5,67.82097,44.27253,65.077034,71.68218
3346.0,67.82099,44.27285,65.07789,71.68193
3346.5,67.82104,44.27319,65.078766,71.68173
3347.0,67.821106,44.27354,65.07966,71.68157
3347.5,67.821175,44.27389,65.08055,71.68142
3348.0,67.821236,44.27424,65.08144,71.681244
3348.5,67.82132,44.274597,65.082344,71.681114
3349.0,67.821396,44.27495,65.08326,71.680984
3349.5,67.82149,44.275303,65.084175,71.68087
3350.0,67.82155,44.275646,65.085075,71.68071
3350.5,67.8216,44.275978,65.08597,71.680534
3351.0,67.821655,44.276302,65.08687,71.68036
3351.5,67.82169,44.27662,65.087746,71.68016
3352.0,67.82173,44.27693,65.08862,71.67995
3352.5,67.82176,44.27724,65.089485,71.679726
3353.0,67.82178,44.277542,65.09033,71.67946
3353.5,67.82179,44.27784,65.09118,71.6792
3354.0,67.8218,44.278133,65.09202,71.67891
3354.5,67.821815,44.27844,65.09286,71.678635
3355.0,67.82184,44.27875,65.09369,71.67834
3355.5,67.82189,44.27909,65.09455,71.678116
3356.0,67.82196,44.279446,65.09542,71.6779
3356.5,67.82206,44.279827,65.096306,71.67775
3357.0,67.82216,44.2802,65.09719,71.67758
3357.5,67.82226,44.28058,65.09808,71.67744
3358.0,67.82236,44.280956,65.09897,71.67728
3358.5,67.82244,44.281322,65.09985,71.6771
3359.0,67.822525,44.281693,65.10074,71.67694
3359.5,67.82262,44.282055,65.10163,71.67677
3360.0,67.82269,44.282413,65.10251,71.67658
3360.5,67.82277,44.28277,65.1034,71.67641
3361.0,67.822845,44.28312,65.10428,71.676216
3361.5,67.82291,44.28346,65.10514,71.675995
3362.0,67.82294,44.28378,65.105995,71.67575
3362.5,67.82296,44.284077,65.10683,71.675476
3363.0,67.82296,44.28437,65.10766,71.675186
3363.5,67.82296,44.28465,65.108475,71.67488
3364.0,67.82294,44.284916,65.10929,71.67455
3364.5,67.82291,44.285183,65.1101,71.674225
3365.0,67.8229,44.285458,65.110916,71.67392
3365.5,67.822876,44.285736,65.11173,71.67361
3366.0,67.82288,44.286026,65.112564,71.67335
3366.5,67.8229,44.286327,65.11341,71.67309
3367.0,67.82292,44.28663,65.11426,71.67286
3367.5,67.822945,44.286938,65.11511,71.672646
3368.0,67.82297,44.287243,65.11597,71.67242
3368.5,67.823006,44.28756,65.11683,71.67222
3369.0,67.823044,44.287876,65.1177,71.67203
3369.5,67.8231,44.288193,65.118576,71.67185
3370.0,67.82314,44.288506,65.11945,71.671684
3370.5,67.82317,44.288803,65.120316,71.67147
3371.0,67.823166,44.289078,65.12115,71.671196
3371.5,67.82314,44.289337,65.12196,71.67086
3372.0,67.82312,44.289597,65.12278,71.67053
3372.5,67.82308,44.28984,65.12357,71.67018
3373.0,67.82305,44.290085,65.124374,71.66984
3373.5,67.82301,44.290333,65.12516,71.669464
3374.0,67.82299,44.29059,65.12595,71.66911
3374.5,67.82298,44.29086,65.12676,71.66878
3375.0,67.82297,44.291134,65.127556,71.668434
3375.5,67.822975,44.291428,65.128365,71.66812
3376.0,67.82299,44.29173,65.12918,71.66781
3376.5,67.82301,44.29204,65.130005,71.66754
3377.0,67.823044,44.29236,65.13084,71.667274
3377.5,67.823074,44.292675,65.13167,71.667015
3378.0,67.82312,44.29299,65.132515,71.66679
3378.5,67.82316,44.293312,65.13336,71.66656
3379.0,67.8232,44.29363,65.13421,71.66632
3379.5,67.82323,44.293938,65.135056,71.66608
3380.0,67.823235,44.294228,65.13589,71.6658
3380.5,67.823235,44.294506,65.13671,71.66551
3381.0,67.82321,44.29476,65.13753,71.66521
3381.5,67.82317,44.295,65.13833,71.664856
3382.0,67.8231,44.295208,65.13911,71.66447
3382.5,67.823006,44.295403,65.13986,71.66403
3383.0,67.82291,44.295586,65.14062,71.66358
3383.5,67.82279,44.29576,65.141365,71.66312
3384.0,67.822685,44.29594,65.142105,71.66267
3384.5,67.82258,44.29612,65.14285,71.66221
3385.0,67.82249,44.29632,65.143616,71.6618
3385.5,67.82242,44.29654,65.14439,71.661415
3386.0,67.82237,44.296776,65.14518,71.66108
3386.5,67.82234,44.29702,65.145996,71.66079
3387.0,67.82231,44.297264,65.1468,71.66049
3387.5,67.822296,44.297523,65.14761,71.66022
3388.0,67.82229,44.29779,65.148445,71.659966
3388.5,67.82228,44.298058,65.14927,71.6597
3389.0,67.82227,44.298325,65.150085,71.659424
3389.5,67.82225,44.298584,65.1509,71.659134
3390.0,67.822235,44.298836,65.15172,71.65885
3390.5,67.8222,44.299076,65.15253,71.65853
3391.0,67.82216,44.2993,65.15333,71.6582
3391.5,67.8221,44.29951,65.15411,71.65786
3392.0,67.822014,44.299698,65.154884,71.65747
3392.5,67.8219,44.299862,65.155624,71.65701
3393.0,67.82179,44.30002,65.156364,71.656555
3393.5,67.82167,44.30018,65.157104,71.65609
3394.0,67.821556,44.300343,65.157845,71.65564
3394.5,67.821465,44.300518,65.15859,71.65522
3395.0,67.82137,44.3007,65.15935,71.654816
3395.5,67.8213,44.300903,65.16011,71.65443
3396.0,67.821236,44.30112,65.1609,71.654076
3396.5,67.8212,44.301357,65.16169,71.65376
3397.0,67.821175,44.301605,65.16249,71.65347
3397.5,67.82116,44.301865,65.1633,71.653206
3398.0,67.82116,44.30213,65.164116,71.65294
3398.5,67.82117,44.302402,65.16493,71.652695
3399.0,67.82117,44.302673,65.16575,71.65243
3399.5,67.82117,44.30294,65.16657,71.65215
3400.0,67.82116,44.303192,65.16739,71.65186
3400.5,67.82113,44.303425,65.168175,71.651535
3401.0,67.82107,44.303635,65.16895,71.65115
3401.5,67.82099,44.303825,65.169716,71.65076
3402.0,67.82089,44.303997,65.170456,71.6503
3402.5,67.82076,44.30415,65.17117,71.64981
3403.0,67.82063,44.304295,65.17189,71.64931
3403.5,67.820496,44.30444,65.17259,71.64878
3404.0,67.82035,44.304585,65.1733,71.648254
3404.5,67.82023,44.304745,65.17401,71.647766
3405.0,67.82012,44.30492,65.17474,71.6473
3405.5,67.82003,44.30511,65.17548,71.64687
3406.0,67.81997,44.30532,65.17625,71.6465
3406.5,67.81993,44.30555,65.177025,71.64616
3407.0,67.81991,44.305794,65.17781,71.64584
3407.5,67.81989,44.306053,65.17861,71.64555
3408.0,67.819885,44.306313,65.179405,71.64526
3408.5,67.81988,44.306572,65.180214,71.64499
3409.0,67.819855,44.30682,65.181,71.64468
3409.5,67.819824,44.307056,65.181786,71.644356
3410.0,67.81978,44.30728,65.18257,71.64402
3410.5,67.81972,44.307487,65.18334,71.643654
3411.0,67.81963,44.307674,65.18409,71.64324
3411.5,67.81953,44.30784,65.18482,71.64278
3412.0,67.819405,44.30799,65.18554,71.64231
3412.5,67.81926,44.308125,65.18624,71.6418
3413.0,67.819115,44.308254,65.18694,71.64128
3413.5,67.81898,44.30839,65.18765,71.640785
3414.0,67.81884,44.30853,65.188354,71.640274
3414.5,67.81872,44.30868,65.18907,71.63981
3415.0,67.81861,44.308846,65.1898,71.63936
3415.5,67.81852,44.309025,65.19054,71.63894
3416.0,67.81847,44.30923,65.1913,71.63858
3416.5,67.81842,44.309452,65.19207,71.63826
3417.0,67.81838,44.309677,65.19284,71.63791
3417.5,67.81835,44.309917,65.19362,71.63759
3418.0,67.81833,44.31017,65.1944,71.637276
3418.5,67.81834,44.310436,65.195206,71.63702
3419.0,67.818344,44.310703,65.196,71.636734
3419.5,67.81834,44.310963,65.196785,71.63643
3420.0,67.81834,44.31122,65.19757,71.63613
3420.5,67.818306,44.311447,65.19834,71.63578
3421.0,67.81826,44.31166,65.1991,71.63541
3421.5,67.81821,44.311863,65.19984,71.63501
3422.0,67.81813,44.31205,65.20057,71.63457
3422.5,67.81803,44.31222,65.20128,71.6341
3423.0,67.81795,44.312397,65.20199,71.63364
3423.5,67.817856,44.312576,65.2027,71.63317
3424.0,67.81778,44.31277,65.20341,71.63271
3424.5,67.817726,44.31298,65.20415,71.63229
3425.0,67.817696,44.313213,65.20489,71.63192
3425.5,67.81768,44.31346,65.20564,71.63156
3426.0,67.81771,44.31374,65.20643,71.63128
3426.5,67.81776,44.314034,65.20722,71.63103
3427.0,67.8178,44.31434,65.208015,71.630775
3427.5,67.81786,44.31465,65.208824,71.63055
3428.0,67.81792,44.31497,65.20962,71.630295
3428.5,67.81798,44.315292,65.210434,71.630066
3429.0,67.81804,44.315605,65.21123,71.62981
3429.5,67.818085,44.315914,65.21202,71.62952
3430.0,67.818115,44.31621,65.2128,71.62921
3430.5,67.81814,44.316494,65.21357,71.62888
3431.0,67.818146,44.31676,65.214325,71.62853
3431.5,67.81813,44.317005,65.21506,71.62813
3432.0,67.81809,44.317234,65.215775,71.62771
3432.5,67.81805,44.317455,65.216484,71.62725
3433.0,67.818016,44.31768,65.21722,71.62684
3433.5,67.817986,44.317905,65.21794,71.626434
3434.0,67.81794,44.318127,65.21865,71.625984
3434.5,67.81791,44.31836,65.219376,71.62559
3435.0,67.81789,44.3186,65.22011,71.62518
3435.5,67.81788,44.31886,65.220856,71.624825
3436.0,67.817894,44.319134,65.22162,71.624504
3436.5,67.81793,44.31942,65.2224,71.62422
3437.0,67.81797,44.319706,65.22317,71.623955
3437.5,67.81801,44.32,65.22395,71.623695
3438.0,67.81803,44.320282,65.22474,71.623405
3438.5,67.818054,44.320557,65.22552,71.62313
3439.0,67.818054,44.320824,65.226295,71.62284
3439.5,67.818054,44.32108,65.227066,71.622536
3440.0,67.818054,44.321327,65.22784,71.62224
3440.5,67.81803,44.321556,65.228584,71.62188
3441.0,67.81799,44.321777,65.229324,71.6215
3441.5,67.81793,44.32197,65.23005,71.621086
3442.0,67.817856,44.32216,65.23075,71.62064
3442.5,67.81777,44.322342,65.231445,71.620186
3443.0,67.81768,44.32252,65.23214,71.61971
3443.5,67.8176,44.322704,65.232834,71.61924
3444.0,67.81751,44.322895,65.23353,71.618774
3444.5,67.81746,44.3231,65.23424,71.61835
3445.0,67.817406,44.323315,65.23496,71.61795
3445.5,67.817375,44.323544,65.235695,71.6176
3446.0,67.81736,44.323776,65.23645,71.61728
3446.5,67.817345,44.32401,65.237206,71.616974
3447.0,67.81732,44.32424,65.23796,71.61665
3447.5,67.81729,44.324474,65.238716,71.61635
3448.0,67.81727,44.324703,65.23947,71.616035
3448.5,67.81724,44.32493,65.24023,71.61572
3449.0,67.81721,44.32514,65.24098,71.6154
3449.5,67.81715,44.325336,65.24173,71.61506
3450.0,67.81707,44.325512,65.24246,71.614685
3450.5,67.81697,44.325672,65.24319,71.61429
3451.0,67.81686,44.325806,65.24388,71.613846
3451.5,67.81672,44.325924,65.24457,71.61338
3452.0,67.81657,44.326035,65.24525,71.61289
3452.5,67.81642,44.32614,65.245926,71.61241
3453.0,67.81627,44.32625,65.2466,71.61192
3453.5,67.81611,44.32635,65.24727,71.61141
3454.0,67.815956,44.32646,65.24795,71.61093
3454.5,67.81582,44.326584,65.248634,71.610466
3455.0,67.8157,44.32672,65.24933,71.61002
3455.5,67.81558,44.32687,65.25003,71.6096
3456.0,67.81549,44.327038,65.25075,71.60921
3456.5,67.815414,44.327217,65.251465,71.608826
3457.0,67.81534,44.327408,65.25219,71.608475
3457.5,67.815285,44.327614,65.25293,71.60815
3458.0,67.81524,44.327824,65.25368,71.60783
3458.5,67.81517,44.32802,65.25441,71.607475
3459.0,67.81511,44.32821,65.25514,71.607124
3459.5,67.815025,44.328384,65.25587,71.60676
3460.0,67.814926,44.328545,65.25658,71.60635
3460.5,67.814804,44.32869,65.25728,71.60592
3461.0,67.814674,44.328815,65.25796,71.60546
3461.5,67.81454,44.328934,65.25864,71.605
3462.0,67.81438,44.32904,65.25931,71.60451
3462.5,67.814224,44.329147,65.25997,71.604004
3463.0,67.81408,44.329254,65.260635,71.603516
3463.5,67.813934,44.329376,65.26131,71.60303
3464.0,67.813805,44.32951,65.261986,71.60257
3464.5,67.8137,44.329655,65.26267,71.602135
3465.0,67.81361,44.329815,65.263374,71.60174
3465.5,67.81352,44.32999,65.264084,71.60136
3466.0,67.81347,44.33019,65.26481,71.60102
3466.5,67.81342,44.3304,65.26554,71.60071
3467.0,67.8134,44.33062,65.26629,71.60041
3467.5,67.81341,44.330864,65.26705,71.60016
3468.0,67.81342,44.33112,65.267815,71.5999
3468.5,67.813446,44.331387,65.268585,71.59966
3469.0,67.81346,44.331654,65.26935,71.5994
3469.5,67.81347,44.3319,65.2701,71.59912
3470.0,67.81345,44.332138,65.27084,71.598816
3470.5,67.81342,44.332355,65.27156,71.598465
3471.0,67.81337,44.33256,65.27227,71.59809
3471.5,67.81332,44.332756,65.27297,71.5977
3472.0,67.81326,44.332947,65.27367,71.597305
3472.5,67.813194,44.333138,65.27435,71.59689
3473.0,67.81313,44.33333,65.27504,71.59649
3473.5,67.81307,44.333523,65.27573,71.59608
3474.0,67.81302,44.333725,65.27643,71.59568
3474.5,67.81297,44.333942,65.27714,71.59532
3475.0,67.812935,44.334152,65.27785,71.59496
3475.5,67.812904,44.334377,65.27857,71.59466
3476.0,67.81288,44.3346,65.2793,71.59435
3476.5,67.81286,44.33483,65.28004,71.59406
3477.0,67.81285,44.33507,65.280785,71.593796
3477.5,67.81284,44.33531,65.281525,71.59352
3478.0,67.812836,44.335552,65.28228,71.59327
3478.5,67.81282,44.33579,65.28303,71.592995
3479.0,67.8128,44.336014,65.28376,71.5927
3479.5,67.81276,44.336227,65.2845,71.59239
3480.0,67.812706,44.336422,65.28522,71.59206
3480.5,67.81264,44.336597,65.28593,71.591705
3481.0,67.81254,44.336746,65.28662,71.59132
3481.5,67.81241,44.336872,65.28728,71.59086
3482.0,67.81229,44.337,65.28796,71.59044
3482.5,67.81217,44.337128,65.288635,71.590034
3483.0,67.81206,44.33726,65.28932,71.58964
3483.5,67.81194,44.337395,65.29,71.58923
3484.0,67.81183,44.337536,65.29068,71.58882
3484.5,67.81173,44.33769,65.29137,71.58843
3485.0,67.81163,44.337852,65.292046,71.58804
3485.5,67.81157,44.33804,65.292755,71.5877
3486.0,67.811516,44.338245,65.293465,71.58739
3486.5,67.811485,44.338463,65.2942,71.58708
3487.0,67.81146,44.338688,65.29493,71.586815
3487.5,67.81145,44.338924,65.29567,71.58657
3488.0,67.81145,44.33917,65.29643,71.586334
3488.5,67.81145,44.339413,65.29718,71.5861
3489.0,67.81144,44.33965,65.29793,71.585846
3489.5,67.81141,44.339863,65.298645,71.58555
3490.0,67.811356,44.340057,65.29936,71.58523
3490.5,67.811295,44.34025,65.300064,71.584885
3491.0,67.81123,44.340427,65.300766,71.58453
3491.5,67.81114,44.340595,65.30143,71.58412
3492.0,67.81105,44.34076,65.3021,71.58372
3492.5,67.81096,44.34092,65.30277,71.583305
3493.0,67.81087,44.341084,65.303444,71.58292
3493.5,67.81078,44.341255,65.30413,71.582535
3494.0,67.81072,44.341434,65.304825,71.582184
3494.5,67.810646,44.341614,65.30552,71.581825
3495.0,67.81057,44.341793,65.306206,71.58146
3495.5,67.8105,44.34198,65.30689,71.5811
3496.0,67.810455,44.342186,65.3076,71.580795
3496.5,67.810425,44.342407,65.308334,71.58053
3497.0,67.810425,44.34265,65.309074,71.58029
3497.5,67.810425,44.342907,65.309814,71.580055
3498.0,67.81043,44.343163,65.31055,71.57981
3498.5,67.81043,44.34341,65.31128,71.57955
3499.0,67.81043,44.343662,65.31202,71.5793
3499.5,67.810425,44.343903,65.31275,71.57905
3500.0,67.8104,44.344124,65.31347,71.57876
3500.5,67.81035,44.34432,65.31417,71.57842
3501.0,67.81027,44.344486,65.31485,71.578064
3501.5,67.81018,44.344646,65.31553,71.57769
3502.0,67.810074,44.344788,65.316185,71.577286
3502.5,67.80995,44.344925,65.31685,71.57687
3503.0,67.80983,44.345062,65.31751,71.57646
3503.5,67.80972,44.345207,65.31818,71.57608
3504.0,67.809616,44.345352,65.318855,71.57571
3504.5,67.80951,44.345497,65.319534,71.57535
3505.0,67.80942,44.345657,65.32023,71.57503
3505.5,67.80933,44.34582,65.32093,71.57474
3506.0,67.80926,44.345985,65.32164,71.574455
3506.5,67.809204,44.346172,65.32237,71.57422
3507.0,67.80914,44.346363,65.3231,71.573975
3507.5,67.80909,44.346554,65.32382,71.57373
3508.0,67.80903,44.34674,65.324554,71.57348
3508.5,67.80897,44.346928,65.32528,71.57322
3509.0,67.808914,44.347115,65.32601,71.57299
3509.5,67.80883,44.347275,65.32671,71.5727
3510.0,67.808716,44.347416,65.3274,71.57236
3510.5,67.80858,44.34753,65.328064,71.571976
3511.0,67.80843,44.347633,65.32872,71.57158
3511.5,67.80827,44.34773,65.32938,71.57116
3512.0,67.808105,44.347813,65.33002,71.57074
3512.5,67.80794,44.3479,65.33066,71.570305
3513.0,67.807785,44.347996,65.33131,71.56989
3513.5,67.80763,44.3481,65.33196,71.5695
3514.0,67.8075,44.348213,65.332634,71.56913
3514.5,67.80738,44.348343,65.33331,71.56879
3515.0,67.807274,44.348484,65.334,71.56846
3515.5,67.80718,44.34864,65.334694,71.56816
3516.0,67.8071,44.348804,65.335396,71.56787
3516.5,67.80702,44.34897,65.336105,71.567604
3517.0,67.806946,44.34914,65.33682,71.56737
3517.5,67.80688,44.349308,65.33755,71.56712
3518.0,67.80679,44.349472,65.33826,71.566864
3518.5,67.8067,44.349632,65.338974,71.56661
3519.0,67.806595,44.349773,65.339676,71.56632
3519.5,67.80647,44.349895,65.34036,71.56601
3520.0,67.80633,44.349995,65.341034,71.56567
3520.5,67.806175,44.350086,65.3417,71.56531
3521.0,67.80601,44.350166,65.34235,71.56492
3521.5,67.80583,44.350246,65.342995,71.564514
3522.0,67.805664,44.35033,65.343636,71.56412
3522.5,67.8055,44.35042,65.34428,71.5637
3523.0,67.80537,44.350536,65.34493,71.563324
3523.5,67.805244,44.35067,65.34559,71.56295
3524.0,67.80513,44.35081,65.34625,71.5626
3524.5,67.80503,44.350967,65.346924,71.56227
3525.0,67.80495,44.351135,65.34761,71.56197
3525.5,67.804886,44.35131,65.34831,71.561714
3526.0,67.804825,44.351498,65.34902,71.56146
3526.5,67.80475,44.35168,65.349724,71.56117
3527.0,67.80471,44.351883,65.35045,71.56098
3527.5,67.80468,44.352085,65.35118,71.56079
3528.0,67.80464,44.352287,65.35191,71.5606
3528.5,67.804596,44.352486,65.352646,71.5604
3529.0,67.80454,44.35267,65.353355,71.560165
3529.5,67.804474,44.35285,65.35406,71.55992
3530.0,67.8044,44.35302,65.354744,71.55965
3530.5,67.80432,44.353188,65.35542,71.55935
3531.0,67.804214,44.35334,65.35608,71.559006
3531.5,67.80412,44.353497,65.356735,71.55867
3532.0,67.804016,44.353653,65.35738,71.558304
3532.5,67.80395,44.353832,65.35806,71.55801
3533.0,67.80389,44.35402,65.35875,71.55771
3533.5,67.80385,44.35422,65.35943,71.557434
3534.0,67.80382,44.35444,65.36013,71.55718
3534.5,67.803795,44.354664,65.360825,71.55693
3535.0,67.80378,44.354897,65.36153,71.556694
3535.5,67.80378,44.35514,65.36224,71.55648
3536.0,67.80379,44.3554,65.36296,71.556274
3536.5,67.80382,44.35567,65.36369,71.556114
3537.0,67.80386,44.355953,65.36444,71.55599
3537.5,67.80392,44.356236,65.3652,71.55586
3538.0,67.80396,44.356518,65.365944,71.55573
3538.5,67.804,44.356796,65.36669,71.55559
3539.0,67.80403,44.357063,65.367424,71.555435
3539.5,67.80404,44.357315,65.36814,71.55525
3540.0,67.80404,44.35755,65.36885,71.55505
3540.5,67.804016,44.357777,65.369545,71.554825
3541.0,67.80398,44.357986,65.370224,71.55456
3541.5,67.80393,44.358192,65.3709,71.554276
3542.0,67.803894,44.3584,65.37158,71.55402
3542.5,67.803856,44.358604,65.37227,71.553764
3543.0,67.803825,44.358818,65.37296,71.55353
3543.5,67.8038,44.35904,65.37367,71.55333
3544.0,67.803795,44.35927,65.37438,71.55313
3544.5,67.803795,44.3595,65.3751,71.55295
3545.0,67.803795,44.359734,65.37582,71.55277
3545.5,67.80379,44.359966,65.37653,71.55258
3546.0,67.803795,44.360214,65.37725,71.5524
3546.5,67.80383,44.36048,65.37799,71.55226
3547.0,67.80386,44.36076,65.37873,71.552124
3547.5,67.80392,44.361042,65.379486,71.55202
3548.0,67.803955,44.36132,65.380226,71.551895
3548.5,67.80399,44.361588,65.380974,71.55177
3549.0,67.80401,44.361843,65.3817,71.55163
3549.5,67.804016,44.362087,65.38242,71.55146
3550.0,67.80402,44.362328,65.38313,71.55129
3550.5,67.80401,44.362553,65.383835,71.55109
3551.0,67.803986,44.362774,65.38452,71.55085
3551.5,67.80397,44.363,65.38521,71.55064
3552.0,67.80396,44.36323,65.38591,71.55044
3552.5,67.80395,44.363464,65.386604,71.550224
3553.0,67.80395,44.3637,65.38731,71.55003
3553.5,67.803955,44.36394,65.388016,71.549835
3554.0,67.80398,44.3642,65.38873,71.54968
3554.5,67.80401,44.364464,65.38946,71.549545
3555.0,67.80405,44.36474,65.39019,71.54942
3555.5,67.804115,44.365032,65.390945,71.54933
3556.0,67.80419,44.36533,65.3917,71.54926
3556.5,67.80427,44.365635,65.392456,71.5492
3557.0,67.80434,44.365932,65.39321,71.5491
3557.5,67.8044,44.36623,65.39396,71.54902
3558.0,67.80444,44.36651,65.39471,71.54891
3558.5,67.804474,44.36677,65.39543,71.548775
3559.0,67.80447,44.36701,65.39613,71.54859
3559.5,67.80445,44.367233,65.39683,71.54838
3560.0,67.80443,44.367455,65.39752,71.54818
3560.5,67.804405,44.367664,65.3982,71.54796
3561.0,67.80435,44.367867,65.39887,71.54768
3561.5,67.80431,44.368073,65.39954,71.54744
3562.0,67.804276,44.368282,65.40022,71.547195
3562.5,67.80422,44.368484,65.40087,71.5469
3563.0,67.80419,44.368702,65.40155,71.54667
3563.5,67.80418,44.368927,65.402245,71.546455
3564.0,67.80416,44.369152,65.40294,71.54624
3564.5,67.804146,44.369385,65.403625,71.54603
3565.0,67.80415,44.36963,65.404335,71.54586
3565.5,67.80417,44.369884,65.40505,71.54571
3566.0,67.8042,44.370155,65.40578,71.54557
3566.5,67.80425,44.37044,65.406525,71.54548
3567.0,67.80431,44.370735,65.40727,71.545395
3567.5,67.80436,44.37102,65.40801,71.54529
3568.0,67.80441,44.371307,65.408745,71.5452
3568.5,67.80445,44.371582,65.40948,71.545074
3569.0,67.80447,44.371834,65.410194,71.54493
3569.5,67.80447,44.37207,65.41089,71.54476
3570.0,67.80445,44.37229,65.411575,71.54456
3570.5,67.80441,44.372498,65.41225,71.544334
3571.0,67.804375,44.372704,65.41292,71.54409
3571.5,67.80433,44.372906,65.41359,71.54385
3572.0,67.80428,44.3731,65.41425,71.5436
3572.5,67.804245,44.373302,65.41493,71.54338
3573.0,67.804214,44.373505,65.41562,71.54318
3573.5,67.804184,44.373714,65.41631,71.542984
3574.0,67.80417,44.37393,65.41701,71.54281
3574.5,67.80416,44.374157,65.41771,71.54264
3575.0,67.80416,44.374386,65.41842,71.54248
3575.5,67.804184,44.374638,65.419136,71.54236
3576.0,67.80424,44.374905,65.419876,71.54228
3576.5,67.80429,44.375183,65.42062,71.54221
3577.0,67.80434,44.375458,65.421364,71.54214
3577.5,67.80438,44.375732,65.4221,71.54206
3578.0,67.80442,44.376,65.42284,71.54198
3578.5,67.80444,44.37625,65.42355,71.54187
3579.0,67.804436,44.376484,65.424255,71.54171
3579.5,67.804405,44.376694,65.424934,71.54152
3580.0,67.80435,44.376873,65.425606,71.54128
3580.5,67.80427,44.377033,65.426254,71.541016
3581.0,67.80417,44.377182,65.4269,71.54074
3581.5,67.804054,44.377316,65.42754,71.54044
3582.0,67.80393,44.37744,65.42818,71.54014
3582.5,67.80382,44.377567,65.428825,71.53985
3583.0,67.8037,44.377697,65.42947,71.539566
3583.5,67.80359,44.377823,65.43011,71.53927
3584.0,67.80348,44.377956,65.43076,71.539
3584.5,67.8034,44.37811,65.43144,71.53878
3585.0,67.803314,44.378265,65.43212,71.538574
3585.5,67.80324,44.378426,65.4328,71.53836
3586.0,67.803154,44.37858,65.43348,71.53815
3586.5,67.80307,44.378727,65.43416,71.53795
3587.0,67.80296,44.378872,65.43484,71.53774
3587.5,67.80286,44.37901,65.43551,71.53751
3588.0,67.80276,44.379147,65.43618,71.5373
3588.5,67.80265,44.37928,65.436844,71.53706
3589.0,67.802536,44.379406,65.43749,71.53683
3589.5,67.802414,44.37952,65.43814,71.53657
3590.0,67.80227,44.379623,65.43877,71.53627
3590.5,67.802124,44.379723,65.43939,71.535965
3591.0,67.80198,44.37982,65.44001,71.535645
3591.5,67.80183,44.37992,65.44063,71.53532
3592.0,67.801674,44.380013,65.441246,71.53498
3592.5,67.80154,44.38011,65.44188,71.53468
3593.0,67.80141,44.380222,65.44251,71.53439
3593.5,67.801285,44.380344,65.44316,71.53412
3594.0,67.80118,44.380466,65.44381,71.53387
3594.5,67.80108,44.3806,65.444466,71.533615
3595.0,67.80099,44.38074,65.44512,71.53338
3595.5,67.8009,44.380894,65.445786,71.53315
3596.0,67.800835,44.381065,65.446465,71.53294
3596.5,67.80078,44.381245,65.44716,71.53278
3597.0,67.80074,44.381428,65.44785,71.53264
3597.5,67.8007,44.381607,65.448555,71.53249
3598.0,67.80063,44.38177,65.449234,71.53232
3598.5,67.800545,44.38192,65.4499,71.53212
3599.0,67.80044,44.38205,65.45055,71.53186
3599.5,67.80032,44.382175,65.45119,71.53161
3600.0,67.80021,44.382294,65.45183,71.53134
3600.5,67.800064,44.38239,65.452446,71.53104
3601.0,67.799904,44.382477,65.45305,71.5307
3601.5,67.79974,44.382565,65.45367,71.53038
3602.0,67.7996,44.382652,65.454285,71.530075
3602.5,67.799446,44.38274,65.4549,71.529755
3603.0,67.79931,44.38284,65.45554,71.52948
3603.5,67.79918,44.382942,65.45618,71.529205
3604.0,67.79906,44.383045,65.45682,71.52894
3604.5,67.79893,44.383152,65.457466,71.52866
3605.0,67.79882,44.383274,65.45813,71.52846
3605.5,67.79872,44.383404,65.45879,71.52824
3606.0,67.79863,44.383545,65.45946,71.52804
3606.5,67.79854,44.38369,65.46012,71.527824
3607.0,67.798454,44.383842,65.46079,71.52762
3607.5,67.79838,44.383995,65.461464,71.527435
3608.0,67.79829,44.384136,65.46213,71.52723
3608.5,67.798195,44.38427,65.462776,71.52701
3609.0,67.79807,44.384388,65.46341,71.52676
3609.5,67.79794,44.384495,65.464035,71.526474
3610.0,67.79781,44.384594,65.464645,71.52617
3610.5,67.797676,44.384697,65.46526,71.52587
3611.0,67.79753,44.384796,65.46588,71.52556
3611.5,67.79739,44.384895,65.4665,71.52526
3612.0,67.79726,44.385,65.46711,71.524956
3612.5,67.79713,44.385113,65.467735,71.52465
3613.0,67.79702,44.385242,65.46836,71.52436
3613.5,67.79691,44.385372,65.46899,71.52407
3614.0,67.7968,44.385506,65.46961,71.52378
3614.5,67.79672,44.38565,65.47026,71.523544
3615.0,67.79665,44.385807,65.470924,71.523346
3615.5,67.796585,44.38597,65.47159,71.523155
3616.0,67.79652,44.386135,65.47225,71.52296
3616.5,67.79645,44.386295,65.472916,71.52277
3617.0,67.796364,44.386448,65.47358,71.52258
3617.5,67.796295,44.386604,65.47425,71.5224
3618.0,67.7962,44.38674,65.4749,71.52219
3618.5,67.796104,44.38687,65.47554,71.52197
3619.0,67.79599,44.386982,65.476166,71.52172
3619.5,67.795876,44.38709,65.47679,71.52146
3620.0,67.79575,44.387196,65.47741,71.521194
3620.5,67.79564,44.387306,65.47804,71.52093
3621.0,67.79555,44.387432,65.478676,71.52068
3621.5,67.79548,44.38758,65.479324,71.520485
3622.0,67.79542,44.38774,65.47997,71.52026
3622.5,67.795395,44.387928,65.48063,71.52009
3623.0,67.79538,44.388123,65.48129,71.51991
3623.5,67.79536,44.388332,65.48195,71.51972
3624.0,67.79537,44.38856,65.48262,71.51956
3624.5,67.79541,44.388817,65.483315,71.519455
3625.0,67.79546,44.389084,65.48401,71.519356
3625.5,67.79553,44.389366,65.48472,71.519295
3626.0,67.79561,44.389656,65.485435,71.51923
3626.5,67.79569,44.38995,65.48616,71.51918
3627.0,67.79577,44.390236,65.48687,71.51912
3627.5,67.79582,44.39051,65.487564,71.519035
3628.0,67.79585,44.39076,65.48823,71.51888
3628.5,67.79585,44.39099,65.488884,71.51869
3629.0,67.795845,44.391216,65.48952,71.51848
3629.5,67.79583,44.391434,65.49016,71.51826
3630.0,67.79579,44.391632,65.49077,71.51799
3630.5,67.79577,44.39183,65.491394,71.51774
3631.0,67.795746,44.392033,65.49203,71.51751
3631.5,67.79573,44.39224,65.49267,71.51728
3632.0,67.795715,44.39244,65.4933,71.517044
3632.5,67.79571,44.39265,65.49395,71.51683
3633.0,67.79569,44.392857,65.49459,71.5166
3633.5,67.795685,44.393066,65.49523,71.51639
3634.0,67.79569,44.393288,65.495895,71.51621
3634.5,67.79571,44.393513,65.49657,71.51605
3635.0,67.79572,44.393745,65.497246,71.515915
3635.5,67.79574,44.393974,65.49792,71.51577
3636.0,67.79574,44.3942,65.49858,71.51562
3636.5,67.79574,44.394417,65.49926,71.51547
3637.0,67.79574,44.394634,65.49992,71.51533
3637.5,67.795715,44.394825,65.50057,71.515144
3638.0,67.79565,44.39499,65.5012,71.51491
3638.5,67.79558,44.395145,65.50182,71.51466
3639.0,67.79552,44.3953,65.50244,71.51443
3639.5,67.79543,44.39544,65.50305,71.514145
3640.0,67.795334,44.39557,65.50365,71.51384
3640.5,67.79522,44.395687,65.504234,71.5135
3641.0,67.795105,44.3958,65.50482,71.51316
3641.5,67.795006,44.39592,65.505424,71.512856
3642.0,67.79489,44.39603,65.50602,71.51251
3642.5,67.794785,44.396145,65.50661,71.512184
3643.0,67.79469,44.39627,65.50721,71.51186
3643.5,67.79462,44.396408,65.50783,71.51158
3644.0,67.79454,44.396545,65.508446,71.51131
3644.5,67.794464,44.396683,65.50907,71.51106
3645.0,67.79438,44.39682,65.509705,71.51081
3645.5,67.7943,44.396954,65.51033,71.510574
3646.0,67.79421,44.397087,65.51096,71.510345
3646.5,67.79413,44.39722,65.511604,71.51013
3647.0,67.79404,44.39734,65.51224,71.50991
3647.5,67.793915,44.397438,65.51284,71.509636
3648.0,67.79378,44.397522,65.51344,71.50935
3648.5,67.79362,44.39758,65.51403,71.50905
3649.0,67.793434,44.39762,65.51461,71.50871
3649.5,67.79322,44.397633,65.51517,71.508316
3650.0,67.792984,44.39762,65.51572,71.507904
3650.5,67.79274,44.397602,65.51626,71.50747
3651.0,67.79249,44.397564,65.51679,71.50701
3651.5,67.79222,44.397526,65.517334,71.50655
3652.0,67.79196,44.397484,65.51786,71.50609
3652.5,67.791695,44.397434,65.518394,71.505615
3653.0,67.791435,44.397392,65.51893,71.50515
3653.5,67.79118,44.397358,65.51947,71.504715
3654.0,67.79092,44.39732,65.520004,71.504234
3654.5,67.790695,44.39732,65.52057,71.50385
3655.0,67.7905,44.39734,65.52115,71.5035
3655.5,67.79031,44.39738,65.52174,71.50318
3656.0,67.79017,44.39744,65.52235,71.5029
3656.5,67.79005,44.397526,65.52297,71.50267
3657.0,67.78991,44.397614,65.52357,71.502396
3657.5,67.78979,44.3977,65.52417,71.502144
3658.0,67.789665,44.39779,65.524765,71.50187
3658.5,67.78951,44.397858,65.525345,71.50154
3659.0,67.78935,44.39792,65.5259,71.50118
3659.5,67.78917,44.39797,65.52645,71.500786
3660.0,67.78901,44.39803,65.527,71.50039
3660.5,67.78885,44.39809,65.52755,71.49998
3661.0,67.7887,44.398155,65.52809,71.49955
3661.5,67.78855,44.39823,65.52864,71.49914
3662.0,67.788414,44.39831,65.52919,71.49875
3662.5,67.7883,44.398403,65.52976,71.49838
3663.0,67.78816,44.398487,65.53033,71.498
3663.5,67.78803,44.398575,65.5309,71.497635
3664.0,67.78792,44.39867,65.53147,71.497284
3664.5,67.78783,44.39879,65.53207,71.49698
3665.0,67.78776,44.398926,65.53268,71.49671
3665.5,67.78772,44.39909,65.53332,71.49651
3666.0,67.78768,44.39926,65.53395,71.49633
3666.5,67.787636,44.39942,65.53458,71.49613
3667.0,67.78757,44.399567,65.53518,71.49587
3667.5,67.78749,44.39971,65.535774,71.49561
3668.0,67.7874,44.39984,65.536354,71.49531
3668.5,67.787315,44.399963,65.536934,71.49501
3669.0,67.78719,44.400066,65.53749,71.49465
3669.5,67.78706,44.400154,65.53804,71.494255
3670.0,67.78694,44.40025,65.53858,71.49386
3670.5,67.786804,44.400333,65.53913,71.49344
3671.0,67.78669,44.400425,65.53967,71.49305
3671.5,67.786575,44.40052,65.54023,71.49266
3672.0,67.78648,44.40063,65.5408,71.49232
3672.5,67.7864,44.40075,65.541374,71.491974
3673.0,67.786316,44.40087,65.54195,71.49163
3673.5,67.786255,44.401012,65.542534,71.491325
3674.0,67.78622,44.401165,65.54314,71.49105
3674.5,67.78618,44.40133,65.54374,71.490776
3675.0,67.78614,44.401497,65.54434,71.49052
3675.5,67.786095,44.401665,65.544945,71.49025
3676.0,67.786064,44.40184,65.54556,71.490036
3676.5,67.786026,44.402008,65.54617,71.48981
3677.0,67.78596,44.40215,65.54676,71.48954
3677.5,67.78584,44.402252,65.547325,71.489204
3678.0,67.78568,44.40232,65.54786,71.48881
3678.5,67.785515,44.402374,65.548386,71.48839
3679.0,67.78534,44.402428,65.54891,71.48796
3679.5,67.78517,44.40248,65.54943,71.48753
3680.0,67.78501,44.402534,65.549965,71.487114
3680.5,67.78486,44.40259,65.55049,71.48669
3681.0,67.784706,44.40265,65.55103,71.48627
3681.5,67.78456,44.40271,65.55157,71.48586
3682.0,67.78441,44.40277,65.5521,71.48544
3682.5,67.78427,44.402832,65.55264,71.48504
3683.0,67.78414,44.402905,65.5532,71.484665
3683.5,67.78403,44.40299,65.55376,71.4843
3684.0,67.78392,44.40309,65.55433,71.48396
3684.5,67.78383,44.403206,65.5549,71.48364
3685.0,67.78377,44.403336,65.555504,71.483376
3685.5,67.7837,44.40347,65.5561,71.483116
3686.0,67.78363,44.403603,65.55668,71.48284
3686.5,67.78356,44.403732,65.55727,71.482574
3687.0,67.78348,44.403854,65.55784,71.48229
3687.5,67.783394,44.403973,65.55841,71.482
3688.0,67.783295,44.40408,65.55897,71.48169
3688.5,67.78318,44.404175,65.55952,71.481346
3689.0,67.78306,44.404255,65.56006,71.48098
3689.5,67.78293,44.404335,65.5606,71.4806
3690.0,67.7828,44.40441,65.56114,71.48022
3690.5,67.78267,44.404484,65.56168,71.479836
3691.0,67.782555,44.404556,65.56223,71.47946
3691.5,67.78244,44.404636,65.56278,71.4791
3692.0,67.78232,44.404713,65.56333,71.47874
3692.5,67.7822,44.404793,65.56388,71.47836
3693.0,67.782104,44.404884,65.56444,71.47801
3693.5,67.782005,44.404987,65.56501,71.477684
3694.0,67.781906,44.40509,65.56557,71.47733
3694.5,67.78182,44.40521,65.56615,71.47703
3695.0,67.78174,44.405323,65.56673,71.47673
3695.5,67.781654,44.405437,65.56731,71.47643
3696.0,67.78155,44.405525,65.56787,71.476135
3696.5,67.7814,44.405586,65.56841,71.47577
3697.0,67.78123,44.405624,65.56894,71.47539
3697.5,67.78104,44.405643,65.56946,71.47499
3698.0,67.78083,44.405647,65.56998,71.47456
3698.5,67.780594,44.405632,65.570465,71.474106
3699.0,67.78035,44.4056,65.57096,71.473625
3699.5,67.7801,44.405556,65.57144,71.47313
3700.0,67.77984,44.40551,65.57193,71.47263
3700.5,67.779594,44.40546,65.572426,71.47217
3701.0,67.779335,44.405407,65.572914,71.47168
3701.5,67.77909,44.405357,65.57342,71.471214
3702.0,67.77884,44.40531,65.57391,71.47073
3702.5,67.77861,44.405285,65.574425,71.4703
3703.0,67.778404,44.405277,65.57494,71.469864
3703.5,67.77823,44.4053,65.57548,71.46948
3704.0,67.778076,44.405346,65.57602,71.46911
3704.5,67.77795,44.405407,65.57658,71.46877
3705.0,67.777824,44.40548,65.57714,71.46847
3705.5,67.77769,44.40554,65.57768,71.46813
3706.0,67.77754,44.405594,65.57823,71.46779
3706.5,67.777374,44.405632,65.57876,71.467415
3707.0,67.77719,44.405663,65.579285,71.46704
3707.5,67.777016,44.405685,65.5798,71.46666
3708.0,67.77683,44.40571,65.580315,71.46627
3708.5,67.77665,44.40573,65.58083,71.46587
3709.0,67.77646,44.405754,65.58134,71.46545
3709.5,67.77628,44.40578,65.581856,71.46504
3710.0,67.776115,44.405815,65.58237,71.46462
3710.5,67.77595,44.40585,65.58288,71.464195
3711.0,67.775795,44.4059,65.5834,71.4638
3711.5,67.77566,44.405956,65.58392,71.46342
3712.0,67.775536,44.406025,65.584465,71.46305
3712.5,67.77542,44.4061,65.58501,71.4627
3713.0,67.77532,44.40619,65.585556,71.46237
3713.5,67.77524,44.406292,65.58613,71.46208
3714.0,67.77516,44.4064,65.58669,71.46179
3714.5,67.775085,44.40651,65.58726,71.4615
3715.0,67.775,44.40662,65.58782,71.46122
3715.5,67.774895,44.406715,65.58837,71.4609
3716.0,67.77478,44.406803,65.58891,71.46059
3716.5,67.77467,44.406895,65.58946,71.46029
3717.0,67.77456,44.40698,65.59,71.45998
3717.5,67.77443,44.40705,65.59053,71.45963
3718.0,67.77429,44.407112,65.59106,71.45928
3718.5,67.774124,44.407146,65.59156,71.458885
3719.0,67.77394,44.407166,65.592064,71.45847
3719.5,67.77373,44.407166,65.59256,71.45803
3720.0,67.77351,44.40715,65.59305,71.45759
3720.5,67.773285,44.407127,65.593544,71.45714
3721.0,67.77305,44.40709,65.594025,71.45666
3721.5,67.7728,44.40704,65.5945,71.45616
3722.0,67.77255,44.406994,65.594986,71.4557
3722.5,67.7723,44.40694,65.595474,71.45523
3723.0,67.77205,44.406895,65.59597,71.45477
3723.5,67.7718,44.40685,65.596466,71.45432
3724.0,67.771545,44.406803,65.59697,71.45388
3724.5,67.7713,44.406757,65.597466,71.45346
3725.0,67.77106,44.406708,65.59797,71.45304
3725.5,67.770805,44.406654,65.59847,71.45263
3726.0,67.77055,44.406605,65.59897,71.45223
3726.5,67.77032,44.40656,65.59947,71.45184
3727.0,67.77007,44.406513,65.59997,71.45145
3727.5,67.769806,44.40646,65.60045,71.45101
3728.0,67.76955,44.406403,65.60093,71.45058
3728.5,67.76928,44.40634,65.60141,71.45013
3729.0,67.76903,44.40629,65.60188,71.44968
3729.5,67.76879,44.406242,65.60237,71.44926
3730.0,67.76854,44.406193,65.60285,71.4488
3730.5,67.7683,44.40615,65.60333,71.44835
3731.0,67.76807,44.406116,65.60382,71.447914
3731.5,67.76784,44.406086,65.60431,71.44746
3732.0,67.767624,44.406075,65.604805,71.44703
3732.5,67.76743,44.40608,65.605316,71.44664
3733.0,67.767265,44.406097,65.605835,71.44626
3733.5,67.76711,44.406136,65.60636,71.44591
3734.0,67.76698,44.406193,65.606895,71.44558
3734.5,67.76687,44.406273,65.60744,71.44528
3735.0,67.766754,44.406353,65.60797,71.44496
3735.5,67.76665,44.40644,65.608505,71.444664
3736.0,67.76653,44.40653,65.60903,71.444336
3736.5,67.766426,44.40662,65.60956,71.44403
3737.0,67.76631,44.406708,65.61008,71.443695
3737.5,67.76621,44.406803,65.6106,71.4434
3738.0,67.76612,44.4069,65.611145,71.44311
3738.5,67.766014,44.406986,65.611664,71.442795
3739.0,67.7659,44.40707,65.61219,71.442474
3739.5,67.76579,44.40715,65.61272,71.44215
3740.0,67.765686,44.407234,65.61324,71.441826
3740.5,67.76558,44.40732,65.61378,71.4415
3741.0,67.76547,44.4074,65.6143,71.44117
3741.5,67.76537,44.407482,65.61483,71.44084
3742.0,67.765274,44.407574,65.615364,71.44052
3742.5,67.76517,44.40766,65.61588,71.440155
3743.0,67.76508,44.407764,65.616425,71.439865
3743.5,67.76501,44.40788,65.616974,71.43959
3744.0,67.76493,44.407986,65.61752,71.43932
3744.5,67.76483,44.408077,65.618065,71.43904
3745.0,67.76471,44.40815,65.61858,71.43873
3745.5,67.76459,44.40822,65.61911,71.43842
3746.0,67.76445,44.40828,65.61963,71.43812
3746.5,67.7643,44.408325,65.62015,71.437805
3747.0,67.764145,44.408356,65.62067,71.4375
3747.5,67.76397,44.40837,65.62118,71.43718
3748.0,67.76376,44.408367,65.62167,71.4368
3748.5,67.76355,44.408344,65.62216,71.43641
3749.0,67.76331,44.408314,65.62264,71.436
3749.5,67.76308,44.408268,65.62313,71.435585
3750.0,67.762825,44.40821,65.623604,71.435165
3750.5,67.76258,44.40815,65.624084,71.43474
3751.0,67.76234,44.408096,65.62457,71.43432
3751.5,67.76211,44.408054,65.62507,71.43393
3752.0,67.76187,44.408005,65.62555,71.4335
3752.5,67.76163,44.407963,65.62604,71.43308
3753.0,67.761406,44.40793,65.62653,71.4327
3753.5,67.76118,44.407894,65.62703,71.4323
3754.0,67.76097,44.40788,65.62754,71.43195
3754.5,67.760765,44.407856,65.628044,71.43161
3755.0,67.760544,44.407825,65.62854,71.43125
3755.5,67.76033,44.407803,65.629036,71.4309
3756.0,67.76011,44.407784,65.629524,71.43054
3756.5,67.759895,44.40777,65.63001,71.43018
3757.0,67.75969,44.40776,65.63051,71.42984
3757.5,67.7595,44.40776,65.63101,71.429504
3758.0,67.759315,44.40777,65.63151,71.42918
3758.5,67.75915,44.407795,65.63202,71.42885
3759.0,67.75899,44.40783,65.632515,71.4285
3759.5,67.75886,44.407887,65.633026,71.42818
3760.0,67.758736,44.407955,65.633545,71.427864
3760.5,67.75865,44.40804,65.63409,71.4276
3761.0,67.75856,44.408127,65.63461,71.427315
3761.5,67.75848,44.408222,65.63515,71.42703
3762.0,67.7584,44.408333,65.6357,71.426765
3762.5,67.75834,44.40845,65.636246,71.42653
3763.0,67.75828,44.40856,65.63681,71.42631
3763.5,67.758194,44.408653,65.63735,71.42605
3764.0,67.75808,44.40873,65.63788,71.42576
3764.5,67.75795,44.40879,65.63839,71.425476
3765.0,67.75783,44.40885,65.638916,71.42521
3765.5,67.75768,44.408894,65.639435,71.42493
3766.0,67.75752,44.408924,65.639946,71.42463
3766.5,67.75735,44.408943,65.64045,71.42433
3767.0,67.75716,44.40895,65.640945,71.424
3767.5,67.75697,44.408955,65.64144,71.42369
3768.0,67.756775,44.408955,65.64194,71.42336
3768.5,67.756584,44.408947,65.64243,71.423035
3769.0,67.756386,44.40893,65.64294,71.42271
3769.5,67.75618,44.40891,65.64343,71.42236
3770.0,67.75598,44.40889,65.643936,71.42204
3770.5,67.755775,44.40887,65.64444,71.42171
3771.0,67.75557,44.408844,65.644936,71.421364
3771.5,67.755356,44.408825,65.64544,71.42101
3772.0,67.755165,44.408817,65.64595,71.420685
3772.5,67.754974,44.408806,65.646454,71.42036
3773.0,67.75478,44.408802,65.646965,71.42004
3773.5,67.75459,44.408794,65.64747,71.41971
3774.0,67.75438,44.40878,65.64796,71.419365
3774.5,67.75416,44.40876,65.64844,71.41901
3775.0,67.753944,44.408737,65.64891,71.41864
3775.5,67.753716,44.408722,65.649376,71.41827
3776.0,67.75351,44.40872,65.64986,71.41792
3776.5,67.75331,44.408722,65.65034,71.417595
3777.0,67.75313,44.408733,65.65083,71.41729
3777.5,67.75295,44.40875,65.65134,71.417015
3778.0,67.75276,44.40875,65.651825,71.416695
3778.5,67.75256,44.408745,65.65231,71.41636
3779.0,67.752365,44.408737,65.6528,71.41601
3779.5,67.752174,44.408737,65.6533,71.415695
3780.0,67.751976,44.408722,65.653786,71.415344
3780.5,67.75178,44.408714,65.65428,71.41501
3781.0,67.7516,44.408722,65.65479,71.4147
3781.5,67.751434,44.408737,65.6553,71.4144
3782.0,67.75129,44.408768,65.655815,71.41412
3782.5,67.751144,44.408806,65.65634,71.41387
3783.0,67.751,44.40884,65.65687,71.413605
3783.5,67.750854,44.408875,65.65739,71.41335
3784.0,67.7507,44.4089,65.657906,71.41311
3784.5,67.75054,44.408928,65.65842,71.412834
3785.0,67.750374,44.408943,65.65891,71.41257
3785.5,67.7502,44.408962,65.65942,71.412285
3786.0,67.75002,44.40898,65.65991,71.411995
3786.5,67.74987,44.40901,65.66042,71.41176
3787.0,67.7497,44.40904,65.66093,71.4115
3787.5,67.74955,44.409073,65.661446,71.41125
3788.0,67.74941,44.40912,65.661964,71.41102
3788.5,67.749275,44.40916,65.66248,71.41078
3789.0,67.74913,44.4092,65.662994,71.41052
3789.5,67.748985,44.409237,65.66351,71.41026
3790.0,67.74885,44.40927,65.66403,71.41001
3790.5,67.74871,44.4093,65.66456,71.40977
3791.0,67.74856,44.40932,65.66508,71.40951
3791.5,67.748405,44.409336,65.665596,71.40925
3792.0,67.74824,44.409344,65.666115,71.40899
3792.5,67.74807,44.40935,65.66663,71.40874
3793.0,67.74791,44.409363,65.66715,71.40849
3793.5,67.747734,44.409374,65.667656,71.40822
3794.0,67.74757,44.40939,65.66817,71.40796
3794.5,67.747406,44.409412,65.66866,71.407684
3795.0,67.74726,44.40945,65.66917,71.40743
3795.5,67.74711,44.409496,65.66967,71.407166
3796.0,67.74697,44.40955,65.67017,71.40692
3796.5,67.74686,44.409615,65.67069,71.40671
3797.0,67.74672,44.40967,65.67121,71.406494
3797.5,67.74659,44.40972,65.67173,71.40629
3798.0,67.74644,44.409756,65.67224,71.40605
3798.5,67.746284,44.409782,65.67275,71.40582
3799.0,67.746124,44.409798,65.67327,71.40558
3799.5,67.74595,44.409805,65.673775,71.40532
3800.0,67.745766,44.409805,65.67428,71.405045
3800.5,67.74559,44.409805,65.674774,71.40476
3801.0,67.745415,44.40981,65.675285,71.40449
3801.5,67.74525,44.409813,65.6758,71.40423
3802.0,67.74508,44.409824,65.67631,71.40398
3802.5,67.7449,44.40983,65.67682,71.40373
3803.0,67.74474,44.40984,65.677345,71.40352
3803.5,67.74457,44.40984,65.67786,71.40328
3804.0,67.744385,44.409836,65.67836,71.40303
3804.5,67.7442,44.40983,65.678856,71.40278
3805.0,67.74402,44.40983,65.679344,71.40253
3805.5,67.74383,44.409824,65.67984,71.40226
3806.0,67.743645,44.40983,65.68033,71.402
3806.5,67.74348,44.409847,65.68083,71.40177
3807.0,67.74332,44.40987,65.681335,71.40155
3807.5,67.74315,44.409893,65.68185,71.40131
3808.0,67.74299,44.409916,65.68236,71.4011
3808.5,67.74282,44.40993,65.68286,71.40085
3809.0,67.74267,44.40996,65.68338,71.40064
3809.5,67.74252,44.40999,65.6839,71.40042
3810.0,67.74237,44.41001,65.68442,71.4002
3810.5,67.742226,44.410034,65.68494,71.39999
3811.0,67.742065,44.410057,65.685455,71.39976
3811.5,67.74189,44.410065,65.68596,71.39948
3812.0,67.74174,44.410088,65.68648,71.39927
3812.5,67.74156,44.4101,65.68697,71.39901
3813.0,67.74138,44.410103,65.68748,71.39876
3813.5,67.74121,44.41011,65.68798,71.39852
3814.0,67.74103,44.410114,65.68848,71.39828
3814.5,67.74085,44.410114,65.688965,71.398026
3815.0,67.74067,44.410122,65.68945,71.39779
3815.5,67.74049,44.410126,65.68994,71.397545
3816.0,67.74032,44.41013,65.69044,71.3973
3816.5,67.740135,44.410137,65.690926,71.39705
3817.0,67.73997,44.410152,65.69142,71.39682
3817.5,67.739815,44.41018,65.69193,71.3966
3818.0,67.73967,44.41022,65.692444,71.3964
3818.5,67.73955,44.410275,65.69296,71.3962
3819.0,67.739456,44.41035,65.6935,71.39605
3819.5,67.73939,44.410454,65.69403,71.39589
3820.0,67.73935,44.410587,65.69459,71.39577
3820.5,67.73933,44.410736,65.695145,71.39565
3821.0,67.73932,44.410896,65.69571,71.39556
3821.5,67.739334,44.41107,65.69628,71.39549
3822.0,67.73936,44.41126,65.69686,71.39545
3822.5,67.739395,44.41145,65.69744,71.39542
3823.0,67.73941,44.41164,65.69801,71.39535
3823.5,67.739426,44.411823,65.69857,71.39528
3824.0,67.73945,44.41201,65.69913,71.39521
3824.5,67.73947,44.4122,65.69969,71.39514
3825.0,67.73949,44.412388,65.70024,71.39504
3825.5,67.73952,44.41259,65.700806,71.39499
3826.0,67.73954,44.41279,65.70136,71.39491
3826.5,67.73957,44.41299,65.70192,71.39485
3827.0,67.7396,44.413193,65.702484,71.3948
3827.5,67.739624,44.413395,65.70305,71.394714
3828.0,67.739655,44.41359,65.70361,71.39466
3828.5,67.73967,44.41378,65.70418,71.3946
3829.0,67.73969,44.413967,65.70474,71.39453
3829.5,67.73969,44.414146,65.70531,71.39444
3830.0,67.73969,44.414318,65.705864,71.39436
3830.5,67.7397,44.41449,65.70643,71.39429
3831.0,67.73969,44.414654,65.706985,71.39419
3831.5,67.73969,44.414825,65.70755,71.39412
3832.0,67.739685,44.41499,65.70811,71.39403
3832.5,67.73968,44.415157,65.70866,71.39393
3833.0,67.73966,44.41532,65.70919,71.39381
3833.5,67.73965,44.41548,65.709724,71.39368
3834.0,67.73964,44.41565,65.71026,71.39356
3834.5,67.73962,44.415813,65.710785,71.39343
3835.0,67.73961,44.415985,65.7113,71.393295
3835.5,67.7396,44.41617,65.71183,71.39316
3836.0,67.73961,44.416367,65.71237,71.39306
3836.5,67.73963,44.41657,65.71292,71.392975
3837.0,67.73966,44.416775,65.71348,71.3929
3837.5,67.73969,44.41698,65.714035,71.392845
3838.0,67.739716,44.41718,65.71459,71.39277
3838.5,67.739746,44.417374,65.71515,71.3927
3839.0,67.73979,44.41758,65.71572,71.39267
3839.5,67.73984,44.417797,65.7163,71.39264
3840.0,67.7399,44.41802,65.71689,71.39262
3840.5,67.73996,44.418247,65.71747,71.3926
3841.0,67.74002,44.418472,65.718056,71.39258
3841.5,67.740074,44.41869,65.718636,71.39254
3842.0,67.74011,44.4189,65.71919,71.39248
3842.5,67.740135,44.419098,65.71975,71.3924
3843.0,67.74016,44.419296,65.7203,71.39232
3843.5,67.74018,44.41949,65.72084,71.39224
3844.0,67.740204,44.41969,65.721375,71.39215
3844.5,67.740234,44.419895,65.72192,71.39208
3845.0,67.74027,44.420113,65.722466,71.39201
3845.5,67.74034,44.42035,65.72303,71.39198
3846.0,67.740425,44.420605,65.72361,71.39198
3846.5,67.74052,44.42087,65.7242,71.392
3847.0,67.740616,44.42114,65.72478,71.39201
3847.5,67.740746,44.42142,65.72538,71.39207
3848.0,67.74086,44.4217,65.725975,71.392105
3848.5,67.740974,44.42197,65.72657,71.39214
3849.0,67.74107,44.422234,65.72716,71.39214
3849.5,67.74117,44.422493,65.72775,71.392166
3850.0,67.741264,44.42274,65.72834,71.39218
3850.5,67.741356,44.42299,65.728935,71.39219
3851.0,67.741425,44.423225,65.729515,71.39218
3851.5,67.741486,44.423454,65.730095,71.39216
3852.0,67.74155,44.42368,65.73066,71.39212
3852.5,67.74159,44.423897,65.731224,71.392075
3853.0,67.74164,44.424114,65.73177,71.39202
3853.5,67.741684,44.424328,65.73232,71.39195
3854.0,67.741714,44.42454,65.732864,71.39188
3854.5,67.74176,44.424767,65.73341,71.391815
3855.0,67.74181,44.425,65.73396,71.39177
3855.5,67.74189,44.425243,65.73452,71.39174
3856.0,67.74197,44.425495,65.73509,71.391716
3856.5,67.74204,44.42575,65.73566,71.39169
3857.0,67.74213,44.426006,65.73623,71.39169
3857.5,67.74222,44.42626,65.73681,71.391716
3858.0,67.7423,44.426514,65.73738,71.39172
3858.5,67.74238,44.426758,65.73796,71.39172
3859.0,67.74245,44.426994,65.73853,71.391716
3859.5,67.74252,44.42723,65.73911,71.3917
3860.0,67.742584,44.42746,65.73969,71.39169
3860.5,67.742645,44.427685,65.740265,71.39168
3861.0,67.74269,44.4279,65.74083,71.39165
3861.5,67.74274,44.42811,65.74139,71.39161
3862.0,67.74277,44.428307,65.74194,71.391556
3862.5,67.742775,44.42849,65.74248,71.39148
3863.0,67.742775,44.42867,65.743004,71.39137
3863.5,67.74278,44.42885,65.74354,71.39128
3864.0,67.74279,44.429035,65.74406,71.391174
3864.5,67.7428,44.429226,65.74459,71.39109
3865.0,67.74282,44.42942,65.745125,71.391014
3865.5,67.74285,44.42963,65.745674,71.390976
3866.0,67.74289,44.42984,65.74622,71.39093
3866.5,67.74293,44.430058,65.74678,71.3909
3867.0,67.74296,44.43027,65.74733,71.390854
3867.5,67.74301,44.43049,65.7479,71.390854
3868.0,67.74304,44.430687,65.74846,71.39082
3868.5,67.74307,44.43089,65.74902,71.390816
3869.0,67.743095,44.431072,65.74959,71.39078
3869.5,67.743095,44.431244,65.75014,71.39073
3870.0,67.74309,44.431404,65.75069,71.390656
3870.5,67.74306,44.431545,65.75123,71.39056
3871.0,67.74301,44.43168,65.751755,71.39044
3871.5,67.74296,44.431797,65.75227,71.39032
3872.0,67.7429,44.431908,65.75278,71.390175
3872.5,67.74282,44.43201,65.75328,71.390015
3873.0,67.742744,44.43211,65.75378,71.389854
3873.5,67.74265,44.432198,65.754265,71.38968
3874.0,67.74256,44.432293,65.75475,71.3895
3874.5,67.74247,44.432384,65.75524,71.38932
3875.0,67.742386,44.432487,65.755745,71.389175
3875.5,67.74231,44.4326,65.75625,71.38903
3876.0,67.74225,44.43272,65.75677,71.388916
3876.5,67.74221,44.432854,65.7573,71.38885
3877.0,67.74217,44.43299,65.75782,71.388756
3877.5,67.74214,44.433136,65.75836,71.38869
3878.0,67.74212,44.433285,65.7589,71.388626
3878.5,67.74209,44.433437,65.759445,71.388565
3879.0,67.74206,44.43358,65.75997,71.38847
3879.5,67.742035,44.433723,65.76051,71.38841
3880.0,67.742004,44.433865,65.76106,71.388336
3880.5,67.74196,44.433994,65.76159,71.388245
3881.0,67.741905,44.434113,65.76211,71.388115
3881.5,67.741844,44.434227,65.76262,71.387985
3882.0,67.741776,44.434322,65.76312,71.38783
3882.5,67.74169,44.434418,65.76361,71.387665
3883.0,67.7416,44.4345,65.76409,71.387474
3883.5,67.74151,44.434593,65.76458,71.3873
3884.0,67.74146,44.43472,65.76508,71.38718
3884.5,67.74143,44.434868,65.765594,71.38706
3885.0,67.741425,44.435036,65.76612,71.386986
3885.5,67.74145,44.435234,65.76666,71.386955
3886.0,67.741486,44.43544,65.76721,71.38693
3886.5,67.74155,44.43567,65.76777,71.38694
3887.0,67.741615,44.4359,65.76834,71.38698
3887.5,67.74169,44.436134,65.76891,71.38702
3888.0,67.74175,44.43636,65.76948,71.38701
3888.5,67.74182,44.43659,65.77005,71.387024
3889.0,67.74189,44.436817,65.770615,71.38702
3889.5,67.74196,44.43705,65.77119,71.38703
3890.0,67.74202,44.43727,65.77174,71.38702
3890.5,67.74208,44.43749,65.772316,71.38702
3891.0,67.74212,44.437695,65.77286,71.386986
3891.5,67.74214,44.43788,65.773384,71.38691
3892.0,67.74214,44.43806,65.773895,71.386795
3892.5,67.74216,44.43824,65.774414,71.3867
3893.0,67.74216,44.43841,65.77493,71.386604
3893.5,67.74216,44.438587,65.775444,71.386505
3894.0,67.74216,44.438755,65.775955,71.386406
3894.5,67.74216,44.438927,65.776474,71.38633
3895.0,67.74217,44.439114,65.777,71.386284
3895.5,67.74221,44.439312,65.77755,71.38627
3896.0,67.74225,44.439514,65.77809,71.38625
3896.5,67.74228,44.43971,65.77864,71.38623
3897.0,67.7423,44.4399,65.77918,71.386215
3897.5,67.74233,44.440098,65.77975,71.386215
3898.0,67.74237,44.440292,65.780304,71.38622
3898.5,67.74239,44.440475,65.78086,71.38621
3899.0,67.74241,44.440643,65.78141,71.386185
3899.5,67.74239,44.440796,65.781944,71.386116
3900.0,67.74236,44.440933,65.78247,71.386024
3900.5,67.74232,44.441055,65.78298,71.3859
3901.0,67.74225,44.441162,65.78348,71.38575
3901.5,67.74217,44.441257,65.783966,71.38559
3902.0,67.74209,44.441345,65.78445,71.38542
3902.5,67.742035,44.44145,65.784935,71.38528
3903.0,67.74198,44.44157,65.78543,71.38514
3903.5,67.74196,44.441715,65.785934,71.38503
3904.0,67.741936,44.441868,65.78643,71.38491
3904.5,67.74194,44.44204,65.78695,71.384834
3905.0,67.74196,44.442226,65.787476,71.38477
3905.5,67.742,44.442432,65.78801,71.38474
3906.0,67.74206,44.442657,65.78857,71.38474
3906.5,67.74213,44.44289,65.78912,71.38477
3907.0,67.7422,44.443123,65.78969,71.384796
3907.5,67.74228,44.44336,65.790245,71.384796
3908.0,67.74235,44.443596,65.7908,71.38481
3908.5,67.74242,44.443832,65.79136,71.38481
3909.0,67.74249,44.444065,65.79192,71.38481
3909.5,67.74255,44.444286,65.79248,71.3848
3910.0,67.74261,44.4445,65.79302,71.38477
3910.5,67.74265,44.444706,65.79356,71.38473
3911.0,67.74269,44.44491,65.79408,71.38468
3911.5,67.742714,44.44509,65.7946,71.38459
3912.0,67.74272,44.445267,65.7951,71.38447
3912.5,67.74272,44.44544,65.79559,71.384346
3913.0,67.742714,44.445606,65.79608,71.3842
3913.5,67.74272,44.445786,65.79658,71.38407
3914.0,67.74275,44.445988,65.79709,71.38399
3914.5,67.74281,44.446213,65.79762,71.38396
3915.0,67.74289,44.44645,65.798164,71.38394
3915.5,67.743,44.44671,65.79872,71.38397
3916.0,67.743095,44.446964,65.79927,71.38397
3916.5,67.743195,44.447227,65.79983,71.38399
3917.0,67.7433,44.447495,65.800385,71.38401
3917.5,67.743416,44.44776,65.80095,71.38406
3918.0,67.74353,44.44803,65.80153,71.38411
3918.5,67.74365,44.448296,65.80209,71.38416
3919.0,67.74375,44.44855,65.802666,71.384186
3919.5,67.74383,44.448788,65.80321,71.384155
3920.0,67.74389,44.449005,65.80374,71.38411
3920.5,67.74391,44.4492,65.80425,71.38401
3921.0,67.74393,44.44938,65.804756,71.3839
3921.5,67.74392,44.44954,65.805244,71.383766
3922.0,67.743904,44.44969,65.805725,71.38361
3922.5,67.74389,44.44984,65.806206,71.38346
3923.0,67.743866,44.449997,65.80669,71.38331
3923.5,67.74386,44.450157,65.80717,71.38316
3924.0,67.743866,44.45034,65.80767,71.38306
3924.5,67.743904,44.450535,65.80818,71.38297
3925.0,67.74396,44.450752,65.808716,71.38294
3925.5,67.74403,44.450985,65.80926,71.382935
3926.0,67.744125,44.451225,65.80981,71.38295
3926.5,67.74422,44.451466,65.810356,71.382965
3927.0,67.7443,44.451706,65.810905,71.38298
3927.5,67.74439,44.45195,65.81146,71.383
3928.0,67.744484,44.452187,65.81201,71.383026
3928.5,67.74457,44.452423,65.81257,71.38303
3929.0,67.74463,44.45264,65.81311,71.38302
3929.5,67.744675,44.45284,65.81364,71.382965
3930.0,67.74469,44.453014,65.81414,71.382866
3930.5,67.74468,44.453167,65.81464,71.38274
3931.0,67.74465,44.4533,65.81512,71.38256
3931.5,67.744606,44.453415,65.815575,71.38237
3932.0,67.74457,44.453533,65.81604,71.38218
3932.5,67.74452,44.453655,65.816505,71.38199
3933.0,67.74446,44.45377,65.816956,71.38179
3933.5,67.74441,44.453884,65.81742,71.38161
3934.0,67.744354,44.453995,65.8179,71.38145
3934.5,67.7443,44.454105,65.818375,71.381294
3935.0,67.74424,44.454212,65.81885,71.38113
3935.5,67.74419,44.454327,65.81932,71.380974
3936.0,67.74414,44.45446,65.8198,71.380806
3936.5,67.74413,44.454613,65.8203,71.38069
3937.0,67.74415,44.45479,65.820816,71.38062
3937.5,67.74418,44.454975,65.821335,71.38058
3938.0,67.74422,44.455166,65.82187,71.38055
3938.5,67.74424,44.455345,65.82239,71.38048
3939.0,67.74427,44.45552,65.82291,71.38041
3939.5,67.74427,44.45568,65.8234,71.380295
3940.0,67.744255,44.455822,65.8239,71.38016
3940.5,67.74422,44.45594,65.824356,71.379974
3941.0,67.744156,44.456047,65.824814,71.37976
3941.5,67.74409,44.456142,65.82526,71.37952
3942.0,67.74401,44.45623,65.82569,71.379265
3942.5,67.74395,44.456333,65.82613,71.37904
3943.0,67.74389,44.456436,65.82658,71.37881
3943.5,67.74386,44.456562,65.82704,71.378624
3944.0,67.743835,44.456703,65.82751,71.37845
3944.5,67.74383,44.45686,65.82799,71.37831
3945.0,67.74384,44.45703,65.82849,71.37822
3945.5,67.743866,44.457203,65.828995,71.378136
3946.0,67.74389,44.457375,65.8295,71.37805
3946.5,67.7439,44.457542,65.83,71.37797
3947.0,67.7439,44.457703,65.83051,71.37788
3947.5,67.7439,44.457855,65.831024,71.3778
3948.0,67.74389,44.457996,65.83153,71.3777
3948.5,67.74385,44.458122,65.83201,71.377556
3949.0,67.743805,44.458233,65.83248,71.3774
3949.5,67.74374,44.458317,65.83294,71.377205
3950.0,67.743645,44.458374,65.83339,71.376976
3950.5,67.7435,44.458397,65.8338,71.37668
3951.0,67.74334,44.458397,65.8342,71.37634
3951.5,67.74315,44.45838,65.83458,71.37597
3952.0,67.74298,44.45837,65.834984,71.37563
3952.5,67.742805,44.458363,65.83538,71.37529
3953.0,67.74263,44.458355,65.83578,71.37496
3953.5,67.74248,44.458363,65.83619,71.37465
3954.0,67.74233,44.458378,65.83661,71.37436
3954.5,67.742195,44.45841,65.837036,71.37411
3955.0,67.74209,44.458454,65.83749,71.37389
3955.5,67.74198,44.458508,65.83793,71.37368
3956.0,67.7419,44.458584,65.8384,71.37352
3956.5,67.74182,44.45866,65.838875,71.37335
3957.0,67.741745,44.45874,65.83935,71.37319
3957.5,67.74166,44.458817,65.839806,71.37301
3958.0,67.741554,44.458874,65.84026,71.3728
3958.5,67.74143,44.45891,65.8407,71.37255
3959.0,67.74128,44.458927,65.84112,71.37226
3959.5,67.74112,44.458927,65.84153,71.37196
3960.0,67.74095,44.45892,65.841934,71.37164
3960.5,67.74076,44.45889,65.842316,71.37128
3961.0,67.74056,44.45885,65.8427,71.370895
3961.5,67.74034,44.4588,65.843056,71.37048
3962.0,67.74014,44.458755,65.84343,71.37011
3962.5,67.73994,44.45871,65.84381,71.36973
3963.0,67.73973,44.45867,65.84419,71.369354
3963.5,67.73954,44.45865,65.844574,71.368996
3964.0,67.73937,44.458645,65.844986,71.36869
3964.5,67.73923,44.458656,65.8454,71.3684
3965.0,67.73909,44.45869,65.84581,71.36813
3965.5,67.73899,44.45875,65.84626,71.36793
3966.0,67.738914,44.458828,65.84672,71.36775
3966.5,67.738846,44.458916,65.84719,71.36761
3967.0,67.73877,44.458992,65.84766,71.367424
3967.5,67.738686,44.459057,65.84811,71.367226
3968.0,67.73859,44.459114,65.84856,71.36701
3968.5,67.738464,44.459145,65.84899,71.36677
3969.0,67.73832,44.459152,65.8494,71.366486
3969.5,67.73814,44.459133,65.8498,71.36615
3970.0,67.737946,44.45909,65.850174,71.365776
3970.5,67.73773,44.459038,65.85054,71.36537
3971.0,67.73753,44.458992,65.85091,71.36498
3971.5,67.73735,44.458965,65.85128,71.36459
3972.0,67.73719,44.45896,65.85166,71.36425
3972.5,67.737045,44.45897,65.85206,71.363914
3973.0,67.73691,44.458992,65.85245,71.36357
3973.5,67.73679,44.45903,65.85285,71.363266
3974.0,67.736694,44.45909,65.85327,71.36298
3974.5,67.73661,44.459164,65.85368,71.3627
3975.0,67.73656,44.45927,65.85413,71.3625
3975.5,67.73654,44.4594,65.8546,71.36234
3976.0,67.736534,44.45954,65.855064,71.36219
3976.5,67.73655,44.4597,65.855545,71.362076
3977.0,67.73657,44.45987,65.85604,71.36199
3977.5,67.73659,44.46003,65.85652,71.36187
3978.0,67.73659,44.460182,65.856995,71.36173
3978.5,67.73659,44.46032,65.85745,71.361565
3979.0,67.73656,44.46044,65.857895,71.36137
3979.5,67.73653,44.46055,65.85833,71.36114
3980.0,67.73646,44.460632,65.858734,71.36085
3980.5,67.7364,44.46072,65.859146,71.360565
3981.0,67.73632,44.460796,65.859535,71.360245
3981.5,67.73625,44.460876,65.85994,71.35993
3982.0,67.73618,44.46096,65.860344,71.35964
3982.5,67.73612,44.46105,65.86075,71.359344
3983.0,67.73606,44.461143,65.86116,71.35906
3983.5,67.736015,44.461243,65.86158,71.35881
3984.0,67.73596,44.46135,65.86201,71.35856
3984.5,67.73592,44.46146,65.862434,71.35833
3985.0,67.7359,44.461582,65.862885,71.35813
3985.5,67.73588,44.46171,65.863335,71.35796
3986.0,67.73587,44.461845,65.86379,71.35781
3986.5,67.735855,44.46198,65.86426,71.35766
3987.0,67.73584,44.462105,65.864716,71.3575
3987.5,67.73582,44.462223,65.86518,71.357346
3988.0,67.73575,44.462307,65.865616,71.35711
3988.5,67.735664,44.462376,65.86603,71.35684
3989.0,67.73557,44.46243,65.86643,71.35656
3989.5,67.73544,44.462452,65.86681,71.35621
3990.0,67.7353,44.46246,65.86718,71.35584
3990.5,67.73513,44.46245,65.86754,71.35545
3991.0,67.73494,44.462418,65.86788,71.35504
3991.5,67.73473,44.462376,65.868225,71.35459
3992.0,67.73453,44.462334,65.868576,71.35418
3992.5,67.73433,44.462288,65.868935,71.35378
3993.0,67.734146,44.46225,65.8693,71.35341
3993.5,67.73397,44.462223,65.869675,71.353065
3994.0,67.73378,44.462196,65.87005,71.3527
3994.5,67.73364,44.4622,65.870445,71.3524
3995.0,67.733505,44.462215,65.87085,71.35212
3995.5,67.733376,44.462242,65.87126,71.35185
3996.0,67.73326,44.462273,65.87168,71.351585
3996.5,67.73315,44.46231,65.8721,71.35135
3997.0,67.73303,44.46235,65.87253,71.35111
3997.5,67.73291,44.462376,65.87295,71.350876
3998.0,67.73277,44.462387,65.87336,71.3506
3998.5,67.732605,44.462368,65.87374,71.35027
3999.0,67.73243,44.462337,65.874115,71.34992
3999.5,67.73225,44.462307,65.874466,71.34955
4000.0,67.73206,44.462273,65.874825,71.34916
4000.5,67.73188,44.462246,65.875175,71.34876
4001.0,67.731705,44.462223,65.87553,71.348366
4001.5,67.73154,44.46221,65.87588,71.34796
4002.0,67.73138,44.462204,65.87623,71.347565
4002.5,67.731255,44.462223,65.87662,71.34725
4003.0,67.73114,44.46225,65.877,71.34694
4003.5,67.731026,44.462284,65.87739,71.34663
4004.0,67.73094,44.462337,65.8778,71.346375
4004.5,67.730865,44.462402,65.87821,71.34613
4005.0,67.73078,44.46247,65.878624,71.34589
4005.5,67.73073,44.462555,65.87906,71.34569
4006.0,67.73069,44.46265,65.87951,71.34552
4006.5,67.730644,44.46274,65.879944,71.345345
4007.0,67.73057,44.46281,65.88038,71.34514
4007.5,67.730484,44.462864,65.8808,71.344925
4008.0,67.73036,44.462883,65.881195,71.344635
4008.5,67.73022,44.462887,65.88158,71.344315
4009.0,67.73006,44.46288,65.881935,71.343956
4009.5,67.72989,44.462864,65.882286,71.34358
4010.0,67.72973,44.462856,65.882645,71.343216
4010.5,67.72957,44.462852,65.883,71.342834
4011.0,67.72943,44.462856,65.88338,71.34251
4011.5,67.7293,44.462868,65.88374,71.34217
4012.0,67.72917,44.462887,65.88411,71.34183
4012.5,67.729065,44.46292,65.8845,71.34153
4013.0,67.72898,44.462975,65.8849,71.34127
4013.5,67.7289,44.463028,65.88531,71.34101
4014.0,67.72883,44.463097,65.88572,71.34077
4014.5,67.728775,44.463184,65.88614,71.340546
4015.0,67.72874,44.463287,65.88657,71.34036
4015.5,67.728714,44.463394,65.88701,71.34018
4016.0,67.728676,44.463505,65.887436,71.33997
4016.5,67.72864,44.46361,65.88787,71.339775
4017.0,67.7286,44.46371,65.8883,71.33957
4017.5,67.72854,44.46379,65.88872,71.339355
4018.0,67.72846,44.463856,65.889114,71.3391
4018.5,67.72837,44.4639,65.88951,71.33885
4019.0,67.728264,44.463936,65.88989,71.338554
4019.5,67.728134,44.463955,65.89027,71.33823
4020.0,67.728004,44.463966,65.890625,71.337875
4020.5,67.72787,44.463974,65.89099,71.33753
4021.0,67.72773,44.463985,65.89136,71.3372
4021.5,67.7276,44.464,65.89172,71.33687
4022.0,67.727486,44.464027,65.8921,71.33654
4022.5,67.72738,44.464066,65.89248,71.336235
4023.0,67.727295,44.464115,65.89287,71.33596
4023.5,67.727234,44.464188,65.89329,71.33575
4024.0,67.72719,44.464268,65.89371,71.33555
4024.5,67.72716,44.464367,65.89414,71.33537
4025.0,67.72715,44.46448,65.8946,71.33525
4025.5,67.727135,44.464596,65.89504,71.33511
4026.0,67.727104,44.464703,65.89548,71.33494
4026.5,67.72708,44.46481,65.89592,71.334785
4027.0,67.727036,44.464905,65.89635,71.334595
4027.5,67.72697,44.464977,65.89675,71.334366
4028.0,67.72689,44.465034,65.89715,71.33413
4028.5,67.7268,44.465076,65.89754,71.33387
4029.0,67.72667,44.465096,65.897896,71.33354
4029.5,67.72653,44.4651,65.89825,71.33319
4030.0,67.7264,44.46511,65.898605,71.332855
4030.5,67.726265,44.465115,65.898964,71.33252
4031.0,67.72612,44.465107,65.899315,71.332184
4031.5,67.72595,44.465084,65.89967,71.331825
4032.0,67.72579,44.465057,65.900024,71.33148
4032.5,67.72562,44.465034,65.90038,71.331116
4033.0,67.72547,44.465034,65.90075,71.3308
4033.5,67.72535,44.465054,65.90112,71.3305
4034.0,67.72526,44.4651,65.90153,71.33026
4034.5,67.72519,44.465168,65.90193,71.33004
4035.0,67.72514,44.46526,65.90236,71.329865
4035.5,67.725105,44.465363,65.902794,71.3297
4036.0,67.725075,44.465473,65.90323,71.32954
4036.5,67.725044,44.465576,65.903656,71.329384
4037.0,67.725,44.465668,65.904076,71.32919
4037.5,67.72492,44.46574,65.90447,71.328964
4038.0,67.72484,44.465794,65.904854,71.328705
4038.5,67.72475,44.46584,65.905235,71.32844
4039.0,67.72463,44.465874,65.905594,71.32812
4039.5,67.724525,44.465904,65.90596,71.327805
4040.0,67.724434,44.465942,65.906334,71.32752
4040.5,67.72432,44.465977,65.9067,71.327225
4041.0,67.724236,44.46602,65.90708,71.32694
4041.5,67.724144,44.466064,65.90746,71.32667
4042.0,67.724075,44.46612,65.90787,71.32643
4042.5,67.724014,44.466183,65.908264,71.3262
4043.0,67.72397,44.466263,65.90868,71.32603
4043.5,67.72392,44.46635,65.909096,71.32582
4044.0,67.72391,44.466457,65.90953,71.32567
4044.5,67.7239,44.466576,65.90997,71.32554
4045.0,67.7239,44.466698,65.910416,71.325424
4045.5,67.7239,44.46682,65.91087,71.325325
4046.0,67.723885,44.46693,65.91131,71.325195
4046.5,67.723854,44.467033,65.911736,71.32505
4047.0,67.72381,44.46712,65.912155,71.32488
4047.5,67.72374,44.46719,65.91256,71.32468
4048.0,67.723656,44.467243,65.91294,71.32444
4048.5,67.72356,44.467278,65.913315,71.32416
4049.0,67.72343,44.467308,65.913666,71.32384
4049.5,67.72331,44.46733,65.91402,71.32352
4050.0,67.7232,44.467358,65.91438,71.32321
4050.5,67.72308,44.46738,65.91474,71.32291
4051.0,67.72296,44.4674,65.91511,71.32261
4051.5,67.72284,44.467415,65.915474,71.3223
4052.0,67.72272,44.46743,65.91584,71.322014
4052.5,67.72258,44.46743,65.916214,71.32172
4053.0,67.72245,44.467438,65.916595,71.32145
4053.5,67.722336,44.46745,65.91698,71.321205
4054.0,67.7222,44.467457,65.917366,71.32095
4054.5,67.72208,44.46747,65.91776,71.32072
4055.0,67.72195,44.467484,65.91815,71.32049
4055.5,67.72182,44.467487,65.91856,71.32027
4056.0,67.721664,44.46748,65.91894,71.32002
4056.5,67.72149,44.467453,65.919304,71.31974
4057.0,67.72131,44.467415,65.91967,71.31946
4057.5,67.72111,44.46736,65.92001,71.31914
4058.0,67.720894,44.467293,65.92035,71.3188
4058.5,67.720665,44.46721,65.92068,71.31841
4059.0,67.72043,44.46712,65.92099,71.318016
4059.5,67.72021,44.467052,65.92131,71.317635
4060.0,67.72002,44.467007,65.921646,71.31727
4060.5,67.71986,44.466988,65.92199,71.316925
4061.0,67.71972,44.466988,65.92235,71.31662
4061.5,67.719604,44.467007,65.92272,71.31635
4062.0,67.719505,44.467045,65.9231,71.31611
4062.5,67.71943,44.4671,65.92349,71.31589
4063.0,67.71936,44.467163,65.92389,71.315674
4063.5,67.71931,44.467247,65.9243,71.315475
4064.0,67.71929,44.467354,65.924736,71.315346
4064.5,67.71928,44.467464,65.92516,71.315216
4065.0,67.71926,44.46758,65.9256,71.315094
4065.5,67.719246,44.467693,65.926025,71.31497
4066.0,67.71922,44.467804,65.92645,71.31484
4066.5,67.71918,44.467896,65.92686,71.314674
4067.0,67.71912,44.46797,65.927246,71.31449
4067.5,67.71904,44.46804,65.92763,71.31428
4068.0,67.718956,44.468086,65.92801,71.31403
4068.5,67.71882,44.468105,65.92836,71.313736
4069.0,67.71867,44.4681,65.9287,71.31342
4069.5,67.71851,44.468086,65.92905,71.31311
4070.0,67.71834,44.468056,65.92939,71.31278
4070.5,67.71816,44.46802,65.92973,71.31247
4071.0,67.71799,44.467983,65.93009,71.31218
4071.5,67.71781,44.467945,65.93044,71.31187
4072.0,67.71765,44.46792,65.93081,71.31159
4072.5,67.717514,44.467907,65.93119,71.31136
4073.0,67.71738,44.4679,65.93158,71.31115
4073.5,67.717255,44.467903,65.93197,71.310936
4074.0,67.71713,44.46792,65.93237,71.310745
4074.5,67.71704,44.467953,65.93278,71.31059
4075.0,67.71695,44.467995,65.93319,71.31044
4075.5,67.71686,44.468037,65.9336,71.310295
4076.0,67.71674,44.46806,65.93399,71.310104
4076.5,67.71661,44.46807,65.934364,71.30989
4077.0,67.71647,44.46807,65.93473,71.30965
4077.5,67.716324,44.46807,65.9351,71.3094
4078.0,67.71618,44.468063,65.93545,71.30913
4078.5,67.71604,44.46807,65.9358,71.30885
4079.0,67.715904,44.468086,65.93615,71.30858
4079.5,67.715805,44.468124,65.936516,71.30834
4080.0,67.715706,44.468163,65.93689,71.3081
4080.5,67.715614,44.46821,65.93726,71.30788
4081.0,67.71554,44.46826,65.937645,71.30766
4081.5,67.71548,44.468327,65.938034,71.30747
4082.0,67.71543,44.468403,65.938446,71.30731
4082.5,67.71539,44.46849,65.93886,71.30717
4083.0,67.715385,44.4686,65.93929,71.30707
4083.5,67.715385,44.468723,65.93973,71.30698
4084.0,67.7154,44.46886,65.94017,71.30692
4084.5,67.715416,44.468998,65.94061,71.306854
4085.0,67.71542,44.46914,65.941055,71.30679
4085.5,67.71543,44.469276,65.94149,71.306725
4086.0,67.71543,44.46941,65.94192,71.30665
4086.5,67.715416,44.469532,65.94234,71.30655
4087.0,67.71539,44.469646,65.94273,71.30641
4087.5,67.71537,44.469757,65.94313,71.306274
4088.0,67.71534,44.469864,65.94353,71.30612
4088.5,67.71532,44.469975,65.943924,71.30597
4089.0,67.715294,44.47008,65.94433,71.30582
4089.5,67.71528,44.47019,65.94473,71.30568
4090.0,67.71526,44.4703,65.945145,71.30555
4090.5,67.715256,44.470413,65.94556,71.30543
4091.0,67.71525,44.470535,65.94598,71.305305
4091.5,67.715256,44.47066,65.946396,71.30519
4092.0,67.71527,44.470795,65.94682,71.3051
4092.5,67.71529,44.470943,65.94725,71.30501
4093.0,67.71531,44.471096,65.947685,71.30493
4093.5,67.71535,44.471264,65.948135,71.30488
4094.0,67.71539,44.47144,65.948586,71.304855
4094.5,67.71544,44.471615,65.94904,71.30484
4095.0,67.715485,44.471786,65.94949,71.304825
4095.5,67.7155,44.47194,65.94993,71.30477
4096.0,67.7155,44.47208,65.95035,71.30468
4096.5,67.71549,44.47221,65.95075,71.304565
4097.0,67.71548,44.472332,65.951164,71.304474
4097.5,67.71544,44.47243,65.95155,71.30432
4098.0,67.715385,44.472527,65.951935,71.304146
4098.5,67.71533,44.47262,65.95232,71.30397
4099.0,67.71528,44.472706,65.9527,71.30379
4099.5,67.715225,44.472794,65.95308,71.3036
4100.0,67.715195,44.472893,65.953476,71.30345
4100.5,67.71517,44.472996,65.95388,71.30333
4101.0,67.71516,44.473103,65.95429,71.30321
4101.5,67.71514,44.473213,65.954704,71.303085
4102.0,67.71513,44.47333,65.955124,71.30299
4102.5,67.715126,44.473457,65.95556,71.30291
4103.0,67.71514,44.473595,65.95599,71.30286
4103.5,67.71516,44.47374,65.956436,71.30281
4104.0,67.71518,44.47389,65.95688,71.30277
4104.5,67.7152,44.474045,65.95733,71.30275
4105.0,67.715225,44.474197,65.95776,71.30271
4105.5,67.71524,44.474346,65.95819,71.302666
4106.0,67.71525,44.47449,65.95861,71.30262
4106.5,67.71527,44.474636,65.95904,71.30257
4107.0,67.71527,44.474773,65.95945,71.30248
4107.5,67.71528,44.47492,65.95986,71.30241
4108.0,67.71528,44.47506,65.96027,71.30232
4108.5,67.71529,44.475204,65.96068,71.30222
4109.0,67.7153,44.47535,65.9611,71.30214
4109.5,67.7153,44.475487,65.96151,71.30205
4110.0,67.7153,44.475613,65.96192,71.30194
4110.5,67.71529,44.475727,65.96234,71.30184
4111.0,67.71526,44.47583,65.96275,71.30174
4111.5,67.71525,44.475937,65.96317,71.30167
4112.0,67.71523,44.476048,65.9636,71.301605
4112.5,67.715225,44.476162,65.964035,71.30155
4113.0,67.715225,44.47629,65.96448,71.30152
4113.5,67.71524,44.476425,65.96493,71.3015
4114.0,67.71525,44.47656,65.96536,71.301476
4114.5,67.71525,44.476692,65.965805,71.30144
4115.0,67.71525,44.47682,65.96623,71.30139
4115.5,67.71523,44.476944,65.966644,71.30132
4116.0,67.7152,44.47705,65.96706,71.30124
4116.5,67.715164,44.477146,65.96745,71.30114
4117.0,67.71509,44.477226,65.967834,71.30099
4117.5,67.71502,44.477295,65.968216,71.30085
4118.0,67.71492,44.47735,65.96858,71.30067
4118.5,67.714836,44.4774,65.96896,71.30051
4119.0,67.71474,44.477448,65.969345,71.30034
4119.5,67.71464,44.47748,65.96973,71.30017
4120.0,67.71453,44.47751,65.9701,71.3
4120.5,67.71443,44.47754,65.97048,71.29985
4121.0,67.71433,44.477577,65.97087,71.29971
4121.5,67.71424,44.477615,65.971275,71.29959
4122.0,67.714165,44.47766,65.97169,71.2995
4122.5,67.71408,44.477707,65.9721,71.2994
4123.0,67.71399,44.477745,65.9725,71.2993
4123.5,67.71388,44.47778,65.9729,71.29919
4124.0,67.713776,44.47781,65.9733,71.29906
4124.5,67.71366,44.47783,65.97369,71.298935
4125.0,67.71353,44.477837,65.97407,71.29879
4125.5,67.71337,44.477833,65.97443,71.2986
4126.0,67.71323,44.47783,65.974785,71.298416
4126.5,67.71308,44.477833,65.97515,71.29823
4127.0,67.71295,44.477844,65.9755,71.29804
4127.5,67.71285,44.477882,65.97588,71.2979
4128.0,67.71278,44.477947,65.97627,71.29778
4128.5,67.712746,44.47804,65.97668,71.29768
4129.0,67.712715,44.478146,65.97708,71.29761
4129.5,67.71271,44.478264,65.97749,71.29753
4130.0,67.71272,44.478405,65.97792,71.2975
4130.5,67.71276,44.47856,65.97836,71.29749
4131.0,67.71281,44.47872,65.978806,71.29749
4131.5,67.71285,44.47889,65.97926,71.2975
4132.0,67.712875,44.479042,65.9797,71.297485
4132.5,67.71289,44.479183,65.98013,71.29746
4133.0,67.7129,44.47931,65.980576,71.29745
4133.5,67.712875,44.479416,65.981,71.29741
4134.0,67.71283,44.479504,65.981415,71.29734
4134.5,67.712776,44.47958,65.98183,71.29728
4135.0,67.71271,44.479645,65.98222,71.29719
4135.5,67.71262,44.479694,65.98261,71.29709
4136.0,67.71251,44.47973,65.98298,71.296936
4136.5,67.71239,44.47976,65.983345,71.296776
4137.0,67.71228,44.479786,65.98372,71.29663
4137.5,67.71215,44.4798,65.984085,71.29647
4138.0,67.71203,44.479816,65.98446,71.29631
4138.5,67.7119,44.479828,65.984825,71.29615
4139.0,67.71176,44.47983,65.9852,71.29599
4139.5,67.711624,44.479836,65.985565,71.29582
4140.0,67.711494,44.47984,65.98594,71.29567
4140.5,67.71138,44.479855,65.98632,71.295525
4141.0,67.71126,44.479874,65.9867,71.29538
4141.5,67.71117,44.479908,65.98711,71.29528
4142.0,67.711075,44.479954,65.9875,71.29518
4142.5,67.711006,44.48002,65.987915,71.2951
4143.0,67.71097,44.480106,65.988335,71.295044
4143.5,67.71094,44.4802,65.98875,71.295
4144.0,67.71091,44.480305,65.98916,71.29494
4144.5,67.71089,44.48041,65.98956,71.294876
4145.0,67.71087,44.48053,65.98996,71.2948
4145.5,67.71085,44.480656,65.99036,71.29472
4146.0,67.71085,44.480793,65.99076,71.29467
4146.5,67.71086,44.480934,65.99117,71.294624
4147.0,67.71087,44.48108,65.99158,71.29458
4147.5,67.7109,44.481236,65.992004,71.29458
4148.0,67.71092,44.481388,65.992424,71.294556
4148.5,67.710945,44.48153,65.99286,71.29455
4149.0,67.710945,44.48166,65.99328,71.294525
4149.5,67.710945,44.481773,65.9937,71.29449
4150.0,67.71093,44.481876,65.99412,71.29446
4150.5,67.7109,44.481968,65.99454,71.2944
4151.0,67.71085,44.482048,65.99495,71.294334
4151.5,67.71081,44.48213,65.99536,71.29426
4152.0,67.71076,44.48221,65.99578,71.29422
4152.5,67.71071,44.482277,65.99619,71.29416
4153.0,67.71065,44.482338,65.996605,71.294106
4153.5,67.71059,44.4824,65.99702,71.29405
4154.0,67.7105,44.482445,65.997406,71.29396
4154.5,67.7104,44.482483,65.99779,71.293846
4155.0,67.710304,44.482525,65.99815,71.29372
4155.5,67.71021,44.482567,65.99853,71.2936
4156.0,67.71013,44.48262,65.99891,71.29349
4156.5,67.710045,44.482674,65.99929,71.29338
4157.0,67.70996,44.48273,65.99967,71.29328
4157.5,67.70989,44.48279,66.00005,71.29319
4158.0,67.709816,44.48285,66.00044,71.29308
4158.5,67.70974,44.482906,66.000824,71.29297
4159.0,67.709656,44.48296,66.001205,71.29285
4159.5,67.70958,44.483017,66.00159,71.292725
4160.0,67.709526,44.48309,66.00198,71.29265
4160.5,67.70947,44.483162,66.00239,71.292564
4161.0,67.709435,44.483242,66.0028,71.29251
4161.5,67.70939,44.483322,66.00321,71.29246
4162.0,67.709335,44.483395,66.00361,71.29237
4162.5,67.70928,44.483467,66.00401,71.29231
4163.0,67.70923,44.48354,66.00441,71.29224
4163.5,67.70915,44.4836,66.0048,71.29215
4164.0,67.70909,44.48367,66.005196,71.29208
4164.5,67.70903,44.48373,66.005585,71.29201
4165.0,67.70897,44.483803,66.00597,71.29193
4165.5,67.708916,44.483883,66.006355,71.291855
4166.0,67.70888,44.48397,66.00675,71.2918
4166.5,67.708824,44.48406,66.00714,71.29172
4167.0,67.708786,44.48415,66.00753,71.29164
4167.5,67.70876,44.484253,66.00793,71.29159
4168.0,67.708755,44.48437,66.00834,71.29156
4168.5,67.70876,44.484505,66.00876,71.291534
4169.0,67.70879,44.48465,66.009186,71.291534
4169.5,67.70884,44.48481,66.00961,71.29154
4170.0,67.70888,44.48497,66.01005,71.291534
4170.5,67.70893,44.485138,66.01048,71.29154
4171.0,67.708984,44.485317,66.010925,71.29156
4171.5,67.70904,44.485485,66.01136,71.291565
4172.0,67.709076,44.48565,66.01179,71.29156
4172.5,67.70912,44.485813,66.012215,71.29156
4173.0,67.709145,44.485966,66.01263,71.291534
4173.5,67.70917,44.486115,66.01303,71.291504
4174.0,67.709175,44.486256,66.01343,71.29144
4174.5,67.7092,44.4864,66.013824,71.2914
4175.0,67.70921,44.48655,66.01422,71.29135
4175.5,67.70923,44.486702,66.01462,71.29131
4176.0,67.70924,44.486855,66.015015,71.29125
4176.5,67.70928,44.487022,66.01542,71.29124
4177.0,67.70931,44.487186,66.01583,71.291214
4177.5,67.70935,44.48735,66.01624,71.29119
4178.0,67.70939,44.487514,66.016655,71.29117
4178.5,67.70943,44.48768,66.017075,71.29115
4179.0,67.70947,44.487846,66.017494,71.29115
4179.5,67.70953,44.488018,66.01793,71.291176
4180.0,67.70961,44.488197,66.01837,71.2912
4180.5,67.70967,44.48838,66.01881,71.29122
4181.0,67.70974,44.48856,66.01923,71.29123
4181.5,67.709785,44.48874,66.01965,71.2912
4182.0,67.70985,44.48892,66.02008,71.29119
4182.5,67.709885,44.489086,66.02049,71.29116
4183.0,67.70991,44.48924,66.02088,71.29109
4183.5,67.70992,44.489388,66.02127,71.29102
4184.0,67.70994,44.48954,66.02165,71.29095
4184.5,67.70997,44.489704,66.02204,71.29088
4185.0,67.71,44.489872,66.02242,71.29082
4185.5,67.71004,44.490044,66.02282,71.290764
4186.0,67.71007,44.490208,66.02322,71.2907
4186.5,67.710106,44.49038,66.02362,71.29068
4187.0,67.71014,44.490543,66.024025,71.290634
4187.5,67.71018,44.49071,66.02444,71.29063
4188.0,67.71023,44.49088,66.02485,71.2906
4188.5,67.710266,44.491043,66.02526,71.29057
4189.0,67.710304,44.491203,66.025665,71.29052
4189.5,67.71034,44.491364,66.02608,71.290474
4190.0,67.7104,44.49153,66.0265,71.29044
4190.5,67.710434,44.491688,66.0269,71.29039
4191.0,67.71048,44.491844,66.02731,71.29035
4191.5,67.71051,44.492004,66.02772,71.2903
4192.0,67.71055,44.492157,66.02812,71.290245
4192.5,67.71058,44.492313,66.02852,71.29019
4193.0,67.7106,44.492462,66.02891,71.29013
4193.5,67.71062,44.492607,66.02929,71.290054
4194.0,67.71064,44.49275,66.02968,71.28999
4194.5,67.71064,44.49288,66.03005,71.2899
4195.0,67.71065,44.49302,66.03044,71.28984
4195.5,67.71066,44.493164,66.03084,71.289795
4196.0,67.71066,44.493298,66.03123,71.289734
4196.5,67.71063,44.493397,66.03161,71.28965
4197.0,67.71059,44.493477,66.03199,71.28956
4197.5,67.71051,44.49353,66.03236,71.28944
4198.0,67.71041,44.49356,66.03271,71.289276
4198.5,67.71031,44.49358,66.033066,71.28913
4199.0,67.710205,44.4936,66.03343,71.28898
4199.5,67.7101,44.49361,66.03378,71.28882
4200.0,67.70999,44.493626,66.03415,71.28866
4200.5,67.709885,44.49364,66.03451,71.28849
4201.0,67.70979,44.493664,66.03487,71.288315
4201.5,67.7097,44.4937,66.03522,71.28814
4202.0,67.70963,44.49375,66.03557,71.28799
4202.5,67.70956,44.493805,66.03591,71.28781
4203.0,67.7095,44.493874,66.03626,71.28765
4203.5,67.709465,44.49396,66.03662,71.28752
4204.0,67.70943,44.494053,66.03697,71.28739
4204.5,67.70942,44.494164,66.037346,71.28731
4205.0,67.70942,44.494286,66.03773,71.28723
4205.5,67.70941,44.49441,66.0381,71.28715
4206.0,67.70943,44.49455,66.0385,71.28712
4206.5,67.70944,44.49469,66.03889,71.28707
4207.0,67.70947,44.494827,66.03929,71.28703
4207.5,67.70948,44.494957,66.03967,71.28697
4208.0,67.7095,44.495087,66.04007,71.28692
4208.5,67.70951,44.49521,66.04046,71.28684
4209.0,67.709526,44.495335,66.04085,71.28676
4209.5,67.70953,44.495457,66.041245,71.28668
4210.0,67.70953,44.495567,66.04162,71.28656
4210.5,67.709526,44.495667,66.041985,71.28642
4211.0,67.7095,44.495758,66.04235,71.28628
4211.5,67.709465,44.495834,66.0427,71.28612
4212.0,67.70942,44.495903,66.04305,71.28595
4212.5,67.70936,44.49596,66.043396,71.28578
4213.0,67.70928,44.496006,66.04373,71.2856
4213.5,67.7092,44.49604,66.04406,71.28541
4214.0,67.70911,44.49608,66.044395,71.285225
4214.5,67.70901,44.49612,66.04473,71.285034
4215.0,67.70892,44.496162,66.04507,71.28487
4215.5,67.70885,44.496216,66.04542,71.28474
4216.0,67.70877,44.49626,66.04578,71.28461
4216.5,67.70869,44.4963,66.046135,71.28447
4217.0,67.70859,44.49632,66.04648,71.28429
4217.5,67.708466,44.496326,66.046814,71.28409
4218.0,67.70834,44.496326,66.047134,71.28387
4218.5,67.70822,44.496315,66.04747,71.283646
4219.0,67.70807,44.496292,66.04779,71.28338
4219.5,67.70792,44.49626,66.0481,71.28312
4220.0,67.70776,44.49623,66.048416,71.28284
4220.5,67.70762,44.49621,66.04872,71.28255
4221.0,67.70747,44.49619,66.04902,71.282265
4221.5,67.70733,44.496174,66.04931,71.28195
4222.0,67.70719,44.496166,66.04959,71.28164
4222.5,67.70708,44.49617,66.04989,71.28136
4223.0,67.70696,44.496185,66.050186,71.28109
4223.5,67.706856,44.49621,66.05051,71.28086
4224.0,67.706764,44.496243,66.05082,71.28064
4224.5,67.7067,44.4963,66.05116,71.28048
4225.0,67.70666,44.496376,66.051506,71.280334
4225.5,67.70661,44.496456,66.051865,71.28022
4226.0,67.70659,44.496536,66.05223,71.28012
4226.5,67.70654,44.49661,66.05259,71.28
4227.0,67.7065,44.496674,66.052956,71.279884
4227.5,67.706436,44.496723,66.05331,71.27974
4228.0,67.706375,44.496765,66.053665,71.279594
4228.5,67.70628,44.496788,66.054,71.27937
4229.0,67.70618,44.4968,66.05433,71.27916
4229.5,67.70606,44.49679,66.05465,71.2789
4230.0,67.70593,44.49678,66.054955,71.27863
4230.5,67.70581,44.49677,66.05526,71.27835
4231.0,67.70569,44.49676,66.05556,71.27807
4231.5,67.70557,44.496754,66.055855,71.277794
4232.0,67.705444,44.496742,66.056145,71.2775
4232.5,67.70531,44.496727,66.056435,71.277214
4233.0,67.70517,44.496708,66.05673,71.27694
4233.5,67.70502,44.496674,66.057014,71.27665
4234.0,67.704865,44.496643,66.057304,71.276375
4234.5,67.70471,44.49662,66.05761,71.27612
4235.0,67.70457,44.496597,66.05792,71.27589
4235.5,67.70443,44.496574,66.05824,71.27569
4236.0,67.70428,44.49654,66.058556,71.27545
4236.5,67.704124,44.4965,66.05887,71.27524
4237.0,67.70397,44.49645,66.05918,71.27501
4237.5,67.703804,44.49639,66.059494,71.27476
4238.0,67.70361,44.496323,66.0598,71.274475
4238.5,67.703415,44.496235,66.06009,71.27417
4239.0,67.7032,44.49614,66.06037,71.27384
4239.5,67.702995,44.49605,66.06065,71.27351
4240.0,67.70278,44.495956,66.06093,71.27316
4240.5,67.70255,44.49585,66.06119,71.27279
4241.0,67.70233,44.49575,66.06144,71.272415
4241.5,67.7021,44.495644,66.06168,71.272
4242.0,67.70187,44.495544,66.06192,71.27159
4242.5,67.70165,44.495453,66.062164,71.2712
4243.0,67.70144,44.495373,66.06241,71.270805
4243.5,67.701256,44.495308,66.06268,71.270485
4244.0,67.70108,44.495255,66.062965,71.27019
4244.5,67.700905,44.495205,66.06325,71.2699
4245.0,67.70075,44.495167,66.063545,71.269646
4245.5,67.70061,44.49514,66.06385,71.2694
4246.0,67.70046,44.495113,66.064156,71.269165
4246.5,67.70032,44.495087,66.06446,71.26892
4247.0,67.70019,44.49506,66.06477,71.26869
4247.5,67.70006,44.495033,66.065094,71.26847
4248.0,67.699905,44.494995,66.0654,71.26821
4248.5,67.699745,44.494946,66.0657,71.26794
4249.0,67.69958,44.494884,66.065994,71.26765
4249.5,67.699394,44.494812,66.06627,71.267334
4250.0,67.69918,44.494717,66.066536,71.26698
4250.5,67.69896,44.494617,66.06678,71.26661
4251.0,67.69874,44.494507,66.06703,71.266235
4251.5,67.698494,44.494385,66.067276,71.26583
4252.0,67.698235,44.494255,66.067505,71.26543
4252.5,67.697975,44.49412,66.06773,71.265015
4253.0,67.69772,44.493996,66.06798,71.26461
4253.5,67.69748,44.493874,66.06823,71.264244
4254.0,67.69725,44.493763,66.06849,71.263916
4254.5,67.69703,44.493656,66.06876,71.2636
4255.0,67.69681,44.493557,66.06903,71.2633
4255.5,67.696594,44.493458,66.06931,71.263
4256.0,67.69638,44.49336,66.06959,71.2627
4256.5,67.69616,44.493256,66.06986,71.26239
4257.0,67.695946,44.49315,66.07015,71.2621
4257.5,67.69572,44.49304,66.070435,71.26179
4258.0,67.69548,44.492912,66.0707,71.26145
4258.5,67.69522,44.492767,66.07095,71.26108
4259.0,67.694954,44.49262,66.071205,71.26071
4259.5,67.69468,44.49246,66.07145,71.26033
4260.0,67.69438,44.49228,66.07168,71.25991
4260.5,67.69408,44.492085,66.07189,71.259476
4261.0,67.69374,44.49188,66.07208,71.25899
4261.5,67.69342,44.49168,66.07229,71.25852
4262.0,67.69311,44.491493,66.072495,71.25807
4262.5,67.69281,44.491318,66.07271,71.25763
4263.0,67.692535,44.49116,66.07294,71.25723
4263.5,67.69229,44.49103,66.07319,71.25689
4264.0,67.69208,44.490925,66.073456,71.25659
4264.5,67.69189,44.49084,66.073746,71.256325
4265.0,67.69171,44.490776,66.07403,71.25605
4265.5,67.691536,44.490723,66.07431,71.255775
4266.0,67.69139,44.49069,66.07461,71.25553
4266.5,67.69125,44.490665,66.074905,71.25529
4267.0,67.69112,44.490646,66.0752,71.25501
4267.5,67.691,44.49064,66.0755,71.25475
4268.0,67.69088,44.49063,66.07578,71.25448
4268.5,67.69075,44.490623,66.07607,71.254196
4269.0,67.69062,44.490604,66.07635,71.2539
4269.5,67.69048,44.490578,66.076614,71.253586
4270.0,67.690315,44.490532,66.076866,71.25324
4270.5,67.69014,44.490467,66.07711,71.25289
4271.0,67.68993,44.490383,66.07734,71.25248
4271.5,67.68972,44.490288,66.07757,71.25208
4272.0,67.6895,44.490196,66.0778,71.2517
4272.5,67.689285,44.49011,66.07803,71.25132
4273.0,67.68911,44.49004,66.0783,71.251015
4273.5,67.68783,44.489456,66.077576,71.24812
4274.0,67.68356,44.487434,66.074234,71.23853
4274.5,67.67624,44.485752,66.068214,71.22221
4275.0,67.666855,44.485004,66.06189,71.20132
4275.5,67.656044,44.484894,66.05686,71.177284
4276.0,67.64424,44.48521,66.05275,71.15463
4276.5,67.63174,44.485836,66.04929,71.13359
4277.0,67.61874,44.486664,66.046295,71.113655
4277.5,67.60539,44.487633,66.043594,71.0945
4278.0,67.591805,44.48867,66.041115,71.07586
4278.5,67.57802,44.48975,66.03878,71.0576
4279.0,67.56411,44.490856,66.036545,71.039604
4279.5,67.550125,44.491978,66.03438,71.02178
4280.0,67.53608,44.493103,66.03226,71.0041
4280.5,67.521996,44.494225,66.03017,70.9865
4281.0,67.5079,44.49533,66.02809,70.968956
4281.5,67.49378,44.496437,66.026024,70.95145
4282.0,67.47966,44.49755,66.02397,70.93395
4282.5,67.465546,44.498672,66.02193,70.91648
4283.0,67.451454,44.49981,66.019875,70.898994
4283.5,67.437386,44.50095,66.01782,70.8815
4284.0,67.42334,44.5021,66.015755,70.86401
4284.5,67.40932,44.50326,66.0137,70.84655
4285.0,67.39531,44.504436,66.01165,70.82911
4285.5,67.381325,44.505623,66.009605,70.81171
4286.0,67.36735,44.50683,66.007576,70.794365
4286.5,67.35338,44.50803,66.00555,70.77705
4287.0,67.33939,44.509224,66.00352,70.75975
4287.5,67.3254,44.510384,66.00148,70.74244
4288.0,67.311386,44.511528,65.999435,70.725136
4288.5,67.29736,44.512634,65.99738,70.70782
4289.0,67.28333,44.513714,65.99531,70.69047
4289.5,67.26932,44.514767,65.99321,70.67311
4290.0,67.25531,44.515793,65.99111,70.65575
4290.5,67.241325,44.516808,65.989,70.63837
4291.0,67.22736,44.517834,65.98689,70.62102
4291.5,67.21344,44.518887,65.984795,70.603714
4292.0,67.199554,44.51997,65.98271,70.586426
4292.5,67.18572,44.521088,65.98063,70.56916
4293.0,67.17193,44.522236,65.97855,70.55191
4293.5,67.15818,44.5234,65.97648,70.53466
4294.0,67.14446,44.524586,65.974396,70.51742
4294.5,67.13078,44.525784,65.97231,70.5002
4295.0,67.1171,44.526997,65.970245,70.48303
4295.5,67.103424,44.528214,65.968185,70.46588
4296.0,67.089745,44.529434,65.96613,70.44878
4296.5,67.07604,44.53066,65.964096,70.431725
4297.0,67.06235,44.531868,65.96205,70.41467
4297.5,67.04865,44.533077,65.960014,70.39766
4298.0,67.03498,44.534275,65.95797,70.38065
4298.5,67.0213,44.535473,65.95594,70.36369
4299.0,67.00763,44.53666,65.953896,70.34675
4299.5,66.99397,44.537815,65.95184,70.32977
4300.0,66.98033,44.538944,65.94977,70.31278
4300.5,66.966705,44.54006,65.947685,70.29578
4301.0,66.953094,44.541164,65.94559,70.278755
4301.5,66.93949,44.54227,65.94349,70.26173
4302.0,66.92592,44.543377,65.94138,70.24465
4302.5,66.912384,44.54449,65.93926,70.227554
4303.0,66.89888,44.545616,65.93713,70.210464
4303.5,66.8854,44.546757,65.935,70.19337
4304.0,66.871956,44.547913,65.93287,70.17629
4304.5,66.85852,44.549076,65.93074,70.15923
4305.0,66.84509,44.550247,65.92862,70.142204
4305.5,66.83166,44.551414,65.9265,70.12519
4306.0,66.81821,44.552578,65.924385,70.10821
4306.5,66.80475,44.55372,65.92226,70.09123
4307.0,66.791275,44.554836,65.92013,70.07425
4307.5,66.77779,44.555923,65.917984,70.05726
4308.0,66.7643,44.55698,65.91583,70.04025
4308.5,66.7508,44.557983,65.91364,70.02319
4309.0,66.7373,44.55893,65.91142,70.00608
4309.5,66.723785,44.55984,65.90919,69.98894
4310.0,66.71028,44.56072,65.90694,69.97176
4310.5,66.69678,44.561584,65.90468,69.95459
4311.0,66.683304,44.56245,65.902405,69.93739
4311.5,66.66985,44.563313,65.90012,69.92016
4312.0,66.656425,44.56417,65.89783,69.90289
4312.5,66.64302,44.565033,65.895515,69.885605
4313.0,66.62964,44.565895,65.89319,69.86829
4313.5,66.61627,44.56676,65.89086,69.85099
4314.0,66.60292,44.56762,65.88853,69.83367
4314.5,66.58957,44.568466,65.886185,69.81635
4315.0,66.57621,44.569305,65.883835,69.799034
4315.5,66.56283,44.570137,65.88149,69.78174
4316.0,66.54945,44.570957,65.87914,69.76446
4316.5,66.53607,44.571774,65.87679,69.7472
4317.0,66.522675,44.572563,65.87444,69.72994
4317.5,66.509285,44.573338,65.87208,69.71268
4318.0,66.495895,44.574093,65.86971,69.695435
4318.5,66.48253,44.574833,65.86733,69.678185
4319.0,66.46916,44.575546,65.864944,69.66093
4319.5,66.45581,44.576237,65.86254,69.64366
4320.0,66.442474,44.576916,65.86014,69.62639
4320.5,66.42915,44.577595,65.85772,69.60911
4321.0,66.415855,44.578278,65.8553,69.591805
4321.5,66.40259,44.578964,65.85287,69.57446
4322.0,66.38934,44.57965,65.850426,69.5571
4322.5,66.37612,44.580345,65.84797,69.53973
4323.0,66.36292,44.58104,65.845505,69.522354
4323.5,66.34975,44.58175,65.84305,69.505
4324.0,66.33658,44.582466,65.8406,69.48766
4324.5,66.32342,44.583195,65.83815,69.470375
4325.0,66.31026,44.583935,65.835724,69.453125
4325.5,66.2971,44.584675,65.83329,69.435905
4326.0,66.28394,44.585423,65.830864,69.41871
4326.5,66.2708,44.58617,65.828445,69.40156
4327.0,66.25766,44.586933,65.82604,69.38447
4327.5,66.244545,44.587708,65.823654,69.367424
4328.0,66.23146,44.58848,65.82126,69.35042
4328.5,66.21839,44.58924,65.81886,69.333405
4329.0,66.20533,44.589977,65.81646,69.31639
4329.5,66.19229,44.590717,65.81405,69.299385
4330.0,66.17928,44.591465,65.811646,69.28241
4330.5,66.1663,44.592224,65.809235,69.26543
4331.0,66.15335,44.593,65.80682,69.24843
4331.5,66.14043,44.593784,65.80441,69.23142
4332.0,66.12753,44.59457,65.80198,69.21439
4332.5,66.114655,44.595345,65.79953,69.19733
4333.0,66.101776,44.5961,65.797066,69.18024
4333.5,66.08891,44.59685,65.7946,69.16315
4334.0,66.07605,44.597607,65.79213,69.146065
4334.5,66.06319,44.598362,65.789665,69.129005
4335.0,66.05032,44.599117,65.7872,69.11198
4335.5,66.037445,44.599854,65.78473,69.09493
4336.0,66.02456,44.60058,65.78226,69.07791
4336.5,66.01167,44.601288,65.77978,69.060905
4337.0,65.99879,44.60199,65.7773,69.04391
4337.5,65.98592,44.602684,65.774826,69.02694
4338.0,65.97308,44.603382,65.77235,69.01001
4338.5,65.96027,44.604076,65.769875,68.9931
4339.0,65.94748,44.60477,65.76741,68.97623
4339.5,65.93471,44.60547,65.76494,68.959366
4340.0,65.92195,44.606174,65.762474,68.942505
4340.5,65.90922,44.606884,65.76,68.92562
4341.0,65.89651,44.60759,65.757515,68.90871
4341.5,65.883804,44.60828,65.755005,68.89173
4342.0,65.87112,44.608955,65.75248,68.87473
4342.5,65.85845,44.609623,65.74993,68.857704
4343.0,65.8458,44.61028,65.747375,68.84066
4343.5,65.833145,44.61095,65.74483,68.82365
4344.0,65.82049,44.611633,65.74229,68.80667
4344.5,65.807846,44.61232,65.73975,68.78971
4345.0,65.7952,44.613003,65.73722,68.77278
4345.5,65.78255,44.613678,65.73467,68.755844
4346.0,65.76988,44.61433,65.732124,68.73892
4346.5,65.75722,44.61495,65.72956,68.72196
4347.0,65.744545,44.615524,65.726974,68.70499
4347.5,65.73187,44.61607,65.72437,68.687996
4348.0,65.71921,44.61659,65.72176,68.671
4348.5,65.70654,44.61709,65.719154,68.654015
4349.0,65.69388,44.617577,65.71654,68.63702
4349.5,65.68124,44.618057,65.713905,68.62
4350.0,65.66861,44.618538,65.711266,68.60296
4350.5,65.65601,44.619015,65.70861,68.585884
4351.0,65.64344,44.619488,65.70594,68.56878
4351.5,65.6309,44.61997,65.70327,68.55167
4352.0,65.61837,44.62046,65.70059,68.53456
4352.5,65.60588,44.62096,65.697914,68.51746
4353.0,65.593414,44.62149,65.69525,68.50041
4353.5,65.58096,44.62204,65.69259,68.4834
4354.0,65.56852,44.62261,65.68995,68.466446
4354.5,65.55608,44.62321,65.68733,68.44956
4355.0,65.54366,44.623856,65.684746,68.43278
4355.5,65.53127,44.62453,65.68218,68.41607
4356.0,65.5189,44.625217,65.67963,68.3994
4356.5,65.50654,44.625896,65.67707,68.382744
4357.0,65.494194,44.62656,65.67451,68.36611
4357.5,65.481865,44.627205,65.671936,68.34948
4358.0,65.469536,44.627834,65.669365,68.33286
4358.5,65.45722,44.628456,65.666794,68.31625
4359.0,65.44493,44.629074,65.664215,68.299644
4359.5,65.43265,44.62969,65.66163,68.28301
4360.0,65.420395,44.63031,65.65903,68.266365
4360.5,65.408165,44.630928,65.65642,68.24967
4361.0,65.39596,44.631542,65.65379,68.23296
4361.5,65.383766,44.632156,65.65116,68.21625
4362.0,65.3716,44.632774,65.64853,68.199524
4362.5,65.35944,44.633408,65.6459,68.182846
4363.0,65.347305,44.634056,65.64327,68.16618
4363.5,65.335175,44.63472,65.64066,68.149574
4364.0,65.32305,44.63541,65.63807,68.13302
4364.5,65.31093,44.636116,65.63549,68.116516
4365.0,65.29882,44.636833,65.63292,68.10006
4365.5,65.28671,44.637547,65.630356,68.08361
4366.0,65.274605,44.63824,65.62777,68.06717
4366.5,65.26251,44.638905,65.625175,68.05071
4367.0,65.25041,44.63954,65.622574,68.03424
4367.5,65.23832,44.64015,65.61996,68.01775
4368.0,65.22624,44.64073,65.617325,68.00126
4368.5,65.214165,44.641296,65.614685,67.98474
4369.0,65.2021,44.641846,65.61202,67.968185
4369.5,65.190056,44.642387,65.609344,67.95159
4370.0,65.17803,44.642933,65.60666,67.934975
4370.5,65.16603,44.643486,65.60397,67.91836
4371.0,65.15407,44.644054,65.60128,67.90174
4371.5,65.142136,44.644638,65.59859,67.88514
4372.0,65.13022,44.64524,65.5959,67.868576
4372.5,65.11832,44.645847,65.593216,67.852036
4373.0,65.106415,44.64646,65.590546,67.835526
4373.5,65.0945,44.64707,65.58787,67.81902
4374.0,65.082565,44.647663,65.58519,67.80252
4374.5,65.0706,44.648216,65.58249,67.785995
4375.0,65.05863,44.648735,65.57977,67.76943
4375.5,65.046646,44.649227,65.577034,67.752846
4376.0,65.03466,44.649685,65.57429,67.73623
4376.5,65.02268,44.650112,65.571526,67.71961
4377.0,65.0107,44.650505,65.56875,67.70298
4377.5,64.99872,44.650875,65.565956,67.686325
4378.0,64.98673,44.65121,65.56315,67.66965
4378.5,64.97475,44.651527,65.560326,67.65294
4379.0,64.962776,44.651836,65.557495,67.636185
4379.5,64.95082,44.65213,65.55465,67.61939
4380.0,64.93889,44.652412,65.55177,67.602554
4380.5,64.92698,44.65268,65.54888,67.585686
4381.0,64.91507,44.652943,65.54599,67.56881
4381.5,64.90318,44.65321,65.54309,67.55195
4382.0,64.8913,44.653492,65.5402,67.53511
4382.5,64.87941,44.65378,65.53732,67.518326
4383.0,64.86753,44.65408,65.53444,67.50156
4383.5,64.85565,44.65438,65.53156,67.48481
4384.0,64.843765,44.65468,65.528694,67.46809
4384.5,64.83189,44.654972,65.52582,67.45137
4385.0,64.82001,44.65526,65.52294,67.43467
4385.5,64.80814,44.655533,65.520065,67.41798
4386.0,64.796295,44.6558,65.51718,67.4013
4386.5,64.784454,44.65605,65.51429,67.38463
4387.0,64.77263,44.656296,65.5114,67.367966
4387.5,64.760826,44.656532,65.5085,67.3513
4388.0,64.74904,44.656765,65.5056,67.334625
4388.5,64.73727,44.656998,65.502686,67.31793
4389.0,64.72552,44.657227,65.499756,67.30121
4389.5,64.71379,44.657455,65.49682,67.28446
4390.0,64.7021,44.657684,65.493866,67.267685
4390.5,64.69042,44.657917,65.49092,67.25092
4391.0,64.67876,44.658157,65.48797,67.234184
4391.5,64.667114,44.658398,65.485016,67.21745
4392.0,64.65546,44.658646,65.48207,67.20076
4392.5,64.64381,44.658897,65.47913,67.18408
4393.0,64.63216,44.659164,65.47621,67.16746
4393.5,64.62051,44.659443,65.4733,67.15088
4394.0,64.608864,44.65973,65.47039,67.134346
4394.5,64.597244,44.66002,65.46749,67.117836
4395.0,64.58564,44.660316,65.464584,67.10135
4395.5,64.57406,44.66061,65.461685,67.08488
4396.0,64.56249,44.660904,65.45878,67.068436
4396.5,64.55096,44.6612,65.45589,67.052025
4397.0,64.53945,44.661514,65.452995,67.03565
4397.5,64.52796,44.66184,65.45012,67.0193
4398.0,64.516495,44.66217,65.447235,67.00293
4398.5,64.50505,44.662506,65.44434,66.98654
4399.0,64.49364,44.662838,65.44144,66.97013
4399.5,64.48225,44.663166,65.438515,66.95369
4400.0,64.47088,44.66349,65.435585,66.93724
4400.5,64.45952,44.663803,65.43265,66.920784
4401.0,64.44816,44.66412,65.4297,66.90434
4401.5,64.43681,44.664444,65.42677,66.88793
4402.0,64.42546,44.664772,65.42384,66.87156
4402.5,64.414116,44.665115,65.42093,66.855225
4403.0,64.40277,44.665478,65.41803,66.83894
4403.5,64.39143,44.66585,65.415146,66.822716
4404.0,64.38011,44.666245,65.41226,66.806526
4404.5,64.368805,44.666637,65.4094,66.790375
4405.0,64.357506,44.66703,65.406525,66.77424
4405.5,64.34622,44.667397,65.40364,66.75809
4406.0,64.334946,44.66774,65.40075,66.741936
4406.5,64.32368,44.668064,65.39784,66.72575
4407.0,64.3124,44.66836,65.39492,66.70955
4407.5,64.30114,44.668636,65.391975,66.69328
4408.0,64.28987,44.668873,65.389,66.67694
4408.5,64.27861,44.669086,65.386,66.66054
4409.0,64.26736,44.66928,65.38298,66.64409
4409.5,64.25611,44.669453,65.379944,66.6276
4410.0,64.24488,44.66961,65.37689,66.6111
4410.5,64.23364,44.669754,65.373825,66.59458
4411.0,64.22239,44.66989,65.370766,66.57809
4411.5,64.21113,44.670017,65.367714,66.561615
4412.0,64.19987,44.67015,65.364655,66.545166
4412.5,64.1886,44.670284,65.3616,66.52873
4413.0,64.17734,44.670414,65.35855,66.512314
4413.5,64.16607,44.67054,65.35549,66.4959
4414.0,64.15481,44.67066,65.35243,66.4795
4414.5,64.14356,44.670753,65.34936,66.46308
4415.0,64.13232,44.670834,65.34628,66.44667
4415.5,64.12108,44.67089,65.34319,66.43026
4416.0,64.109856,44.67093,65.340096,66.41383
4416.5,64.098625,44.670948,65.33699,66.39739
4417.0,64.08741,44.670948,65.33387,66.38091
4417.5,64.0762,44.670933,65.33073,66.36438
4418.0,64.06502,44.670906,65.32756,66.34779
4418.5,64.05385,44.670864,65.32438,66.33118
4419.0,64.042694,44.67082,65.32118,66.314545
4419.5,64.03156,44.670773,65.317986,66.29793
4420.0,64.02044,44.67074,65.3148,66.281334
4420.5,64.00932,44.67071,65.31162,66.264786
4421.0,63.99821,44.670696,65.30845,66.24825
4421.5,63.9871,44.67068,65.305275,66.23176
4422.0,63.975983,44.67067,65.30211,66.215294
4422.5,63.964867,44.670662,65.29895,66.19885
4423.0,63.95375,44.67065,65.29579,66.18242
4423.5,63.942642,44.67063,65.292625,66.16599
4424.0,63.93154,44.6706,65.28946,66.14957
4424.5,63.920464,44.67057,65.286285,66.133156
4425.0,63.909393,44.670525,65.28311,66.11675
4425.5,63.89834,44.670467,65.27992,66.10035
4426.0,63.887287,44.670387,65.276726,66.08392
4426.5,63.87624,44.670303,65.27352,66.0675
4427.0,63.86522,44.67021,65.2703,66.05103
4427.5,63.85421,44.670113,65.26708,66.034546
4428.0,63.84322,44.670006,65.26384,66.01803
4428.5,63.83225,44.66989,65.26058,66.00149
4429.0,63.821293,44.66978,65.25733,65.984955
4429.5,63.810356,44.669666,65.25407,65.96843
4430.0,63.799416,44.669563,65.25082,65.951935
4430.5,63.78849,44.66947,65.24757,65.93548
4431.0,63.777576,44.6694,65.24433,65.91906
4431.5,63.766663,44.669334,65.241104,65.90269
4432.0,63.755764,44.66929,65.237885,65.886345
4432.5,63.74488,44.66925,65.23467,65.87005
4433.0,63.734024,44.66924,65.23148,65.853806
4433.5,63.723194,44.66926,65.22831,65.83762
4434.0,63.712387,44.66929,65.22514,65.82148
4434.5,63.701607,44.66931,65.22197,65.80534
4435.0,63.690845,44.669342,65.2188,65.78924
4435.5,63.6801,44.669365,65.21564,65.77314
4436.0,63.66936,44.669376,65.212456,65.75703
4436.5,63.658627,44.669388,65.209274,65.740906
4437.0,63.647903,44.66938,65.20608,65.72473
4437.5,63.63718,44.669334,65.202835,65.70847
4438.0,63.62645,44.669243,65.19957,65.69215
4438.5,63.615723,44.669125,65.19628,65.67577
4439.0,63.605,44.66898,65.19297,65.65937
4439.5,63.59427,44.668827,65.18966,65.64297
4440.0,63.58353,44.668663,65.18635,65.62657
4440.5,63.57279,44.668495,65.18303,65.6102
4441.0,63.562046,44.668327,65.17972,65.59384
4441.5,63.551296,44.668156,65.17641,65.577515
4442.0,63.540543,44.667976,65.1731,65.56119
4442.5,63.52979,44.667797,65.16979,65.54488
4443.0,63.519035,44.667618,65.16649,65.52861
4443.5,63.5083,44.667427,65.16318,65.51232
4444.0,63.497585,44.66722,65.15985,65.496025
4444.5,63.48688,44.667004,65.15652,65.479744
4445.0,63.47619,44.66678,65.15318,65.463455
4445.5,63.465508,44.666546,65.14984,65.44716
4446.0,63.45483,44.666306,65.14649,65.43084
4446.5,63.44417,44.666065,65.143135,65.4145
4447.0,63.43354,44.665817,65.13976,65.39813
4447.5,63.42293,44.66556,65.136375,65.38173
4448.0,63.412327,44.6653,65.13297,65.36532
4448.5,63.401733,44.66503,65.12957,65.34891
4449.0,63.39116,44.664757,65.12616,65.3325
4449.5,63.38059,44.664482,65.12276,65.31611
4450.0,63.370014,44.664215,65.11936,65.29977
4450.5,63.35943,44.66396,65.115974,65.28346
4451.0,63.348843,44.66372,65.1126,65.26721
4451.5,63.33828,44.66351,65.10925,65.25103
4452.0,63.327744,44.663338,65.10592,65.23492
4452.5,63.317234,44.663193,65.10261,65.218864
4453.0,63.306747,44.66306,65.099304,65.202866
4453.5,63.296295,44.66294,65.09601,65.1869
4454.0,63.28587,44.662834,65.09273,65.17096
4454.5,63.275475,44.66273,65.08944,65.155045
4455.0,63.265102,44.66264,65.08616,65.139145
4455.5,63.254738,44.662544,65.08287,65.12324
4456.0,63.244385,44.662437,65.07957,65.10729
4456.5,63.23405,44.66232,65.07625,65.0913
4457.0,63.223732,44.662186,65.072914,65.075264
4457.5,63.21341,44.66201,65.06954,65.059166
4458.0,63.203083,44.661804,65.06615,65.04303
4458.5,63.192757,44.661583,65.06275,65.02688
4459.0,63.18242,44.661354,65.05935,65.01075
4459.5,63.172077,44.66113,65.055954,64.99464
4460.0,63.161736,44.66091,65.05257,64.97856
4460.5,63.1514,44.660698,65.04919,64.962524
4461.0,63.14107,44.660492,65.04581,64.94652
4461.5,63.13074,44.660297,65.04244,64.93055
4462.0,63.120426,44.660107,65.03908,64.91461
4462.5,63.11013,44.65992,65.03572,64.89868
4463.0,63.09986,44.659737,65.032364,64.88278
4463.5,63.089622,44.659557,65.029,64.8669
4464.0,63.0794,44.659378,65.02564,64.851036
4464.5,63.069195,44.6592,65.022285,64.83518
4465.0,63.059002,44.659023,65.01893,64.819336
4465.5,63.04883,44.658844,65.015564,64.80347
4466.0,63.03867,44.65867,65.012184,64.78757
4466.5,63.028534,44.65848,65.00879,64.771645
4467.0,63.018406,44.65828,65.00538,64.75569
4467.5,63.008286,44.658066,65.00196,64.739716
4468.0,62.99817,44.657837,64.998535,64.72374
4468.5,62.988045,44.65758,64.99509,64.707726
4469.0,62.977894,44.6573,64.99163,64.6917
4469.5,62.967705,44.65698,64.98816,64.67567
4470.0,62.95749,44.65663,64.98468,64.6596
4470.5,62.94726,44.65626,64.981186,64.643524
4471.0,62.93702,44.655876,64.977684,64.62744
4471.5,62.92678,44.65548,64.97419,64.611374
4472.0,62.916553,44.65507,64.97068,64.59531
4472.5,62.906353,44.654675,64.96718,64.57927
4473.0,62.8962,44.65431,64.96369,64.5633
4473.5,62.88607,44.65397,64.96022,64.54738
4474.0,62.87598,44.653645,64.956764,64.5315
4474.5,62.865917,44.65334,64.953316,64.51565
4475.0,62.855877,44.653046,64.94987,64.499794
4475.5,62.845863,44.652756,64.9464,64.48392
4476.0,62.835865,44.652466,64.94293,64.46802
4476.5,62.825882,44.65216,64.939445,64.452095
4477.0,62.815918,44.651844,64.93594,64.43614
4477.5,62.80596,44.651516,64.93243,64.420166
4478.0,62.796013,44.651173,64.9289,64.40419
4478.5,62.78604,44.65081,64.92538,64.38822
4479.0,62.776054,44.65044,64.92186,64.37227
4479.5,62.766052,44.65006,64.91833,64.35632
4480.0,62.756042,44.649673,64.9148,64.340416
4480.5,62.746037,44.649292,64.911285,64.32453
4481.0,62.736027,44.648914,64.907776,64.30867
4481.5,62.726032,44.64854,64.90427,64.29283
4482.0,62.71605,44.648155,64.90075,64.276985
4482.5,62.70608,44.647755,64.897224,64.26115
4483.0,62.69613,44.647346,64.893684,64.24529
4483.5,62.68619,44.646942,64.89016,64.22948
4484.0,62.67628,44.646545,64.886635,64.21368
4484.5,62.666374,44.64615,64.88311,64.19787
4485.0,62.65649,44.64575,64.87956,64.182014
4485.5,62.646633,44.64534,64.876,64.166115
4486.0,62.63679,44.644928,64.87242,64.15019
4486.5,62.62694,44.644463,64.868805,64.13418
4487.0,62.617077,44.64397,64.86518,64.11814
4487.5,62.607204,44.64343,64.86152,64.10204
4488.0,62.59731,44.64285,64.85784,64.085915
4488.5,62.5874,44.64224,64.85415,64.06978
4489.0,62.57746,44.641613,64.850464,64.05365
4489.5,62.56752,44.64097,64.84676,64.03752
4490.0,62.55756,44.640327,64.84308,64.02142
4490.5,62.547607,44.63969,64.83939,64.00536
4491.0,62.53765,44.63905,64.83572,63.98932
4491.5,62.527718,44.638416,64.83204,63.973297
4492.0,62.51779,44.63778,64.82836,63.957287
4492.5,62.507904,44.637154,64.82469,63.94131
4493.0,62.49805,44.636543,64.821014,63.925354
4493.5,62.48821,44.63592,64.81734,63.9094
4494.0,62.478374,44.635303,64.81366,63.893448
4494.5,62.46856,44.634686,64.809975,63.877476
4495.0,62.45876,44.634068,64.80628,63.861473
4495.5,62.44899,44.633453,64.802574,63.845444
4496.0,62.439243,44.63284,64.79886,63.8294
4496.5,62.429512,44.63221,64.79513,63.813335
4497.0,62.419777,44.63157,64.79139,63.797264
4497.5,62.410034,44.63089,64.787636,63.78116
4498.0,62.400253,44.630184,64.783875,63.76507
4498.5,62.390453,44.62946,64.78011,63.748978
4499.0,62.380642,44.628708,64.77634,63.73288
4499.5,62.37082,44.627945,64.77256,63.71678
4500.0,62.360977,44.62716,64.768776,63.700684
4500.5,62.35113,44.62636,64.764984,63.68459
4501.0,62.34129,44.625553,64.761185,63.668495
4501.5,62.331467,44.62475,64.757385,63.652412
4502.0,62.321663,44.62394,64.75359,63.636345
4502.5,62.311882,44.62313,64.749794,63.6203
4503.0,62.302124,44.622334,64.746,63.60427
4503.5,62.292377,44.62153,64.7422,63.588238
4504.0,62.282646,44.620724,64.738396,63.572174
4504.5,62.272938,44.61991,64.734566,63.556065
4505.0,62.263237,44.61909,64.73073,63.539917
4505.5,62.25355,44.618263,64.72687,63.523727
4506.0,62.243877,44.617424,64.72299,63.507523
4506.5,62.234203,44.616558,64.7191,63.49129
4507.0,62.224525,44.615677,64.71521,63.475067
4507.5,62.214844,44.61478,64.71131,63.458843
4508.0,62.205147,44.613865,64.70741,63.44263
4508.5,62.195427,44.612934,64.70352,63.42644
4509.0,62.18569,44.611996,64.69962,63.410275
4509.5,62.175953,44.611053,64.69573,63.39413
4510.0,62.166225,44.61011,64.69184,63.378
4510.5,62.15651,44.60917,64.68795,63.361885
4511.0,62.146805,44.608223,64.68406,63.345783
4511.5,62.13712,44.60727,64.68016,63.329697
4512.0,62.12746,44.60632,64.67626,63.31362
4512.5,62.11783,44.605385,64.67237,63.29757
4513.0,62.108223,44.60447,64.66848,63.281544
4513.5,62.098633,44.60357,64.664604,63.265526
4514.0,62.089073,44.602673,64.66071,63.24948
4514.5,62.079536,44.601788,64.656815,63.233418
4515.0,62.070023,44.6009,64.65289,63.21732
4515.5,62.060524,44.6,64.64897,63.201202
4516.0,62.05102,44.599083,64.64503,63.185074
4516.5,62.041515,44.59815,64.64108,63.16893
4517.0,62.031998,44.59719,64.63713,63.152798
4517.5,62.02246,44.59622,64.63318,63.136673
4518.0,62.01291,44.595234,64.62923,63.120567
4518.5,62.00335,44.594242,64.625275,63.10448
4519.0,61.99378,44.593246,64.62133,63.088425
4519.5,61.984207,44.59224,64.617386,63.072388
4520.0,61.974644,44.591244,64.61344,63.05638
4520.5,61.965103,44.590256,64.60951,63.040405
4521.0,61.95559,44.58927,64.605576,63.02445
4521.5,61.9461,44.588287,64.60164,63.00851
4522.0,61.93664,44.58732,64.59772,62.992603
4522.5,61.927204,44.58636,64.593796,62.97672
4523.0,61.9178,44.58543,64.58988,62.96086
4523.5,61.908436,44.584526,64.58597,62.945004
4524.0,61.8991,44.583626,64.58204,62.92911
4524.5,61.889786,44.582737,64.5781,62.913197
4525.0,61.88048,44.58184,64.574165,62.897278
4525.5,61.871178,44.580925,64.570206,62.881325
4526.0,61.861862,44.579975,64.56623,62.86534
4526.5,61.85253,44.578987,64.56224,62.849323
4527.0,61.843193,44.577972,64.558235,62.83329
4527.5,61.833828,44.57694,64.55423,62.81727
4528.0,61.82444,44.575886,64.55022,62.801258
4528.5,61.815037,44.57482,64.5462,62.785263
4529.0,61.80563,44.57374,64.54218,62.769257
4529.5,61.79622,44.57263,64.538155,62.753254
4530.0,61.78681,44.571518,64.53412,62.73725
4530.5,61.777424,44.570396,64.530075,62.721252
4531.0,61.768047,44.569267,64.52603,62.705265
4531.5,61.75869,44.568142,64.521996,62.689297
4532.0,61.749355,44.567013,64.517944,62.673336
4532.5,61.740047,44.5659,64.5139,62.657387
4533.0,61.730755,44.5648,64.50987,62.64145
4533.5,61.721485,44.56372,64.50584,62.625492
4534.0,61.712257,44.562668,64.5018,62.609547
4534.5,61.70308,44.56164,64.497765,62.593616
4535.0,61.693935,44.560642,64.49374,62.577705
4535.5,61.684807,44.559647,64.48971,62.561817
4536.0,61.67568,44.55865,64.48568,62.545944
4536.5,61.66655,44.557655,64.48167,62.530106
4537.0,61.657406,44.556656,64.47765,62.514297
4537.5,61.64825,44.55564,64.47364,62.498505
4538.0,61.639084,44.554607,64.46962,62.482716
4538.5,61.62989,44.553574,64.46562,62.46697
4539.0,61.620693,44.552532,64.46161,62.451244
4539.5,61.611504,44.55148,64.4576,62.435524
4540.0,61.602325,44.55042,64.45358,62.419807
4540.5,61.59317,44.54935,64.44956,62.404083
4541.0,61.584038,44.548283,64.44553,62.388386
4541.5,61.57493,44.547222,64.44152,62.372707
4542.0,61.565853,44.546173,64.43751,62.357056
4542.5,61.556797,44.54516,64.43351,62.34144
4543.0,61.547787,44.544174,64.42951,62.325825
4543.5,61.53881,44.543205,64.42551,62.3102
4544.0,61.52986,44.54225,64.4215,62.29456
4544.5,61.520935,44.541298,64.417496,62.278915
4545.0,61.512012,44.540337,64.41347,62.263252
4545.5,61.503082,44.539356,64.40943,62.24757
4546.0,61.494137,44.538353,64.405396,62.23188
4546.5,61.485172,44.53733,64.401344,62.216194
4547.0,61.47619,44.536285,64.39729,62.200512
4547.5,61.467182,44.535213,64.393234,62.18483
4548.0,61.458164,44.534122,64.38916,62.169136
4548.5,61.449146,44.533012,64.38508,62.153427
4549.0,61.44011,44.53189,64.381004,62.137753
4549.5,61.43108,44.530758,64.37692,62.12208
4550.0,61.422054,44.529613,64.37284,62.10642
4550.5,61.413048,44.52845,64.36875,62.090744
4551.0,61.404057,44.527283,64.364655,62.075077
4551.5,61.395084,44.52612,64.36055,62.059425
4552.0,61.38614,44.524963,64.35645,62.04377
4552.5,61.377216,44.52382,64.35235,62.028103
4553.0,61.368317,44.522694,64.34824,62.01242
4553.5,61.35944,44.52157,64.344124,61.99671
4554.0,61.35058,44.52043,64.33998,61.98095
4554.5,61.341713,44.51927,64.33582,61.965157
4555.0,61.33286,44.518097,64.33165,61.94934
4555.5,61.323975,44.5169,64.32748,61.93353
4556.0,61.315083,44.515697,64.3233,61.917732
4556.5,61.30619,44.514496,64.31914,61.901974
4557.0,61.29728,44.513287,64.31498,61.886246
4557.5,61.288357,44.512062,64.310814,61.870514
4558.0,61.279434,44.510834,64.30665,61.854805
4558.5,61.270493,44.509583,64.30247,61.83908
4559.0,61.26156,44.5083,64.29828,61.823338
4559.5,61.252617,44.506985,64.29407,61.807556
4560.0,61.24369,44.505646,64.28984,61.79176
4560.5,61.23477,44.50429,64.28561,61.77596
4561.0,61.22587,44.502934,64.28137,61.760162
4561.5,61.216988,44.501583,64.27714,61.744385
4562.0,61.20813,44.500248,64.2729,61.728607
4562.5,61.199306,44.498943,64.26868,61.71285
4563.0,61.19052,44.49766,64.26445,61.69709
4563.5,61.18177,44.496407,64.26022,61.68133
4564.0,61.173046,44.495163,64.256,61.66558
4564.5,61.164337,44.493927,64.25178,61.64984
4565.0,61.155647,44.492687,64.24754,61.634098
4565.5,61.146946,44.491447,64.24332,61.61838
4566.0,61.138218,44.490196,64.23909,61.60268
4566.5,61.129467,44.488937,64.23487,61.586998
4567.0,61.1207,44.487675,64.23066,61.571358
4567.5,61.111935,44.486404,64.22645,61.555733
4568.0,61.103172,44.485115,64.22222,61.540092
4568.5,61.09441,44.483818,64.217995,61.524467
4569.0,61.08566,44.48251,64.21377,61.508846
4569.5,61.076927,44.48119,64.209526,61.493225
4570.0,61.068207,44.479862,64.205284,61.477615
4570.5,61.059505,44.47853,64.20104,61.46202
4571.0,61.050816,44.477203,64.19681,61.446445
4571.5,61.04215,44.475887,64.19257,61.430885
4572.0,61.033512,44.47459,64.18835,61.41532
4572.5,61.024902,44.47331,64.184105,61.39974
4573.0,61.01632,44.47204,64.17986,61.384148
4573.5,61.007774,44.470783,64.17561,61.36855
4574.0,60.999252,44.469543,64.171364,61.352962
4574.5,60.99075,44.468315,64.167114,61.337387
4575.0,60.982258,44.46709,64.16287,61.32185
4575.5,60.973763,44.465866,64.15863,61.30632
4576.0,60.96526,44.46463,64.15439,61.290806
4576.5,60.956734,44.46338,64.15015,61.27531
4577.0,60.948193,44.462105,64.14589,61.259796
4577.5,60.93963,44.46081,64.14163,61.244286
4578.0,60.931057,44.459496,64.13736,61.22877
4578.5,60.922478,44.458153,64.13309,61.21324
4579.0,60.91391,44.456787,64.1288,61.197697
4579.5,60.905342,44.455402,64.1245,61.182148
4580.0,60.89679,44.454,64.120186,61.166584
4580.5,60.888237,44.45257,64.11587,61.151005
4581.0,60.879684,44.451126,64.111534,61.135395
4581.5,60.871136,44.449665,64.10718,61.119747
4582.0,60.862587,44.4482,64.10281,61.104065
4582.5,60.854053,44.446724,64.098434,61.088337
4583.0,60.845535,44.445236,64.09404,61.07255
4583.5,60.837025,44.443745,64.08962,61.05675
4584.0,60.828518,44.44225,64.08521,61.040943
4584.5,60.82002,44.44074,64.08078,61.025124
4585.0,60.81152,44.439224,64.07635,61.009304
4585.5,60.80301,44.43771,64.07192,60.993523
4586.0,60.79449,44.4362,64.067505,60.977764
4586.5,60.78596,44.434692,64.0631,60.962044
4587.0,60.77743,44.433178,64.0587,60.94635
4587.5,60.7689,44.431656,64.05428,60.930664
4588.0,60.760372,44.430126,64.04987,60.915
4588.5,60.75187,44.428608,64.04548,60.899372
4589.0,60.743385,44.42709,64.04108,60.883766
4589.5,60.734917,44.425564,64.03668,60.868176
4590.0,60.72646,44.424023,64.03227,60.85257
4590.5,60.71801,44.422466,64.02785,60.836952
4591.0,60.709564,44.420902,64.023415,60.82132
4591.5,60.701134,44.419323,64.018974,60.805637
4592.0,60.69271,44.417744,64.01451,60.789906
4592.5,60.684307,44.41615,64.01003,60.774136
4593.0,60.675926,44.414562,64.00554,60.75834
4593.5,60.66755,44.412968,64.001045,60.742527
4594.0,60.659184,44.411366,63.996536,60.726707
4594.5,60.650814,44.40975,63.992016,60.710876
4595.0,60.64244,44.40813,63.9875,60.695057
4595.5,60.63405,44.406494,63.982983,60.679245
4596.0,60.62563,44.404846,63.978462,60.663445
4596.5,60.617195,44.40318,63.973938,60.647655
4597.0,60.60875,44.4015,63.969414,60.63187
4597.5,60.600304,44.399803,63.964886,60.616093
4598.0,60.591858,44.398087,63.960342,60.600304
4598.5,60.583424,44.396355,63.955795,60.58451
4599.0,60.57501,44.394608,63.951237,60.568714
4599.5,60.566605,44.392853,63.94667,60.552917
4600.0,60.558205,44.391094,63.942104,60.53714
4600.5,60.549824,44.389336,63.937546,60.521378
4601.0,60.54147,44.387596,63.932983,60.50561
4601.5,60.533142,44.385876,63.928425,60.489838
4602.0,60.524845,44.38418,63.923866,60.474075
4602.5,60.51657,44.3825,63.91931,60.45832
4603.0,60.508327,44.38084,63.914757,60.442577
4603.5,60.500122,44.379196,63.9102,60.42684
4604.0,60.49192,44.377567,63.905655,60.411148
4604.5,60.48371,44.37594,63.901115,60.395473
4605.0,60.4755,44.374294,63.89657,60.37979
4605.5,60.467274,44.37264,63.892014,60.364117
4606.0,60.45903,44.37097,63.88746,60.348457
4606.5,60.450775,44.36928,63.882904,60.332798
4607.0,60.44251,44.36758,63.878338,60.317142
4607.5,60.434235,44.36586,63.873775,60.301483
4608.0,60.42597,44.364117,63.86919,60.285812
4608.5,60.4177,44.362347,63.8646,60.27013
4609.0,60.40945,44.36056,63.859993,60.254425
4609.5,60.401207,44.358757,63.855373,60.238712
4610.0,60.39297,44.356945,63.850754,60.223
4610.5,60.38474,44.35513,63.846134,60.20729
4611.0,60.376526,44.35333,63.841515,60.19157
4611.5,60.368336,44.35154,63.836884,60.17583
4612.0,60.36018,44.349762,63.83225,60.160072
4612.5,60.35205,44.348003,63.82761,60.14433
4613.0,60.343952,44.34627,63.822983,60.128616
4613.5,60.335876,44.344566,63.818367,60.11294
4614.0,60.32781,44.342873,63.81376,60.0973
4614.5,60.31974,44.341175,63.80915,60.081673
4615.0,60.311665,44.339474,63.804543,60.066063
4615.5,60.303585,44.337788,63.799953,60.05051
4616.0,60.29551,44.33612,63.795383,60.03502
4616.5,60.287434,44.334465,63.79083,60.01958
4617.0,60.279358,44.332806,63.786274,60.00417
4617.5,60.271297,44.331135,63.781715,59.988754
4618.0,60.263252,44.329456,63.77715,59.973347
4618.5,60.255222,44.327766,63.772575,59.95794
4619.0,60.24721,44.32607,63.768005,59.94254
4619.5,60.239212,44.32437,63.763435,59.927155
4620.0,60.23123,44.322674,63.758858,59.91177
4620.5,60.223274,44.320988,63.75428,59.896366
4621.0,60.215343,44.31931,63.749687,59.880947
4621.5,60.20743,44.317646,63.7451,59.865524
4622.0,60.199554,44.316006,63.74051,59.8501
4622.5,60.191696,44.314377,63.73592,59.834694
4623.0,60.18386,44.31276,63.73133,59.819298
4623.5,60.176033,44.311157,63.726746,59.80393
4624.0,60.168205,44.309555,63.722168,59.788578
4624.5,60.16037,44.307953,63.717598,59.773254
4625.0,60.152508,44.306316,63.713,59.75789
4625.5,60.144615,44.30465,63.708393,59.742504
4626.0,60.136692,44.302937,63.70377,59.727077
4626.5,60.128742,44.301178,63.699127,59.711617
4627.0,60.120773,44.29939,63.69447,59.696144
4627.5,60.112797,44.297565,63.689796,59.68064
4628.0,60.104824,44.295708,63.68511,59.665115
4628.5,60.096855,44.293823,63.680405,59.649574
4629.0,60.08889,44.29192,63.67569,59.634018
4629.5,60.08094,44.290005,63.670967,59.61845
4630.0,60.072994,44.28809,63.66624,59.602867
4630.5,60.06507,44.28618,63.661503,59.587257
4631.0,60.05717,44.28427,63.65676,59.571625
4631.5,60.0493,44.282387,63.652016,59.555996
4632.0,60.04147,44.280544,63.64729,59.54042
4632.5,60.03368,44.27874,63.642574,59.524895
4633.0,60.025913,44.27697,63.63788,59.509415
4633.5,60.018166,44.27522,63.633186,59.493973
4634.0,60.01042,44.273487,63.628513,59.47858
4634.5,60.002686,44.271763,63.623844,59.463223
4635.0,59.994934,44.27005,63.61919,59.447903
4635.5,59.987175,44.26833,63.614536,59.432602
4636.0,59.97941,44.266594,63.60988,59.41731
4636.5,59.97165,44.264847,63.60522,59.40202
4637.0,59.963894,44.26309,63.60055,59.38674
4637.5,59.956146,44.26132,63.595886,59.37147
4638.0,59.94841,44.259533,63.591213,59.3562
4638.5,59.940674,44.257732,63.586533,59.340935
4639.0,59.932953,44.255924,63.58185,59.325665
4639.5,59.92525,44.25411,63.577152,59.310375
4640.0,59.917564,44.252304,63.572456,59.295082
4640.5,59.909897,44.250496,63.567745,59.279747
4641.0,59.902252,44.248695,63.56303,59.264393
4641.5,59.894623,44.246906,63.55831,59.24903
4642.0,59.887016,44.245113,63.553577,59.233658
4642.5,59.87942,44.243332,63.548843,59.2183
4643.0,59.87183,44.241566,63.544125,59.202976
4643.5,59.864243,44.239807,63.53941,59.187668
4644.0,59.856647,44.238064,63.534706,59.17241
4644.5,59.849052,44.236332,63.530014,59.157192
4645.0,59.84146,44.234596,63.525326,59.141994
4645.5,59.833855,44.232864,63.520645,59.126823
4646.0,59.826244,44.23112,63.51597,59.11168
4646.5,59.81863,44.229355,63.511284,59.096527
4647.0,59.81102,44.227573,63.506584,59.081375
4647.5,59.803413,44.22577,63.501884,59.06621
4648.0,59.795822,44.223938,63.49716,59.051037
4648.5,59.78824,44.22209,63.492428,59.035843
4649.0,59.780663,44.220238,63.487698,59.020645
4649.5,59.773098,44.218376,63.482952,59.00542
4650.0,59.76555,44.216515,63.478203,58.99017
4650.5,59.758015,44.214638,63.473423,58.974857
4651.0,59.750504,44.21277,63.468628,58.959515
4651.5,59.74301,44.210896,63.46383,58.944153
4652.0,59.73551,44.209007,63.459015,58.928757
4652.5,59.728027,44.207108,63.454185,58.913345
4653.0,59.72054,44.205204,63.44936,58.897938
4653.5,59.713047,44.2033,63.44453,58.88254
4654.0,59.70555,44.20141,63.43971,58.867176
4654.5,59.69804,44.19951,63.434895,58.851833
4655.0,59.69053,44.197617,63.430084,58.836525
4655.5,59.683018,44.195724,63.425278,58.82125
4656.0,59.675495,44.19383,63.42048,58.806004
4656.5,59.66798,44.19192,63.415684,58.79077
4657.0,59.66047,44.190006,63.410885,58.775562
4657.5,59.652977,44.188084,63.406086,58.760357
4658.0,59.645504,44.18615,63.401283,58.74515
4658.5,59.638042,44.18421,63.396473,58.729954
4659.0,59.630604,44.182274,63.391655,58.71474
4659.5,59.62318,44.180347,63.38684,58.69952
4660.0,59.61579,44.178436,63.38202,58.684326
4660.5,59.60843,44.176533,63.37719,58.669205
4661.0,59.601093,44.17464,63.372356,58.654137
4661.5,59.593773,44.17276,63.367516,58.639122
4662.0,59.586464,44.17089,63.362682,58.624138
4662.5,59.579163,44.169033,63.35786,58.60917
4663.0,59.57186,44.167194,63.35305,58.594208
4663.5,59.564568,44.165367,63.348244,58.57926
4664.0,59.55726,44.163548,63.343452,58.564304
4664.5,59.54995,44.161724,63.33866,58.549355
4665.0,59.542625,44.159897,63.333874,58.53439
4665.5,59.5353,44.158054,63.329082,58.519436
4666.0,59.52798,44.156193,63.324284,58.50448
4666.5,59.52066,44.154312,63.319473,58.489525
4667.0,59.513348,44.152405,63.314648,58.474575
4667.5,59.506042,44.150467,63.309807,58.459633
4668.0,59.498745,44.148518,63.304962,58.444714
4668.5,59.49145,44.146557,63.300114,58.429802
4669.0,59.48416,44.144596,63.29526,58.414925
4669.5,59.476883,44.14263,63.290394,58.400093
4670.0,59.469624,44.14066,63.285507,58.385323
4670.5,59.46238,44.1387,63.280617,58.37061
4671.0,59.45517,44.13674,63.27572,58.35595
4671.5,59.447968,44.134792,63.270824,58.341324
4672.0,59.44078,44.13285,63.265926,58.326733
4672.5,59.433598,44.130917,63.261032,58.312164
4673.0,59.426422,44.128998,63.256145,58.29761
4673.5,59.41923,44.12709,63.251274,58.28305
4674.0,59.412045,44.12519,63.246418,58.268486
4674.5,59.40485,44.123302,63.241566,58.253933
4675.0,59.397644,44.121403,63.236713,58.239372
4675.5,59.390427,44.119484,63.231857,58.224792
4676.0,59.38321,44.11754,63.226986,58.210205
4676.5,59.375984,44.11555,63.2221,58.19562
4677.0,59.368748,44.113518,63.217186,58.181023
4677.5,59.36151,44.11145,63.212257,58.16643
4678.0,59.354282,44.109364,63.20731,58.15186
4678.5,59.34707,44.10728,63.202362,58.13732
4679.0,59.33988,44.10521,63.197414,58.122837
4679.5,59.332718,44.10315,63.192455,58.108425
4680.0,59.325577,44.101097,63.187492,58.09407
4680.5,59.31846,44.09905,63.18252,58.07978
4681.0,59.311356,44.096992,63.177536,58.06553
4681.5,59.304256,44.094933,63.17255,58.051292
4682.0,59.297173,44.092896,63.167572,58.037098
4682.5,59.290092,44.090878,63.162605,58.022903
4683.0,59.283,44.08888,63.15766,58.008713
4683.5,59.275906,44.0869,63.152725,57.994526
4684.0,59.268814,44.084938,63.147808,57.980347
4684.5,59.261726,44.082977,63.142895,57.96618
4685.0,59.254646,44.081024,63.13799,57.95201
4685.5,59.24756,44.07904,63.13307,57.937836
4686.0,59.240486,44.077034,63.128143,57.923668
4686.5,59.233414,44.075012,63.123203,57.909508
4687.0,59.226357,44.072975,63.11826,57.895355
4687.5,59.219315,44.07093,63.113316,57.881218
4688.0,59.212273,44.068886,63.108368,57.867096
4688.5,59.205254,44.066833,63.10341,57.85303
4689.0,59.198242,44.06478,63.09844,57.839005
4689.5,59.19125,44.06273,63.093452,57.825035
4690.0,59.184277,44.060673,63.08846,57.81112
4690.5,59.17731,44.058598,63.08344,57.79725
4691.0,59.17034,44.05651,63.078415,57.783394
4691.5,59.163372,44.05442,63.073383,57.769554
4692.0,59.1564,44.052334,63.06836,57.755733
4692.5,59.149426,44.05025,63.063343,57.74191
4693.0,59.14244,44.04818,63.058327,57.728092
4693.5,59.13545,44.046104,63.053314,57.71428
4694.0,59.128452,44.044025,63.04831,57.700462
4694.5,59.12146,44.04195,63.0433,57.68665
4695.0,59.11448,44.039886,63.038307,57.67285
4695.5,59.107517,44.03783,63.033318,57.659065
4696.0,59.100567,44.03577,63.028336,57.645287
4696.5,59.093636,44.0337,63.023346,57.631523
4697.0,59.08671,44.031612,63.018353,57.617767
4697.5,59.07979,44.02949,63.01334,57.60402
4698.0,59.072876,44.027367,63.00832,57.5903
4698.5,59.06598,44.02525,63.00329,57.576637
4699.0,59.059097,44.02312,62.998245,57.56302
4699.5,59.052235,44.021,62.993195,57.549465
4700.0,59.045387,44.018887,62.988136,57.535946
4700.5,59.03855,44.01676,62.98307,57.52247
4701.0,59.03171,44.014626,62.977993,57.50901
4701.5,59.024864,44.01249,62.972916,57.495544
4702.0,59.018005,44.010357,62.967842,57.482086
4702.5,59.01114,44.00822,62.962776,57.468628
4703.0,59.004272,44.00609,62.957703,57.45519
4703.5,58.99739,44.00395,62.952637,57.44173
4704.0,58.9905,44.0018,62.94757,57.428272
4704.5,58.983604,43.999638,62.942497,57.414806
4705.0,58.97671,43.997463,62.93742,57.40134
4705.5,58.96982,43.99526,62.932323,57.387894
4706.0,58.962936,43.99303,62.927216,57.374447
4706.5,58.956062,43.990784,62.922096,57.36102
4707.0,58.949192,43.98852,62.916977,57.34759
4707.5,58.942318,43.986244,62.911842,57.33417
4708.0,58.93547,43.98397,62.906708,57.320805
4708.5,58.92864,43.981705,62.90156,57.307487
4709.0,58.921833,43.97945,62.89642,57.29423
4709.5,58.91505,43.97721,62.89127,57.281025
4710.0,58.90828,43.97497,62.88612,57.26785
4710.5,58.90152,43.972733,62.880962,57.254707
4711.0,58.89476,43.970486,62.8758,57.241585
4711.5,58.88801,43.968246,62.87064,57.228477
4712.0,58.881252,43.96602,62.865494,57.21537
4712.5,58.8745,43.963806,62.86036,57.202267
4713.0,58.86774,43.9616,62.855232,57.18917
4713.5,58.86098,43.959408,62.850113,57.17608
4714.0,58.85423,43.957214,62.844997,57.162994
4714.5,58.84748,43.955017,62.839878,57.14992
4715.0,58.84074,43.95281,62.83476,57.136856
4715.5,58.83401,43.95059,62.829636,57.1238
4716.0,58.827286,43.948353,62.824505,57.110752
4716.5,58.820576,43.946102,62.819366,57.09771
4717.0,58.813877,43.943848,62.814228,57.084686
4717.5,58.807194,43.941605,62.809093,57.071705
4718.0,58.800537,43.939377,62.803955,57.058777
4718.5,58.793903,43.93716,62.79881,57.045914
4719.0,58.7873,43.934956,62.79366,57.033104
4719.5,58.780704,43.932743,62.788498,57.020336
4720.0,58.77411,43.930515,62.783325,57.00759
4720.5,58.7675,43.92826,62.778133,56.994854
4721.0,58.76088,43.925987,62.77293,56.982117
4721.5,58.75423,43.923706,62.76773,56.96935
4722.0,58.74756,43.921417,62.762535,56.956566
4722.5,58.740883,43.919125,62.757336,56.94378
4723.0,58.734203,43.916832,62.752144,56.930996
4723.5,58.7275,43.91453,62.746956,56.918198
4724.0,58.7208,43.91221,62.74175,56.9054
4724.5,58.714092,43.909855,62.73653,56.89261
4725.0,58.707394,43.90747,62.731297,56.879826
4725.5,58.7007,43.905075,62.72605,56.867046
4726.0,58.694016,43.90266,62.7208,56.854282
4726.5,58.68734,43.900238,62.71554,56.841534
4727.0,58.68067,43.897804,62.710278,56.828808
4727.5,58.674015,43.895374,62.705006,56.81613
4728.0,58.66738,43.892937,62.69972,56.803513
4728.5,58.66077,43.89051,62.694424,56.790943
4729.0,58.65418,43.888096,62.689133,56.77842
4729.5,58.6476,43.885674,62.683826,56.76593
4730.0,58.64103,43.883247,62.678516,56.753468
4730.5,58.63446,43.88081,62.6732,56.741016
4731.0,58.62789,43.878376,62.66788,56.728573
4731.5,58.6213,43.875946,62.66258,56.71611
4732.0,58.614697,43.873516,62.65728,56.703632
4732.5,58.608078,43.871086,62.651985,56.69115
4733.0,58.601463,43.86866,62.646698,56.678677
4733.5,58.594852,43.866238,62.64142,56.666206
4734.0,58.58825,43.863815,62.63614,56.653744
4734.5,58.581657,43.86138,62.63085,56.6413
4735.0,58.575077,43.858944,62.625565,56.62886
4735.5,58.56852,43.856503,62.620277,56.616436
4736.0,58.561974,43.85406,62.61499,56.60404
4736.5,58.555447,43.851624,62.609703,56.591667
4737.0,58.54894,43.84919,62.60441,56.579338
4737.5,58.542442,43.846756,62.59911,56.567055
4738.0,58.535957,43.844315,62.593796,56.554817
4738.5,58.529484,43.841873,62.588467,56.54262
4739.0,58.52303,43.839424,62.58313,56.530464
4739.5,58.516586,43.83698,62.57779,56.51834
4740.0,58.510162,43.834538,62.57245,56.50624
4740.5,58.503735,43.832108,62.56712,56.49414
4741.0,58.497303,43.82969,62.561806,56.482037
4741.5,58.490868,43.827274,62.55649,56.46993
4742.0,58.484413,43.824863,62.551193,56.457813
4742.5,58.47795,43.82245,62.545895,56.4457
4743.0,58.471478,43.820034,62.540596,56.43357
4743.5,58.465004,43.817608,62.535297,56.42144
4744.0,58.45853,43.81517,62.53,56.40931
4744.5,58.45207,43.812717,62.52469,56.3972
4745.0,58.44562,43.810253,62.51937,56.385105
4745.5,58.439182,43.80778,62.51405,56.37303
4746.0,58.43276,43.80529,62.508713,56.360973
4746.5,58.42633,43.802788,62.503372,56.34893
4747.0,58.419918,43.800285,62.49802,56.336933
4747.5,58.41353,43.797787,62.492664,56.324993
4748.0,58.407166,43.79529,62.487297,56.313103
4748.5,58.40082,43.792812,62.481926,56.30126
4749.0,58.394497,43.790344,62.476562,56.289448
4749.5,58.38819,43.78789,62.47121,56.277664
4750.0,58.381916,43.785465,62.46587,56.265915
4750.5,58.375645,43.783085,62.46056,56.254166
4751.0,58.369373,43.78073,62.455273,56.242424
4751.5,58.363106,43.778404,62.450005,56.230682
4752.0,58.35684,43.776096,62.44475,56.218945
4752.5,58.350586,43.773808,62.439514,56.20723
4753.0,58.344345,43.771523,62.43428,56.195526
4753.5,58.338123,43.769245,62.429047,56.18385
4754.0,58.331917,43.766968,62.423813,56.1722
4754.5,58.325737,43.764675,62.418568,56.16057
4755.0,58.319557,43.762363,62.413322,56.148933
4755.5,58.31338,43.76004,62.408066,56.13731
4756.0,58.307205,43.757706,62.4028,56.125694
4756.5,58.301044,43.755363,62.397533,56.114113
4757.0,58.2949,43.75302,62.392246,56.102585
4757.5,58.288757,43.750675,62.38696,56.091087
4758.0,58.28263,43.74833,62.38166,56.07963
4758.5,58.276524,43.745983,62.376358,56.06821
4759.0,58.27042,43.743637,62.37105,56.056805
4759.5,58.264317,43.741295,62.365746,56.045414
4760.0,58.258213,43.738956,62.360447,56.034027
4760.5,58.2521,43.73663,62.355156,56.022636
4761.0,58.24598,43.734303,62.349873,56.011234
4761.5,58.23986,43.731983,62.344597,55.99984
4762.0,58.23373,43.729675,62.339336,55.988438
4762.5,58.22761,43.72738,62.33408,55.97704
4763.0,58.2215,43.725082,62.328827,55.96566
4763.5,58.21541,43.722786,62.32357,55.954308
4764.0,58.209335,43.720478,62.318306,55.94298
4764.5,58.20328,43.718163,62.313038,55.931675
4765.0,58.19723,43.71584,62.30777,55.92037
4765.5,58.191185,43.713516,62.3025,55.90907
4766.0,58.185154,43.71118,62.29722,55.8978
4766.5,58.17914,43.708836,62.29192,55.886597
4767.0,58.173134,43.70648,62.28661,55.875427
4767.5,58.167137,43.70412,62.28129,55.864292
4768.0,58.161144,43.701748,62.27595,55.853184
4768.5,58.155163,43.69937,62.27061,55.84209
4769.0,58.149178,43.697002,62.265278,55.831
4769.5,58.1432,43.694633,62.25994,55.819935
4770.0,58.13722,43.692265,62.25461,55.808876
4770.5,58.13123,43.6899,62.24928,55.79781
4771.0,58.12523,43.68754,62.24396,55.786728
4771.5,58.11922,43.68518,62.23865,55.775642
4772.0,58.1132,43.682816,62.23334,55.76455
4772.5,58.107178,43.680435,62.22802,55.753464
4773.0,58.10116,43.67804,62.222683,55.74239
4773.5,58.095146,43.67563,62.217342,55.73132
4774.0,58.08913,43.673195,62.211998,55.720245
4774.5,58.08312,43.67074,62.20664,55.70918
4775.0,58.077103,43.668247,62.201256,55.69812
4775.5,58.071075,43.66573,62.19586,55.687065
4776.0,58.065044,43.663197,62.19045,55.676025
4776.5,58.059017,43.660637,62.18502,55.665028
4777.0,58.052998,43.658066,62.179565,55.65407
4777.5,58.04699,43.655483,62.174095,55.643154
4778.0,58.04099,43.65288,62.168617,55.632256
4778.5,58.035,43.650272,62.16312,55.62139
4779.0,58.02899,43.647663,62.15763,55.6105
4779.5,58.022976,43.645054,62.152153,55.599606
4780.0,58.01695,43.64244,62.14667,55.58871
4780.5,58.01091,43.639816,62.141186,55.577805
4781.0,58.004864,43.6372,62.135708,55.566883
4781.5,57.998806,43.634575,62.130238,55.55596
4782.0,57.992756,43.631947,62.12476,55.545055
4782.5,57.986713,43.629314,62.11928,55.53416
4783.0,57.980682,43.62668,62.113796,55.52328
4783.5,57.97466,43.624027,62.108307,55.51242
4784.0,57.96865,43.62137,62.102818,55.501568
4784.5,57.962654,43.61871,62.097324,55.49073
4785.0,57.956673,43.61605,62.091835,55.479916
4785.5,57.9507,43.6134,62.08634,55.469124
4786.0,57.94475,43.61075,62.08084,55.45839
4786.5,57.938828,43.60811,62.075336,55.447716
4787.0,57.93292,43.605473,62.069828,55.437077
4787.5,57.92703,43.60284,62.064316,55.42647
4788.0,57.921154,43.600224,62.058807,55.415882
4788.5,57.915306,43.59762,62.053307,55.40533
4789.0,57.909466,43.595036,62.04782,55.39478
4789.5,57.903618,43.592476,62.042355,55.384224
4790.0,57.89777,43.58994,62.036907,55.373676
4790.5,57.89192,43.587418,62.03148,55.363117
4791.0,57.886063,43.584908,62.026054,55.352562
4791.5,57.88022,43.582405,62.02064,55.342007
4792.0,57.874374,43.57991,62.01524,55.331455
4792.5,57.868553,43.577423,62.009842,55.32093
4793.0,57.862747,43.574936,62.004436,55.310432
4793.5,57.856964,43.572445,61.999027,55.299957
4794.0,57.8512,43.56995,61.993618,55.289505
4794.5,57.845444,43.567455,61.988213,55.279064
4795.0,57.839703,43.564964,61.9828,55.26865
4795.5,57.83398,43.562473,61.977375,55.258297
4796.0,57.828278,43.55998,61.971943,55.247993
4796.5,57.822586,43.557476,61.966496,55.237724
4797.0,57.816895,43.554962,61.961044,55.22747
4797.5,57.8112,43.552425,61.95557,55.21723
4798.0,57.805504,43.549877,61.950092,55.206985
4798.5,57.799797,43.54732,61.944614,55.196728
4799.0,57.794083,43.54476,61.939144,55.186455
4799.5,57.78836,43.542206,61.933678,55.176186
4800.0,57.782642,43.539665,61.92822,55.165936
4800.5,57.776917,43.537136,61.92277,55.155678
4801.0,57.771194,43.534615,61.917324,55.14543
4801.5,57.765472,43.532093,61.91189,55.135178
4802.0,57.75976,43.52957,61.906445,55.12495
4802.5,57.75406,43.52703,61.90099,55.114735
4803.0,57.74836,43.524456,61.89552,55.10453
4803.5,57.74265,43.521847,61.890022,55.09432
4804.0,57.73694,43.519203,61.88451,55.08412
4804.5,57.731228,43.516533,61.878986,55.073936
4805.0,57.725517,43.51385,61.873436,55.063778
4805.5,57.71981,43.511147,61.86787,55.05365
4806.0,57.7141,43.50842,61.862286,55.043556
4806.5,57.70839,43.505672,61.85668,55.033474
4807.0,57.70267,43.5029,61.85106,55.023407
4807.5,57.69695,43.500103,61.84543,55.01333
4808.0,57.691223,43.497284,61.83979,55.003242
4808.5,57.685482,43.49446,61.834152,54.993145
4809.0,57.67973,43.49164,61.828518,54.983036
4809.5,57.67396,43.488823,61.8229,54.972904
4810.0,57.66819,43.486027,61.817287,54.962772
4810.5,57.662426,43.483246,61.81169,54.952656
4811.0,57.65667,43.48048,61.806107,54.942554
4811.5,57.650925,43.47773,61.80053,54.93247
4812.0,57.645206,43.474987,61.79495,54.922424
4812.5,57.639515,43.47225,61.789375,54.9124
4813.0,57.633835,43.469517,61.783802,54.902393
4813.5,57.628174,43.466778,61.77823,54.89241
4814.0,57.62252,43.464043,61.772655,54.88245
4814.5,57.616882,43.4613,61.76708,54.87252
4815.0,57.611256,43.45856,61.761486,54.86263
4815.5,57.60564,43.45581,61.755882,54.85278
4816.0,57.600033,43.453053,61.750267,54.842957
4816.5,57.594444,43.45029,61.744648,54.833157
4817.0,57.588863,43.447533,61.739033,54.823376
4817.5,57.583298,43.44478,61.733418,54.8136
4818.0,57.577724,43.44202,61.72781,54.803814
4818.5,57.572132,43.439274,61.722218,54.793995
4819.0,57.56654,43.436535,61.71663,54.784184
4819.5,57.560944,43.4338,61.71105,54.77437
4820.0,57.555344,43.43108,61.705482,54.764545
4820.5,57.54975,43.428375,61.69992,54.754745
4821.0,57.54417,43.42569,61.69437,54.744965
4821.5,57.538605,43.423004,61.688824,54.735203
4822.0,57.533043,43.42029,61.683254,54.725456
4822.5,57.52748,43.417553,61.677677,54.715717
4823.0,57.521927,43.41479,61.67208,54.705994
4823.5,57.516376,43.41201,61.66647,54.696285
4824.0,57.51083,43.409218,61.66085,54.6866
4824.5,57.50529,43.40641,61.655212,54.676964
4825.0,57.49976,43.40358,61.649548,54.66736
4825.5,57.49423,43.40073,61.643864,54.65778
4826.0,57.488697,43.397846,61.638157,54.648216
4826.5,57.483154,43.39494,61.632435,54.63865
4827.0,57.4776,43.392006,61.62671,54.629063
4827.5,57.47203,43.389053,61.620975,54.61947
4828.0,57.466442,43.386097,61.615246,54.60983
4828.5,57.460827,43.38314,61.60953,54.600166
4829.0,57.45521,43.380188,61.60382,54.5905
4829.5,57.449585,43.377247,61.59812,54.580826
4830.0,57.443977,43.374306,61.59241,54.571182
4830.5,57.438362,43.371372,61.58672,54.561527
4831.0,57.432766,43.36845,61.581028,54.551907
4831.5,57.427185,43.36554,61.57534,54.542305
4832.0,57.42164,43.362637,61.569656,54.53274
4832.5,57.41612,43.35975,61.563976,54.523216
4833.0,57.41062,43.35688,61.558308,54.51372
4833.5,57.405155,43.35402,61.55264,54.504276
4834.0,57.399704,43.351162,61.546963,54.49487
4834.5,57.394253,43.348293,61.54127,54.4855
4835.0,57.388805,43.345406,61.53556,54.476147
4835.5,57.383358,43.34248,61.52982,54.466827
4836.0,57.377903,43.339523,61.524063,54.457504
4836.5,57.372433,43.33654,61.518295,54.44816
4837.0,57.366943,43.333527,61.512512,54.43879
4837.5,57.36143,43.330498,61.50673,54.42939
4838.0,57.355892,43.32745,61.50095,54.41996
4838.5,57.35035,43.32439,61.495155,54.41053
4839.0,57.344795,43.321323,61.48937,54.40109
4839.5,57.339233,43.318253,61.48358,54.391647
4840.0,57.333668,43.31519,61.4778,54.382195
4840.5,57.3281,43.312134,61.472023,54.372746
4841.0,57.322563,43.309082,61.466248,54.36334
4841.5,57.317047,43.30605,61.460476,54.353966
4842.0,57.311565,43.303032,61.45472,54.34462
4842.5,57.306107,43.300034,61.448975,54.335297
4843.0,57.30067,43.29705,61.443233,54.326015
4843.5,57.29525,43.294083,61.4375,54.316772
4844.0,57.289852,43.291115,61.431747,54.30758
4844.5,57.28446,43.288124,61.42598,54.298424
4845.0,57.279057,43.285107,61.420185,54.28928
4845.5,57.273643,43.282055,61.41437,54.280136
4846.0,57.26822,43.278973,61.40854,54.270996
4846.5,57.262794,43.275856,61.40268,54.261864
4847.0,57.25736,43.272717,61.39681,54.25272
4847.5,57.251907,43.269558,61.390938,54.243553
4848.0,57.24644,43.266403,61.38507,54.234367
4848.5,57.240955,43.263252,61.37922,54.22516
4849.0,57.235462,43.2601,61.37337,54.21593
4849.5,57.229973,43.25696,61.367535,54.20671
4850.0,57.224495,43.253838,61.361713,54.19751
4850.5,57.219036,43.250732,61.355896,54.188324
4851.0,57.2136,43.24764,61.35009,54.17916
4851.5,57.208187,43.24456,61.34429,54.170025
4852.0,57.202805,43.2415,61.338497,54.160923
4852.5,57.197456,43.23847,61.33272,54.151863
4853.0,57.192142,43.235466,61.326958,54.14285
4853.5,57.186844,43.232475,61.321194,54.133873
4854.0,57.18155,43.22947,61.31541,54.12494
4854.5,57.176254,43.22645,61.309616,54.116035
4855.0,57.17097,43.223415,61.3038,54.10716
4855.5,57.165688,43.220352,61.297966,54.0983
4856.0,57.1604,43.217274,61.292118,54.089443
4856.5,57.1551,43.214176,61.286266,54.080574
4857.0,57.149784,43.211063,61.28041,54.07168
4857.5,57.14445,43.20794,61.27456,54.06276
4858.0,57.13909,43.204807,61.26871,54.053806
4858.5,57.13372,43.20167,61.262863,54.044838
4859.0,57.12834,43.19854,61.257023,54.035854
4859.5,57.12297,43.195396,61.251175,54.02689
4860.0,57.1176,43.192257,61.24534,54.017918
4860.5,57.11224,43.189125,61.239506,54.008972
4861.0,57.106907,43.185993,61.233665,54.000057
4861.5,57.10159,43.18287,61.227833,53.991158
4862.0,57.09629,43.179752,61.222004,53.98229
4862.5,57.09101,43.176636,61.21617,53.973442
4863.0,57.085747,43.173523,61.210335,53.964638
4863.5,57.0805,43.170418,61.204494,53.955887
4864.0,57.075275,43.167313,61.19864,53.947193
4864.5,57.070057,43.1642,61.19277,53.938538
4865.0,57.06485,43.161076,61.186886,53.92991
4865.5,57.059647,43.15794,61.180992,53.921295
4866.0,57.054436,43.15479,61.175095,53.912674
4866.5,57.049225,43.151623,61.16919,53.904057
4867.0,57.044006,43.14846,61.163296,53.89541
4867.5,57.038776,43.14531,61.15741,53.886753
4868.0,57.03355,43.142178,61.151546,53.878086
4868.5,57.028328,43.13907,61.1457,53.86942
4869.0,57.023113,43.135986,61.139877,53.86075
4869.5,57.01791,43.132927,61.13407,53.85209
4870.0,57.012726,43.129875,61.12827,53.843445
4870.5,57.007565,43.126835,61.12248,53.834827
4871.0,57.00242,43.12381,61.116688,53.826218
4871.5,56.997307,43.12079,61.11091,53.817646
4872.0,56.99221,43.117786,61.105133,53.809105
4872.5,56.98713,43.1148,61.09936,53.800594
4873.0,56.982075,43.111824,61.093594,53.792137
4873.5,56.97704,43.10886,61.08782,53.783733
4874.0,56.972015,43.1059,61.082035,53.77537
4874.5,56.967007,43.102932,61.07624,53.767044
4875.0,56.962006,43.099953,61.070435,53.75874
4875.5,56.957,43.096962,61.064632,53.75043
4876.0,56.951992,43.093964,61.05882,53.74213
4876.5,56.94698,43.09096,61.05301,53.733814
4877.0,56.941956,43.087955,61.047203,53.72548
4877.5,56.936913,43.084953,61.041405,53.717125
4878.0,56.931866,43.081947,61.03561,53.70875
4878.5,56.926804,43.07895,61.029823,53.70037
4879.0,56.921745,43.075947,61.02404,53.69199
4879.5,56.916683,43.072937,61.018257,53.6836
4880.0,56.911625,43.06992,61.01247,53.675217
4880.5,56.90657,43.06689,61.006683,53.666843
4881.0,56.90153,43.063854,61.000885,53.658493
4881.5,56.896507,43.06081,60.99508,53.650158
4882.0,56.891495,43.057755,60.98926,53.64185
4882.5,56.886494,43.054695,60.983437,53.633575
4883.0,56.881504,43.05164,60.977608,53.625343
4883.5,56.876522,43.04858,60.971767,53.617157
4884.0,56.871544,43.04551,60.965908,53.609
4884.5,56.86656,43.042404,60.960026,53.60086
4885.0,56.86157,43.039265,60.954117,53.592724
4885.5,56.85656,43.036095,60.9482,53.584568
4886.0,56.851524,43.0329,60.94227,53.576393
4886.5,56.84647,43.029694,60.936337,53.568184
4887.0,56.841393,43.02647,60.93041,53.559948
4887.5,56.836308,43.02324,60.92447,53.55171
4888.0,56.831215,43.020004,60.918533,53.543465
4888.5,56.826122,43.01676,60.912598,53.53521
4889.0,56.821026,43.01351,60.906662,53.526962
4889.5,56.815933,43.010254,60.900723,53.51871
4890.0,56.81085,43.007,60.894787,53.510468
4890.5,56.805782,43.003742,60.88885,53.50225
4891.0,56.80074,43.00049,60.882915,53.494053
4891.5,56.795715,42.997242,60.876976,53.48588
4892.0,56.790714,42.994003,60.87104,53.477753
4892.5,56.785732,42.990784,60.86511,53.46967
4893.0,56.78077,42.98757,60.85917,53.46164
4893.5,56.77582,42.984352,60.853214,53.453667
4894.0,56.770878,42.981125,60.847248,53.44572
4894.5,56.765945,42.977882,60.841263,53.437794
4895.0,56.761,42.974617,60.83526,53.42988
4895.5,56.75606,42.971333,60.82925,53.421963
4896.0,56.751102,42.968033,60.82324,53.41403
4896.5,56.74612,42.964718,60.817223,53.406067
4897.0,56.74112,42.9614,60.811214,53.39808
4897.5,56.7361,42.958084,60.805214,53.390068
4898.0,56.731068,42.95476,60.79921,53.38204
4898.5,56.726032,42.951435,60.79322,53.373993
4899.0,56.720997,42.948105,60.78723,53.365944
4899.5,56.715954,42.94478,60.781246,53.357887
4900.0,56.71093,42.941444,60.775257,53.349846
4900.5,56.70592,42.938118,60.76927,53.34182
4901.0,56.700943,42.9348,60.763287,53.333824
4901.5,56.69599,42.93149,60.75731,53.325874
4902.0,56.691067,42.9282,60.75133,53.31797
4902.5,56.686176,42.92493,60.745358,53.310127
4903.0,56.681316,42.92169,60.739388,53.302353
4903.5,56.67649,42.918476,60.73342,53.29464
4904.0,56.671684,42.915283,60.72746,53.28697
4904.5,56.666904,42.912113,60.721504,53.279324
4905.0,56.662132,42.908947,60.715557,53.271683
4905.5,56.657356,42.905785,60.709614,53.264038
4906.0,56.652576,42.902622,60.70368,53.256386
4906.5,56.647778,42.899467,60.697758,53.2487
4907.0,56.642967,42.896324,60.691856,53.240986
4907.5,56.638157,42.89319,60.685963,53.233276
4908.0,56.633347,42.890064,60.680073,53.22557
4908.5,56.628536,42.886948,60.6742,53.217846
4909.0,56.623737,42.88384,60.668327,53.21014
4909.5,56.618954,42.880726,60.662453,53.20244
4910.0,56.614185,42.877613,60.65658,53.194763
4910.5,56.60944,42.874496,60.650707,53.187115
4911.0,56.60472,42.871387,60.64483,53.179497
4911.5,56.600018,42.86828,60.638947,53.17191
4912.0,56.595325,42.865173,60.633064,53.164364
4912.5,56.590652,42.862072,60.627167,53.15687
4913.0,56.586,42.858974,60.62126,53.149433
4913.5,56.581352,42.85586,60.615337,53.142036
4914.0,56.5767,42.852726,60.609394,53.134644
4914.5,56.572033,42.84956,60.603436,53.127247
4915.0,56.56735,42.84636,60.597454,53.11984
4915.5,56.56265,42.843143,60.591473,53.11242
4916.0,56.557922,42.839916,60.58549,53.104954
4916.5,56.553173,42.83668,60.579514,53.09746
4917.0,56.548393,42.833427,60.573536,53.089935
4917.5,56.543594,42.83016,60.56755,53.082382
4918.0,56.53879,42.82687,60.56156,53.074825
4918.5,56.533985,42.823574,60.555565,53.06727
4919.0,56.52919,42.820282,60.549576,53.059715
4919.5,56.524406,42.816982,60.543587,53.05218
4920.0,56.519634,42.81367,60.53759,53.044647
4920.5,56.51487,42.810364,60.531597,53.037117
4921.0,56.51014,42.807064,60.5256,53.029644
4921.5,56.505424,42.803783,60.51962,53.0222
4922.0,56.500732,42.800518,60.513634,53.01481
4922.5,56.49607,42.79727,60.507645,53.007484
4923.0,56.49143,42.794037,60.501648,53.000214
4923.5,56.48681,42.790806,60.495644,52.99298
4924.0,56.48221,42.78757,60.48963,52.985794
4924.5,56.4776,42.78433,60.483616,52.978603
4925.0,56.473,42.781082,60.477604,52.971416
4925.5,56.468384,42.77785,60.471607,52.9642
4926.0,56.46376,42.77463,60.465622,52.956963
4926.5,56.45912,42.77142,60.459656,52.949703
4927.0,56.45448,42.76821,60.453693,52.942425
4927.5,56.44983,42.76501,60.447746,52.935143
4928.0,56.445175,42.761814,60.441803,52.927853
4928.5,56.440533,42.758617,60.43586,52.920567
4929.0,56.435905,42.755413,60.429913,52.913303
4929.5,56.4313,42.752205,60.423958,52.906055
4930.0,56.42671,42.748993,60.418003,52.898823
4930.5,56.42213,42.74579,60.412056,52.891613
4931.0,56.417572,42.742596,60.406113,52.884422
4931.5,56.413033,42.739414,60.40017,52.877277
4932.0,56.40852,42.73624,60.394215,52.87021
4932.5,56.404026,42.733078,60.388256,52.863194
4933.0,56.399548,42.72992,60.38229,52.85622
4933.5,56.39509,42.72676,60.376312,52.849293
4934.0,56.390636,42.723595,60.370327,52.842377
4934.5,56.386173,42.720425,60.36434,52.835453
4935.0,56.381702,42.717243,60.358356,52.828514
4935.5,56.3772,42.714054,60.35238,52.821533
4936.0,56.372684,42.71086,60.346405,52.814526
4936.5,56.36815,42.70767,60.34044,52.807487
4937.0,56.3636,42.704464,60.334473,52.800434
4937.5,56.35904,42.701252,60.328506,52.793373
4938.0,56.35449,42.698032,60.32254,52.786316
4938.5,56.349945,42.694805,60.31657,52.779263
4939.0,56.345413,42.69157,60.310596,52.772217
4939.5,56.340897,42.68833,60.30462,52.765186
4940.0,56.336395,42.685093,60.29864,52.75817
4940.5,56.331913,42.681854,60.29266,52.751183
4941.0,56.32744,42.67863,60.28669,52.74422
4941.5,56.32298,42.67542,60.280712,52.73731
4942.0,56.31854,42.672203,60.27472,52.730453
4942.5,56.31411,42.668983,60.26871,52.723648
4943.0,56.30968,42.66574,60.262688,52.71686
4943.5,56.30524,42.662476,60.25664,52.710087
4944.0,56.30078,42.65918,60.25058,52.703297
4944.5,56.296314,42.655857,60.244507,52.696495
4945.0,56.291813,42.652504,60.238422,52.68966
4945.5,56.287277,42.649128,60.23233,52.68278
4946.0,56.28272,42.645733,60.22624,52.675865
4946.5,56.27814,42.642315,60.220135,52.66894
4947.0,56.27355,42.638885,60.214024,52.662
4947.5,56.268955,42.635452,60.20792,52.65505
4948.0,56.26436,42.632015,60.201817,52.648087
4948.5,56.25977,42.62857,60.195713,52.641125
4949.0,56.25519,42.625114,60.189606,52.634174
4949.5,56.250633,42.62165,60.18349,52.627247
4950.0,56.24609,42.6182,60.177387,52.620335
4950.5,56.241573,42.61476,60.171284,52.61346
4951.0,56.237076,42.611332,60.165173,52.606636
4951.5,56.23261,42.60791,60.15905,52.599884
4952.0,56.228153,42.6045,60.15293,52.593178
4952.5,56.223713,42.6011,60.14681,52.58651
4953.0,56.2193,42.5977,60.140675,52.579887
4953.5,56.214893,42.5943,60.134537,52.57329
4954.0,56.210487,42.590897,60.128395,52.566708
4954.5,56.206085,42.5875,60.122265,52.560116
4955.0,56.201668,42.584114,60.116142,52.553497
4955.5,56.19723,42.580734,60.11004,52.54685
4956.0,56.19278,42.577362,60.103947,52.540165
4956.5,56.188328,42.57399,60.097855,52.533485
4957.0,56.18388,42.570606,60.091763,52.526802
4957.5,56.17943,42.567215,60.08567,52.520107
4958.0,56.174976,42.563812,60.079575,52.51341
4958.5,56.17053,42.560394,60.07347,52.506714
4959.0,56.166096,42.556973,60.06736,52.500034
4959.5,56.16168,42.553543,60.061253,52.49337
4960.0,56.157272,42.55011,60.055138,52.486725
4960.5,56.152874,42.54668,60.049023,52.480103
4961.0,56.148495,42.54326,60.0429,52.473526
4961.5,56.144123,42.53984,60.036766,52.467007
4962.0,56.139774,42.536427,60.03063,52.460526
4962.5,56.135433,42.53301,60.024475,52.45409
4963.0,56.1311,42.52958,60.018314,52.447678
4963.5,56.126774,42.526142,60.012142,52.441288
4964.0,56.122433,42.52271,60.005974,52.43488
4964.5,56.118073,42.519268,59.999817,52.428436
4965.0,56.113686,42.515816,59.99366,52.42197
4965.5,56.109283,42.512356,59.987495,52.415485
4966.0,56.104874,42.50888,59.981335,52.40899
4966.5,56.100452,42.505394,59.97517,52.402462
4967.0,56.096024,42.5019,59.96901,52.395927
4967.5,56.091595,42.49841,59.962852,52.38939
4968.0,56.087185,42.49492,59.956696,52.382862
4968.5,56.082787,42.491432,59.950542,52.376335
4969.0,56.07841,42.487953,59.944397,52.369835
4969.5,56.07406,42.48449,59.938263,52.36335
4970.0,56.069733,42.48105,59.932137,52.356903
4970.5,56.06544,42.47763,59.926014,52.350513
4971.0,56.061184,42.47425,59.9199,52.344196
4971.5,56.05697,42.470913,59.913803,52.33795
4972.0,56.05279,42.467613,59.907715,52.331757
4972.5,56.048645,42.46434,59.901638,52.325623
4973.0,56.044514,42.461082,59.89556,52.31952
4973.5,56.0404,42.457832,59.88949,52.313442
4974.0,56.036274,42.454605,59.88344,52.30734
4974.5,56.032135,42.451393,59.877407,52.30121
4975.0,56.027992,42.44819,59.87138,52.29508
4975.5,56.023834,42.44499,59.865368,52.28892
4976.0,56.01967,42.441784,59.85936,52.282734
4976.5,56.0155,42.438576,59.85335,52.276535
4977.0,56.011326,42.435356,59.847343,52.270325
4977.5,56.00715,42.432125,59.841328,52.26411
4978.0,56.00298,42.42887,59.835308,52.2579
4978.5,55.998825,42.425606,59.829277,52.25171
4979.0,55.994694,42.422333,59.82324,52.24554
4979.5,55.99059,42.41907,59.8172,52.239407
4980.0,55.986492,42.415817,59.81117,52.233303
4980.5,55.982418,42.412575,59.805138,52.227234
4981.0,55.978363,42.409344,59.79909,52.221233
4981.5,55.974327,42.40612,59.793045,52.21528
4982.0,55.970318,42.40291,59.786987,52.209377
4982.5,55.966316,42.3997,59.78093,52.203514
4983.0,55.96233,42.3965,59.774876,52.197666
4983.5,55.958344,42.393303,59.768826,52.19182
4984.0,55.95434,42.39011,59.762783,52.18595
4984.5,55.950333,42.38692,59.756744,52.18007
4985.0,55.946304,42.383724,59.750713,52.174164
4985.5,55.942257,42.380527,59.74469,52.16822
4986.0,55.938194,42.37732,59.73867,52.16226
4986.5,55.93413,42.3741,59.732647,52.15629
4987.0,55.930065,42.370872,59.726612,52.150314
4987.5,55.925995,42.367634,59.72059,52.144325
4988.0,55.921944,42.36438,59.71455,52.13835
4988.5,55.917896,42.361115,59.708508,52.13238
4989.0,55.913853,42.357834,59.702457,52.12642
4989.5,55.909813,42.354534,59.696396,52.120464
4990.0,55.905785,42.35121,59.690304,52.114563
4990.5,55.901752,42.347878,59.684193,52.108704
4991.0,55.897724,42.344536,59.678066,52.102875
4991.5,55.8937,42.341175,59.67192,52.097084
4992.0,55.88969,42.337814,59.665768,52.091312
4992.5,55.885685,42.33445,59.65961,52.08557
4993.0,55.88167,42.33108,59.653454,52.079834
4993.5,55.87764,42.32772,59.64731,52.07406
4994.0,55.873596,42.324352,59.641163,52.068275
4994.5,55.869537,42.32098,59.635017,52.062477
4995.0,55.865467,42.31761,59.628887,52.05665
4995.5,55.861397,42.31425,59.622765,52.05081
4996.0,55.85733,42.31091,59.616653,52.04497
4996.5,55.85328,42.307575,59.610558,52.039127
4997.0,55.849243,42.30425,59.604465,52.0333
4997.5,55.845226,42.300926,59.59838,52.02748
4998.0,55.841232,42.297604,59.592293,52.021683
4998.5,55.837257,42.294292,59.586216,52.015896
4999.0,55.833298,42.290993,59.580143,52.010136
4999.5,55.829357,42.287697,59.574066,52.00441
5000.0,55.825443,42.284416,59.567993,51.99873
5000.5,55.82155,42.28115,59.56191,51.993114
5001.0,55.81768,42.277893,59.555817,51.98756
5001.5,55.813835,42.274654,59.549732,51.982044
5002.0,55.810005,42.27143,59.54365,51.976562
5002.5,55.806183,42.268215,59.537567,51.971107
5003.0,55.80237,42.265003,59.531487,51.965668
5003.5,55.79854,42.2618,59.525414,51.9602
5004.0,55.794697,42.258583,59.51934,51.954723
5004.5,55.79083,42.25536,59.51327,51.949203
5005.0,55.78695,42.25212,59.5072,51.943672
5005.5,55.78305,42.24887,59.50113,51.938103
5006.0,55.779137,42.245613,59.49506,51.932514
5006.5,55.77522,42.242344,59.488987,51.926918
5007.0,55.77131,42.239067,59.482914,51.921314
5007.5,55.767406,42.235775,59.476833,51.91571
5008.0,55.76352,42.232468,59.47075,51.910122
5008.5,55.75964,42.229164,59.46467,51.90453
5009.0,55.75577,42.225857,59.458584,51.898964
5009.5,55.751926,42.222553,59.45249,51.893448
5010.0,55.7481,42.21926,59.446396,51.88799
5010.5,55.74429,42.21598,59.440292,51.882576
5011.0,55.740494,42.212715,59.43419,51.877205
5011.5,55.736713,42.20946,59.428085,51.871872
5012.0,55.732952,42.206226,59.421986,51.866573
5012.5,55.72921,42.203,59.41589,51.861305
5013.0,55.725456,42.199783,59.4098,51.85602
5013.5,55.721687,42.19658,59.40373,51.850723
5014.0,55.71791,42.193367,59.397655,51.845406
5014.5,55.71412,42.19015,59.391586,51.840065
5015.0,55.710316,42.186924,59.38552,51.83471
5015.5,55.70651,42.183697,59.37946,51.82933
5016.0,55.702694,42.180458,59.37339,51.823944
5016.5,55.698864,42.177208,59.36733,51.81853
5017.0,55.69505,42.17394,59.361256,51.813126
5017.5,55.691242,42.170654,59.355175,51.807713
5018.0,55.687447,42.16735,59.349083,51.802315
5018.5,55.683655,42.164036,59.342987,51.796925
5019.0,55.679863,42.1607,59.336872,51.791553
5019.5,55.67608,42.157356,59.33074,51.78622
5020.0,55.672306,42.154015,59.324604,51.780933
5020.5,55.668545,42.15066,59.31844,51.7757
5021.0,55.66479,42.147305,59.31227,51.770504
5021.5,55.661045,42.14395,59.3061,51.765335
5022.0,55.65731,42.140606,59.299927,51.760178
5022.5,55.653584,42.137276,59.29376,51.755047
5023.0,55.64984,42.13394,59.287598,51.749897
5023.5,55.646072,42.130604,59.281437,51.744713
5024.0,55.642284,42.12726,59.27528,51.739494
5024.5,55.63847,42.123894,59.269123,51.73425
5025.0,55.634636,42.120518,59.262974,51.72897
5025.5,55.63079,42.117126,59.256817,51.72367
5026.0,55.626953,42.113716,59.25065,51.718372
5026.5,55.623108,42.110283,59.244465,51.713062
5027.0,55.61927,42.106827,59.238277,51.707737
5027.5,55.615437,42.10335,59.23208,51.702423
5028.0,55.61161,42.09987,59.22588,51.697113
5028.5,55.607796,42.096386,59.21968,51.69181
5029.0,55.603992,42.092903,59.21347,51.686554
5029.5,55.6002,42.08942,59.207256,51.681347
5030.0,55.596428,42.08594,59.20102,51.67619
5030.5,55.592674,42.082466,59.19478,51.67108
5031.0,55.588924,42.078995,59.188538,51.666004
5031.5,55.585186,42.07553,59.182293,51.660954
5032.0,55.581467,42.072083,59.176052,51.65593
5032.5,55.577747,42.06865,59.169823,51.650906
5033.0,55.574036,42.065228,59.163605,51.64588
5033.5,55.570305,42.061817,59.157402,51.64084
5034.0,55.566574,42.05842,59.151207,51.635788
5034.5,55.562843,42.055027,59.14502,51.630737
5035.0,55.559093,42.05162,59.13884,51.625645
5035.5,55.555332,42.04821,59.13266,51.62053
5036.0,55.551575,42.04478,59.126472,51.615417
5036.5,55.54782,42.041332,59.12028,51.610287
5037.0,55.54407,42.03787,59.114082,51.60515
5037.5,55.54033,42.034393,59.107876,51.600014
5038.0,55.5366,42.030914,59.10167,51.594902
5038.5,55.53288,42.027435,59.09546,51.58981
5039.0,55.52917,42.023964,59.089245,51.58477
5039.5,55.525482,42.020496,59.08302,51.579773
5040.0,55.521816,42.01704,59.076786,51.574837
5040.5,55.51817,42.013588,59.070545,51.569946
5041.0,55.514538,42.010143,59.0643,51.565094
5041.5,55.510925,42.006706,59.058052,51.560276
5042.0,55.507313,42.003284,59.05181,51.55546
5042.5,55.5037,41.999866,59.04558,51.550644
5043.0,55.500076,41.99647,59.03937,51.545803
5043.5,55.496437,41.993088,59.03318,51.540947
5044.0,55.49279,41.989723,59.026997,51.53607
5044.5,55.48915,41.98637,59.02083,51.5312
5045.0,55.485527,41.983025,59.01467,51.526337
5045.5,55.481903,41.979694,59.008526,51.521458
5046.0,55.478306,41.976364,59.002388,51.51658
5046.5,55.474716,41.973038,58.996254,51.511703
5047.0,55.471134,41.9697,58.99012,51.50683
5047.5,55.46757,41.966362,58.983986,51.50196
5048.0,55.464024,41.963028,58.977848,51.49712
5048.5,55.460487,41.959705,58.971714,51.492302
5049.0,55.456966,41.956383,58.96557,51.487534
5049.5,55.45345,41.953045,58.9594,51.482815
5050.0,55.449932,41.949696,58.95322,51.478123
5050.5,55.446423,41.946335,58.94702,51.47346
5051.0,55.442924,41.942955,58.940804,51.468838
5051.5,55.43943,41.939583,58.934593,51.46422
5052.0,55.435932,41.93623,58.928402,51.459587
5052.5,55.432434,41.932888,58.922215,51.45496
5053.0,55.42893,41.929558,58.91604,51.450317
5053.5,55.42543,41.926254,58.90988,51.445675
5054.0,55.421932,41.92297,58.90374,51.441025
5054.5,55.41843,41.919693,58.89761,51.43638
5055.0,55.41494,41.916428,58.891487,51.431717
5055.5,55.411453,41.913162,58.885372,51.427055
5056.0,55.407978,41.90989,58.879257,51.422394
5056.5,55.404507,41.906597,58.873135,51.417725
5057.0,55.401047,41.903297,58.86701,51.413067
5057.5,55.397583,41.899986,58.86088,51.408394
5058.0,55.39413,41.89668,58.85475,51.403748
5058.5,55.390694,41.89337,58.848614,51.399143
5059.0,55.387264,41.89005,58.84245,51.39458
5059.5,55.383842,41.88672,58.836277,51.390064
5060.0,55.38044,41.883392,58.830093,51.385593
5060.5,55.377052,41.88008,58.823914,51.381145
5061.0,55.37368,41.876774,58.817738,51.376717
5061.5,55.370308,41.87348,58.81157,51.372295
5062.0,55.36694,41.870197,58.805405,51.367878
5062.5,55.36356,41.86693,58.799255,51.363445
5063.0,55.36017,41.86367,58.79312,51.358986
5063.5,55.35677,41.860416,58.786995,51.354523
5064.0,55.353363,41.857166,58.78088,51.350033
5064.5,55.349953,41.853912,58.774757,51.34554
5065.0,55.346535,41.850647,58.768635,51.341038
5065.5,55.34313,41.847366,58.76251,51.33654
5066.0,55.33971,41.844055,58.756363,51.332027
5066.5,55.336296,41.84071,58.7502,51.327507
5067.0,55.332874,41.837337,58.744026,51.322983
5067.5,55.32945,41.833942,58.73784,51.318462
5068.0,55.32602,41.830536,58.73164,51.31396
5068.5,55.322605,41.827126,58.72542,51.3095
5069.0,55.319195,41.823708,58.719193,51.305073
5069.5,55.315792,41.820282,58.71295,51.300686
5070.0,55.31241,41.816853,58.7067,51.296337
5070.5,55.30903,41.81342,58.700443,51.291996
5071.0,55.30565,41.80999,58.69419,51.287663
5071.5,55.302258,41.806572,58.68795,51.28331
5072.0,55.29886,41.80317,58.68172,51.27895
5072.5,55.29545,41.799778,58.675503,51.27458
5073.0,55.29204,41.79639,58.669292,51.270206
5073.5,55.28862,41.793,58.663082,51.26582
5074.0,55.28519,41.789608,58.656876,51.261406
5074.5,55.281765,41.786205,58.650673,51.256996
5075.0,55.278336,41.7828,58.644466,51.25258
5075.5,55.27492,41.779377,58.638256,51.24816
5076.0,55.27151,41.77594,58.632042,51.243748
5076.5,55.268116,41.772503,58.625824,51.239334
5077.0,55.264725,41.76906,58.619606,51.234932
5077.5,55.261337,41.765614,58.613388,51.230545
5078.0,55.25797,41.762173,58.607162,51.2262
5078.5,55.254616,41.75873,58.60092,51.221893
5079.0,55.25127,41.755287,58.594673,51.21763
5079.5,55.24794,41.751846,58.58842,51.21339
5080.0,55.244614,41.7484,58.58216,51.209175
5080.5,55.24129,41.744957,58.575905,51.204967
5081.0,55.237972,41.74152,58.569645,51.200764
5081.5,55.234646,41.738094,58.5634,51.196564
5082.0,55.231308,41.734684,58.557163,51.19235
5082.5,55.227966,41.73128,58.55094,51.18812
5083.0,55.2246,41.727886,58.544724,51.18387
5083.5,55.22125,41.72448,58.5385,51.17962
5084.0,55.21788,41.721066,58.532288,51.17535
5084.5,55.21452,41.717636,58.52606,51.17109
5085.0,55.21117,41.714188,58.519817,51.166832
5085.5,55.207817,41.710724,58.513577,51.16257
5086.0,55.204475,41.70725,58.507328,51.15831
5086.5,55.201138,41.70377,58.501083,51.15405
5087.0,55.1978,41.70027,58.494823,51.14978
5087.5,55.19446,41.696762,58.48856,51.145535
5088.0,55.191128,41.693256,58.482285,51.141327
5088.5,55.18781,41.689743,58.476,51.13715
5089.0,55.1845,41.686234,58.469707,51.13301
5089.5,55.181206,41.68272,58.4634,51.128914
5090.0,55.177925,41.67921,58.457096,51.124836
5090.5,55.17465,41.67571,58.450794,51.120758
5091.0,55.171364,41.672222,58.44451,51.11667
5091.5,55.168076,41.66876,58.43824,51.11258
5092.0,55.164783,41.665314,58.431984,51.108486
5092.5,55.161495,41.66188,58.425735,51.104397
5093.0,55.158215,41.658466,58.419502,51.100315
5093.5,55.154945,41.655075,58.413292,51.09622
5094.0,55.151676,41.65169,58.407085,51.092125
5094.5,55.14842,41.64831,58.400887,51.088028
5095.0,55.14517,41.64493,58.394688,51.083935
5095.5,55.141926,41.64153,58.388485,51.079834
5096.0,55.138702,41.638134,58.382286,51.075745
5096.5,55.135494,41.634747,58.37609,51.071674
5097.0,55.132305,41.631374,58.369904,51.067627
5097.5,55.12914,41.628014,58.363716,51.063625
5098.0,55.12599,41.624664,58.357525,51.05967
5098.5,55.122864,41.621323,58.351326,51.05575
5099.0,55.11975,41.61798,58.34512,51.051872
5099.5,55.116646,41.614647,58.338917,51.04801
5100.0,55.113556,41.611313,58.33271,51.04417
5100.5,55.110462,41.607983,58.326508,51.04034
5101.0,55.10736,41.604668,58.320312,51.036495
5101.5,55.104248,41.60138,58.314144,51.032627
5102.0,55.101128,41.59811,58.308,51.02874
5102.5,55.098003,41.594852,58.30186,51.024853
5103.0,55.09489,41.591606,58.295727,51.02098
5103.5,55.09178,41.588356,58.289593,51.017105
5104.0,55.08866,41.585106,58.283466,51.013214
5104.5,55.085545,41.581844,58.27734,51.009315
5105.0,55.08244,41.57857,58.271206,51.005417
5105.5,55.079346,41.57528,58.26506,51.001526
5106.0,55.076252,41.571968,58.258907,50.997627
5106.5,55.073166,41.56864,58.252747,50.99374
5107.0,55.070084,41.56531,58.24658,50.989872
5107.5,55.06701,41.56197,58.24039,50.986046
5108.0,55.063934,41.558613,58.234184,50.982243
5108.5,55.060856,41.555237,58.227962,50.978462
5109.0,55.05779,41.551857,58.22173,50.974716
5109.5,55.054718,41.548462,58.21549,50.97097
5110.0,55.051655,41.54506,58.209236,50.967247
5110.5,55.04858,41.541656,58.202988,50.96351
5111.0,55.04549,41.53825,58.196743,50.95976
5111.5,55.042393,41.534843,58.190495,50.955997
5112.0,55.03927,41.531445,58.18426,50.952213
5112.5,55.036133,41.528046,58.178032,50.94841
5113.0,55.033005,41.524643,58.1718,50.944614
5113.5,55.02987,41.521236,58.16557,50.940807
5114.0,55.026733,41.51783,58.159344,50.936985
5114.5,55.023617,41.514423,58.153122,50.933178
5115.0,55.02051,41.511024,58.14691,50.929363
5115.5,55.017426,41.507626,58.14071,50.925552
5116.0,55.014343,41.504223,58.134502,50.921738
5116.5,55.01126,41.500813,58.128292,50.917934
5117.0,55.00821,41.497414,58.12208,50.914185
5117.5,55.00518,41.494034,58.115864,50.910484
5118.0,55.00217,41.490665,58.109653,50.90682
5118.5,54.999172,41.487305,58.103443,50.90319
5119.0,54.996193,41.483955,58.097233,50.899582
5119.5,54.993225,41.480618,58.09102,50.895996
5120.0,54.99026,41.47728,58.08481,50.892426
5120.5,54.98729,41.473965,58.078617,50.888836
5121.0,54.984306,41.470665,58.07244,50.885242
5121.5,54.981327,41.467377,58.066273,50.88164
5122.0,54.97834,41.464104,58.060116,50.878036
5122.5,54.97535,41.46084,58.05397,50.874416
5123.0,54.972363,41.45757,58.047825,50.870808
5123.5,54.969376,41.454296,58.04168,50.867188
5124.0,54.966396,41.45101,58.03553,50.86357
5124.5,54.96342,41.447712,58.029366,50.85995
5125.0,54.960453,41.444386,58.023197,50.856335
5125.5,54.957497,41.441044,58.017014,50.852722
5126.0,54.954548,41.4377,58.010834,50.84911
5126.5,54.951595,41.43435,58.004646,50.845516
5127.0,54.948658,41.431,57.998455,50.841957
5127.5,54.945732,41.42765,57.99225,50.838436
5128.0,54.942818,41.424297,57.986034,50.83495
5128.5,54.939907,41.420944,57.97981,50.83149
5129.0,54.937,41.41758,57.973583,50.828033
5129.5,54.934097,41.414223,57.967358,50.82459
5130.0,54.931183,41.410873,57.961143,50.821133
5130.5,54.92826,41.40753,57.954937,50.817657
5131.0,54.925335,41.404198,57.94874,50.814175
5131.5,54.922398,41.40087,57.94255,50.810684
5132.0,54.919456,41.397556,57.936375,50.80718
5132.5,54.91652,41.394253,57.930206,50.803673
5133.0,54.913567,41.390953,57.92405,50.80015
5133.5,54.91063,41.38765,57.917892,50.79664
5134.0,54.907703,41.384342,57.911728,50.79313
5134.5,54.90478,41.381023,57.905567,50.78961
5135.0,54.901863,41.37769,57.899403,50.786083
5135.5,54.89895,41.374344,57.893234,50.782562
5136.0,54.896046,41.37099,57.887054,50.779057
5136.5,54.893154,41.36763,57.88086,50.775593
5137.0,54.890274,41.36427,57.87466,50.77216
5137.5,54.88741,41.360905,57.86845,50.76877
5138.0,54.884552,41.35754,57.86223,50.76541
5138.5,54.881702,41.354176,57.856,50.76207
5139.0,54.87886,41.350807,57.849766,50.75875
5139.5,54.87602,41.347443,57.843536,50.755424
5140.0,54.87317,41.344093,57.83732,50.752087
5140.5,54.87031,41.340755,57.831116,50.74874
5141.0,54.86745,41.337433,57.82493,50.745384
5141.5,54.86459,41.33412,57.81875,50.74203
5142.0,54.86173,41.330822,57.812576,50.73867
5142.5,54.858868,41.327538,57.80642,50.735306
5143.0,54.856007,41.324253,57.800262,50.731937
5143.5,54.853146,41.320957,57.794106,50.72856
5144.0,54.850292,41.317646,57.78794,50.725174
5144.5,54.84744,41.314312,57.781773,50.721786
5145.0,54.844593,41.31097,57.7756,50.718403
5145.5,54.84175,41.307617,57.769417,50.715023
5146.0,54.838913,41.304253,57.76323,50.711655
5146.5,54.836082,41.300884,57.75703,50.708324
5147.0,54.833263,41.2975,57.75081,50.70503
5147.5,54.83045,41.294106,57.744568,50.70176
5148.0,54.82765,41.290707,57.738327,50.698517
5148.5,54.82484,41.2873,57.732075,50.695282
5149.0,54.82202,41.283875,57.72581,50.692047
5149.5,54.81918,41.280422,57.71954,50.688778
5150.0,54.81631,41.276955,57.713264,50.68549
5150.5,54.81344,41.273483,57.70699,50.682194
5151.0,54.810555,41.270027,57.70072,50.67888
5151.5,54.80767,41.266586,57.694477,50.675564
5152.0,54.80479,41.263172,57.688244,50.672245
5152.5,54.80191,41.259758,57.682014,50.668926
5153.0,54.799046,41.25636,57.675797,50.66561
5153.5,54.7962,41.252968,57.669586,50.662315
5154.0,54.793377,41.24958,57.66338,50.659023
5154.5,54.79056,41.24619,57.657177,50.655735
5155.0,54.78776,41.2428,57.650978,50.65245
5155.5,54.784966,41.239403,57.644768,50.649178
5156.0,54.782177,41.235992,57.638542,50.64593
5156.5,54.77939,41.232567,57.63231,50.6427
5157.0,54.776596,41.22913,57.626064,50.63949
5157.5,54.773808,41.22568,57.619804,50.636284
5158.0,54.77103,41.222225,57.613533,50.63311
5158.5,54.76827,41.218765,57.607258,50.629967
5159.0,54.76552,41.215324,57.600986,50.62684
5159.5,54.762753,41.211906,57.59474,50.62369
5160.0,54.75998,41.208504,57.588505,50.620537
5160.5,54.757202,41.205116,57.582283,50.617374
5161.0,54.754425,41.20174,57.576073,50.61421
5161.5,54.75164,41.198376,57.569874,50.61103
5162.0,54.748863,41.19502,57.563675,50.607864
5162.5,54.74609,41.19166,57.55748,50.604702
5163.0,54.743324,41.1883,57.55129,50.601536
5163.5,54.74057,41.184937,57.545097,50.59837
5164.0,54.73783,41.181564,57.5389,50.59521
5164.5,54.7351,41.17818,57.5327,50.592064
5165.0,54.73237,41.174797,57.5265,50.588913
5165.5,54.72964,41.1714,57.520294,50.58576
5166.0,54.726917,41.167988,57.514072,50.58263
5166.5,54.724197,41.16456,57.50783,50.579525
5167.0,54.72148,41.16112,57.501583,50.576435
5167.5,54.71877,41.15767,57.49532,50.57337
5168.0,54.716064,41.15422,57.489056,50.57032
5168.5,54.713367,41.15078,57.482796,50.567287
5169.0,54.710674,41.14736,57.476555,50.564247
5169.5,54.707973,41.143967,57.47033,50.561203
5170.0,54.70527,41.140583,57.464115,50.558144
5170.5,54.702568,41.13721,57.457905,50.5551
5171.0,54.699863,41.133854,57.451706,50.55205
5171.5,54.697155,41.1305,57.445515,50.549
5172.0,54.694443,41.12715,57.439327,50.545944
5172.5,54.69173,41.123802,57.43314,50.542877
5173.0,54.689034,41.12044,57.426952,50.53982
5173.5,54.686344,41.117073,57.42076,50.53677
5174.0,54.683666,41.113693,57.414562,50.533722
5174.5,54.680992,41.110302,57.408363,50.53067
5175.0,54.67832,41.1069,57.402153,50.527637
5175.5,54.67565,41.103477,57.395927,50.524616
5176.0,54.672993,41.100044,57.389687,50.521626
5176.5,54.67034,41.096615,57.38345,50.51865
5177.0,54.667694,41.093178,57.3772,50.515686
5177.5,54.66506,41.089745,57.37095,50.51275
5178.0,54.662426,41.086304,57.364697,50.50981
5178.5,54.65978,41.082867,57.358448,50.506847
5179.0,54.65713,41.07944,57.352215,50.503876
5179.5,54.654472,41.076035,57.345997,50.50089
5180.0,54.65182,41.07265,57.339794,50.497906
5180.5,54.649174,41.069283,57.3336,50.494938
5181.0,54.646538,41.06595,57.32743,50.49198
5181.5,54.643917,41.062645,57.321274,50.489037
5182.0,54.641308,41.059353,57.31513,50.486107
5182.5,54.638714,41.056076,57.30899,50.483192
5183.0,54.63614,41.0528,57.30285,50.480293
5183.5,54.633587,41.049526,57.29672,50.47741
5184.0,54.63105,41.046253,57.290585,50.474537
5184.5,54.62851,41.04297,57.28445,50.471653
5185.0,54.625965,41.03966,57.278305,50.46876
5185.5,54.623413,41.036327,57.272137,50.46588
5186.0,54.62085,41.032948,57.26593,50.46302
5186.5,54.618275,41.02952,57.25969,50.46017
5187.0,54.61569,41.02605,57.25342,50.457317
5187.5,54.61309,41.022545,57.247128,50.45446
5188.0,54.610474,41.01902,57.240826,50.451588
5188.5,54.607845,41.015488,57.234528,50.448704
5189.0,54.605206,41.011955,57.228233,50.4458
5189.5,54.602547,41.00844,57.22195,50.442875
5190.0,54.599888,41.00493,57.21567,50.43995
5190.5,54.597218,41.00143,57.209408,50.437008
5191.0,54.594547,40.99795,57.203163,50.43407
5191.5,54.59189,40.994495,57.196926,50.43115
5192.0,54.58924,40.991055,57.190704,50.428234
5192.5,54.586613,40.987614,57.184475,50.425346
5193.0,54.583992,40.98417,57.178246,50.422455
5193.5,54.581367,40.9807,57.172012,50.41955
5194.0,54.57874,40.977207,57.16576,50.416637
5194.5,54.57612,40.973686,57.159496,50.413727
5195.0,54.573494,40.970154,57.153217,50.410835
5195.5,54.570877,40.966602,57.146923,50.40797
5196.0,54.568268,40.963043,57.140614,50.40513
5196.5,54.565662,40.95946,57.13429,50.4023
5197.0,54.563065,40.95587,57.127953,50.399494
5197.5,54.560463,40.95227,57.121605,50.396698
5198.0,54.557865,40.94867,57.11526,50.393898
5198.5,54.55525,40.945072,57.108932,50.391068
5199.0,54.552616,40.94149,57.10262,50.388206
5199.5,54.54998,40.93792,57.096313,50.385345
5200.0,54.547333,40.934372,57.090027,50.382465
5200.5,54.5447,40.930832,57.083736,50.37961
5201.0,54.542065,40.927303,57.07746,50.376755
5201.5,54.539444,40.923782,57.07119,50.373913
5202.0,54.53683,40.920265,57.064922,50.371086
5202.5,54.534225,40.916725,57.05864,50.368275
5203.0,54.531624,40.913174,57.052345,50.36546
5203.5,54.52901,40.909595,57.04604,50.36263
5204.0,54.526394,40.905987,57.03972,50.359787
5204.5,54.523773,40.902355,57.033382,50.35695
5205.0,54.521137,40.898697,57.027035,50.35412
5205.5,54.5185,40.895016,57.020664,50.351303
5206.0,54.51586,40.891315,57.014282,50.34849
5206.5,54.51323,40.887604,57.007877,50.345695
5207.0,54.510586,40.88386,57.001465,50.3429
5207.5,54.507935,40.8801,56.995033,50.3401
5208.0,54.505264,40.876328,56.9886,50.337273
5208.5,54.502575,40.872547,56.98217,50.334423
5209.0,54.499863,40.868767,56.975754,50.33154
5209.5,54.497128,40.865013,56.969357,50.328625
5210.0,54.494404,40.861275,56.962967,50.32573
5210.5,54.49168,40.857548,56.95659,50.322826
5211.0,54.488964,40.853836,56.950222,50.319927
5211.5,54.486256,40.850132,56.943863,50.317047
5212.0,54.48357,40.84643,56.937504,50.314182
5212.5,54.4809,40.842724,56.931137,50.31134
5213.0,54.478245,40.83901,56.924767,50.308514
5213.5,54.4756,40.835278,56.91838,50.305695
5214.0,54.472954,40.831543,56.911995,50.302876
5214.5,54.470314,40.827797,56.9056,50.300068
5215.0,54.467678,40.824043,56.899197,50.29729
5215.5,54.465057,40.820286,56.892784,50.29454
5216.0,54.462444,40.816525,56.886356,50.291817
5216.5,54.45984,40.81276,56.879925,50.289112
5217.0,54.45724,40.808987,56.87349,50.28641
5217.5,54.45463,40.805214,56.86706,50.283688
5218.0,54.452015,40.801445,56.860638,50.280952
5218.5,54.44938,40.797688,56.85423,50.278187
5219.0,54.44674,40.793934,56.847828,50.27542
5219.5,54.4441,40.790195,56.84144,50.272648
5220.0,54.441452,40.78646,56.83505,50.26987
5220.5,54.438805,40.78273,56.828667,50.267094
5221.0,54.436172,40.779003,56.82228,50.264336
5221.5,54.433548,40.775288,56.815903,50.261593
5222.0,54.430943,40.771584,56.809532,50.25886
5222.5,54.428356,40.767895,56.803173,50.256145
5223.0,54.42579,40.764214,56.796818,50.25344
5223.5,54.42323,40.760536,56.79047,50.250744
5224.0,54.420692,40.756874,56.78413,50.248062
5224.5,54.418175,40.753212,56.777782,50.245434
5225.0,54.41567,40.749542,56.771423,50.24283
5225.5,54.41316,40.745865,56.76505,50.24024
5226.0,54.410656,40.742172,56.758667,50.237656
5226.5,54.408146,40.73846,56.75227,50.23508
5227.0,54.40563,40.73473,56.745865,50.232494
5227.5,54.403103,40.730988,56.73945,50.229908
5228.0,54.40056,40.727245,56.733047,50.227283
5228.5,54.398,40.72352,56.726658,50.22464
5229.0,54.39544,40.7198,56.720276,50.221996
5229.5,54.392868,40.716084,56.713898,50.219345
5230.0,54.3903,40.712376,56.707527,50.216686
5230.5,54.387737,40.70868,56.701164,50.214027
5231.0,54.385193,40.70501,56.694824,50.211388
5231.5,54.382675,40.70137,56.68849,50.20878
5232.0,54.380184,40.69775,56.682175,50.206192
5232.5,54.377716,40.69414,56.67587,50.203617
5233.0,54.37526,40.690536,56.669563,50.201054
5233.5,54.37281,40.686928,56.663258,50.198494
5234.0,54.37037,40.683315,56.656944,50.19595
5234.5,54.367935,40.67969,56.650616,50.19345
5235.0,54.36551,40.676056,56.64427,50.19097
5235.5,54.36309,40.672413,56.63792,50.18852
5236.0,54.36067,40.668762,56.631557,50.18607
5236.5,54.35825,40.665108,56.6252,50.183617
5237.0,54.355835,40.66145,56.618835,50.181175
5237.5,54.353416,40.657787,56.61247,50.178726
5238.0,54.350983,40.654137,56.60612,50.176247
5238.5,54.34854,40.650486,56.599777,50.17376
5239.0,54.346092,40.646847,56.59344,50.17126
5239.5,54.343636,40.643223,56.587116,50.16876
5240.0,54.341187,40.6396,56.5808,50.166256
5240.5,54.338734,40.635983,56.574486,50.163746
5241.0,54.336292,40.632378,56.56818,50.161247
5241.5,54.333866,40.628777,56.561882,50.158764
5242.0,54.331463,40.625183,56.55558,50.1563
5242.5,54.329075,40.621586,56.549282,50.15385
5243.0,54.326694,40.617996,56.54298,50.151413
5243.5,54.324318,40.6144,56.536682,50.148983
5244.0,54.321945,40.610783,56.53036,50.14658
5244.5,54.31958,40.60716,56.524025,50.144207
5245.0,54.31721,40.603523,56.517677,50.14184
5245.5,54.31485,40.599876,56.511326,50.139492
5246.0,54.312492,40.59623,56.50497,50.137146
5246.5,54.310123,40.59258,56.49861,50.13479
5247.0,54.307755,40.58893,56.492256,50.13243
5247.5,54.30537,40.58528,56.485916,50.13005
5248.0,54.30297,40.58164,56.479572,50.127655
5248.5,54.30057,40.578,56.473244,50.12524
5249.0,54.298157,40.574368,56.46692,50.122814
5249.5,54.295742,40.57074,56.4606,50.120377
5250.0,54.293327,40.56712,56.45429,50.11795
5250.5,54.290928,40.5635,56.447975,50.11554
5251.0,54.288536,40.559883,56.441666,50.113136
5251.5,54.286163,40.55627,56.43536,50.110744
5252.0,54.283802,40.55265,56.429047,50.10837
5252.5,54.281456,40.549038,56.422733,50.106014
5253.0,54.279118,40.545418,56.416424,50.103657
5253.5,54.276775,40.54178,56.41009,50.101326
5254.0,54.27443,40.5381,56.403732,50.099014
5254.5,54.272068,40.534393,56.397343,50.09671
5255.0,54.269707,40.530655,56.39093,50.09442
5255.5,54.26734,40.526897,56.384502,50.092133
5256.0,54.264957,40.52312,56.37807,50.089825
5256.5,54.262554,40.519325,56.371628,50.0875
5257.0,54.260128,40.51552,56.365192,50.085144
5257.5,54.257687,40.511707,56.358753,50.08277
5258.0,54.255222,40.507896,56.35232,50.080364
5258.5,54.25275,40.504093,56.345905,50.077946
5259.0,54.250275,40.500305,56.339497,50.07552
5259.5,54.24782,40.496525,56.333088,50.073112
5260.0,54.245377,40.49276,56.326694,50.07071
5260.5,54.24295,40.489014,56.320305,50.06833
5261.0,54.240547,40.485268,56.313915,50.065975
5261.5,54.238163,40.481533,56.30753,50.063633
5262.0,54.235806,40.477806,56.30115,50.06132
5262.5,54.233463,40.47409,56.29478,50.059025
5263.0,54.231125,40.470375,56.288403,50.05675
5263.5,54.228806,40.46666,56.28202,50.05451
5264.0,54.2265,40.462955,56.275635,50.052303
5264.5,54.224205,40.45925,56.269245,50.05013
5265.0,54.221924,40.45555,56.26285,50.047962
5265.5,54.21965,40.451855,56.256454,50.04582
5266.0,54.217384,40.44817,56.25006,50.04368
5266.5,54.215115,40.44448,56.24367,50.041527
5267.0,54.212826,40.440804,56.237305,50.039345
5267.5,54.210533,40.437138,56.23095,50.037148
5268.0,54.208225,40.433483,56.224613,50.034916
5268.5,54.205914,40.42984,56.218285,50.03268
5269.0,54.203598,40.426205,56.21196,50.030445
5269.5,54.201294,40.422573,56.205643,50.02821
5270.0,54.199005,40.41895,56.19933,50.025993
5270.5,54.19673,40.415333,56.193016,50.02379
5271.0,54.194473,40.411724,56.186718,50.021587
5271.5,54.192238,40.40812,56.180416,50.019413
5272.0,54.190018,40.40453,56.17412,50.017254
5272.5,54.187817,40.400948,56.167828,50.01513
5273.0,54.18563,40.397377,56.161533,50.013042
5273.5,54.183464,40.39381,56.155228,50.01101
5274.0,54.18131,40.390247,56.14892,50.008995
5274.5,54.179157,40.38667,56.142593,50.006996
5275.0,54.177006,40.38309,56.13627,50.004993
5275.5,54.174847,40.37951,56.129944,50.002987
5276.0,54.172688,40.37593,56.123627,50.000973
5276.5,54.170532,40.37236,56.11732,49.998943
5277.0,54.168373,40.368805,56.111027,49.996914
5277.5,54.16621,40.365265,56.104748,49.99487
5278.0,54.164047,40.36174,56.098484,49.99281
5278.5,54.161877,40.35821,56.09222,49.99074
5279.0,54.159695,40.354694,56.085968,49.988655
5279.5,54.15752,40.35118,56.07972,49.986572
5280.0,54.15536,40.34768,56.073483,49.98451
5280.5,54.15322,40.34418,56.06724,49.982464
5281.0,54.1511,40.340694,56.061012,49.98043
5281.5,54.149002,40.337215,56.054783,49.978428
5282.0,54.146923,40.333744,56.04856,49.976444
5282.5,54.14486,40.330284,56.04233,49.974503
5283.0,54.142807,40.326828,56.0361,49.972595
5283.5,54.140766,40.323364,56.02985,49.97072
5284.0,54.13872,40.319893,56.02361,49.96886
5284.5,54.13668,40.316418,56.017376,49.96702
5285.0,54.134632,40.31293,56.01114,49.965164
5285.5,54.132565,40.309433,56.004898,49.96329
5286.0,54.130478,40.30592,55.998646,49.96139
5286.5,54.128372,40.3024,55.992382,49.959457
5287.0,54.12625,40.298874,55.98611,49.9575
5287.5,54.12411,40.295338,55.979843,49.955517
5288.0,54.12197,40.291805,55.97357,49.95353
5288.5,54.11982,40.28827,55.967308,49.951527
5289.0,54.11767,40.284737,55.96105,49.94952
5289.5,54.11552,40.281216,55.954796,49.947514
5290.0,54.113388,40.277706,55.948544,49.94551
5290.5,54.11128,40.27421,55.94229,49.943535
5291.0,54.109184,40.270737,55.936043,49.94158
5291.5,54.107113,40.26727,55.929802,49.939644
5292.0,54.10504,40.26381,55.923576,49.93773
5292.5,54.103,40.260357,55.91736,49.935863
5293.0,54.10096,40.2569,55.91115,49.934032
5293.5,54.098934,40.253452,55.90497,49.932236
5294.0,54.0969,40.249992,55.89878,49.93044
5294.5,54.094868,40.246525,55.892593,49.928646
5295.0,54.092834,40.243057,55.886406,49.926853
5295.5,54.09078,40.23958,55.880207,49.925022
5296.0,54.088707,40.23609,55.874,49.923164
5296.5,54.08664,40.232613,55.867798,49.921307
5297.0,54.084557,40.229122,55.861588,49.919426
5297.5,54.082466,40.22563,55.85537,49.917526
5298.0,54.08036,40.222134,55.849148,49.915604
5298.5,54.07825,40.218643,55.842926,49.913673
5299.0,54.076153,40.21516,55.836708,49.91175
5299.5,54.074066,40.211693,55.830498,49.909843
5300.0,54.072,40.208237,55.8243,49.90795
5300.5,54.069935,40.204792,55.818104,49.906063
5301.0,54.067886,40.201347,55.811924,49.904198
5301.5,54.06584,40.19791,55.805748,49.902355
5302.0,54.06381,40.19447,55.799587,49.900543
5302.5,54.061787,40.191032,55.793434,49.898773
5303.0,54.05978,40.18759,55.7873,49.89705
5303.5,54.05777,40.184147,55.781174,49.895344
5304.0,54.055763,40.18069,55.77505,49.893642
5304.5,54.05375,40.17723,55.768932,49.89193
5305.0,54.05172,40.173763,55.762802,49.890198
5305.5,54.049675,40.170284,55.756664,49.888447
5306.0,54.047607,40.166794,55.75051,49.886658
5306.5,54.04552,40.163296,55.744354,49.884842
5307.0,54.043423,40.159798,55.738194,49.883003
5307.5,54.041313,40.156292,55.732025,49.88115
5308.0,54.039204,40.15279,55.725853,49.879284
5308.5,54.037106,40.1493,55.719692,49.877434
5309.0,54.035007,40.145813,55.713528,49.875572
5309.5,54.032917,40.142338,55.707367,49.873703
5310.0,54.03084,40.13888,55.701214,49.871857
5310.5,54.028786,40.135437,55.695076,49.870033
5311.0,54.02674,40.132,55.688946,49.868225
5311.5,54.024715,40.12857,55.68283,49.866463
5312.0,54.022705,40.125145,55.676727,49.86474
5312.5,54.020702,40.12171,55.670635,49.863052
5313.0,54.018707,40.118282,55.66456,49.861393
5313.5,54.016716,40.114853,55.658485,49.859753
5314.0,54.014725,40.11142,55.652416,49.858112
5314.5,54.01271,40.107967,55.646336,49.856445
5315.0,54.010685,40.104507,55.64025,49.854755
5315.5,54.008644,40.101044,55.63416,49.853043
5316.0,54.006588,40.09757,55.62806,49.851303
5316.5,54.004513,40.09408,55.621956,49.84954
5317.0,54.002422,40.09058,55.61584,49.847755
5317.5,54.000313,40.08707,55.609726,49.84595
5318.0,53.998196,40.08356,55.603607,49.84413
5318.5,53.996075,40.08005,55.597485,49.8423
5319.0,53.993965,40.07655,55.59137,49.840477
5319.5,53.99186,40.07305,55.585255,49.838654
5320.0,53.98977,40.06957,55.57915,49.836845
5320.5,53.987694,40.066097,55.57306,49.835056
5321.0,53.98563,40.062634,55.56698,49.83329
5321.5,53.98358,40.059177,55.560905,49.831554
5322.0,53.98155,40.055725,55.554844,49.829865
5322.5,53.979534,40.052277,55.548798,49.828224
5323.0,53.97754,40.048836,55.542774,49.826622
5323.5,53.97554,40.04539,55.536755,49.825035
5324.0,53.973545,40.04195,55.53073,49.823437
5324.5,53.971542,40.03851,55.524708,49.821823
5325.0,53.969543,40.035076,55.51868,49.820206
5325.5,53.96754,40.031643,55.51265,49.818577
5326.0,53.965534,40.028217,55.50661,49.816917
5326.5,53.963524,40.02479,55.500572,49.815254
5327.0,53.961517,40.021374,55.494534,49.813576
5327.5,53.9595,40.017963,55.4885,49.811893
5328.0,53.957493,40.014557,55.48246,49.810207
5328.5,53.9555,40.011166,55.476433,49.808537
5329.0,53.95352,40.00779,55.470406,49.806866
5329.5,53.951557,40.004425,55.464394,49.805202
5330.0,53.949608,40.00108,55.458385,49.80356
5330.5,53.947674,39.997746,55.45239,49.801933
5331.0,53.945763,39.994423,55.446404,49.800343
5331.5,53.943867,39.991104,55.440434,49.7988
5332.0,53.941994,39.9878,55.434483,49.79732
5332.5,53.940136,39.984497,55.428547,49.79587
5333.0,53.938282,39.981197,55.422615,49.794445
5333.5,53.93643,39.9779,55.41669,49.79303
5334.0,53.934586,39.97461,55.410774,49.791615
5334.5,53.93274,39.971313,55.404846,49.790184
5335.0,53.930878,39.968006,55.39892,49.788734
5335.5,53.928993,39.96469,55.392975,49.787247
5336.0,53.927086,39.96136,55.38702,49.78573
5336.5,53.925163,39.95802,55.381058,49.784176
5337.0,53.923218,39.95467,55.37509,49.782604
5337.5,53.921276,39.951324,55.369125,49.78103
5338.0,53.91934,39.947983,55.363167,49.779453
5338.5,53.917397,39.94464,55.3572,49.777863
5339.0,53.91545,39.941296,55.35124,49.776276
5339.5,53.91351,39.937954,55.345284,49.77469
5340.0,53.91157,39.93462,55.33933,49.77311
5340.5,53.90966,39.9313,55.333393,49.77156
5341.0,53.907764,39.927986,55.32747,49.770058
5341.5,53.905888,39.924683,55.321556,49.7686
5342.0,53.904037,39.921394,55.315666,49.767204
5342.5,53.90221,39.918118,55.309795,49.765854
5343.0,53.90039,39.914852,55.303932,49.76452
5343.5,53.89858,39.91159,55.298073,49.76319
5344.0,53.896767,39.908325,55.292213,49.761852
5344.5,53.894936,39.905052,55.286343,49.760483
5345.0,53.89309,39.901775,55.28046,49.759083
5345.5,53.891235,39.898495,55.274574,49.757664
5346.0,53.889378,39.895214,55.26869,49.75623
5346.5,53.887505,39.89193,55.26279,49.754776
5347.0,53.88563,39.88865,55.256897,49.753304
5347.5,53.883755,39.885372,55.251003,49.751827
5348.0,53.881878,39.882095,55.245106,49.75034
5348.5,53.880013,39.878834,55.23922,49.748863
5349.0,53.87816,39.87558,55.233337,49.74739
5349.5,53.876316,39.872334,55.22746,49.745922
5350.0,53.874485,39.8691,55.22159,49.744473
5350.5,53.872673,39.86587,55.215733,49.74306
5351.0,53.87089,39.86266,55.2099,49.741714
5351.5,53.86913,39.85946,55.204082,49.740425
5352.0,53.867386,39.856262,55.198288,49.739185
5352.5,53.865654,39.853073,55.1925,49.73797
5353.0,53.86392,39.849873,55.186718,49.736763
5353.5,53.86217,39.84667,55.18094,49.73554
5354.0,53.86041,39.84345,55.175144,49.734295
5354.5,53.85862,39.840218,55.16934,49.733013
5355.0,53.856815,39.83698,55.16352,49.731693
5355.5,53.854996,39.833733,55.157696,49.73035
5356.0,53.853165,39.830486,55.151867,49.728992
5356.5,53.85133,39.82724,55.146034,49.727608
5357.0,53.849487,39.823994,55.14019,49.7262
5357.5,53.847652,39.82076,55.134357,49.7248
5358.0,53.84584,39.81754,55.12854,49.723423
5358.5,53.84404,39.81433,55.122726,49.722054
5359.0,53.84226,39.811142,55.11692,49.7207
5359.5,53.8405,39.807972,55.111134,49.719376
5360.0,53.83876,39.804813,55.10536,49.71808
5360.5,53.837032,39.80166,55.09959,49.716812
5361.0,53.83532,39.79851,55.09383,49.715588
5361.5,53.833626,39.795372,55.08809,49.71442
5362.0,53.83195,39.792244,55.082367,49.71329
5362.5,53.83029,39.789116,55.07666,49.712193
5363.0,53.82863,39.78599,55.070953,49.711098
5363.5,53.826958,39.782864,55.065243,49.70999
5364.0,53.825283,39.779728,55.059536,49.708874
5364.5,53.823586,39.77658,55.053814,49.707718
5365.0,53.821857,39.773422,55.048073,49.706505
5365.5,53.820114,39.770256,55.042328,49.705273
5366.0,53.818356,39.767082,55.036568,49.70401
5366.5,53.816597,39.76391,55.03081,49.702736
5367.0,53.814842,39.760742,55.025055,49.701454
5367.5,53.8131,39.757587,55.019302,49.700184
5368.0,53.811367,39.754448,55.013554,49.698917
5368.5,53.80965,39.751324,55.00782,49.697662
5369.0,53.80795,39.748215,55.002098,49.696426
5369.5,53.80627,39.74512,54.996384,49.6952
5370.0,53.8046,39.742027,54.990673,49.694008
5370.5,53.802944,39.73894,54.98498,49.69286
5371.0,53.8013,39.735855,54.9793,49.69175
5371.5,53.79966,39.732765,54.973625,49.690662
5372.0,53.79803,39.729683,54.967964,49.68961
5372.5,53.79641,39.726604,54.962315,49.688576
5373.0,53.79479,39.723526,54.95666,49.68755
5373.5,53.793167,39.720444,54.95102,49.686516
5374.0,53.791534,39.717354,54.945362,49.685455
5374.5,53.78987,39.714256,54.939693,49.684353
5375.0,53.788193,39.711143,54.934013,49.68322
5375.5,53.78649,39.70802,54.92832,49.682053
5376.0,53.784782,39.704887,54.92263,49.680866
5376.5,53.783066,39.70176,54.916935,49.67967
5377.0,53.78135,39.69863,54.911243,49.678463
5377.5,53.779633,39.695507,54.905552,49.67725
5378.0,53.777927,39.692394,54.899864,49.676044
5378.5,53.77624,39.689297,54.894184,49.674843
5379.0,53.774567,39.68621,54.88851,49.67366
5379.5,53.772907,39.683136,54.882847,49.672497
5380.0,53.771263,39.68006,54.877197,49.67137
5380.5,53.769623,39.676983,54.87156,49.670284
5381.0,53.767998,39.67391,54.865932,49.66924
5381.5,53.766388,39.67084,54.860325,49.66824
5382.0,53.76479,39.667778,54.85473,49.66727
5382.5,53.76319,39.664715,54.849136,49.6663
5383.0,53.76159,39.66165,54.84354,49.66532
5383.5,53.759964,39.658577,54.83793,49.664314
5384.0,53.758316,39.65549,54.832314,49.663273
5384.5,53.756668,39.65241,54.826694,49.662216
5385.0,53.75499,39.64931,54.82106,49.661118
5385.5,53.753315,39.646214,54.81543,49.66001
5386.0,53.75163,39.643112,54.80979,49.658886
5386.5,53.74993,39.640007,54.804146,49.657734
5387.0,53.748238,39.63691,54.798508,49.65658
5387.5,53.746563,39.633827,54.792873,49.655437
5388.0,53.7449,39.630753,54.787247,49.6543
5388.5,53.743248,39.627693,54.781628,49.65317
5389.0,53.74161,39.624645,54.776012,49.652058
5389.5,53.739975,39.621593,54.770405,49.650963
5390.0,53.73835,39.618538,54.76481,49.649902
5390.5,53.73673,39.61547,54.759224,49.648876
5391.0,53.735115,39.612408,54.75365,49.647884
5391.5,53.733505,39.609344,54.74808,49.646915
5392.0,53.731907,39.606285,54.742527,49.645973
5392.5,53.730316,39.603233,54.736984,49.645042
5393.0,53.728718,39.600178,54.731434,49.6441
5393.5,53.727108,39.597122,54.72588,49.643143
5394.0,53.725475,39.594048,54.720318,49.64215
5394.5,53.723812,39.590954,54.71474,49.641125
5395.0,53.722126,39.587845,54.70915,49.64006
5395.5,53.720413,39.584717,54.703552,49.638966
5396.0,53.718685,39.58158,54.69795,49.637844
5396.5,53.716965,39.578445,54.692345,49.636723
5397.0,53.71524,39.575314,54.686745,49.635586
5397.5,53.71353,39.572197,54.681145,49.634453
5398.0,53.711845,39.5691,54.67556,49.633343
5398.5,53.710167,39.56601,54.669983,49.632244
5399.0,53.708504,39.562927,54.66441,49.631153
5399.5,53.706856,39.559853,54.658848,49.630104
5400.0,53.705223,39.55678,54.653305,49.629097
5400.5,53.7036,39.553707,54.647766,49.62812
5401.0,53.701992,39.550644,54.64225,49.627182
5401.5,53.700394,39.547592,54.63674,49.62627
5402.0,53.698814,39.54455,54.63124,49.625374
5402.5,53.69724,39.541523,54.625744,49.62449
5403.0,53.69567,39.538498,54.620247,49.623592
5403.5,53.69412,39.53549,54.614758,49.622715
5404.0,53.692543,39.53248,54.609257,49.6218
5404.5,53.690956,39.52946,54.60375,49.620865
5405.0,53.68935,39.526432,54.59823,49.619896
5405.5,53.687733,39.523403,54.592712,49.61891
5406.0,53.68611,39.52037,54.587185,49.617912
5406.5,53.68449,39.51734,54.581665,49.616913
5407.0,53.682877,39.514313,54.576145,49.6159
5407.5,53.681255,39.511284,54.570625,49.614872
5408.0,53.679638,39.508263,54.56511,49.613846
5408.5,53.678036,39.505245,54.559593,49.612827
5409.0,53.676445,39.502235,54.554092,49.611843
5409.5,53.674866,39.499226,54.548603,49.610886
5410.0,53.673298,39.49622,54.543125,49.60997
5410.5,53.67175,39.493217,54.537666,49.6091
5411.0,53.670208,39.490223,54.53222,49.60827
5411.5,53.668682,39.487232,54.526783,49.60746
5412.0,53.667164,39.48425,54.52135,49.60666
5412.5,53.665646,39.481274,54.515915,49.605846
5413.0,53.66413,39.478306,54.51048,49.605026
5413.5,53.662605,39.475338,54.50504,49.60419
5414.0,53.66106,39.472363,54.499584,49.603313
5414.5,53.659504,39.469383,54.494125,49.602413
5415.0,53.657944,39.466404,54.488667,49.6015
5415.5,53.65638,39.463436,54.4832,49.600574
5416.0,53.65484,39.46048,54.477737,49.59966
5416.5,53.6533,39.457535,54.472286,49.59874
5417.0,53.65178,39.454605,54.466843,49.597836
5417.5,53.650272,39.451687,54.461407,49.59693
5418.0,53.648777,39.448772,54.45598,49.59603
5418.5,53.647285,39.44587,54.450554,49.595146
5419.0,53.645813,39.44297,54.445137,49.594296
5419.5,53.64436,39.440075,54.439735,49.59349
5420.0,53.64293,39.437187,54.434353,49.592743
5420.5,53.64151,39.434307,54.42899,49.592026
5421.0,53.640102,39.431435,54.423637,49.591343
5421.5,53.638702,39.428566,54.41829,49.590668
5422.0,53.637295,39.425694,54.412937,49.589985
5422.5,53.635876,39.42282,54.407585,49.589287
5423.0,53.634453,39.419945,54.402225,49.588573
5423.5,53.633003,39.417057,54.39685,49.587814
5424.0,53.63154,39.41416,54.391468,49.58703
5424.5,53.630066,39.411263,54.386086,49.586235
5425.0,53.628574,39.408356,54.380695,49.58542
5425.5,53.627075,39.405445,54.3753,49.584583
5426.0,53.625572,39.402534,54.369915,49.58374
5426.5,53.62408,39.39963,54.364525,49.582905
5427.0,53.622585,39.39673,54.35914,49.582047
5427.5,53.621094,39.39383,54.35375,49.581184
5428.0,53.61961,39.39093,54.348366,49.580326
5428.5,53.618126,39.388023,54.342987,49.57948
5429.0,53.61665,39.385113,54.337616,49.57867
5429.5,53.61519,39.38221,54.332264,49.577904
5430.0,53.61374,39.37931,54.326923,49.577168
5430.5,53.612293,39.376408,54.321583,49.576443
5431.0,53.610844,39.3735,54.316246,49.575733
5431.5,53.6094,39.370598,54.310925,49.575043
5432.0,53.607952,39.367695,54.305603,49.57434
5432.5,53.60649,39.364784,54.300274,49.57362
5433.0,53.605015,39.36187,54.294933,49.572876
5433.5,53.603523,39.358948,54.289593,49.572117
5434.0,53.602028,39.356026,54.284245,49.571342
5434.5,53.60052,39.353096,54.278893,49.570545
5435.0,53.598995,39.35016,54.27353,49.569717
5435.5,53.59747,39.347225,54.26817,49.568886
5436.0,53.595947,39.344296,54.26281,49.568047
5436.5,53.594433,39.341373,54.257458,49.567204
5437.0,53.592926,39.338455,54.252113,49.566364
5437.5,53.59142,39.335537,54.246758,49.565506
5438.0,53.589916,39.33262,54.241413,49.56466
5438.5,53.588425,39.329704,54.236073,49.563835
5439.0,53.58695,39.326794,54.230743,49.563046
5439.5,53.585495,39.323895,54.225433,49.562317
5440.0,53.584064,39.321007,54.22014,49.56163
5440.5,53.582638,39.31812,54.21486,49.56097
5441.0,53.58122,39.315243,54.209583,49.56032
5441.5,53.5798,39.312366,54.204308,49.55967
5442.0,53.57837,39.309486,54.199036,49.559006
5442.5,53.576923,39.306602,54.19375,49.55831
5443.0,53.57547,39.30372,54.18845,49.557594
5443.5,53.574,39.30083,54.183144,49.556854
5444.0,53.57254,39.29796,54.177845,49.556114
5444.5,53.571087,39.295094,54.172546,49.555363
5445.0,53.569637,39.29224,54.167248,49.55461
5445.5,53.568195,39.289394,54.161953,49.553852
5446.0,53.566772,39.286564,54.156666,49.5531
5446.5,53.56536,39.283745,54.151386,49.55236
5447.0,53.563957,39.280933,54.14611,49.551624
5447.5,53.562576,39.278133,54.140846,49.550903
5448.0,53.5612,39.275337,54.13559,49.550194
5448.5,53.559834,39.27254,54.13034,49.549522
5449.0,53.558487,39.26975,54.125107,49.548893
5449.5,53.55715,39.26696,54.119884,49.548306
5450.0,53.555836,39.26418,54.11468,49.54776
5450.5,53.554527,39.261402,54.10949,49.547234
5451.0,53.553223,39.258633,54.104298,49.54671
5451.5,53.551918,39.255867,54.099113,49.546192
5452.0,53.550602,39.253098,54.09392,49.54565
5452.5,53.54927,39.250324,54.088722,49.545086
5453.0,53.54792,39.24754,54.083515,49.54449
5453.5,53.546547,39.244743,54.078285,49.543858
5454.0,53.545155,39.241936,54.073055,49.54319
5454.5,53.543747,39.23912,54.067814,49.542496
5455.0,53.542328,39.236298,54.06257,49.541786
5455.5,53.54091,39.23347,54.057323,49.54107
5456.0,53.539486,39.23064,54.052086,49.540337
5456.5,53.53806,39.227802,54.046844,49.5396
5457.0,53.53663,39.22496,54.041607,49.53885
5457.5,53.535206,39.22212,54.036366,49.538116
5458.0,53.53378,39.21927,54.031136,49.5374
5458.5,53.53238,39.216427,54.025917,49.53674
5459.0,53.53099,39.21359,54.02072,49.53612
5459.5,53.52962,39.210762,54.015533,49.535538
5460.0,53.52826,39.207943,54.01036,49.53498
5460.5,53.526913,39.20513,54.005196,49.534435
5461.0,53.525578,39.20234,54.00004,49.533913
5461.5,53.52425,39.199554,53.99488,49.53338
5462.0,53.522907,39.19677,53.989716,49.532825
5462.5,53.52157,39.193993,53.984547,49.532257
5463.0,53.520214,39.191216,53.979374,49.53167
5463.5,53.518856,39.188442,53.974194,49.531055
5464.0,53.51749,39.18567,53.96901,49.53043
5464.5,53.516125,39.182896,53.96382,49.529793
5465.0,53.514767,39.180126,53.958637,49.529144
5465.5,53.51341,39.177364,53.95345,49.528477
5466.0,53.512054,39.174606,53.948265,49.5278
5466.5,53.510708,39.17185,53.943085,49.527122
5467.0,53.509373,39.169098,53.937912,49.52645
5467.5,53.508038,39.166344,53.93274,49.525795
5468.0,53.50672,39.163593,53.927578,49.525177
5468.5,53.505413,39.160847,53.922432,49.524605
5469.0,53.504128,39.15811,53.917305,49.524082
5469.5,53.502857,39.155384,53.912197,49.523605
5470.0,53.5016,39.152664,53.9071,49.52315
5470.5,53.50033,39.149937,53.902,49.522686
5471.0,53.499054,39.147205,53.896896,49.52221
5471.5,53.497757,39.14446,53.891785,49.521698
5472.0,53.496437,39.14171,53.886665,49.521168
5472.5,53.49511,39.138954,53.88154,49.520622
5473.0,53.493755,39.136185,53.8764,49.520042
5473.5,53.492386,39.1334,53.871258,49.519432
5474.0,53.490997,39.130604,53.8661,49.51879
5474.5,53.4896,39.127808,53.860943,49.51813
5475.0,53.488205,39.125004,53.85579,49.51746
5475.5,53.4868,39.122192,53.850628,49.51676
5476.0,53.485386,39.119377,53.84546,49.51603
5476.5,53.483986,39.116566,53.840298,49.51531
5477.0,53.482597,39.113766,53.83514,49.514606
5477.5,53.481228,39.110973,53.82999,49.51393
5478.0,53.479874,39.10819,53.82486,49.51331
5478.5,53.478546,39.10542,53.819744,49.512733
5479.0,53.477226,39.102657,53.814644,49.51219
5479.5,53.47594,39.099915,53.809566,49.5117
5480.0,53.474678,39.097195,53.8045,49.51124
5480.5,53.473427,39.094482,53.79944,49.51079
5481.0,53.47217,39.091785,53.794376,49.510338
5481.5,53.470917,39.089085,53.78931,49.509872
5482.0,53.46964,39.086384,53.78424,49.509384
5482.5,53.468357,39.083687,53.77916,49.508877
5483.0,53.46707,39.080986,53.774082,49.508354
5483.5,53.46578,39.078285,53.768997,49.507816
5484.0,53.464485,39.075584,53.76392,49.507275
5484.5,53.463184,39.07288,53.758835,49.506706
5485.0,53.46188,39.070168,53.753746,49.506107
5485.5,53.460575,39.067455,53.74865,49.50549
5486.0,53.459263,39.064743,53.743553,49.50486
5486.5,53.45795,39.062023,53.738457,49.504223
5487.0,53.456646,39.0593,53.733368,49.503605
5487.5,53.455353,39.056576,53.728287,49.50302
5488.0,53.45407,39.053856,53.72322,49.502476
5488.5,53.452797,39.051136,53.718163,49.501953
5489.0,53.451546,39.04843,53.713123,49.50148
5489.5,53.45031,39.045746,53.7081,49.501034
5490.0,53.449093,39.04307,53.703087,49.50062
5490.5,53.447884,39.04041,53.698082,49.500217
5491.0,53.446667,39.03775,53.693073,49.499805
5491.5,53.445435,39.03509,53.688057,49.499367
5492.0,53.444195,39.03243,53.68303,49.498917
5492.5,53.442947,39.02977,53.678005,49.49845
5493.0,53.441696,39.027107,53.672974,49.497963
5493.5,53.44044,39.02445,53.66794,49.497456
5494.0,53.439175,39.021786,53.662903,49.49693
5494.5,53.437912,39.019127,53.657867,49.496384
5495.0,53.436653,39.016464,53.65283,49.495827
5495.5,53.4354,39.0138,53.647793,49.495262
5496.0,53.43414,39.01114,53.64275,49.494682
5496.5,53.432888,39.008472,53.637714,49.49411
5497.0,53.43165,39.005806,53.63269,49.493576
5497.5,53.43042,39.003143,53.627674,49.493076
5498.0,53.4292,39.000477,53.622673,49.492607
5498.5,53.42799,38.997818,53.61768,49.492165
5499.0,53.426785,38.995163,53.612698,49.491753
5499.5,53.425587,38.99251,53.60772,49.49135
5500.0,53.4244,38.989876,53.602757,49.490974
5500.5,53.423214,38.987247,53.597797,49.4906
5501.0,53.42201,38.984615,53.592827,49.4902
5501.5,53.420795,38.981976,53.58785,49.48979
5502.0,53.419567,38.979336,53.582867,49.489353
5502.5,53.41834,38.9767,53.57789,49.488914
5503.0,53.4171,38.974052,53.5729,49.488445
5503.5,53.415848,38.971397,53.567905,49.487946
5504.0,53.41459,38.968735,53.562904,49.48742
5504.5,53.413326,38.966072,53.557903,49.486866
5505.0,53.412064,38.963406,53.552895,49.4863
5505.5,53.410797,38.960735,53.54789,49.485725
5506.0,53.409534,38.95806,53.54288,49.485146
5506.5,53.40827,38.95538,53.53788,49.484585
5507.0,53.40702,38.952694,53.532894,49.484055
5507.5,53.405773,38.95001,53.527916,49.483566
5508.0,53.40454,38.94733,53.52295,49.4831
5508.5,53.403316,38.94466,53.517998,49.482666
5509.0,53.402103,38.941994,53.51305,49.482246
5509.5,53.40089,38.93934,53.50811,49.48184
5510.0,53.39968,38.93669,53.503166,49.48143
5510.5,53.39847,38.934048,53.498226,49.481014
5511.0,53.397266,38.93142,53.49329,49.48061
5511.5,53.396057,38.92879,53.48835,49.48019
5512.0,53.394848,38.92617,53.48341,49.47977
5512.5,53.39363,38.923542,53.478466,49.479336
5513.0,53.392403,38.920914,53.473515,49.478867
5513.5,53.39118,38.918285,53.46856,49.478386
5514.0,53.38995,38.915665,53.463608,49.477882
5514.5,53.388725,38.91304,53.458656,49.47737
5515.0,53.387505,38.91042,53.4537,49.476845
5515.5,53.386276,38.907787,53.448742,49.476303
5516.0,53.385056,38.90515,53.443783,49.47577
5516.5,53.38384,38.902508,53.438835,49.47527
5517.0,53.38263,38.899864,53.433903,49.474792
5517.5,53.381424,38.89722,53.428978,49.474346
5518.0,53.380234,38.894577,53.42406,49.473927
5518.5,53.37904,38.89194,53.419147,49.473522
5519.0,53.377853,38.889313,53.41425,49.47313
5519.5,53.376682,38.886696,53.409355,49.472748
5520.0,53.3755,38.88408,53.404457,49.47235
5520.5,53.37432,38.881474,53.399555,49.47196
5521.0,53.373135,38.87887,53.394657,49.471554
5521.5,53.371956,38.87628,53.38976,49.471157
5522.0,53.370773,38.873695,53.384857,49.470757
5522.5,53.369595,38.871117,53.37996,49.470337
5523.0,53.3684,38.86853,53.375053,49.46989
5523.5,53.367214,38.86595,53.370148,49.469437
5524.0,53.366024,38.863365,53.365242,49.46896
5524.5,53.364826,38.860775,53.360332,49.46846
5525.0,53.36362,38.85817,53.355415,49.467945
5525.5,53.362404,38.855553,53.350494,49.46742
5526.0,53.361206,38.852932,53.345585,49.466927
5526.5,53.360016,38.850315,53.340687,49.46647
5527.0,53.35884,38.847702,53.335796,49.466045
5527.5,53.357674,38.845093,53.33092,49.46565
5528.0,53.356518,38.842487,53.326057,49.465267
5528.5,53.355354,38.83988,53.321194,49.464886
5529.0,53.35419,38.83728,53.31633,49.464504
5529.5,53.353024,38.83468,53.311466,49.46411
5530.0,53.351837,38.832073,53.30659,49.4637
5530.5,53.35065,38.82947,53.301716,49.463284
5531.0,53.349453,38.82687,53.29684,49.462856
5531.5,53.348263,38.82428,53.29197,49.462437
5532.0,53.347076,38.821693,53.287106,49.462025
5532.5,53.345894,38.81912,53.28224,49.46161
5533.0,53.344715,38.816547,53.277378,49.46118
5533.5,53.343548,38.81398,53.272522,49.46075
5534.0,53.342373,38.81141,53.26766,49.460293
5534.5,53.34119,38.80883,53.262787,49.459812
5535.0,53.340004,38.806244,53.25791,49.45932
5535.5,53.338814,38.803646,53.253044,49.458836
5536.0,53.337635,38.801044,53.248184,49.458385
5536.5,53.336452,38.798435,53.243332,49.457962
5537.0,53.335285,38.79583,53.238495,49.457565
5537.5,53.334118,38.793217,53.233654,49.457176
5538.0,53.332947,38.790615,53.22882,49.4568
5538.5,53.33179,38.788017,53.22399,49.456432
5539.0,53.330643,38.78543,53.21917,49.456074
5539.5,53.329487,38.78285,53.214348,49.455704
5540.0,53.328316,38.780262,53.20952,49.455326
5540.5,53.327137,38.77768,53.204685,49.454926
5541.0,53.32597,38.77511,53.199856,49.45454
5541.5,53.324787,38.772537,53.19503,49.454136
5542.0,53.32361,38.769966,53.1902,49.453728
5542.5,53.32244,38.767406,53.185375,49.45332
5543.0,53.321274,38.76485,53.180546,49.452896
5543.5,53.32011,38.7623,53.175716,49.452454
5544.0,53.318947,38.759747,53.17089,49.452003
5544.5,53.317787,38.757187,53.16606,49.451546
5545.0,53.316624,38.75462,53.161232,49.451096
5545.5,53.315468,38.752045,53.156418,49.450672
5546.0,53.314312,38.749462,53.151608,49.45028
5546.5,53.31316,38.74688,53.14681,49.449913
5547.0,53.312023,38.744297,53.14202,49.449574
5547.5,53.310883,38.741714,53.13724,49.449245
5548.0,53.30974,38.73913,53.13246,49.44891
5548.5,53.308594,38.73655,53.12768,49.44857
5549.0,53.307446,38.733967,53.122902,49.448223
5549.5,53.306286,38.73139,53.118122,49.447876
5550.0,53.30513,38.72882,53.113335,49.447517
5550.5,53.303963,38.726254,53.108543,49.447144
5551.0,53.302795,38.72369,53.103752,49.446762
5551.5,53.301643,38.72114,53.098972,49.4464
5552.0,53.3005,38.7186,53.094196,49.446037
5552.5,53.299355,38.716064,53.089417,49.445656
5553.0,53.298206,38.71353,53.084637,49.445255
5553.5,53.297062,38.710995,53.079857,49.44485
5554.0,53.29591,38.708454,53.07507,49.444424
5554.5,53.294765,38.705914,53.07029,49.444
5555.0,53.29363,38.703365,53.065514,49.443607
5555.5,53.292496,38.700813,53.060753,49.443237
5556.0,53.291363,38.698257,53.055996,49.44289
5556.5,53.29024,38.695698,53.05125,49.44257
5557.0,53.28912,38.693142,53.046513,49.442265
5557.5,53.288006,38.690586,53.04178,49.44197
5558.0,53.28688,38.688026,53.03704,49.441658
5558.5,53.285744,38.685463,53.032295,49.441322
5559.0,53.284584,38.68289,53.027542,49.440964
5559.5,53.283417,38.68032,53.022785,49.440594
5560.0,53.28224,38.67775,53.01802,49.440216
5560.5,53.281075,38.675186,53.013264,49.439846
5561.0,53.279907,38.67263,53.008514,49.439472
5561.5,53.27874,38.670074,53.003757,49.439095
5562.0,53.277576,38.667522,52.99901,49.438713
5562.5,53.2764,38.664967,52.99425,49.438305
5563.0,53.275223,38.6624,52.989494,49.437885
5563.5,53.274025,38.659824,52.984726,49.43743
5564.0,53.272827,38.657234,52.979965,49.43697
5564.5,53.27162,38.65464,52.975197,49.436516
5565.0,53.270428,38.65204,52.97044,49.436096
5565.5,53.269238,38.64943,52.96569,49.43569
5566.0,53.26806,38.646828,52.960957,49.43532
5566.5,53.266884,38.644222,52.95623,49.434975
5567.0,53.26571,38.64162,52.951508,49.434635
5567.5,53.26454,38.639023,52.94679,49.4343
5568.0,53.263367,38.63642,52.942066,49.433956
5568.5,53.26218,38.63382,52.93734,49.433594
5569.0,53.260983,38.631214,52.93261,49.43321
5569.5,53.259773,38.62861,52.927868,49.43281
5570.0,53.258556,38.626,52.923126,49.432396
5570.5,53.25734,38.6234,52.91839,49.431988
5571.0,53.256138,38.620815,52.913654,49.43159
5571.5,53.254944,38.618244,52.90893,49.43121
5572.0,53.253765,38.61568,52.904217,49.43083
5572.5,53.252583,38.61312,52.899506,49.430435
5573.0,53.25141,38.61057,52.89479,49.430042
5573.5,53.25023,38.608006,52.890068,49.429623
5574.0,53.24906,38.605442,52.88536,49.429222
5574.5,53.247894,38.602875,52.88065,49.428837
5575.0,53.246742,38.60031,52.875954,49.428486
5575.5,53.24561,38.597755,52.87127,49.428173
5576.0,53.244495,38.59521,52.866596,49.427887
5576.5,53.2434,38.59268,52.861942,49.42763
5577.0,53.24231,38.59016,52.857285,49.42738
5577.5,53.241222,38.587646,52.85264,49.427135
5578.0,53.240143,38.585144,52.84799,49.42689
5578.5,53.23906,38.58264,52.84333,49.426632
5579.0,53.23797,38.580143,52.838676,49.426365
5579.5,53.236877,38.577652,52.834023,49.426086
5580.0,53.235794,38.575172,52.82937,49.42581
5580.5,53.234707,38.5727,52.82471,49.425526
5581.0,53.233624,38.57024,52.820057,49.42524
5581.5,53.232555,38.56779,52.815414,49.42497
5582.0,53.231503,38.565353,52.810776,49.424698
5582.5,53.230457,38.562927,52.806145,49.424423
5583.0,53.22942,38.560505,52.801506,49.424137
5583.5,53.22839,38.558086,52.796875,49.42385
5584.0,53.22737,38.55567,52.79225,49.42359
5584.5,53.226364,38.553257,52.787636,49.423363
5585.0,53.22536,38.550842,52.78303,49.42316
5585.5,53.22436,38.548424,52.778427,49.422966
5586.0,53.22336,38.545998,52.773834,49.422787
5586.5,53.22237,38.543583,52.76925,49.422626
5587.0,53.221386,38.541172,52.764668,49.422474
5587.5,53.2204,38.53876,52.760082,49.42231
5588.0,53.219406,38.536354,52.755493,49.42213
5588.5,53.2184,38.533947,52.750896,49.421932
5589.0,53.217392,38.53154,52.746304,49.421734
5589.5,53.216373,38.52914,52.7417,49.42151
5590.0,53.215363,38.526745,52.7371,49.421288
5590.5,53.21435,38.52436,52.73251,49.421074
5591.0,53.213375,38.522003,52.727932,49.42089
5591.5,53.212418,38.51966,52.723366,49.42072
5592.0,53.211475,38.517338,52.718807,49.42055
5592.5,53.210537,38.515015,52.714245,49.420376
5593.0,53.209602,38.512695,52.709686,49.420204
5593.5,53.208668,38.510365,52.70513,49.420036
5594.0,53.207726,38.50802,52.70058,49.419884
5594.5,53.206783,38.505665,52.69603,49.41975
5595.0,53.20584,38.5033,52.69149,49.419624
5595.5,53.204906,38.500942,52.686954,49.419518
5596.0,53.20397,38.498577,52.682423,49.41942
5596.5,53.20303,38.49621,52.677887,49.419308
5597.0,53.202065,38.493828,52.67334,49.419167
5597.5,53.201084,38.491436,52.668793,49.419014
5598.0,53.200104,38.489048,52.664246,49.41885
5598.5,53.19911,38.486656,52.65969,49.41867
5599.0,53.198105,38.48427,52.655132,49.418476
5599.5,53.197098,38.48188,52.65057,49.418278
5600.0,53.196083,38.479492,52.64601,49.41807
5600.5,53.195076,38.47711,52.641457,49.41787
5601.0,53.194077,38.47474,52.63691,49.417667
5601.5,53.193092,38.472378,52.632366,49.41748
5602.0,53.192116,38.470028,52.62783,49.417297
5602.5,53.19115,38.467678,52.623302,49.41712
5603.0,53.190178,38.46532,52.61877,49.41693
5603.5,53.189213,38.46296,52.614246,49.416767
5604.0,53.188248,38.460587,52.609722,49.41662
5604.5,53.187286,38.458214,52.605213,49.416496
5605.0,53.18634,38.455845,52.600704,49.416393
5605.5,53.1854,38.453484,52.596207,49.4163
5606.0,53.184475,38.451134,52.591717,49.41623
5606.5,53.183544,38.44878,52.58723,49.41615
5607.0,53.18261,38.446434,52.58274,49.416065
5607.5,53.18166,38.444077,52.57824,49.415955
5608.0,53.180695,38.44172,52.573734,49.415813
5608.5,53.17973,38.439365,52.56923,49.415676
5609.0,53.17877,38.43702,52.564728,49.415543
5609.5,53.177814,38.43469,52.560226,49.415405
5610.0,53.176872,38.43237,52.55574,49.415283
5610.5,53.175934,38.430054,52.55125,49.41516
5611.0,53.17499,38.42774,52.546764,49.415024
5611.5,53.174053,38.425426,52.542274,49.414886
5612.0,53.173126,38.423122,52.537792,49.414745
5612.5,53.1722,38.420822,52.533318,49.414616
5613.0,53.171276,38.418514,52.528835,49.414486
5613.5,53.17036,38.416203,52.524364,49.414387
5614.0,53.16945,38.413883,52.519905,49.414314
5614.5,53.16853,38.411552,52.515453,49.414257
5615.0,53.16761,38.409214,52.511,49.414204
5615.5,53.166695,38.406876,52.506554,49.41415
5616.0,53.16577,38.404533,52.502106,49.414097
5616.5,53.164833,38.402184,52.49765,49.414017
5617.0,53.163887,38.399834,52.49319,49.413925
5617.5,53.162926,38.39748,52.488728,49.41381
5618.0,53.16197,38.395134,52.48426,49.413696
5618.5,53.161007,38.392796,52.47979,49.413567
5619.0,53.16005,38.390465,52.475323,49.41343
5619.5,53.1591,38.388145,52.470856,49.413307
5620.0,53.158165,38.38584,52.4664,49.413185
5620.5,53.157246,38.383556,52.461952,49.413074
5621.0,53.15634,38.381283,52.45751,49.412975
5621.5,53.155445,38.37902,52.453075,49.412876
5622.0,53.154564,38.376766,52.448647,49.412792
5622.5,53.153694,38.37452,52.444225,49.41272
5623.0,53.15283,38.372265,52.439808,49.412674
5623.5,53.15198,38.370018,52.43541,49.412674
5624.0,53.151142,38.367764,52.43102,49.412693
5624.5,53.150303,38.365505,52.426632,49.41272
5625.0,53.149456,38.363243,52.422245,49.412743
5625.5,53.148617,38.360985,52.417862,49.412773
5626.0,53.14778,38.35873,52.413483,49.412807
5626.5,53.146942,38.35648,52.409096,49.412827
5627.0,53.146088,38.35423,52.4047,49.412815
5627.5,53.14523,38.351982,52.400303,49.412796
5628.0,53.14437,38.349743,52.395905,49.41276
5628.5,53.143513,38.34751,52.391506,49.412727
5629.0,53.142662,38.345287,52.38711,49.412697
5629.5,53.141815,38.343075,52.38272,49.412666
5630.0,53.14098,38.340878,52.378338,49.412647
5630.5,53.140156,38.338696,52.37396,49.41263
5631.0,53.13935,38.336525,52.369587,49.412624
5631.5,53.13856,38.334362,52.365227,49.412632
5632.0,53.13777,38.3322,52.36087,49.412643
5632.5,53.136986,38.330032,52.356518,49.412674
5633.0,53.136192,38.327847,52.352165,49.412716
5633.5,53.135395,38.325645,52.347816,49.41277
5634.0,53.134598,38.32344,52.343475,49.41284
5634.5,53.133797,38.321228,52.33914,49.412926
5635.0,53.133,38.31902,52.33481,49.413006
5635.5,53.132202,38.31681,52.330475,49.413082
5636.0,53.131397,38.3146,52.32614,49.413147
5636.5,53.130585,38.312393,52.321804,49.4132
5637.0,53.12976,38.31018,52.31746,49.413227
5637.5,53.12894,38.30798,52.313114,49.413258
5638.0,53.128124,38.305782,52.308773,49.41329
5638.5,53.1273,38.30359,52.30443,49.413307
5639.0,53.126484,38.301407,52.30009,49.41333
5639.5,53.125687,38.29924,52.29576,49.413364
5640.0,53.124893,38.29709,52.291435,49.413403
5640.5,53.124107,38.294937,52.287113,49.413437
5641.0,53.123337,38.292805,52.2828,49.413483
5641.5,53.122585,38.29068,52.278496,49.413548
5642.0,53.121834,38.288555,52.274193,49.41362
5642.5,53.12109,38.286423,52.269894,49.413715
5643.0,53.12036,38.284298,52.265614,49.413864
5643.5,53.119637,38.28217,52.261333,49.414013
5644.0,53.118904,38.28003,52.25706,49.414165
5644.5,53.118168,38.27789,52.25279,49.41433
5645.0,53.117435,38.27574,52.248512,49.414482
5645.5,53.116684,38.27359,52.244232,49.414616
5646.0,53.11593,38.271435,52.239956,49.414738
5646.5,53.115147,38.26927,52.235657,49.414818
5647.0,53.114365,38.267113,52.23136,49.41489
5647.5,53.11358,38.26495,52.227062,49.414948
5648.0,53.11278,38.262794,52.22276,49.41499
5648.5,53.112,38.260647,52.218468,49.41505
5649.0,53.11122,38.258507,52.214176,49.415104
5649.5,53.11045,38.25638,52.20989,49.41517
5650.0,53.109695,38.254265,52.205612,49.415237
5650.5,53.108948,38.252163,52.201344,49.415318
5651.0,53.108223,38.250072,52.197083,49.415413
5651.5,53.107487,38.247974,52.192818,49.415504
5652.0,53.106762,38.24587,52.188564,49.415623
5652.5,53.10604,38.243763,52.18432,49.41577
5653.0,53.10532,38.241646,52.180077,49.415936
5653.5,53.104603,38.239525,52.17584,49.416115
5654.0,53.10389,38.237404,52.171604,49.4163
5654.5,53.10316,38.235275,52.167374,49.416477
5655.0,53.10243,38.233143,52.163143,49.41664
5655.5,53.10167,38.231,52.158894,49.41677
5656.0,53.100895,38.228844,52.15463,49.41687
5656.5,53.10011,38.226692,52.150364,49.416946
5657.0,53.09931,38.224533,52.146095,49.417007
5657.5,53.098507,38.222374,52.141823,49.417053
5658.0,53.097694,38.22021,52.137547,49.417095
5658.5,53.096886,38.218052,52.133274,49.41713
5659.0,53.096073,38.215893,52.129005,49.417156
5659.5,53.095264,38.21374,52.12474,49.41718
5660.0,53.094463,38.211597,52.120476,49.417217
5660.5,53.093685,38.20947,52.116226,49.417267
5661.0,53.09291,38.207344,52.111984,49.41733
5661.5,53.092148,38.20522,52.107746,49.417427
5662.0,53.0914,38.203094,52.103527,49.417564
5662.5,53.090656,38.200962,52.09931,49.417725
5663.0,53.089905,38.19882,52.095097,49.417892
5663.5,53.089153,38.19667,52.090897,49.418076
5664.0,53.088398,38.194515,52.086693,49.418255
5664.5,53.087624,38.19235,52.082478,49.418404
5665.0,53.086834,38.190178,52.07826,49.418526
5665.5,53.086037,38.188,52.07403,49.418625
5666.0,53.085224,38.18582,52.0698,49.4187
5666.5,53.08442,38.183655,52.06557,49.418777
5667.0,53.08362,38.18149,52.061337,49.41884
5667.5,53.082813,38.17934,52.057106,49.418903
5668.0,53.08201,38.177197,52.052868,49.41895
5668.5,53.08122,38.175064,52.04864,49.419014
5669.0,53.080452,38.17295,52.044422,49.419086
5669.5,53.07971,38.17086,52.04022,49.419186
5670.0,53.07898,38.16879,52.036022,49.419296
5670.5,53.078278,38.16673,52.031845,49.41944
5671.0,53.07759,38.16468,52.02768,49.419632
5671.5,53.076923,38.162636,52.02353,49.419872
5672.0,53.076256,38.160583,52.019382,49.42012
5672.5,53.075592,38.15853,52.015244,49.42039
5673.0,53.074944,38.156483,52.01112,49.42068
5673.5,53.074295,38.154434,52.006996,49.420975
5674.0,53.07363,38.15238,52.002865,49.421246
5674.5,53.07297,38.150326,51.998734,49.42151
5675.0,53.072292,38.148262,51.99459,49.421745
5675.5,53.071587,38.146183,51.990437,49.421944
5676.0,53.070877,38.144104,51.986282,49.42213
5676.5,53.070152,38.14202,51.982117,49.42228
5677.0,53.06942,38.13994,51.977943,49.422413
5677.5,53.06869,38.137867,51.973778,49.422546
5678.0,53.06797,38.135807,51.969612,49.42268
5678.5,53.06726,38.13376,51.965458,49.42282
5679.0,53.06657,38.131725,51.961308,49.42298
5679.5,53.06589,38.129704,51.957165,49.423145
5680.0,53.065216,38.127686,51.95303,49.42332
5680.5,53.06456,38.125675,51.948906,49.423534
5681.0,53.063923,38.123672,51.944798,49.423794
5681.5,53.063305,38.121674,51.940704,49.424095
5682.0,53.062675,38.119667,51.936615,49.42442
5682.5,53.06205,38.117657,51.932533,49.42475
5683.0,53.06142,38.115635,51.928448,49.425076
5683.5,53.060776,38.113605,51.92436,49.42538
5684.0,53.06012,38.11157,51.920265,49.425663
5684.5,53.05944,38.109512,51.916157,49.425903
5685.0,53.05874,38.10745,51.912033,49.42611
5685.5,53.05801,38.105373,51.907898,49.426273
5686.0,53.057278,38.103294,51.903755,49.426422
5686.5,53.056526,38.101208,51.899605,49.426548
5687.0,53.055763,38.099117,51.89545,49.426647
5687.5,53.054993,38.097023,51.891296,49.426735
5688.0,53.054245,38.094944,51.887154,49.426838
5688.5,53.053497,38.092873,51.88301,49.42694
5689.0,53.052773,38.090813,51.878883,49.42706
5689.5,53.052055,38.088768,51.874763,49.427204
5690.0,53.051357,38.086735,51.870655,49.42738
5690.5,53.050674,38.084698,51.86656,49.427586
5691.0,53.050007,38.08267,51.86248,49.427845
5691.5,53.04935,38.080643,51.858414,49.428146
5692.0,53.048706,38.078617,51.85436,49.428482
5692.5,53.04807,38.076595,51.85031,49.428825
5693.0,53.047424,38.074562,51.846268,49.429153
5693.5,53.046764,38.07252,51.842213,49.429462
5694.0,53.04608,38.07047,51.838146,49.429737
5694.5,53.045387,38.068405,51.834072,49.42998
5695.0,53.04467,38.066334,51.829987,49.43019
5695.5,53.043938,38.06425,51.825893,49.430378
5696.0,53.043186,38.06216,51.821785,49.430527
5696.5,53.04243,38.06007,51.817673,49.43066
5697.0,53.041668,38.057976,51.81356,49.43078
5697.5,53.040916,38.055897,51.809456,49.430904
5698.0,53.040176,38.053833,51.80536,49.43104
5698.5,53.039455,38.051785,51.80127,49.431183
5699.0,53.038754,38.04975,51.79719,49.43135
5699.5,53.038067,38.04773,51.79313,49.431545
5700.0,53.037388,38.045704,51.78907,49.431763
5700.5,53.03673,38.04369,51.785027,49.432037
5701.0,53.036087,38.04168,51.781006,49.43236
5701.5,53.03545,38.039665,51.77699,49.43271
5702.0,53.034824,38.037663,51.772987,49.433086
5702.5,53.03419,38.03565,51.768982,49.433456
5703.0,53.03356,38.033638,51.764977,49.433815
5703.5,53.03291,38.031616,51.76096,49.43415
5704.0,53.03223,38.02958,51.756924,49.434437
5704.5,53.031532,38.02753,51.752884,49.434685
5705.0,53.03081,38.02547,51.748825,49.43489
5705.5,53.030087,38.02341,51.74476,49.435078
5706.0,53.029354,38.021347,51.74069,49.435238
5706.5,53.028618,38.01929,51.73662,49.435394
5707.0,53.027893,38.017242,51.732563,49.435555
5707.5,53.027176,38.015205,51.728504,49.435715
5708.0,53.026485,38.013187,51.724457,49.435898
5708.5,53.025818,38.01119,51.72043,49.436115
5709.0,53.02516,38.009205,51.716404,49.436344
5709.5,53.024525,38.007225,51.712395,49.436604
5710.0,53.0239,38.00525,51.70839,49.43689
5710.5,53.023285,38.003277,51.7044,49.43722
5711.0,53.022682,38.001312,51.700424,49.437595
5711.5,53.02209,37.99935,51.69646,49.438
5712.0,53.021503,37.997387,51.692505,49.438408
5712.5,53.0209,37.995415,51.68854,49.438797
5713.0,53.02028,37.993427,51.684563,49.43916
5713.5,53.01965,37.991436,51.680584,49.439503
5714.0,53.018993,37.98943,51.67659,49.4398
5714.5,53.018307,37.987404,51.672577,49.440044
5715.0,53.017597,37.985363,51.668556,49.440254
5715.5,53.016876,37.983322,51.664524,49.44045
5716.0,53.016155,37.98128,51.660496,49.440636
5716.5,53.015446,37.979248,51.65648,49.440834
5717.0,53.014744,37.977226,51.652462,49.441032
5717.5,53.014046,37.975212,51.64845,49.441223
5718.0,53.013367,37.97322,51.644444,49.441433
5718.5,53.0127,37.971233,51.640446,49.441643
5719.0,53.012043,37.969254,51.63645,49.441875
5719.5,53.01141,37.967285,51.63248,49.44216
5720.0,53.010796,37.96532,51.628525,49.442497
5720.5,53.010197,37.96336,51.624577,49.442867
5721.0,53.009598,37.9614,51.62064,49.443253
5721.5,53.00901,37.959446,51.61671,49.443665
5722.0,53.00842,37.95749,51.61279,49.44408
5722.5,53.007828,37.955536,51.608868,49.444492
5723.0,53.007233,37.95358,51.60494,49.444885
5723.5,53.00662,37.951614,51.601006,49.445255
5724.0,53.00599,37.94964,51.597057,49.445583
5724.5,53.005337,37.94766,51.5931,49.44589
5725.0,53.00468,37.945675,51.58914,49.446186
5725.5,53.004013,37.943687,51.58518,49.44645
5726.0,53.003345,37.9417,51.58121,49.446697
5726.5,53.002693,37.939728,51.577248,49.44695
5727.0,53.00204,37.937767,51.573284,49.447193
5727.5,53.001415,37.935825,51.569332,49.44746
5728.0,53.00082,37.933914,51.565395,49.447758
5728.5,53.00024,37.93201,51.56147,49.44807
5729.0,52.99968,37.93012,51.557552,49.448414
5729.5,52.999138,37.928234,51.55365,49.448807
5730.0,52.998615,37.926353,51.549763,49.449245
5730.5,52.9981,37.92448,51.545895,49.449722
5731.0,52.99758,37.922596,51.542027,49.450207
5731.5,52.99706,37.92071,51.53816,49.450684
5732.0,52.99653,37.91882,51.53429,49.45115
5732.5,52.99598,37.916916,51.53041,49.451588
5733.0,52.995415,37.91501,51.526524,49.452
5733.5,52.994835,37.913094,51.52263,49.452393
5734.0,52.99424,37.91117,51.518726,49.45275
5734.5,52.993618,37.909237,51.51481,49.45307
5735.0,52.992992,37.907295,51.510887,49.453373
5735.5,52.99235,37.905346,51.50696,49.453644
5736.0,52.99171,37.903404,51.503033,49.453915
5736.5,52.991085,37.901474,51.499115,49.454193
5737.0,52.990486,37.89956,51.495205,49.454483
5737.5,52.9899,37.897663,51.49131,49.454792
5738.0,52.989326,37.895775,51.487415,49.455116
5738.5,52.98877,37.89389,51.48353,49.455452
5739.0,52.988224,37.892014,51.47966,49.45584
5739.5,52.9877,37.89014,51.475803,49.45627
5740.0,52.987186,37.88828,51.471962,49.456734
5740.5,52.986694,37.886425,51.46813,49.45723
5741.0,52.98621,37.884583,51.464306,49.45775
5741.5,52.985733,37.882748,51.46049,49.45828
5742.0,52.985252,37.88091,51.456673,49.458786
5742.5,52.984756,37.879066,51.452847,49.45927
5743.0,52.984245,37.87722,51.449005,49.459724
5743.5,52.98372,37.875366,51.445164,49.46015
5744.0,52.98319,37.873512,51.44132,49.460575
5744.5,52.982635,37.871647,51.437454,49.460953
5745.0,52.982067,37.869774,51.433586,49.4613
5745.5,52.981503,37.8679,51.429718,49.461636
5746.0,52.98094,37.866035,51.42585,49.46197
5746.5,52.980377,37.86417,51.42198,49.462284
5747.0,52.97982,37.862312,51.41812,49.462605
5747.5,52.97928,37.860466,51.414265,49.462936
5748.0,52.97875,37.858624,51.41042,49.463295
5748.5,52.97822,37.856777,51.40658,49.46368
5749.0,52.97771,37.854935,51.402752,49.464108
5749.5,52.97721,37.853096,51.398937,49.46456
5750.0,52.976734,37.851265,51.39514,49.465065
5750.5,52.97626,37.849445,51.391357,49.465595
5751.0,52.975803,37.84763,51.387577,49.46614
5751.5,52.975346,37.84582,51.3838,49.466682
5752.0,52.974884,37.844013,51.38002,49.467216
5752.5,52.974407,37.842197,51.376236,49.467724
5753.0,52.973915,37.840378,51.372433,49.46819
5753.5,52.9734,37.83855,51.368626,49.46863
5754.0,52.972878,37.836716,51.36481,49.469048
5754.5,52.97234,37.834877,51.36099,49.469444
5755.0,52.971806,37.833035,51.357166,49.469833
5755.5,52.97126,37.831192,51.353348,49.470203
5756.0,52.970726,37.829357,51.349525,49.470566
5756.5,52.970184,37.827522,51.345707,49.470917
5757.0,52.969646,37.825687,51.341892,49.471268
5757.5,52.969116,37.82385,51.338078,49.47163
5758.0,52.96859,37.822014,51.334274,49.47202
5758.5,52.96808,37.820175,51.330482,49.472446
5759.0,52.96757,37.818336,51.326706,49.47291
5759.5,52.96708,37.8165,51.322937,49.4734
5760.0,52.966595,37.81467,51.319176,49.47392
5760.5,52.966118,37.812843,51.315422,49.47445
5761.0,52.965633,37.81102,51.311672,49.474976
5761.5,52.96514,37.80919,51.30791,49.475475
5762.0,52.964626,37.80735,51.30414,49.47595
5762.5,52.964108,37.80551,51.300365,49.47641
5763.0,52.963573,37.80367,51.29658,49.476837
5763.5,52.963036,37.80183,51.292793,49.477257
5764.0,52.962494,37.79999,51.289005,49.477654
5764.5,52.961952,37.79816,51.285213,49.478043
5765.0,52.961422,37.796337,51.28142,49.478424
5765.5,52.960903,37.794525,51.277637,49.478806
5766.0,52.96039,37.79272,51.273857,49.479183
5766.5,52.959896,37.79093,51.270084,49.479565
5767.0,52.959408,37.789146,51.26631,49.479954
5767.5,52.95893,37.78737,51.262547,49.480354
5768.0,52.95847,37.7856,51.258797,49.480804
5768.5,52.95803,37.783833,51.25506,49.481297
5769.0,52.957607,37.782078,51.25134,49.48183
5769.5,52.957195,37.780323,51.24763,49.482403
5770.0,52.956795,37.77858,51.24394,49.482994
5770.5,52.9564,37.776844,51.240246,49.483593
5771.0,52.95601,37.775116,51.236557,49.484196
5771.5,52.955597,37.773373,51.232864,49.48477
5772.0,52.955185,37.771637,51.229168,49.48535
5772.5,52.95475,37.769886,51.22546,49.485886
5773.0,52.9543,37.768127,51.22174,49.48639
5773.5,52.953827,37.766354,51.21801,49.486862
5774.0,52.95335,37.764587,51.21428,49.487312
5774.5,52.95288,37.762825,51.21055,49.48776
5775.0,52.952404,37.76106,51.206814,49.488186
5775.5,52.95193,37.7593,51.20308,49.4886
5776.0,52.951466,37.75755,51.19935,49.489017
5776.5,52.951008,37.7558,51.19562,49.489445
5777.0,52.950554,37.754047,51.191902,49.489876
5777.5,52.950096,37.752285,51.188183,49.490322
5778.0,52.949654,37.750526,51.184475,49.49081
5778.5,52.949226,37.74877,51.18078,49.491333
5779.0,52.948795,37.747013,51.17709,49.491875
5779.5,52.94837,37.74526,51.173412,49.492443
5780.0,52.947956,37.743507,51.169743,49.49302
5780.5,52.94752,37.74175,51.166065,49.49358
5781.0,52.947063,37.739975,51.162373,49.494106
5781.5,52.946587,37.738194,51.15868,49.494614
5782.0,52.9461,37.736404,51.154976,49.4951
5782.5,52.94559,37.734608,51.151264,49.49555
5783.0,52.945072,37.732803,51.147545,49.49597
5783.5,52.944542,37.730995,51.143818,49.496376
5784.0,52.94401,37.729187,51.140095,49.496773
5784.5,52.943485,37.727386,51.136368,49.49716
5785.0,52.942963,37.72559,51.132645,49.49753
5785.5,52.942448,37.723797,51.12893,49.497913
5786.0,52.94194,37.72201,51.125217,49.498295
5786.5,52.94144,37.720222,51.12151,49.498684
5787.0,52.94095,37.718433,51.11781,49.499096
5787.5,52.940456,37.71664,51.114113,49.499535
5788.0,52.939987,37.71485,51.11044,49.500034
5788.5,52.93953,37.713066,51.106773,49.500553
5789.0,52.939075,37.71129,51.103123,49.501102
5789.5,52.938633,37.709515,51.09948,49.50167
5790.0,52.938187,37.70774,51.095833,49.502228
5790.5,52.93772,37.70596,51.09217,49.50276
5791.0,52.937256,37.70419,51.088516,49.503292
5791.5,52.936775,37.702404,51.084854,49.503788
5792.0,52.93628,37.70062,51.08118,49.50426
5792.5,52.93577,37.698822,51.077496,49.504696
5793.0,52.93524,37.69702,51.073803,49.505108
5793.5,52.93472,37.69522,51.07011,49.505512
5794.0,52.93419,37.69342,51.066418,49.505898
5794.5,52.933662,37.691628,51.06273,49.506275
5795.0,52.933144,37.689835,51.059036,49.506653
5795.5,52.932625,37.68805,51.055347,49.50702
5796.0,52.93212,37.686268,51.051666,49.507393
5796.5,52.931625,37.68449,51.047993,49.5078
5797.0,52.931137,37.682713,51.044327,49.508232
5797.5,52.93066,37.68093,51.04067,49.508694
5798.0,52.930195,37.679157,51.037018,49.509186
5798.5,52.929733,37.677387,51.033382,49.5097
5799.0,52.929295,37.67563,51.02976,49.51025
5799.5,52.92886,37.673878,51.026142,49.510803
5800.0,52.92843,37.672134,51.022522,49.51136
5800.5,52.927994,37.67039,51.018906,49.511906
5801.0,52.927536,37.66864,51.01527,49.51241
5801.5,52.92708,37.66689,51.01164,49.512917
5802.0,52.926605,37.665142,51.008003,49.5134
5802.5,52.926125,37.663383,51.004364,49.513863
5803.0,52.92563,37.661625,51.000713,49.514297
5803.5,52.92513,37.65986,50.997066,49.51472
5804.0,52.924633,37.6581,50.99342,49.515133
5804.5,52.92415,37.656345,50.989777,49.515553
5805.0,52.923668,37.6546,50.986134,49.51596
5805.5,52.923195,37.65285,50.9825,49.516373
5806.0,52.922726,37.651104,50.978863,49.516792
5806.5,52.922268,37.649353,50.97524,49.517242
5807.0,52.92182,37.64761,50.971626,49.51774
5807.5,52.921383,37.645866,50.968025,49.51827
5808.0,52.920967,37.644135,50.96444,49.51883
5808.5,52.920563,37.642414,50.96086,49.519405
5809.0,52.920162,37.640697,50.95729,49.519993
5809.5,52.919758,37.638985,50.953716,49.52057
5810.0,52.919342,37.637268,50.950134,49.521126
5810.5,52.91892,37.63555,50.946552,49.521675
5811.0,52.91848,37.633835,50.94296,49.5222
5811.5,52.91804,37.63212,50.939358,49.522705
5812.0,52.917587,37.630398,50.935757,49.523193
5812.5,52.91712,37.62867,50.932144,49.523655
5813.0,52.916656,37.626945,50.92853,49.52411
5813.5,52.91619,37.625225,50.924927,49.524548
5814.0,52.91573,37.6235,50.921314,49.52497
5814.5,52.915264,37.621777,50.9177,49.52538
5815.0,52.914803,37.62006,50.914097,49.52579
5815.5,52.914356,37.618343,50.910496,49.526222
5816.0,52.913918,37.616627,50.906902,49.52668
5816.5,52.913486,37.61491,50.90332,49.527176
5817.0,52.913063,37.61319,50.89975,49.5277
5817.5,52.91264,37.611465,50.896187,49.528236
5818.0,52.912228,37.60975,50.89263,49.5288
5818.5,52.91183,37.608044,50.889088,49.52938
5819.0,52.911423,37.60633,50.885536,49.52995
5819.5,52.91102,37.604626,50.88199,49.530514
5820.0,52.910606,37.602924,50.878437,49.53106
5820.5,52.910187,37.601227,50.874878,49.53159
5821.0,52.909767,37.599537,50.871323,49.53213
5821.5,52.909325,37.597836,50.86776,49.53263
5822.0,52.908875,37.596123,50.86419,49.53311
5822.5,52.90841,37.594406,50.860615,49.533566
5823.0,52.907944,37.59269,50.857037,49.53401
5823.5,52.90748,37.590973,50.853455,49.534435
5824.0,52.907013,37.58926,50.84988,49.53485
5824.5,52.906555,37.587547,50.846302,49.535267
5825.0,52.9061,37.58584,50.84273,49.53569
5825.5,52.905655,37.58412,50.83917,49.536137
5826.0,52.90522,37.582405,50.83561,49.536617
5826.5,52.904804,37.580692,50.832073,49.537148
5827.0,52.904392,37.578983,50.828545,49.537693
5827.5,52.90398,37.577267,50.825016,49.53825
5828.0,52.903564,37.57555,50.821487,49.5388
5828.5,52.903145,37.573837,50.81796,49.539352
5829.0,52.902718,37.572124,50.81443,49.53989
5829.5,52.902283,37.57041,50.810898,49.540417
5830.0,52.901848,37.5687,50.80736,49.540936
5830.5,52.901398,37.56699,50.80382,49.541435
5831.0,52.90094,37.565277,50.800278,49.54191
5831.5,52.900482,37.563572,50.79673,49.542377
5832.0,52.90003,37.56187,50.79319,49.54285
5832.5,52.899574,37.56017,50.78965,49.54331
5833.0,52.899124,37.55847,50.786102,49.54375
5833.5,52.898674,37.55678,50.782562,49.544186
5834.0,52.898228,37.555088,50.779015,49.54461
5834.5,52.89778,37.55339,50.775467,49.54502
5835.0,52.89734,37.55169,50.771927,49.54545
5835.5,52.8969,37.54998,50.768394,49.545895
5836.0,52.89647,37.548267,50.764866,49.546375
5836.5,52.896046,37.54656,50.76135,49.546883
5837.0,52.89563,37.54485,50.757843,49.547413
5837.5,52.895226,37.54315,50.754345,49.54796
5838.0,52.894825,37.541466,50.75085,49.54851
5838.5,52.894432,37.539787,50.74736,49.549065
5839.0,52.89404,37.538116,50.743866,49.549614
5839.5,52.89363,37.53644,50.740368,49.550144
5840.0,52.893223,37.53477,50.73687,49.55067
5840.5,52.892815,37.533108,50.733368,49.55119
5841.0,52.89241,37.531452,50.729866,49.551697
5841.5,52.892,37.529797,50.72636,49.552193
5842.0,52.891594,37.52815,50.722855,49.55268
5842.5,52.89119,37.526505,50.71935,49.553154
5843.0,52.890797,37.52487,50.71585,49.55362
5843.5,52.890404,37.523243,50.71235,49.554077
5844.0,52.890007,37.52161,50.708843,49.55452
5844.5,52.889614,37.51997,50.705338,49.554966
5845.0,52.889233,37.51833,50.701843,49.555435
5845.5,52.88887,37.51669,50.698364,49.555954
5846.0,52.888508,37.51505,50.694893,49.556496
5846.5,52.888153,37.513412,50.691433,49.55705
5847.0,52.887814,37.511784,50.68798,49.557632
5847.5,52.887493,37.510174,50.68454,49.558247
5848.0,52.887173,37.508568,50.681103,49.558853
5848.5,52.88685,37.50697,50.677658,49.559452
5849.0,52.88652,37.505375,50.674213,49.56004
5849.5,52.88618,37.50378,50.67076,49.560608
5850.0,52.885838,37.502186,50.667305,49.56116
5850.5,52.88549,37.5006,50.663845,49.561703
5851.0,52.88514,37.499012,50.66039,49.562237
5851.5,52.8848,37.497437,50.656933,49.56277
5852.0,52.884464,37.49587,50.65348,49.563293
5852.5,52.884136,37.494312,50.650032,49.56381
5853.0,52.883816,37.492756,50.64658,49.564316
5853.5,52.883495,37.49119,50.643127,49.564816
5854.0,52.883167,37.489624,50.63968,49.565308
5854.5,52.88284,37.488045,50.636227,49.565804
5855.0,52.88251,37.48645,50.632782,49.566326
5855.5,52.882187,37.484856,50.62935,49.566875
5856.0,52.881866,37.48326,50.62592,49.567436
5856.5,52.88155,37.481663,50.622498,49.56802
5857.0,52.88124,37.48007,50.619083,49.56861
5857.5,52.88093,37.478477,50.615673,49.56921
5858.0,52.880604,37.476883,50.61225,49.56978
5858.5,52.880257,37.47528,50.608818,49.570324
5859.0,52.879906,37.47368,50.605385,49.570866
5859.5,52.879547,37.472076,50.60195,49.5714
5860.0,52.879185,37.47048,50.59852,49.571926
5860.5,52.878822,37.468887,50.59508,49.57244
5861.0,52.878464,37.4673,50.59165,49.572952
5861.5,52.878117,37.46573,50.58822,49.57347
5862.0,52.877785,37.464165,50.5848,49.57399
5862.5,52.87745,37.46261,50.58138,49.574497
5863.0,52.877117,37.461044,50.57795,49.57499
5863.5,52.87677,37.45946,50.574516,49.575462
5864.0,52.87641,37.457867,50.571083,49.575935
5864.5,52.876057,37.456253,50.56765,49.576424
5865.0,52.87569,37.45463,50.564224,49.57692
5865.5,52.875328,37.453,50.560802,49.577423
5866.0,52.87497,37.45137,50.55739,49.57795
5866.5,52.87461,37.449738,50.55397,49.57847
5867.0,52.874245,37.448105,50.55055,49.57897
5867.5,52.873875,37.446476,50.54713,49.579468
5868.0,52.873505,37.44486,50.54371,49.579967
5868.5,52.873142,37.44325,50.54029,49.58048
5869.0,52.872784,37.441654,50.536884,49.581
5869.5,52.872433,37.44007,50.533478,49.581524
5870.0,52.872078,37.438496,50.530075,49.582043
5870.5,52.87174,37.436928,50.52668,49.582573
5871.0,52.87141,37.435375,50.52329,49.583103
5871.5,52.871086,37.43383,50.519897,49.583622
5872.0,52.870758,37.43228,50.5165,49.584126
5872.5,52.870415,37.430725,50.513096,49.584602
5873.0,52.870075,37.42916,50.509697,49.58508
5873.5,52.869724,37.427578,50.506294,49.58555
5874.0,52.86937,37.425976,50.50289,49.586025
5874.5,52.869,37.424355,50.49949,49.586506
5875.0,52.868618,37.422714,50.496082,49.586994
5875.5,52.86823,37.421062,50.492687,49.587486
5876.0,52.867825,37.419395,50.48928,49.587963
5876.5,52.867405,37.417717,50.485874,49.588417
5877.0,52.86697,37.41603,50.482456,49.588852
5877.5,52.866524,37.41434,50.47904,49.58928
5878.0,52.866066,37.412647,50.47561,49.589684
5878.5,52.865593,37.41095,50.472176,49.590073
5879.0,52.865124,37.40926,50.468742,49.590458
5879.5,52.86466,37.40758,50.465317,49.590855
5880.0,52.864204,37.405914,50.4619,49.591263
5880.5,52.863766,37.404263,50.458492,49.591694
5881.0,52.863335,37.402622,50.455086,49.59212
5881.5,52.86292,37.400993,50.45169,49.592556
5882.0,52.862495,37.399357,50.44829,49.592976
5882.5,52.86206,37.397705,50.44488,49.59336
5883.0,52.861618,37.39604,50.441475,49.593746
5883.5,52.861183,37.394367,50.438072,49.594154
5884.0,52.86075,37.39268,50.434677,49.594585
5884.5,52.860306,37.390987,50.431286,49.595016
5885.0,52.85986,37.38929,50.427895,49.595444
5885.5,52.859413,37.38759,50.424503,49.59588
5886.0,52.858967,37.385887,50.421112,49.59631
5886.5,52.85852,37.384186,50.41772,49.59673
5887.0,52.858055,37.38248,50.414318,49.597122
5887.5,52.85758,37.380775,50.410908,49.5975
5888.0,52.857094,37.37907,50.407497,49.59786
5888.5,52.856613,37.377373,50.40409,49.598217
5889.0,52.856125,37.375675,50.400673,49.598564
5889.5,52.85565,37.373997,50.39727,49.59893
5890.0,52.855194,37.37233,50.393875,49.5993
5890.5,52.85475,37.37068,50.390488,49.599693
5891.0,52.854324,37.36905,50.387108,49.60009
5891.5,52.8539,37.36742,50.383728,49.600487
5892.0,52.853477,37.365788,50.38035,49.60088
5892.5,52.853054,37.36415,50.37697,49.60127
5893.0,52.85263,37.3625,50.37359,49.60167
5893.5,52.852207,37.36084,50.370216,49.60208
5894.0,52.85179,37.35918,50.366856,49.602516
5894.5,52.85138,37.35752,50.3635,49.602966
5895.0,52.850975,37.35586,50.36015,49.603428
5895.5,52.850563,37.354202,50.356792,49.603878
5896.0,52.85016,37.352547,50.353443,49.60433
5896.5,52.84974,37.35089,50.350082,49.604744
5897.0,52.84931,37.34923,50.34671,49.605137
5897.5,52.848877,37.347576,50.343334,49.605526
5898.0,52.848446,37.345936,50.339966,49.605915
5898.5,52.84803,37.344315,50.3366,49.606304
5899.0,52.84762,37.3427,50.333233,49.606697
5899.5,52.847218,37.341103,50.32987,49.607094
5900.0,52.846836,37.339523,50.32652,49.607506
5900.5,52.846466,37.337955,50.323177,49.607925
5901.0,52.846115,37.336403,50.319843,49.60836
5901.5,52.845783,37.33486,50.316525,49.608818
5902.0,52.845448,37.333317,50.313206,49.609276
5902.5,52.845104,37.331753,50.309883,49.60974
5903.0,52.844757,37.33017,50.306572,49.610226
5903.5,52.844406,37.32858,50.30326,49.610725
5904.0,52.844055,37.32698,50.299953,49.611225
5904.5,52.8437,37.32538,50.296646,49.61172
5905.0,52.84335,37.32378,50.29334,49.612217
5905.5,52.84298,37.322178,50.29002,49.61268
5906.0,52.842606,37.32057,50.286694,49.613125
5906.5,52.842216,37.318966,50.28336,49.613552
5907.0,52.84182,37.317356,50.28002,49.61395
5907.5,52.84141,37.31575,50.27668,49.614338
5908.0,52.841015,37.314156,50.273342,49.614727
5908.5,52.840626,37.312572,50.270008,49.615128
5909.0,52.840252,37.311005,50.26668,49.61554
5909.5,52.839893,37.309456,50.263363,49.615963
5910.0,52.839554,37.307922,50.260056,49.6164
5910.5,52.839233,37.306404,50.25676,49.616856
5911.0,52.838917,37.30489,50.253464,49.61731
5911.5,52.83861,37.303383,50.25018,49.617786
5912.0,52.838303,37.301865,50.246895,49.61827
5912.5,52.838005,37.300343,50.24362,49.618793
5913.0,52.837708,37.298813,50.240356,49.61934
5913.5,52.837406,37.297276,50.237095,49.619896
5914.0,52.837105,37.29573,50.233833,49.620445
5914.5,52.83679,37.294174,50.230568,49.620975
5915.0,52.836464,37.29261,50.227303,49.62149
5915.5,52.83612,37.29103,50.224026,49.621975
5916.0,52.83576,37.28944,50.220734,49.62243
5916.5,52.83538,37.287853,50.217438,49.622864
5917.0,52.835,37.286266,50.214134,49.623283
5917.5,52.834614,37.284683,50.210835,49.623688
5918.0,52.834232,37.28311,50.20753,49.624096
5918.5,52.833862,37.281548,50.204235,49.62451
5919.0,52.833504,37.280003,50.200947,49.62494
5919.5,52.833168,37.278477,50.197666,49.625378
5920.0,52.832848,37.276966,50.194393,49.625828
5920.5,52.83254,37.275463,50.191128,49.626286
5921.0,52.83224,37.273964,50.187866,49.626755
5921.5,52.831944,37.272457,50.184612,49.627243
5922.0,52.83163,37.270927,50.18136,49.627743
5922.5,52.831303,37.26938,50.178104,49.628246
5923.0,52.83097,37.267815,50.17486,49.628754
5923.5,52.830624,37.266235,50.171608,49.62926
5924.0,52.83027,37.264637,50.168354,49.629757
5924.5,52.829887,37.26302,50.16509,49.630215
5925.0,52.829487,37.2614,50.161816,49.630653
5925.5,52.829063,37.25976,50.15853,49.631058
5926.0,52.82863,37.258118,50.15524,49.63144
5926.5,52.828175,37.256466,50.15194,49.631794
5927.0,52.827717,37.254818,50.148636,49.632126
5927.5,52.827255,37.253174,50.145332,49.632458
5928.0,52.826817,37.25155,50.142036,49.6328
5928.5,52.826385,37.249935,50.13875,49.633152
5929.0,52.825962,37.248333,50.135464,49.633503
5929.5,52.825554,37.246746,50.132187,49.633865
5930.0,52.825153,37.245167,50.128914,49.63423
5930.5,52.82477,37.2436,50.125652,49.634632
5931.0,52.824394,37.242027,50.1224,49.63505
5931.5,52.82403,37.240456,50.119156,49.635513
5932.0,52.823673,37.23888,50.11592,49.636
5932.5,52.82331,37.237293,50.11269,49.63649
5933.0,52.82294,37.235695,50.10946,49.63698
5933.5,52.822567,37.234097,50.106228,49.637463
5934.0,52.822186,37.232487,50.10299,49.637936
5934.5,52.821777,37.23086,50.099743,49.63836
5935.0,52.82135,37.229225,50.09648,49.63875
5935.5,52.820904,37.227585,50.09321,49.63911
5936.0,52.820457,37.22594,50.08994,49.63947
5936.5,52.819992,37.224293,50.08666,49.6398
5937.0,52.819527,37.22265,50.083374,49.640118
5937.5,52.81905,37.221,50.080086,49.640415
5938.0,52.818584,37.219368,50.0768,49.640717
5938.5,52.81814,37.21776,50.07353,49.64103
5939.0,52.81772,37.216167,50.070267,49.641373
5939.5,52.817314,37.21459,50.06702,49.641727
5940.0,52.816933,37.213028,50.06378,49.642117
5940.5,52.816563,37.21147,50.06055,49.64253
5941.0,52.81621,37.20992,50.05734,49.64299
5941.5,52.815872,37.208366,50.05414,49.643494
5942.0,52.815525,37.206806,50.050945,49.644
5942.5,52.815174,37.205235,50.04775,49.644516
5943.0,52.81482,37.203655,50.044556,49.645023
5943.5,52.81444,37.202065,50.041348,49.645493
5944.0,52.814056,37.200462,50.038136,49.64595
5944.5,52.813656,37.198856,50.034916,49.646378
5945.0,52.813232,37.197235,50.03168,49.646767
5945.5,52.81279,37.195606,50.02844,49.64713
5946.0,52.81234,37.193974,50.025185,49.64746
5946.5,52.81188,37.19234,50.021927,49.647785
5947.0,52.811424,37.190716,50.01868,49.648113
5947.5,52.810974,37.1891,50.01543,49.648438
5948.0,52.81053,37.18749,50.012188,49.648758
5948.5,52.810104,37.185894,50.008953,49.649094
5949.0,52.809692,37.184315,50.005722,49.649437
5949.5,52.809303,37.182755,50.002514,49.649826
5950.0,52.80893,37.1812,49.999313,49.650234
5950.5,52.808563,37.179646,49.99612,49.650677
5951.0,52.808212,37.178093,49.992935,49.651154
5951.5,52.807873,37.176544,49.989765,49.651665
5952.0,52.807533,37.17499,49.9866,49.652184
5952.5,52.807194,37.17344,49.983433,49.652706
5953.0,52.806847,37.17188,49.980267,49.653217
5953.5,52.80649,37.17032,49.977093,49.6537
5954.0,52.80612,37.168755,49.973904,49.654152
5954.5,52.805744,37.167187,49.97071,49.654575
5955.0,52.80535,37.16561,49.96751,49.654976
5955.5,52.80494,37.164032,49.9643,49.655342
5956.0,52.804523,37.16245,49.961082,49.65569
5956.5,52.804108,37.16087,49.957867,49.656036
5957.0,52.803688,37.159298,49.95465,49.656384
5957.5,52.803284,37.15773,49.951447,49.65673
5958.0,52.802883,37.15617,49.948246,49.657085
5958.5,52.80249,37.15462,49.94505,49.65744
5959.0,52.802105,37.153072,49.94185,49.6578
5959.5,52.801735,37.151535,49.938667,49.658195
5960.0,52.801384,37.15,49.935497,49.65863
5960.5,52.80105,37.148476,49.93235,49.659122
5961.0,52.800728,37.146954,49.92921,49.659653
5961.5,52.800404,37.145424,49.926075,49.660187
5962.0,52.800076,37.14389,49.922943,49.660725
5962.5,52.79975,37.142353,49.91981,49.66125
5963.0,52.799404,37.140804,49.916668,49.66176
5963.5,52.799034,37.139244,49.913513,49.66222
5964.0,52.798645,37.13767,49.910347,49.66265
5964.5,52.79823,37.136078,49.907166,49.66304
5965.0,52.797787,37.134476,49.903973,49.663387
5965.5,52.79734,37.132866,49.900772,49.663727
5966.0,52.79689,37.13126,49.897575,49.664055
5966.5,52.796448,37.129665,49.894386,49.664394
5967.0,52.796013,37.128075,49.8912,49.664734
5967.5,52.79559,37.1265,49.88802,49.665073
5968.0,52.795185,37.12494,49.884846,49.665432
5968.5,52.794792,37.123386,49.88168,49.665794
5969.0,52.794395,37.121834,49.87851,49.66616
5969.5,52.79403,37.120293,49.875362,49.66658
5970.0,52.793674,37.118755,49.872227,49.667053
5970.5,52.793343,37.11723,49.86911,49.66757
5971.0,52.793007,37.115696,49.866,49.668106
5971.5,52.792667,37.11416,49.862896,49.66864
5972.0,52.792336,37.11262,49.85979,49.669178
5972.5,52.791996,37.11108,49.85668,49.669693
5973.0,52.79163,37.109524,49.853558,49.670174
5973.5,52.791245,37.107956,49.85042,49.670616
5974.0,52.790833,37.106373,49.84727,49.67102
5974.5,52.790405,37.104786,49.844112,49.671394
5975.0,52.789963,37.10319,49.840946,49.671738
5975.5,52.78952,37.1016,49.837776,49.67208
5976.0,52.78908,37.100014,49.83461,49.672413
5976.5,52.78865,37.098442,49.831444,49.672737
5977.0,52.78824,37.09689,49.828293,49.67308
5977.5,52.787846,37.09535,49.82514,49.67343
5978.0,52.787464,37.09382,49.822006,49.673798
5978.5,52.787094,37.092297,49.81888,49.67419
5979.0,52.78675,37.09078,49.815765,49.674637
5979.5,52.786427,37.08927,49.812675,49.67514
5980.0,52.786118,37.087776,49.809597,49.67568
5980.5,52.78582,37.08628,49.806526,49.676247
5981.0,52.785534,37.084793,49.803467,49.676834
5981.5,52.785248,37.083305,49.800407,49.67743
5982.0,52.78494,37.081806,49.797337,49.67798
5982.5,52.784603,37.08029,49.794254,49.6785
5983.0,52.78424,37.078754,49.791153,49.678974
5983.5,52.783848,37.0772,49.788036,49.6794
5984.0,52.783436,37.075634,49.784912,49.6798
5984.5,52.78302,37.07407,49.78178,49.680172
5985.0,52.78259,37.072502,49.778645,49.680534
5985.5,52.782166,37.070934,49.775513,49.680893
5986.0,52.78175,37.069378,49.77238,49.681244
5986.5,52.781338,37.06783,49.769257,49.681595
5987.0,52.780937,37.066288,49.766136,49.681953
5987.5,52.780556,37.06477,49.763023,49.682323
5988.0,52.780205,37.063267,49.759926,49.682724
5988.5,52.779873,37.06178,49.75684,49.683163
5989.0,52.77956,37.060295,49.75377,49.68365
5989.5,52.77927,37.058823,49.750717,49.68419
5990.0,52.778988,37.057358,49.747673,49.68476
5990.5,52.77872,37.0559,49.744644,49.685364
5991.0,52.778454,37.05444,49.741615,49.685966
5991.5,52.778183,37.05298,49.73859,49.68657
5992.0,52.777897,37.05151,49.735554,49.68714
5992.5,52.777588,37.050026,49.732502,49.687668
5993.0,52.777256,37.048527,49.729435,49.688156
5993.5,52.7769,37.04702,49.726364,49.688614
5994.0,52.776535,37.0455,49.723278,49.68904
5994.5,52.776146,37.043976,49.720184,49.68943
5995.0,52.775757,37.042454,49.717087,49.68981
5995.5,52.775375,37.04094,49.713997,49.690193
5996.0,52.77501,37.039436,49.710915,49.690582
5996.5,52.77465,37.03794,49.707836,49.690975
5997.0,52.774303,37.036457,49.70476,49.691376
5997.5,52.773975,37.03499,49.7017,49.691795
5998.0,52.77366,37.033524,49.698647,49.69224
5998.5,52.77336,37.032066,49.695602,49.692734
5999.0,52.773083,37.030617,49.692574,49.693268
5999.5,52.772816,37.02917,49.68956,49.693836
6000.0,52.772564,37.027733,49.686558,49.69444
6000.5,52.772312,37.026302,49.68356,49.695053
6001.0,52.772068,37.02487,49.680565,49.695675
6001.5,52.77182,37.02344,49.677574,49.69629
6002.0,52.77155,37.022,49.674572,49.696877
6002.5,52.771263,37.02055,49.671555,49.697426
6003.0,52.770954,37.01908,49.668526,49.697937
6003.5,52.770634,37.017612,49.665493,49.69842
6004.0,52.770294,37.016132,49.66245,49.698883
6004.5,52.769955,37.014656,49.65941,49.69933
6005.0,52.769608,37.013176,49.656357,49.699764
6005.5,52.76926,37.011703,49.653313,49.700184
6006.0,52.76892,37.01024,49.650265,49.700596
6006.5,52.768593,37.008778,49.647217,49.701004
6007.0,52.76828,37.007328,49.64418,49.70143
6007.5,52.767975,37.005886,49.64115,49.70188
6008.0,52.76769,37.004448,49.63814,49.702377
6008.5,52.767418,37.003017,49.635143,49.702923
6009.0,52.76717,37.001595,49.632164,49.70352
6009.5,52.766937,37.000183,49.6292,49.704155
6010.0,52.766712,36.99878,49.626244,49.704807
6010.5,52.766495,36.99738,49.62329,49.70547
6011.0,52.76627,36.99598,49.620335,49.70612
6011.5,52.766026,36.99457,49.617367,49.706734
6012.0,52.765762,36.993153,49.61439,49.707314
6012.5,52.765476,36.991722,49.6114,49.70786
6013.0,52.76517,36.99028,49.608402,49.708378
6013.5,52.76485,36.988827,49.605392,49.708862
6014.0,52.764523,36.98737,49.60238,49.709324
6014.5,52.76419,36.985912,49.599354,49.709763
6015.0,52.763863,36.984463,49.59634,49.7102
6015.5,52.763546,36.983025,49.59333,49.71064
6016.0,52.76324,36.981598,49.59032,49.711082
6016.5,52.762955,36.98018,49.587326,49.711548
6017.0,52.762676,36.978767,49.584335,49.712025
6017.5,52.762405,36.977356,49.581352,49.71254
6018.0,52.76216,36.975956,49.578392,49.713108
6018.5,52.76193,36.97456,49.575443,49.713715
6019.0,52.761715,36.97318,49.57251,49.71436
6019.5,52.761505,36.971798,49.56958,49.71502
6020.0,52.76131,36.970432,49.56666,49.7157
6020.5,52.76111,36.969063,49.56374,49.71637
6021.0,52.760887,36.96769,49.560806,49.71701
6021.5,52.76065,36.966305,49.557865,49.717625
6022.0,52.760387,36.964905,49.554913,49.718204
6022.5,52.760113,36.963497,49.55195,49.718754
6023.0,52.759827,36.962082,49.548977,49.719276
6023.5,52.759518,36.96066,49.545994,49.71976
6024.0,52.759212,36.959236,49.543015,49.720238
6024.5,52.758915,36.957825,49.540035,49.720715
6025.0,52.75863,36.95642,49.537064,49.721184
6025.5,52.758347,36.955025,49.53409,49.721645
6026.0,52.758087,36.953644,49.531128,49.722126
6026.5,52.757828,36.952263,49.528168,49.72262
6027.0,52.75759,36.950886,49.52522,49.723145
6027.5,52.75736,36.94951,49.52228,49.723705
6028.0,52.757145,36.94814,49.519356,49.72431
6028.5,52.756943,36.946777,49.51645,49.724957
6029.0,52.756763,36.94543,49.513557,49.725643
6029.5,52.756596,36.94409,49.510677,49.72636
6030.0,52.756428,36.94276,49.5078,49.727077
6030.5,52.756268,36.941433,49.504925,49.72779
6031.0,52.756084,36.940098,49.502033,49.72847
6031.5,52.755886,36.93876,49.499138,49.729126
6032.0,52.755672,36.937412,49.496223,49.72974
6032.5,52.755432,36.936054,49.4933,49.730312
6033.0,52.755188,36.934692,49.490376,49.73087
6033.5,52.754944,36.93333,49.48745,49.73142
6034.0,52.754696,36.931965,49.48452,49.731945
6034.5,52.754444,36.9306,49.481586,49.732456
6035.0,52.754192,36.929237,49.478653,49.732956
6035.5,52.753956,36.92788,49.475727,49.733467
6036.0,52.753716,36.92652,49.4728,49.733974
6036.5,52.753483,36.92516,49.469883,49.734512
6037.0,52.753265,36.923805,49.466976,49.73509
6037.5,52.753067,36.92246,49.46409,49.735718
6038.0,52.752888,36.92112,49.46122,49.736393
6038.5,52.75272,36.919792,49.45836,49.7371
6039.0,52.75257,36.918476,49.455517,49.73784
6039.5,52.752422,36.917164,49.452675,49.73858
6040.0,52.75227,36.915855,49.44983,49.739307
6040.5,52.752094,36.914536,49.44697,49.74001
6041.0,52.7519,36.91321,49.4441,49.740673
6041.5,52.751686,36.911877,49.441223,49.74131
6042.0,52.751446,36.910526,49.438328,49.741898
6042.5,52.7512,36.909172,49.435432,49.742477
6043.0,52.75096,36.90782,49.432545,49.743057
6043.5,52.750725,36.90647,49.42965,49.743618
6044.0,52.750484,36.905125,49.426754,49.744164
6044.5,52.75025,36.90378,49.423862,49.7447
6045.0,52.750023,36.902435,49.420967,49.745224
6045.5,52.749794,36.9011,49.418076,49.745754
6046.0,52.749573,36.89976,49.415188,49.746304
6046.5,52.74937,36.898426,49.41231,49.74689
6047.0,52.749187,36.8971,49.40945,49.747524
6047.5,52.74902,36.895786,49.406605,49.748196
6048.0,52.74888,36.89449,49.403778,49.74892
6048.5,52.748753,36.893208,49.400963,49.749676
6049.0,52.748634,36.89193,49.398155,49.750443
6049.5,52.7485,36.89065,49.395344,49.751186
6050.0,52.748344,36.889366,49.392517,49.751892
6050.5,52.748173,36.888073,49.38968,49.75258
6051.0,52.74799,36.886772,49.386833,49.753242
6051.5,52.747787,36.885464,49.383984,49.75388
6052.0,52.74757,36.884148,49.381126,49.754494
6052.5,52.747345,36.882824,49.378258,49.755077
6053.0,52.74712,36.8815,49.37539,49.75565
6053.5,52.74689,36.88018,49.372528,49.756214
6054.0,52.74667,36.87886,49.369663,49.756767
6054.5,52.746452,36.87754,49.3668,49.75731
6055.0,52.746235,36.87622,49.363934,49.757847
6055.5,52.746033,36.8749,49.361076,49.758415
6056.0,52.745853,36.873592,49.358242,49.75904
6056.5,52.74569,36.872288,49.35542,49.759705
6057.0,52.74554,36.870995,49.352615,49.760418
6057.5,52.745403,36.86971,49.34982,49.761154
6058.0,52.745266,36.86843,49.347027,49.761894
6058.5,52.74513,36.86715,49.344234,49.76263
6059.0,52.74499,36.86588,49.341442,49.763374
6059.5,52.744843,36.8646,49.338642,49.764084
6060.0,52.744675,36.86331,49.33583,49.764774
6060.5,52.744503,36.862026,49.33302,49.76545
6061.0,52.744324,36.860737,49.330204,49.76612
6061.5,52.744137,36.85945,49.32739,49.766777
6062.0,52.743946,36.858166,49.32457,49.76741
6062.5,52.743763,36.856884,49.32175,49.768044
6063.0,52.743572,36.855602,49.318928,49.76865
6063.5,52.74338,36.854317,49.316105,49.769245
6064.0,52.74319,36.853035,49.313282,49.76983
6064.5,52.743004,36.85175,49.31046,49.770412
6065.0,52.74282,36.85046,49.30764,49.771004
6065.5,52.74264,36.849167,49.30483,49.771626
6066.0,52.742474,36.84787,49.302025,49.77228
6066.5,52.74232,36.846584,49.299236,49.772964
6067.0,52.742188,36.84531,49.296467,49.773705
6067.5,52.742065,36.844044,49.293705,49.774464
6068.0,52.74192,36.842766,49.290936,49.7752
6068.5,52.741768,36.841484,49.288162,49.77592
6069.0,52.741592,36.8402,49.285378,49.776615
6069.5,52.7414,36.8389,49.282585,49.777283
6070.0,52.741207,36.837605,49.27979,49.77794
6070.5,52.740997,36.836304,49.276985,49.778564
6071.0,52.740776,36.835003,49.274174,49.779175
6071.5,52.740562,36.833702,49.271366,49.77978
6072.0,52.740353,36.832413,49.268566,49.78039
6072.5,52.740143,36.83112,49.265762,49.78099
6073.0,52.73993,36.829823,49.26296,49.781574
6073.5,52.739723,36.82853,49.26016,49.78215
6074.0,52.739517,36.82724,49.257355,49.78273
6074.5,52.739323,36.825947,49.25456,49.783318
6075.0,52.739136,36.824654,49.25177,49.783943
6075.5,52.73896,36.82336,49.248993,49.78459
6076.0,52.738792,36.822067,49.246227,49.785275
6076.5,52.738644,36.82079,49.243473,49.785988
6077.0,52.7385,36.81952,49.240726,49.78672
6077.5,52.73836,36.818253,49.237984,49.78746
6078.0,52.738224,36.816986,49.235245,49.788204
6078.5,52.738075,36.81572,49.2325,49.78892
6079.0,52.737915,36.814453,49.22974,49.789616
6079.5,52.737743,36.813183,49.22698,49.790295
6080.0,52.737564,36.811913,49.224213,49.79096
6080.5,52.73738,36.810642,49.221447,49.791615
6081.0,52.737183,36.80937,49.218674,49.79224
6081.5,52.73699,36.8081,49.2159,49.792862
6082.0,52.73681,36.80684,49.21313,49.79348
6082.5,52.73663,36.805584,49.21036,49.79408
6083.0,52.73646,36.80434,49.207596,49.794685
6083.5,52.7363,36.803097,49.204834,49.795296
6084.0,52.736137,36.80185,49.202076,49.795918
6084.5,52.73599,36.800594,49.199326,49.796562
6085.0,52.735847,36.799347,49.196587,49.797245
6085.5,52.73571,36.798096,49.19385,49.79795
6086.0,52.735584,36.79685,49.191135,49.798695
6086.5,52.735474,36.79561,49.188427,49.799458
6087.0,52.73536,36.79437,49.18572,49.800224
6087.5,52.735233,36.793125,49.183006,49.800976
6088.0,52.735096,36.791878,49.180286,49.8017
6088.5,52.73494,36.790627,49.17756,49.8024
6089.0,52.73478,36.789375,49.17482,49.803078
6089.5,52.734596,36.788113,49.172073,49.803726
6090.0,52.734406,36.78685,49.169327,49.804363
6090.5,52.734215,36.785587,49.166576,49.804985
6091.0,52.734035,36.78434,49.16383,49.805614
6091.5,52.733864,36.783096,49.161087,49.806244
6092.0,52.7337,36.781864,49.15835,49.806873
6092.5,52.73355,36.780643,49.155624,49.80751
6093.0,52.73341,36.779427,49.152893,49.80814
6093.5,52.733276,36.778214,49.15017,49.808784
6094.0,52.73316,36.777,49.147453,49.809464
6094.5,52.73305,36.77579,49.144753,49.810173
6095.0,52.732956,36.774582,49.14206,49.81092
6095.5,52.732872,36.773376,49.139385,49.811703
6096.0,52.732788,36.772175,49.13671,49.81249
6096.5,52.732704,36.770973,49.134037,49.813274
6097.0,52.732628,36.76978,49.131367,49.814064
6097.5,52.732533,36.768574,49.12868,49.814816
6098.0,52.73242,36.767365,49.125988,49.815544
6098.5,52.7323,36.766155,49.12329,49.81626
6099.0,52.732174,36.764946,49.120594,49.816963
6099.5,52.73205,36.763744,49.117897,49.81766
6100.0,52.73192,36.762543,49.1152,49.81835
6100.5,52.731792,36.761345,49.112503,49.81904
6101.0,52.73167,36.760147,49.109806,49.819714
6101.5,52.731544,36.75896,49.10711,49.820374
6102.0,52.73143,36.75778,49.104416,49.821033
6102.5,52.73133,36.756607,49.101727,49.821705
6103.0,52.731236,36.75544,49.09904,49.822376
6103.5,52.73115,36.754272,49.09636,49.823074
6104.0,52.73108,36.7531,49.09369,49.823807
6104.5,52.731018,36.751938,49.091034,49.824577
6105.0,52.730972,36.750774,49.088394,49.825386
6105.5,52.730923,36.74961,49.085754,49.826195
6106.0,52.730877,36.748447,49.08312,49.82701
6106.5,52.730816,36.747276,49.08048,49.827812
6107.0,52.73074,36.7461,49.07783,49.828587
6107.5,52.730648,36.744915,49.075172,49.829338
6108.0,52.73055,36.74373,49.072517,49.830082
6108.5,52.730442,36.742542,49.06985,49.83081
6109.0,52.730324,36.74135,49.06718,49.831516
6109.5,52.73019,36.740154,49.064503,49.832195
6110.0,52.73006,36.738964,49.061825,49.83287
6110.5,52.729935,36.73778,49.05915,49.83354
6111.0,52.72982,36.736607,49.05648,49.834217
6111.5,52.729713,36.73544,49.053814,49.83488
6112.0,52.729607,36.734272,49.051147,49.835537
6112.5,52.729504,36.7331,49.04848,49.836197
6113.0,52.72941,36.73193,49.04582,49.83688
6113.5,52.72933,36.73076,49.04317,49.837597
6114.0,52.729248,36.72958,49.040527,49.838345
6114.5,52.72917,36.7284,49.0379,49.839108
6115.0,52.7291,36.727226,49.03527,49.839886
6115.5,52.729027,36.726048,49.03265,49.840668
6116.0,52.728947,36.72487,49.030018,49.841427
6116.5,52.72885,36.723686,49.02738,49.842175
6117.0,52.72875,36.722496,49.024742,49.84291
6117.5,52.72863,36.721306,49.022095,49.843616
6118.0,52.728504,36.720108,49.019444,49.844307
6118.5,52.728374,36.718918,49.016785,49.84498
6119.0,52.72824,36.71773,49.01413,49.84565
6119.5,52.72811,36.71655,49.011475,49.846317
6120.0,52.727985,36.71537,49.008823,49.84698
6120.5,52.727867,36.714203,49.00617,49.847637
6121.0,52.72776,36.713043,49.003525,49.848297
6121.5,52.727665,36.71189,49.000885,49.84896
6122.0,52.72757,36.710735,48.99824,49.849625
6122.5,52.727474,36.709576,48.995605,49.850304
6123.0,52.72739,36.708416,48.99298,49.85102
6123.5,52.72731,36.707253,48.990364,49.851765
6124.0,52.727245,36.70609,48.987755,49.852535
6124.5,52.727192,36.704933,48.98516,49.853333
6125.0,52.727135,36.703773,48.982567,49.854122
6125.5,52.727074,36.702618,48.979973,49.85491
6126.0,52.727,36.701454,48.97737,49.85568
6126.5,52.726913,36.700283,48.97476,49.85641
6127.0,52.72681,36.699112,48.97214,49.85713
6127.5,52.7267,36.697937,48.969517,49.857822
6128.0,52.726578,36.69676,48.96689,49.8585
6128.5,52.72645,36.695583,48.964252,49.85916
6129.0,52.726322,36.69441,48.96162,49.859818
6129.5,52.726204,36.69324,48.95899,49.86047
6130.0,52.72609,36.69209,48.956364,49.861134
6130.5,52.725983,36.690937,48.953743,49.861786
6131.0,52.72588,36.68979,48.95112,49.862434
6131.5,52.72578,36.688637,48.948498,49.863083
6132.0,52.72569,36.68749,48.945885,49.863758
6132.5,52.725613,36.686337,48.943283,49.864475
6133.0,52.72554,36.68518,48.940693,49.86522
6133.5,52.725464,36.684017,48.938103,49.86597
6134.0,52.725388,36.68285,48.935524,49.866734
6134.5,52.725307,36.68168,48.93294,49.867493
6135.0,52.72522,36.6805,48.930355,49.86824
6135.5,52.725117,36.679317,48.927765,49.868965
6136.0,52.725006,36.67813,48.925163,49.869667
6136.5,52.724873,36.676945,48.922554,49.870346
6137.0,52.72473,36.67575,48.919933,49.871002
6137.5,52.724575,36.674557,48.91731,49.87163
6138.0,52.724422,36.673363,48.914684,49.872257
6138.5,52.724266,36.67217,48.912064,49.87288
6139.0,52.72411,36.670982,48.90944,49.87349
6139.5,52.723972,36.66981,48.906822,49.87412
6140.0,52.72385,36.668648,48.904217,49.87475
6140.5,52.723736,36.667496,48.90162,49.87539
6141.0,52.72363,36.666344,48.899017,49.876034
6141.5,52.723526,36.665188,48.896427,49.876694
6142.0,52.723442,36.66404,48.893845,49.87739
6142.5,52.723366,36.662888,48.891273,49.87812
6143.0,52.723293,36.661736,48.888706,49.87887
6143.5,52.723217,36.660576,48.886147,49.879623
6144.0,52.723133,36.659412,48.883583,49.880363
6144.5,52.723038,36.658237,48.881012,49.88108
6145.0,52.722942,36.657066,48.87844,49.88179
6145.5,52.722828,36.655884,48.87586,49.88248
6146.0,52.7227,36.654697,48.87327,49.883144
6146.5,52.722557,36.65351,48.87067,49.883785
6147.0,52.722404,36.65232,48.86807,49.884407
6147.5,52.72225,36.651134,48.865463,49.88502
6148.0,52.722103,36.64996,48.86286,49.885635
6148.5,52.72197,36.648796,48.860268,49.886257
6149.0,52.72185,36.64765,48.857677,49.886875
6149.5,52.721752,36.64652,48.855095,49.88751
6150.0,52.72166,36.645397,48.85252,49.888145
6150.5,52.721577,36.644283,48.849945,49.888786
6151.0,52.721508,36.643173,48.847374,49.889442
6151.5,52.72146,36.642067,48.844822,49.89015
6152.0,52.721416,36.64097,48.842278,49.89089
6152.5,52.721394,36.639874,48.83975,49.89166
6153.0,52.721375,36.638775,48.837227,49.892452
6153.5,52.721344,36.63767,48.8347,49.893227
6154.0,52.72129,36.63654,48.832165,49.89397
6154.5,52.721222,36.6354,48.829617,49.89468
6155.0,52.72112,36.63424,48.827053,49.895344
6155.5,52.721,36.63307,48.82448,49.895977
6156.0,52.720867,36.6319,48.821896,49.8966
6156.5,52.72073,36.63073,48.819317,49.89721
6157.0,52.720596,36.629562,48.816734,49.897816
6157.5,52.72046,36.628407,48.814156,49.89842
6158.0,52.720337,36.627262,48.81158,49.899033
6158.5,52.720226,36.62613,48.809017,49.89965
6159.0,52.720123,36.62501,48.806458,49.900272
6159.5,52.72004,36.6239,48.8039,49.900906
6160.0,52.719967,36.622803,48.801357,49.90156
6160.5,52.71991,36.621704,48.79882,49.902237
6161.0,52.71985,36.6206,48.796288,49.90293
6161.5,52.719803,36.619495,48.793766,49.90366
6162.0,52.719753,36.618385,48.791252,49.90441
6162.5,52.7197,36.61726,48.788734,49.90516
6163.0,52.719635,36.616127,48.786213,49.90589
6163.5,52.71956,36.614983,48.78369,49.906605
6164.0,52.719456,36.613823,48.781147,49.90727
6164.5,52.719337,36.612648,48.778595,49.907906
6165.0,52.719193,36.61146,48.776035,49.90851
6165.5,52.719032,36.610268,48.77346,49.90908
6166.0,52.718864,36.609074,48.770885,49.909637
6166.5,52.71869,36.60788,48.7683,49.91017
6167.0,52.718513,36.606693,48.76572,49.910706
6167.5,52.71836,36.605522,48.763145,49.91126
6168.0,52.71821,36.604362,48.76058,49.911808
6168.5,52.71808,36.60322,48.75802,49.91237
6169.0,52.71797,36.602097,48.755466,49.91295
6169.5,52.717884,36.60099,48.75293,49.91355
6170.0,52.717804,36.599888,48.750397,49.914185
6170.5,52.71775,36.598797,48.747887,49.91487
6171.0,52.717705,36.597702,48.74538,49.915585
6171.5,52.717655,36.596603,48.74288,49.916313
6172.0,52.7176,36.59549,48.74038,49.917038
6172.5,52.717545,36.59437,48.737877,49.917755
6173.0,52.717464,36.593235,48.735367,49.918446
6173.5,52.717377,36.592094,48.732853,49.919117
6174.0,52.717262,36.590935,48.730324,49.91974
6174.5,52.717125,36.58976,48.72778,49.920326
6175.0,52.716965,36.588573,48.725224,49.92088
6175.5,52.716797,36.587387,48.722668,49.921417
6176.0,52.716625,36.5862,48.720108,49.921944
6176.5,52.716446,36.58501,48.717537,49.922443
6177.0,52.716274,36.58383,48.714973,49.922947
6177.5,52.71611,36.58267,48.712414,49.923454
6178.0,52.715977,36.581524,48.70987,49.923985
6178.5,52.715862,36.580402,48.707336,49.92454
6179.0,52.71577,36.579304,48.704815,49.925125
6179.5,52.715702,36.578213,48.702305,49.925743
6180.0,52.71564,36.57712,48.699806,49.92639
6180.5,52.715588,36.576035,48.697315,49.927074
6181.0,52.715546,36.574944,48.694836,49.9278
6181.5,52.715504,36.57385,48.692368,49.928535
6182.0,52.715458,36.57274,48.689896,49.929264
6182.5,52.715385,36.571613,48.68741,49.929955
6183.0,52.715294,36.570473,48.684917,49.930622
6183.5,52.715187,36.569317,48.682415,49.931255
6184.0,52.715046,36.56814,48.67989,49.931824
6184.5,52.714886,36.56695,48.677357,49.932365
6185.0,52.714706,36.565754,48.67481,49.932873
6185.5,52.714508,36.56455,48.672253,49.933346
6186.0,52.714302,36.563343,48.669685,49.933796
6186.5,52.714104,36.562145,48.667133,49.934258
6187.0,52.713924,36.560966,48.66459,49.934742
6187.5,52.713757,36.5598,48.66205,49.935226
6188.0,52.713608,36.558647,48.659515,49.93573
6188.5,52.71347,36.557507,48.65699,49.936237
6189.0,52.713352,36.556377,48.654472,49.93678
6189.5,52.71325,36.555256,48.651974,49.937378
6190.0,52.71316,36.55414,48.64949,49.938015
6190.5,52.713078,36.55302,48.647015,49.93867
6191.0,52.713,36.551903,48.644543,49.939354
6191.5,52.712925,36.550774,48.64207,49.94003
6192.0,52.712833,36.549644,48.639603,49.940693
6192.5,52.712734,36.5485,48.637123,49.94133
6193.0,52.712612,36.54734,48.634632,49.941933
6193.5,52.712452,36.54616,48.632114,49.942474
6194.0,52.71226,36.54496,48.629578,49.94296
6194.5,52.71206,36.54376,48.62704,49.943428
6195.0,52.711845,36.54255,48.624493,49.943867
6195.5,52.71163,36.541348,48.621944,49.944298
6196.0,52.711426,36.54015,48.6194,49.94473
6196.5,52.71123,36.538967,48.616856,49.945156
6197.0,52.711052,36.537804,48.614323,49.945602
6197.5,52.71089,36.53665,48.611797,49.94606
6198.0,52.710743,36.535515,48.60928,49.94653
6198.5,52.71061,36.534386,48.606773,49.94703
6199.0,52.710503,36.533268,48.604282,49.947582
6199.5,52.71042,36.532166,48.60181,49.948196
6200.0,52.710354,36.531063,48.599358,49.948856
6200.5,52.710308,36.529972,48.59692,49.949554
6201.0,52.710266,36.528885,48.594486,49.950256
6201.5,52.710217,36.527794,48.592052,49.950954
6202.0,52.710163,36.5267,48.589615,49.951637
6202.5,52.71009,36.525593,48.587162,49.952274
6203.0,52.70999,36.524467,48.584694,49.95287
6203.5,52.709858,36.52332,48.582207,49.95341
6204.0,52.709698,36.522152,48.5797,49.95391
6204.5,52.709515,36.520977,48.577187,49.95437
6205.0,52.709324,36.519794,48.574665,49.954803
6205.5,52.709126,36.518616,48.57214,49.955223
6206.0,52.708942,36.51745,48.56962,49.955647
6206.5,52.70877,36.516293,48.5671,49.95607
6207.0,52.708607,36.515144,48.56459,49.9565
6207.5,52.708454,36.514004,48.56208,49.956932
6208.0,52.708317,36.512875,48.55958,49.957397
6208.5,52.708202,36.511757,48.557102,49.957916
6209.0,52.708115,36.51065,48.554646,49.958496
6209.5,52.708035,36.50955,48.5522,49.95912
6210.0,52.70797,36.508453,48.549767,49.959778
6210.5,52.707905,36.507355,48.547344,49.960445
6211.0,52.707832,36.506252,48.544914,49.9611
6211.5,52.707756,36.505146,48.54248,49.96175
6212.0,52.70766,36.504025,48.540043,49.962368
6212.5,52.707527,36.50288,48.53758,49.96292
6213.0,52.707375,36.50172,48.535107,49.963436
6213.5,52.707203,36.50055,48.532616,49.963913
6214.0,52.707012,36.49937,48.53012,49.964363
6214.5,52.706806,36.498184,48.527615,49.96479
6215.0,52.706604,36.497,48.52511,49.9652
6215.5,52.706398,36.495815,48.522602,49.96559
6216.0,52.7062,36.494644,48.520096,49.96599
6216.5,52.706017,36.493484,48.5176,49.966393
6217.0,52.705853,36.49234,48.515118,49.966824
6217.5,52.705704,36.491203,48.512638,49.96727
6218.0,52.705574,36.49007,48.51017,49.96776
6218.5,52.70546,36.48895,48.50772,49.968304
6219.0,52.705376,36.487843,48.505295,49.968914
6219.5,52.70532,36.48675,48.502888,49.969574
6220.0,52.705257,36.485664,48.500484,49.970238
6220.5,52.7052,36.484573,48.498077,49.970905
6221.0,52.70513,36.483482,48.495674,49.971558
6221.5,52.705048,36.48238,48.49326,49.97218
6222.0,52.704937,36.48126,48.490826,49.972748
6222.5,52.704803,36.480125,48.48838,49.97328
6223.0,52.70465,36.47898,48.485916,49.97377
6223.5,52.704475,36.477833,48.483444,49.974228
6224.0,52.7043,36.476673,48.480965,49.974663
6224.5,52.70411,36.475517,48.478477,49.975075
6225.0,52.703922,36.47436,48.475998,49.97549
6225.5,52.70374,36.473213,48.47352,49.97589
6226.0,52.70356,36.472065,48.47104,49.976288
6226.5,52.703392,36.470924,48.468567,49.976692
6227.0,52.70324,36.469788,48.466103,49.97712
6227.5,52.703094,36.468655,48.463642,49.97757
6228.0,52.702976,36.467533,48.461205,49.978085
6228.5,52.70288,36.466427,48.45879,49.978664
6229.0,52.7028,36.465336,48.45639,49.979286
6229.5,52.702736,36.46425,48.454006,49.97993
6230.0,52.702682,36.463173,48.451622,49.98059
6230.5,52.702618,36.462093,48.449234,49.981236
6231.0,52.702545,36.46101,48.44684,49.98186
6231.5,52.70245,36.459915,48.44443,49.982445
6232.0,52.70233,36.45881,48.44201,49.982986
6232.5,52.702183,36.45768,48.439568,49.98348
6233.0,52.702023,36.45654,48.437122,49.983948
6233.5,52.701843,36.45539,48.434666,49.984386
6234.0,52.701653,36.45424,48.432205,49.984802
6234.5,52.70146,36.45309,48.42974,49.985207
6235.0,52.701275,36.451946,48.42728,49.985607
6235.5,52.701103,36.4508,48.424824,49.986004
6236.0,52.700935,36.44967,48.42237,49.986404
6236.5,52.700775,36.448536,48.419926,49.98682
6237.0,52.700626,36.447407,48.41749,49.987267
6237.5,52.7005,36.44628,48.41507,49.987774
6238.0,52.7004,36.44517,48.41267,49.988335
6238.5,52.700317,36.444073,48.410286,49.988945
6239.0,52.70024,36.442978,48.407917,49.98957
6239.5,52.70017,36.44189,48.405544,49.99021
6240.0,52.700085,36.4408,48.40317,49.99083
6240.5,52.69999,36.439697,48.40079,49.99143
6241.0,52.69987,36.438583,48.39839,49.99199
6241.5,52.699734,36.43746,48.39599,49.99252
6242.0,52.699574,36.43632,48.39357,49.993008
6242.5,52.699394,36.435173,48.391144,49.993473
6243.0,52.699196,36.434017,48.388702,49.993893
6243.5,52.699,36.432858,48.38626,49.994305
6244.0,52.69881,36.43171,48.383823,49.994717
6244.5,52.698624,36.430565,48.381386,49.995117
6245.0,52.698444,36.429424,48.378952,49.99551
6245.5,52.698273,36.428288,48.376522,49.99592
6246.0,52.698105,36.427155,48.374092,49.996326
6246.5,52.697952,36.426025,48.371677,49.996773
6247.0,52.697815,36.424904,48.369274,49.997265
6247.5,52.6977,36.423786,48.36689,49.997807
6248.0,52.697598,36.42268,48.364517,49.998386
6248.5,52.69751,36.421577,48.362156,49.998997
6249.0,52.697426,36.420486,48.359802,49.999622
6249.5,52.69735,36.419407,48.357452,50.000256
6250.0,52.697266,36.418324,48.3551,50.00087
6250.5,52.69716,36.41723,48.352726,50.001442
6251.0,52.697033,36.416122,48.35035,50.00199
6251.5,52.696896,36.415012,48.34796,50.00251
6252.0,52.69674,36.41389,48.345562,50.00299
6252.5,52.696575,36.412766,48.34316,50.003445
6253.0,52.696407,36.411636,48.34075,50.003887
6253.5,52.69624,36.410515,48.338345,50.004322
6254.0,52.69608,36.4094,48.335938,50.004745
6254.5,52.695923,36.408295,48.33353,50.00516
6255.0,52.69578,36.407192,48.33113,50.005577
6255.5,52.695644,36.40609,48.32873,50.00601
6256.0,52.69552,36.40499,48.32634,50.006462
6256.5,52.6954,36.403893,48.32396,50.00695
6257.0,52.695297,36.402805,48.321594,50.007484
6257.5,52.69521,36.40172,48.31924,50.008057
6258.0,52.69513,36.400642,48.3169,50.008656
6258.5,52.695065,36.399574,48.314564,50.00927
6259.0,52.695007,36.398518,48.312237,50.009895
6259.5,52.694935,36.39746,48.309906,50.01051
6260.0,52.69485,36.396397,48.30756,50.011093
6260.5,52.694748,36.395325,48.305206,50.011646
6261.0,52.694637,36.394245,48.302845,50.012184
6261.5,52.69451,36.393158,48.300476,50.01269
6262.0,52.694374,36.392063,48.298103,50.013172
6262.5,52.694233,36.390965,48.295723,50.013638
6263.0,52.694088,36.389874,48.293343,50.01408
6263.5,52.69395,36.388786,48.290962,50.014515
6264.0,52.69382,36.387707,48.28858,50.014942
6264.5,52.693695,36.38663,48.28621,50.015373
6265.0,52.693577,36.385555,48.283836,50.015812
6265.5,52.69347,36.384476,48.281475,50.01629
6266.0,52.693367,36.383396,48.27913,50.016804
6266.5,52.693283,36.382324,48.276794,50.017365
6267.0,52.69321,36.381256,48.27447,50.017952
6267.5,52.693153,36.380196,48.272163,50.018574
6268.0,52.6931,36.37914,48.269855,50.019203
6268.5,52.69304,36.37809,48.267548,50.019836
6269.0,52.692963,36.377033,48.265232,50.02043
6269.5,52.692867,36.37597,48.2629,50.021
6270.0,52.69276,36.3749,48.260563,50.02154
6270.5,52.692627,36.373817,48.258217,50.022053
6271.0,52.692486,36.37273,48.25586,50.02254
6271.5,52.69233,36.37163,48.2535,50.023006
6272.0,52.69217,36.370533,48.251133,50.02345
6272.5,52.692013,36.36944,48.24877,50.023888
6273.0,52.69186,36.368343,48.246403,50.02431
6273.5,52.691704,36.367252,48.244034,50.02472
6274.0,52.691563,36.36617,48.241673,50.02513
6274.5,52.691418,36.36508,48.239307,50.02554
6275.0,52.691288,36.36399,48.236954,50.025986
6275.5,52.691166,36.362904,48.23461,50.02647
6276.0,52.691067,36.361824,48.232285,50.027
6276.5,52.690975,36.36075,48.229973,50.02756
6277.0,52.690907,36.359684,48.227673,50.028156
6277.5,52.690845,36.35863,48.225384,50.028778
6278.0,52.690784,36.357586,48.2231,50.029404
6278.5,52.69072,36.356537,48.220806,50.03001
6279.0,52.690643,36.35549,48.218506,50.0306
6279.5,52.69056,36.354446,48.216206,50.031185
6280.0,52.69046,36.35339,48.21389,50.031727
6280.5,52.69035,36.352337,48.211575,50.032265
6281.0,52.69024,36.35128,48.20925,50.032776
6281.5,52.690105,36.350216,48.20692,50.03325
6282.0,52.689976,36.34915,48.204582,50.033707
6282.5,52.689846,36.34809,48.202248,50.03415
6283.0,52.689713,36.347027,48.19991,50.034584
6283.5,52.689587,36.345963,48.197575,50.03501
6284.0,52.689465,36.3449,48.195236,50.035442
6284.5,52.689342,36.343834,48.192905,50.035892
6285.0,52.689247,36.342777,48.190598,50.036407
6285.5,52.689163,36.34172,48.188297,50.036957
6286.0,52.6891,36.34067,48.186016,50.037544
6286.5,52.68904,36.339626,48.183743,50.038155
6287.0,52.68898,36.338585,48.181465,50.038754
6287.5,52.688927,36.337555,48.179195,50.039368
6288.0,52.688866,36.33653,48.176918,50.039967
6288.5,52.68882,36.335518,48.174644,50.040565
6289.0,52.688766,36.334507,48.17237,50.041164
6289.5,52.688705,36.333504,48.170094,50.041748
6290.0,52.688633,36.332493,48.16781,50.04231
6290.5,52.688557,36.331486,48.16552,50.042854
6291.0,52.688473,36.330475,48.163227,50.043385
6291.5,52.68839,36.329468,48.160934,50.0439
6292.0,52.688313,36.32846,48.158638,50.0444
6292.5,52.68824,36.32746,48.15635,50.044888
6293.0,52.688183,36.32647,48.15406,50.045387
6293.5,52.68812,36.32547,48.15177,50.045883
6294.0,52.68807,36.324467,48.14949,50.046394
6294.5,52.688034,36.32347,48.14722,50.046955
6295.0,52.688007,36.32248,48.14496,50.047546
6295.5,52.687984,36.321487,48.14271,50.04816
6296.0,52.68798,36.320503,48.140472,50.048805
6296.5,52.68798,36.319523,48.13824,50.04946
6297.0,52.687984,36.318554,48.13601,50.050117
6297.5,52.687996,36.317596,48.13378,50.05077
6298.0,52.687996,36.316635,48.131546,50.051414
6298.5,52.687992,36.31568,48.12931,50.05206
6299.0,52.687973,36.31472,48.12707,50.05269
6299.5,52.687943,36.31376,48.124832,50.053303
6300.0,52.6879,36.312786,48.122578,50.05389
6300.5,52.687855,36.311813,48.120327,50.054466
6301.0,52.687813,36.310844,48.118076,50.055035
6301.5,52.68776,36.309864,48.11582,50.05558
6302.0,52.6877,36.30888,48.11356,50.0561
6302.5,52.687626,36.307888,48.111294,50.056595
6303.0,52.687557,36.306885,48.10902,50.057083
6303.5,52.68749,36.305878,48.10676,50.05759
6304.0,52.68743,36.304867,48.104504,50.05814
6304.5,52.687378,36.303856,48.102257,50.058704
6305.0,52.68733,36.30284,48.100018,50.0593
6305.5,52.687286,36.301834,48.09779,50.059914
6306.0,52.687252,36.30083,48.09556,50.060528
6306.5,52.68722,36.299835,48.093338,50.061153
6307.0,52.687187,36.29884,48.09111,50.061768
6307.5,52.687138,36.297844,48.08888,50.062363
6308.0,52.687073,36.29685,48.086636,50.062935
6308.5,52.68702,36.29586,48.084404,50.063522
6309.0,52.68696,36.294876,48.08216,50.064095
6309.5,52.6869,36.293896,48.07992,50.064667
6310.0,52.686836,36.292915,48.077682,50.065224
6310.5,52.686775,36.291935,48.075443,50.065773
6311.0,52.68671,36.290955,48.073204,50.066303
6311.5,52.686646,36.28997,48.070953,50.06681
6312.0,52.686573,36.288982,48.068707,50.0673
6312.5,52.686493,36.287983,48.066452,50.067783
6313.0,52.686424,36.28698,48.064205,50.068283
6313.5,52.686356,36.28597,48.061966,50.06882
6314.0,52.6863,36.284958,48.059742,50.069386
6314.5,52.686237,36.28394,48.057518,50.06997
6315.0,52.68618,36.282925,48.0553,50.07056
6315.5,52.68613,36.281914,48.053093,50.071167
6316.0,52.686077,36.280903,48.05088,50.07177
6316.5,52.686024,36.279896,48.048668,50.072372
6317.0,52.68596,36.278885,48.046448,50.072945
6317.5,52.685883,36.277878,48.044224,50.07351
6318.0,52.685802,36.276875,48.042,50.07407
6318.5,52.685726,36.275875,48.039772,50.074623
6319.0,52.68565,36.274883,48.037548,50.075184
6319.5,52.685577,36.2739,48.035328,50.07574
6320.0,52.685516,36.272926,48.033115,50.0763
6320.5,52.685463,36.271965,48.0309,50.076847
6321.0,52.685417,36.271008,48.028687,50.077393
6321.5,52.685375,36.27005,48.026474,50.077927
6322.0,52.68532,36.26908,48.024254,50.078445
6322.5,52.68527,36.2681,48.02204,50.078983
6323.0,52.68522,36.267113,48.019836,50.079556
6323.5,52.685165,36.266117,48.017635,50.08013
6324.0,52.685123,36.265118,48.01544,50.080734
6324.5,52.68509,36.264122,48.013256,50.081356
6325.0,52.68505,36.26313,48.01107,50.081974
6325.5,52.685017,36.26214,48.008884,50.082596
6326.0,52.684982,36.261158,48.006702,50.083206
6326.5,52.68494,36.260174,48.004513,50.08381
6327.0,52.684887,36.259186,48.00232,50.0844
6327.5,52.68482,36.2582,48.000122,50.084965
6328.0,52.68476,36.25722,47.997925,50.085537
6328.5,52.684708,36.256256,47.99573,50.08611
6329.0,52.684666,36.255302,47.993546,50.086697
6329.5,52.684624,36.254356,47.991352,50.08727
6330.0,52.68458,36.253418,47.98916,50.087822
6330.5,52.684547,36.252483,47.98697,50.08837
6331.0,52.684517,36.251553,47.984783,50.088924
6331.5,52.684486,36.25061,47.982594,50.089466
6332.0,52.68445,36.249657,47.980404,50.090015
6332.5,52.684425,36.248703,47.978226,50.0906
6333.0,52.68441,36.24774,47.976055,50.091206
6333.5,52.684383,36.246777,47.97389,50.091827
6334.0,52.68437,36.24581,47.97173,50.092464
6334.5,52.684357,36.24485,47.969574,50.093113
6335.0,52.68434,36.243893,47.96742,50.093758
6335.5,52.68432,36.24293,47.96526,50.094383
6336.0,52.684288,36.241974,47.963097,50.094997
6336.5,52.684246,36.241013,47.960926,50.0956
6337.0,52.68422,36.240067,47.958763,50.096207
6337.5,52.68418,36.239124,47.956596,50.096806
6338.0,52.684147,36.238186,47.954422,50.09739
6338.5,52.684116,36.23726,47.952255,50.097973
6339.0,52.684105,36.236355,47.950096,50.098568
6339.5,52.68411,36.235466,47.947945,50.099174
6340.0,52.684128,36.23459,47.945793,50.099785
6340.5,52.68415,36.233707,47.943645,50.100388
6341.0,52.684177,36.232826,47.941498,50.100983
6341.5,52.6842,36.231934,47.93935,50.101597
6342.0,52.68423,36.231037,47.937218,50.10224
6342.5,52.684258,36.230133,47.93509,50.1029
6343.0,52.684288,36.22922,47.93296,50.10357
6343.5,52.68432,36.22831,47.930836,50.104244
6344.0,52.68435,36.227398,47.928715,50.104923
6344.5,52.68437,36.226482,47.926586,50.10558
6345.0,52.68439,36.22557,47.92446,50.10624
6345.5,52.684395,36.22465,47.92233,50.106876
6346.0,52.68439,36.223732,47.92019,50.1075
6346.5,52.684372,36.222805,47.91804,50.1081
6347.0,52.684357,36.221886,47.915897,50.108696
6347.5,52.68433,36.220966,47.91375,50.109283
6348.0,52.68432,36.220055,47.91161,50.109894
6348.5,52.684326,36.219162,47.90948,50.11052
6349.0,52.68433,36.218273,47.907352,50.111137
6349.5,52.68435,36.217396,47.90523,50.11176
6350.0,52.684372,36.21652,47.903114,50.112385
6350.5,52.684402,36.21564,47.901,50.11302
6351.0,52.684425,36.214752,47.898884,50.11366
6351.5,52.68445,36.213856,47.896774,50.114315
6352.0,52.684475,36.212944,47.89466,50.114983
6352.5,52.68449,36.21203,47.89256,50.11566
6353.0,52.684517,36.211117,47.890465,50.11636
6353.5,52.684532,36.210194,47.888363,50.11704
6354.0,52.68454,36.209267,47.886257,50.117706
6354.5,52.684532,36.208336,47.884144,50.118362
6355.0,52.68451,36.207397,47.882027,50.118996
6355.5,52.684475,36.206455,47.8799,50.119602
6356.0,52.684425,36.205505,47.87777,50.120193
6356.5,52.684372,36.204563,47.875637,50.12077
6357.0,52.684326,36.20362,47.873505,50.12135
6357.5,52.684288,36.202698,47.87138,50.12194
6358.0,52.684265,36.201794,47.86926,50.122536
6358.5,52.684258,36.200905,47.867153,50.12315
6359.0,52.684273,36.20003,47.865055,50.12378
6359.5,52.684288,36.19916,47.862957,50.124413
6360.0,52.684315,36.198288,47.86086,50.125046
6360.5,52.684338,36.19741,47.858765,50.1257
6361.0,52.684372,36.196526,47.85668,50.126385
6361.5,52.68441,36.195637,47.854607,50.127083
6362.0,52.684437,36.194736,47.852528,50.12778
6362.5,52.684456,36.19383,47.85045,50.12847
6363.0,52.684467,36.192913,47.848366,50.12915
6363.5,52.684467,36.191986,47.846275,50.129814
6364.0,52.68445,36.19105,47.844177,50.130444
6364.5,52.68441,36.19011,47.842068,50.131046
6365.0,52.68436,36.18916,47.83995,50.131626
6365.5,52.684307,36.188213,47.837833,50.1322
6366.0,52.684246,36.187275,47.83571,50.13275
6366.5,52.6842,36.186344,47.83359,50.133312
6367.0,52.684166,36.18543,47.831482,50.133884
6367.5,52.68414,36.184525,47.829376,50.134468
6368.0,52.684128,36.183636,47.827282,50.135063
6368.5,52.684135,36.182766,47.825195,50.135674
6369.0,52.68416,36.181904,47.82312,50.136303
6369.5,52.684193,36.18105,47.821045,50.136948
6370.0,52.68423,36.18019,47.818977,50.137608
6370.5,52.684277,36.179333,47.816917,50.138306
6371.0,52.68433,36.178474,47.814865,50.139027
6371.5,52.684383,36.177605,47.812817,50.139748
6372.0,52.684433,36.17673,47.81077,50.14047
6372.5,52.684467,36.17585,47.808716,50.141174
6373.0,52.684498,36.17496,47.80666,50.141872
6373.5,52.68451,36.17406,47.804592,50.142532
6374.0,52.684505,36.173157,47.802513,50.143166
6374.5,52.684486,36.172245,47.80043,50.14378
6375.0,52.68445,36.17132,47.798336,50.144363
6375.5,52.68441,36.170406,47.79624,50.144936
6376.0,52.68437,36.16949,47.794144,50.1455
6376.5,52.684338,36.16859,47.792057,50.146084
6377.0,52.68432,36.167698,47.789974,50.146675
6377.5,52.684307,36.166813,47.7879,50.14727
6378.0,52.684296,36.165928,47.785824,50.14786
6378.5,52.684296,36.165054,47.78376,50.148468
6379.0,52.684307,36.164185,47.7817,50.149094
6379.5,52.684338,36.163322,47.779655,50.14977
6380.0,52.684372,36.162453,47.77762,50.15048
6380.5,52.68441,36.16158,47.77559,50.1512
6381.0,52.684437,36.160694,47.77356,50.15192
6381.5,52.684444,36.15979,47.771523,50.152622
6382.0,52.684433,36.158867,47.769474,50.153297
6382.5,52.68441,36.157932,47.767418,50.153946
6383.0,52.68438,36.156998,47.765358,50.15458
6383.5,52.684338,36.156055,47.763294,50.155193
6384.0,52.684277,36.15511,47.761215,50.15577
6384.5,52.684204,36.154156,47.759132,50.15633
6385.0,52.684124,36.1532,47.757046,50.156868
6385.5,52.68403,36.152233,47.75495,50.15739
6386.0,52.683933,36.151276,47.75286,50.157917
6386.5,52.68385,36.15033,47.750774,50.15844
6387.0,52.683796,36.149414,47.7487,50.15899
6387.5,52.683758,36.14851,47.746635,50.159557
6388.0,52.683735,36.14762,47.74458,50.16014
6388.5,52.683735,36.146744,47.74254,50.16076
6389.0,52.683754,36.145874,47.740505,50.161415
6389.5,52.683796,36.14502,47.73849,50.162125
6390.0,52.683853,36.14417,47.73649,50.16287
6390.5,52.683926,36.143333,47.734493,50.16364
6391.0,52.68401,36.142506,47.73251,50.164433
6391.5,52.684093,36.141674,47.730522,50.16521
6392.0,52.684166,36.14083,47.72853,50.165962
6392.5,52.684204,36.13998,47.726517,50.16666
6393.0,52.684223,36.139114,47.724487,50.167316
6393.5,52.68423,36.138245,47.72245,50.16795
6394.0,52.684235,36.13738,47.720413,50.16858
6394.5,52.68423,36.13651,47.718372,50.16919
6395.0,52.684223,36.13564,47.716324,50.169777
6395.5,52.68422,36.134773,47.71428,50.17036
6396.0,52.68423,36.133926,47.712246,50.170975
6396.5,52.684258,36.133095,47.71022,50.1716
6397.0,52.6843,36.132275,47.708202,50.172226
6397.5,52.684357,36.13146,47.70619,50.172867
6398.0,52.684414,36.13065,47.704178,50.173523
6398.5,52.684486,36.12984,47.702183,50.174217
6399.0,52.684574,36.129032,47.7002,50.174957
6399.5,52.684677,36.12823,47.69823,50.17573
6400.0,52.68479,36.127434,47.696278,50.176548
6400.5,52.684902,36.126633,47.694324,50.177364
6401.0,52.68501,36.12583,47.69237,50.17817
6401.5,52.6851,36.12502,47.690407,50.17895
6402.0,52.685173,36.124195,47.688427,50.17969
6402.5,52.68521,36.123352,47.68643,50.18038
6403.0,52.685238,36.1225,47.684425,50.18104
6403.5,52.68525,36.121643,47.68241,50.181683
6404.0,52.68527,36.120792,47.6804,50.182323
6404.5,52.68528,36.119946,47.67839,50.182957
6405.0,52.685295,36.119106,47.67638,50.183582
6405.5,52.68532,36.11828,47.674374,50.184208
6406.0,52.685356,36.11746,47.672375,50.18484
6406.5,52.685402,36.11665,47.670376,50.18547
6407.0,52.685463,36.115856,47.668385,50.186115
6407.5,52.685535,36.115067,47.6664,50.186775
6408.0,52.68562,36.114277,47.66443,50.18748
6408.5,52.68572,36.113495,47.662468,50.188225
6409.0,52.685833,36.112717,47.660522,50.189007
6409.5,52.68595,36.11194,47.658585,50.189804
6410.0,52.686077,36.111164,47.65665,50.190617
6410.5,52.686195,36.110386,47.654713,50.191425
6411.0,52.68631,36.109604,47.652775,50.192226
6411.5,52.686413,36.108818,47.65083,50.193
6412.0,52.68649,36.10802,47.648872,50.19374
6412.5,52.686543,36.10721,47.646896,50.194435
6413.0,52.686596,36.106396,47.644924,50.19512
6413.5,52.68663,36.105576,47.642944,50.19578
6414.0,52.686657,36.104755,47.640953,50.196423
6414.5,52.686684,36.103935,47.638966,50.197052
6415.0,52.686726,36.103134,47.63698,50.197685
6415.5,52.686787,36.10234,47.635002,50.19833
6416.0,52.68686,36.101566,47.633034,50.19898
6416.5,52.686943,36.100796,47.63107,50.19964
6417.0,52.68703,36.100025,47.629105,50.200306
6417.5,52.687134,36.099262,47.627155,50.201023
6418.0,52.687252,36.0985,47.625225,50.201786
6418.5,52.687378,36.097736,47.623302,50.20257
6419.0,52.687515,36.096973,47.62139,50.203396
6419.5,52.687645,36.09621,47.619484,50.204216
6420.0,52.68777,36.095448,47.61757,50.20503
6420.5,52.68787,36.094666,47.61564,50.20579
6421.0,52.68796,36.09388,47.613705,50.206547
6421.5,52.688038,36.093086,47.611763,50.207283
6422.0,52.68809,36.09228,47.609806,50.207966
6422.5,52.688133,36.09147,47.607845,50.20864
6423.0,52.688156,36.09065,47.605873,50.20928
6423.5,52.688175,36.08982,47.603897,50.209896
6424.0,52.688194,36.089005,47.601925,50.21051
6424.5,52.68823,36.088196,47.599957,50.211132
6425.0,52.68828,36.087402,47.597992,50.211758
6425.5,52.68833,36.086617,47.59603,50.212383
6426.0,52.688396,36.085842,47.594078,50.213028
6426.5,52.68848,36.08507,47.592133,50.213688
6427.0,52.688576,36.084305,47.5902,50.214386
6427.5,52.688683,36.08354,47.588276,50.21512
6428.0,52.6888,36.08278,47.586365,50.21589
6428.5,52.68894,36.08203,47.584465,50.216686
6429.0,52.689087,36.081295,47.582573,50.217503
6429.5,52.689243,36.080566,47.580685,50.21833
6430.0,52.689396,36.079838,47.578804,50.219162
6430.5,52.689533,36.079105,47.576904,50.21995
6431.0,52.68966,36.078365,47.575,50.220726
6431.5,52.689762,36.077618,47.573082,50.221466
6432.0,52.68986,36.07687,47.571163,50.222195
6432.5,52.689957,36.076122,47.56924,50.222904
6433.0,52.69005,36.075375,47.567307,50.223595
6433.5,52.690136,36.07463,47.565376,50.22428
6434.0,52.69024,36.073895,47.56345,50.224964
6434.5,52.690346,36.073166,47.56153,50.225647
6435.0,52.690464,36.07245,47.55961,50.226326
6435.5,52.690594,36.07174,47.5577,50.22702
6436.0,52.69073,36.071033,47.555794,50.227726
6436.5,52.69088,36.070324,47.55389,50.228466
6437.0,52.691044,36.06962,47.552006,50.229244
6437.5,52.691223,36.06892,47.550133,50.23006
6438.0,52.691406,36.068222,47.548267,50.230896
6438.5,52.691586,36.06752,47.546406,50.231735
6439.0,52.691757,36.06682,47.54454,50.232567
6439.5,52.691917,36.066113,47.542667,50.233383
6440.0,52.692066,36.0654,47.540794,50.23418
6440.5,52.6922,36.064674,47.538906,50.23495
6441.0,52.69231,36.063942,47.537006,50.235683
6441.5,52.692406,36.0632,47.5351,50.236393
6442.0,52.69249,36.062454,47.533184,50.237072
6442.5,52.69258,36.061714,47.531273,50.23775
6443.0,52.69268,36.06098,47.529366,50.238438
6443.5,52.692787,36.060257,47.52746,50.239117
6444.0,52.69289,36.059536,47.525547,50.239765
6444.5,52.693005,36.058826,47.52364,50.24042
6445.0,52.69313,36.058125,47.521736,50.24109
6445.5,52.69326,36.05742,47.51984,50.241776
6446.0,52.6934,36.056717,47.517956,50.2425
6446.5,52.693565,36.05602,47.516087,50.243275
6447.0,52.693737,36.055325,47.51423,50.24408
6447.5,52.693928,36.054634,47.512383,50.244923
6448.0,52.69413,36.05396,47.510548,50.245785
6448.5,52.69434,36.053284,47.508724,50.246655
6449.0,52.694534,36.05261,47.506886,50.24751
6449.5,52.69471,36.05192,47.505035,50.248325
6450.0,52.694862,36.051228,47.503178,50.24912
6450.5,52.695007,36.05053,47.501312,50.249893
6451.0,52.695137,36.049824,47.499443,50.250637
6451.5,52.69525,36.049114,47.497562,50.251354
6452.0,52.69536,36.0484,47.495674,50.25205
6452.5,52.695473,36.047695,47.49379,50.252743
6453.0,52.695583,36.04699,47.4919,50.25341
6453.5,52.6957,36.04629,47.490017,50.254078
6454.0,52.695835,36.045597,47.488136,50.25475
6454.5,52.695965,36.0449,47.48626,50.25543
6455.0,52.696102,36.044197,47.48439,50.256126
6455.5,52.69624,36.043488,47.482525,50.256855
6456.0,52.696384,36.042774,47.48067,50.25762
6456.5,52.696533,36.042057,47.47883,50.25841
6457.0,52.696686,36.041344,47.47699,50.259216
6457.5,52.696835,36.040627,47.47515,50.260017
6458.0,52.69698,36.03991,47.473312,50.26082
6458.5,52.69712,36.039192,47.471474,50.261616
6459.0,52.697258,36.038475,47.469635,50.26241
6459.5,52.697372,36.037746,47.46778,50.26316
6460.0,52.697468,36.03701,47.465916,50.26389
6460.5,52.69755,36.036266,47.464046,50.26459
6461.0,52.697624,36.03552,47.462166,50.265266
6461.5,52.69769,36.034775,47.460285,50.265926
6462.0,52.697754,36.034027,47.4584,50.26657
6462.5,52.69782,36.033283,47.456516,50.267197
6463.0,52.69789,36.03254,47.45463,50.267822
6463.5,52.697964,36.0318,47.452744,50.268436
6464.0,52.698048,36.031067,47.450863,50.269062
6464.5,52.698143,36.03034,47.448997,50.269722
6465.0,52.698242,36.029602,47.44713,50.2704
6465.5,52.69835,36.028866,47.445274,50.27111
6466.0,52.69847,36.028133,47.443424,50.27185
6466.5,52.698605,36.02741,47.441597,50.272625
6467.0,52.698742,36.026688,47.43977,50.273407
6467.5,52.698875,36.025967,47.43794,50.27418
6468.0,52.699013,36.02525,47.43611,50.274956
6468.5,52.69913,36.02453,47.434277,50.275715
6469.0,52.69922,36.023796,47.432423,50.27643
6469.5,52.699303,36.023064,47.43057,50.27713
6470.0,52.699375,36.022324,47.42871,50.277817
6470.5,52.69944,36.02158,47.42684,50.27848
6471.0,52.699505,36.02084,47.424976,50.279133
6471.5,52.699574,36.0201,47.42311,50.279778
6472.0,52.699642,36.019367,47.421246,50.28041
6472.5,52.699722,36.01864,47.41938,50.281036
6473.0,52.699806,36.017914,47.41752,50.281662
6473.5,52.699886,36.01719,47.415657,50.28228
6474.0,52.699978,36.01646,47.4138,50.282925
6474.5,52.700077,36.015736,47.411953,50.283604
6475.0,52.7002,36.01501,47.410122,50.284332
6475.5,52.700317,36.014286,47.4083,50.285072
6476.0,52.700443,36.01356,47.40648,50.285828
6476.5,52.700573,36.01284,47.404663,50.2866
6477.0,52.7007,36.01212,47.40285,50.28736
6477.5,52.700817,36.0114,47.40103,50.288113
6478.0,52.70093,36.010677,47.399208,50.288845
6478.5,52.70103,36.009956,47.39738,50.289566
6479.0,52.701126,36.009235,47.39555,50.290276
6479.5,52.70121,36.00851,47.39371,50.29096
6480.0,52.70129,36.007786,47.39187,50.291634
6480.5,52.701366,36.00706,47.390026,50.292294
6481.0,52.701443,36.00634,47.38818,50.292946
6481.5,52.701523,36.00562,47.386333,50.29357
6482.0,52.701603,36.004906,47.384487,50.294197
6482.5,52.701687,36.00419,47.38264,50.29481
6483.0,52.701782,36.00348,47.380802,50.29544
6483.5,52.701885,36.002766,47.378967,50.296097
6484.0,52.701992,36.002052,47.377144,50.296783
6484.5,52.70211,36.001335,47.37533,50.2975
6485.0,52.70223,36.000614,47.37352,50.298225
6485.5,52.702362,35.999905,47.37172,50.298985
6486.0,52.70251,35.9992,47.369938,50.29977
6486.5,52.70265,35.998493,47.36814,50.300537
6487.0,52.702785,35.99779,47.36635,50.3013
6487.5,52.702915,35.997086,47.36455,50.30205
6488.0,52.70303,35.99638,47.362743,50.302773
6488.5,52.703136,35.995678,47.36093,50.303493
6489.0,52.70323,35.99497,47.35911,50.30418
6489.5,52.70332,35.99426,47.35729,50.304855
6490.0,52.703403,35.99355,47.35546,50.30551
6490.5,52.703495,35.992844,47.353638,50.30616
6491.0,52.703583,35.992138,47.35181,50.306797
6491.5,52.703674,35.99144,47.349983,50.30742
6492.0,52.70377,35.990738,47.348156,50.30803
6492.5,52.70387,35.99004,47.346333,50.30865
6493.0,52.703976,35.989338,47.344513,50.309296
6493.5,52.704094,35.988636,47.34271,50.30998
6494.0,52.70423,35.987946,47.34092,50.310707
6494.5,52.704376,35.98726,47.339134,50.31146
6495.0,52.704533,35.986576,47.33736,50.312225
6495.5,52.704693,35.9859,47.335594,50.313007
6496.0,52.70484,35.985218,47.33382,50.31377
6496.5,52.70498,35.98453,47.332035,50.314514
6497.0,52.705116,35.983852,47.33025,50.315254
6497.5,52.705246,35.983173,47.32846,50.315975
6498.0,52.70537,35.9825,47.326668,50.316685
6498.5,52.70549,35.981823,47.324867,50.317375
6499.0,52.705605,35.98115,47.323067,50.318058
6499.5,52.705723,35.980484,47.32127,50.31874
6500.0,52.70584,35.979813,47.319473,50.31942
6500.5,52.705956,35.97914,47.317677,50.320076
6501.0,52.706074,35.978474,47.315876,50.32073
6501.5,52.70619,35.9778,47.314075,50.321358
6502.0,52.706306,35.977127,47.31228,50.322006
6502.5,52.706432,35.976444,47.310486,50.322678
6503.0,52.70656,35.975754,47.308697,50.32336
6503.5,52.706684,35.975056,47.306915,50.324066
6504.0,52.706814,35.974358,47.30514,50.32479
6504.5,52.70695,35.973663,47.303375,50.32553
6505.0,52.707092,35.972973,47.301613,50.326283
6505.5,52.707226,35.97228,47.299847,50.327015
6506.0,52.707344,35.97158,47.29807,50.327724
6506.5,52.70745,35.970875,47.296288,50.328415
6507.0,52.707546,35.970173,47.294495,50.32908
6507.5,52.70764,35.96947,47.2927,50.32974
6508.0,52.707737,35.96878,47.290913,50.3304
6508.5,52.70783,35.96809,47.289116,50.33104
6509.0,52.707924,35.967407,47.287323,50.33168
6509.5,52.708023,35.966732,47.285534,50.332325
6510.0,52.70813,35.966064,47.283745,50.33296
6510.5,52.708244,35.965405,47.28196,50.333584
6511.0,52.708363,35.964745,47.280174,50.33421
6511.5,52.70848,35.96408,47.27839,50.334835
6512.0,52.708607,35.96341,47.27661,50.335484
6512.5,52.708744,35.962738,47.274837,50.336163
6513.0,52.70889,35.962067,47.273075,50.336872
6513.5,52.70904,35.961395,47.271324,50.33761
6514.0,52.709206,35.960724,47.269577,50.338345
6514.5,52.709366,35.960056,47.267834,50.339092
6515.0,52.709507,35.959385,47.266075,50.3398
6515.5,52.709652,35.958714,47.264317,50.340508
6516.0,52.70979,35.958046,47.262554,50.341194
6516.5,52.709915,35.95738,47.26078,50.34186
6517.0,52.710026,35.95671,47.259007,50.342518
6517.5,52.710144,35.956047,47.257233,50.343174
6518.0,52.710266,35.955387,47.25546,50.343822
6518.5,52.71039,35.95474,47.253693,50.344475
6519.0,52.71052,35.954098,47.251926,50.345123
6519.5,52.710663,35.953465,47.250168,50.34577
6520.0,52.71081,35.95284,47.248405,50.346416
6520.5,52.710968,35.952217,47.246643,50.34706
6521.0,52.71113,35.951595,47.24489,50.347717
6521.5,52.711296,35.950966,47.24314,50.3484
6522.0,52.711468,35.950333,47.2414,50.349106
6522.5,52.711655,35.9497,47.23967,50.34984
6523.0,52.711826,35.94906,47.237934,50.350563
6523.5,52.711994,35.948406,47.236202,50.35128
6524.0,52.712162,35.947754,47.23447,50.352
6524.5,52.712334,35.94711,47.23274,50.352715
6525.0,52.712482,35.946453,47.23099,50.353397
6525.5,52.71262,35.945797,47.229237,50.354057
6526.0,52.71275,35.945145,47.227478,50.354706
6526.5,52.712887,35.944504,47.22572,50.35536
6527.0,52.713024,35.94387,47.223965,50.356007
6527.5,52.71316,35.943237,47.22221,50.35665
6528.0,52.713306,35.942616,47.220455,50.3573
6528.5,52.713455,35.942,47.21871,50.35795
6529.0,52.713608,35.94139,47.21697,50.3586
6529.5,52.713764,35.94078,47.215225,50.359238
6530.0,52.713924,35.940174,47.21348,50.359882
6530.5,52.714092,35.939564,47.211746,50.360535
6531.0,52.714264,35.93895,47.210014,50.36122
6531.5,52.714424,35.93831,47.208286,50.36192
6532.0,52.71458,35.937656,47.20656,50.36262
6532.5,52.71472,35.93699,47.204834,50.36332
6533.0,52.714867,35.93632,47.20311,50.364017
6533.5,52.715004,35.935642,47.20138,50.364697
6534.0,52.71512,35.93495,47.19964,50.365334
6534.5,52.715214,35.93425,47.197887,50.365955
6535.0,52.715294,35.933544,47.19613,50.366558
6535.5,52.715366,35.932835,47.194366,50.367134
6536.0,52.71544,35.932133,47.192596,50.367706
6536.5,52.715504,35.93143,47.190826,50.368275
6537.0,52.715576,35.93074,47.18906,50.368847
6537.5,52.715652,35.93006,47.187294,50.36941
6538.0,52.715744,35.929398,47.185535,50.369984
6538.5,52.71585,35.928745,47.183784,50.370564
6539.0,52.71597,35.92811,47.18204,50.37116
6539.5,52.716106,35.92748,47.180305,50.371765
6540.0,52.716255,35.926853,47.178574,50.3724
6540.5,52.716423,35.926235,47.17686,50.373085
6541.0,52.716583,35.925602,47.17515,50.37378
6541.5,52.716743,35.92496,47.173443,50.374485
6542.0,52.7169,35.924305,47.171738,50.375187
6542.5,52.717037,35.923634,47.170025,50.375874
6543.0,52.717163,35.92295,47.168312,50.37654
6543.5,52.717262,35.922253,47.16658,50.37716
6544.0,52.71734,35.92154,47.16483,50.37773
6544.5,52.717407,35.920826,47.163074,50.37829
6545.0,52.717453,35.920105,47.16131,50.37881
6545.5,52.717495,35.919384,47.159542,50.37933
6546.0,52.71753,35.918663,47.157764,50.379826
6546.5,52.71758,35.91796,47.156,50.380337
6547.0,52.717644,35.917274,47.154243,50.380867
6547.5,52.717728,35.916607,47.152496,50.381416
6548.0,52.717823,35.915947,47.150757,50.38197
6548.5,52.71793,35.9153,47.149017,50.38253
6549.0,52.718037,35.914646,47.147285,50.383102
6549.5,52.71815,35.913994,47.14556,50.383698
6550.0,52.71827,35.913334,47.14384,50.38432
6550.5,52.718388,35.912663,47.14213,50.384964
6551.0,52.718502,35.911983,47.140423,50.38562
6551.5,52.718605,35.91129,47.138706,50.386257
6552.0,52.718693,35.91058,47.136982,50.38687
6552.5,52.718758,35.909855,47.13525,50.387447
6553.0,52.718807,35.909115,47.133503,50.38799
6553.5,52.718822,35.90836,47.13174,50.388493
6554.0,52.71883,35.907597,47.12997,50.38897
6554.5,52.71882,35.906826,47.128193,50.38942
6555.0,52.7188,35.906048,47.126408,50.389862
6555.5,52.718777,35.905277,47.124626,50.390297
6556.0,52.718746,35.90451,47.12284,50.39071
6556.5,52.718735,35.903755,47.121067,50.39115
6557.0,52.718742,35.903015,47.119297,50.391598
6557.5,52.718765,35.90229,47.11754,50.392056
6558.0,52.7188,35.90158,47.115784,50.392525
6558.5,52.718853,35.900887,47.11404,50.39303
6559.0,52.718925,35.900196,47.112312,50.39357
6559.5,52.719013,35.89951,47.110596,50.394154
6560.0,52.71911,35.898823,47.108887,50.394768
6560.5,52.719204,35.89813,47.10719,50.3954
6561.0,52.719288,35.89742,47.105484,50.39601
6561.5,52.719353,35.896694,47.10377,50.39661
6562.0,52.719402,35.895954,47.102047,50.39717
6562.5,52.71942,35.895195,47.100304,50.397675
6563.0,52.71941,35.89442,47.09854,50.398136
6563.5,52.71937,35.893627,47.096764,50.398552
6564.0,52.719326,35.892834,47.094982,50.398956
6564.5,52.719276,35.89204,47.093204,50.399357
6565.0,52.71922,35.891243,47.091415,50.399734
6565.5,52.71916,35.89045,47.089626,50.4001
6566.0,52.719116,35.88967,47.08785,50.40049
6566.5,52.719086,35.8889,47.086075,50.400883
6567.0,52.719063,35.888145,47.08431,50.401276
6567.5,52.71907,35.88741,47.082554,50.4017
6568.0,52.719086,35.88668,47.080807,50.40214
6568.5,52.719124,35.885963,47.079067,50.402622
6569.0,52.719177,35.885254,47.07735,50.40316
6569.5,52.719242,35.884544,47.075638,50.40372
6570.0,52.719315,35.883835,47.073936,50.404312
6570.5,52.719383,35.88312,47.07224,50.4049
6571.0,52.719444,35.8824,47.070538,50.40548
6571.5,52.719498,35.881668,47.068832,50.406044
6572.0,52.71953,35.88092,47.06711,50.406563
6572.5,52.71953,35.880154,47.06537,50.40703
6573.0,52.719505,35.879375,47.063614,50.407455
6573.5,52.719456,35.878586,47.061844,50.407852
6574.0,52.719402,35.877792,47.060074,50.40822
6574.5,52.719337,35.87699,47.05829,50.408566
6575.0,52.719273,35.876198,47.056507,50.408905
6575.5,52.71922,35.875412,47.054733,50.409256
6576.0,52.719177,35.87464,47.05297,50.409615
6576.5,52.71915,35.873882,47.051212,50.409985
6577.0,52.719147,35.873142,47.04946,50.410374
6577.5,52.71915,35.872414,47.047718,50.410778
6578.0,52.71918,35.871693,47.045994,50.411236
6578.5,52.719234,35.870983,47.04429,50.411755
6579.0,52.719315,35.870285,47.0426,50.412323
6579.5,52.719395,35.86959,47.040916,50.41291
6580.0,52.71948,35.86889,47.039238,50.413513
6580.5,52.71956,35.868187,47.03755,50.414104
6581.0,52.719624,35.867474,47.03587,50.41468
6581.5,52.719666,35.866745,47.03417,50.415207
6582.0,52.71969,35.866,47.032455,50.4157
6582.5,52.71969,35.865246,47.030727,50.416153
6583.0,52.71967,35.864483,47.028984,50.416573
6583.5,52.719643,35.863716,47.027237,50.416958
6584.0,52.719612,35.862953,47.025482,50.41734
6584.5,52.71958,35.862194,47.02373,50.41771
6585.0,52.71956,35.861443,47.02198,50.41807
6585.5,52.719543,35.860703,47.020237,50.418438
6586.0,52.71955,35.85998,47.018494,50.418808
6586.5,52.719574,35.85928,47.016766,50.4192
6587.0,52.719616,35.858585,47.015045,50.41961
6587.5,52.71967,35.857903,47.01333,50.42006
6588.0,52.71975,35.857224,47.011635,50.420563
6588.5,52.719837,35.856552,47.009956,50.42112
6589.0,52.71994,35.85588,47.008293,50.421715
6589.5,52.720036,35.855206,47.006634,50.422318
6590.0,52.720123,35.854523,47.004974,50.422913
6590.5,52.720196,35.853825,47.0033,50.423466
6591.0,52.720238,35.853107,47.00161,50.423985
6591.5,52.720253,35.852375,46.99991,50.42446
6592.0,52.72024,35.851627,46.998184,50.424892
6592.5,52.72022,35.850872,46.996456,50.425304
6593.0,52.720184,35.85011,46.99472,50.42568
6593.5,52.720142,35.84935,46.992977,50.426037
6594.0,52.7201,35.848595,46.99123,50.426376
6594.5,52.72008,35.847855,46.9895,50.42674
6595.0,52.720062,35.847122,46.987762,50.42709
6595.5,52.72005,35.846394,46.986027,50.427437
6596.0,52.72006,35.84568,46.984303,50.4278
6596.5,52.72008,35.844975,46.98259,50.428192
6597.0,52.720123,35.844276,46.980892,50.428635
6597.5,52.72019,35.84359,46.97921,50.42913
6598.0,52.72028,35.84292,46.977547,50.429684
6598.5,52.72038,35.842255,46.975895,50.430267
6599.0,52.720486,35.841595,46.974247,50.430862
6599.5,52.720596,35.84093,46.972603,50.43146
6600.0,52.720703,35.84027,46.97096,50.432056
6600.5,52.72079,35.839607,46.9693,50.432617
6601.0,52.720856,35.838924,46.96763,50.433136
6601.5,52.720886,35.838215,46.965935,50.433586
6602.0,52.720898,35.837505,46.96423,50.434025
6602.5,52.720905,35.836784,46.962517,50.434433
6603.0,52.720898,35.836063,46.9608,50.434814
6603.5,52.720894,35.835346,46.959084,50.435192
6604.0,52.720886,35.834633,46.957363,50.43555
6604.5,52.720886,35.83392,46.955647,50.4359
6605.0,52.720898,35.833218,46.95393,50.436256
6605.5,52.720917,35.832523,46.95222,50.436623
6606.0,52.720947,35.831833,46.95052,50.437008
6606.5,52.72099,35.831142,46.948826,50.43743
6607.0,52.721043,35.830452,46.947147,50.437897
6607.5,52.72111,35.82977,46.945488,50.438416
6608.0,52.721195,35.829094,46.943844,50.43897
6608.5,52.721287,35.82842,46.942204,50.43954
6609.0,52.72137,35.82774,46.940563,50.44011
6609.5,52.721447,35.82706,46.93892,50.44067
6610.0,52.7215,35.826366,46.937263,50.441193
6610.5,52.721523,35.825653,46.93559,50.441666
6611.0,52.721523,35.82493,46.933903,50.442104
6611.5,52.7215,35.824184,46.9322,50.442505
6612.0,52.721466,35.823433,46.930496,50.442886
6612.5,52.721424,35.82268,46.928787,50.443245
6613.0,52.72137,35.821922,46.92707,50.443577
6613.5,52.72132,35.821167,46.925358,50.443905
6614.0,52.72128,35.82042,46.923645,50.44423
6614.5,52.721245,35.81967,46.92193,50.444542
6615.0,52.721214,35.818935,46.920223,50.444866
6615.5,52.721203,35.8182,46.91852,50.445217
6616.0,52.721207,35.81747,46.916843,50.44562
6616.5,52.721226,35.816746,46.91517,50.446064
6617.0,52.721256,35.81603,46.913513,50.446545
6617.5,52.7213,35.815315,46.911865,50.447052
6618.0,52.72135,35.814613,46.91023,50.44759
6618.5,52.721405,35.813915,46.908592,50.448124
6619.0,52.72146,35.81322,46.906956,50.448654
6619.5,52.7215,35.812523,46.905308,50.44917
6620.0,52.721523,35.811813,46.903656,50.449657
6620.5,52.721523,35.81109,46.901985,50.450104
6621.0,52.7215,35.81035,46.9003,50.450504
6621.5,52.721466,35.809605,46.89861,50.45088
6622.0,52.721416,35.808853,46.89691,50.451225
6622.5,52.72137,35.808105,46.89521,50.451565
6623.0,52.72133,35.807358,46.893513,50.451893
6623.5,52.72129,35.80662,46.891815,50.452213
6624.0,52.721268,35.80589,46.890125,50.45255
6624.5,52.721256,35.805164,46.88844,50.45289
6625.0,52.72125,35.804443,46.886765,50.45325
6625.5,52.721256,35.80372,46.885094,50.45365
6626.0,52.72128,35.802998,46.883442,50.454105
6626.5,52.72131,35.802284,46.881798,50.454582
6627.0,52.72135,35.80158,46.880165,50.455082
6627.5,52.721405,35.800877,46.878536,50.4556
6628.0,52.72146,35.800182,46.876915,50.456123
6628.5,52.721508,35.799488,46.875286,50.456642
6629.0,52.72155,35.79879,46.873657,50.457157
6629.5,52.721565,35.79808,46.87201,50.457626
6630.0,52.72156,35.79736,46.870354,50.45806
6630.5,52.721535,35.79663,46.868687,50.458466
6631.0,52.7215,35.795895,46.86701,50.458847
6631.5,52.72146,35.79515,46.86533,50.459206
6632.0,52.721416,35.79441,46.863644,50.459545
6632.5,52.721382,35.793674,46.86197,50.45988
6633.0,52.721344,35.792942,46.860283,50.460197
6633.5,52.72131,35.79221,46.8586,50.460506
6634.0,52.72128,35.79148,46.856915,50.460815
6634.5,52.72126,35.79075,46.85524,50.46115
6635.0,52.72126,35.790028,46.85358,50.461544
6635.5,52.721268,35.789307,46.851933,50.461967
6636.0,52.72128,35.788578,46.850292,50.462418
6636.5,52.7213,35.787853,46.848663,50.462894
6637.0,52.72132,35.787136,46.847042,50.46339
6637.5,52.721344,35.78642,46.84542,50.463886
6638.0,52.721363,35.785706,46.843796,50.464375
6638.5,52.721375,35.78499,46.842167,50.464844
6639.0,52.721363,35.784264,46.840523,50.465286
6639.5,52.72135,35.783543,46.83888,50.465714
6640.0,52.721333,35.78282,46.83723,50.466133
6640.5,52.721302,35.782093,46.835575,50.466515
6641.0,52.721268,35.781364,46.83391,50.466877
6641.5,52.721233,35.780636,46.83225,50.467228
6642.0,52.721195,35.77991,46.83058,50.467567
6642.5,52.72117,35.77919,46.82892,50.467896
6643.0,52.72114,35.778473,46.827255,50.468224
6643.5,52.72113,35.77776,46.8256,50.468563
6644.0,52.721127,35.777046,46.823944,50.46892
6644.5,52.72113,35.776333,46.822308,50.469322
6645.0,52.72115,35.77562,46.82068,50.469757
6645.5,52.72118,35.774914,46.819065,50.470226
6646.0,52.721222,35.774216,46.81746,50.470726
6646.5,52.721268,35.773525,46.815857,50.471233
6647.0,52.72132,35.77284,46.81426,50.47175
6647.5,52.721375,35.772163,46.81266,50.472267
6648.0,52.721424,35.77149,46.811058,50.47277
6648.5,52.72147,35.77082,46.809464,50.473278
6649.0,52.721508,35.77015,46.807854,50.473763
6649.5,52.721535,35.769478,46.806244,50.474228
6650.0,52.72156,35.768803,46.804626,50.474678
6650.5,52.721577,35.76813,46.803005,50.47511
6651.0,52.72159,35.767452,46.801376,50.475502
6651.5,52.721603,35.76678,46.799744,50.475876
6652.0,52.721615,35.766106,46.79811,50.476242
6652.5,52.72162,35.765427,46.79647,50.476585
6653.0,52.721626,35.76474,46.79483,50.476925
6653.5,52.72163,35.764046,46.79319,50.47729
6654.0,52.721657,35.763355,46.791573,50.477707
6654.5,52.72169,35.76267,46.789967,50.478165
6655.0,52.72174,35.76198,46.788372,50.47865
6655.5,52.721794,35.761295,46.78679,50.479156
6656.0,52.721848,35.760612,46.785202,50.479664
6656.5,52.721893,35.759933,46.78362,50.480175
6657.0,52.721943,35.75926,46.782032,50.480675
6657.5,52.721977,35.758583,46.780437,50.48116
6658.0,52.722008,35.757904,46.77884,50.48163
6658.5,52.72203,35.75723,46.77724,50.482094
6659.0,52.722042,35.75655,46.775635,50.48254
6659.5,52.722054,35.755875,46.774025,50.482975
6660.0,52.722065,35.7552,46.77242,50.48341
6660.5,52.72208,35.754524,46.77081,50.48382
6661.0,52.722084,35.753845,46.769196,50.48421
6661.5,52.722095,35.75317,46.767582,50.484585
6662.0,52.722115,35.7525,46.765972,50.484974
6662.5,52.722134,35.751827,46.764362,50.48536
6663.0,52.722157,35.751144,46.762756,50.485767
6663.5,52.722187,35.75046,46.761158,50.486195
6664.0,52.72223,35.74978,46.75957,50.48666
6664.5,52.722275,35.7491,46.757996,50.487156
6665.0,52.72234,35.748425,46.756435,50.487686
6665.5,52.722393,35.74775,46.754864,50.488194
6666.0,52.722446,35.747074,46.753296,50.488705
6666.5,52.722485,35.7464,46.751717,50.489193
6667.0,52.72252,35.745724,46.750137,50.489677
6667.5,52.722557,35.745056,46.74856,50.490166
6668.0,52.722584,35.744392,46.746983,50.490635
6668.5,52.72261,35.74373,46.7454,50.4911
6669.0,52.722622,35.74306,46.74381,50.491543
6669.5,52.722637,35.742397,46.742218,50.49198
6670.0,52.722652,35.741737,46.740623,50.492393
6670.5,52.722668,35.741077,46.73903,50.492798
6671.0,52.722694,35.740425,46.737434,50.493195
6671.5,52.722717,35.73977,46.73584,50.49358
6672.0,52.722748,35.739113,46.73425,50.49398
6672.5,52.722782,35.73845,46.732662,50.494392
6673.0,52.722828,35.73779,46.731083,50.494843
6673.5,52.722885,35.737125,46.729515,50.49532
6674.0,52.72295,35.736465,46.727962,50.495827
6674.5,52.72302,35.73581,46.72641,50.496353
6675.0,52.72309,35.735157,46.72486,50.496876
6675.5,52.723167,35.73451,46.72332,50.497406
6676.0,52.72324,35.733864,46.72177,50.497932
6676.5,52.7233,35.733215,46.720215,50.498436
6677.0,52.723354,35.73257,46.71866,50.498928
6677.5,52.72339,35.731922,46.71709,50.499397
6678.0,52.72343,35.731277,46.715527,50.49987
6678.5,52.72347,35.730637,46.71396,50.500328
6679.0,52.723515,35.730007,46.712395,50.500793
6679.5,52.723564,35.72938,46.710835,50.501244
6680.0,52.723618,35.72876,46.70927,50.501686
6680.5,52.723663,35.728134,46.707703,50.50211
6681.0,52.723713,35.727505,46.706135,50.502525
6681.5,52.72376,35.726868,46.704567,50.502945
6682.0,52.72381,35.726223,46.703,50.50338
6682.5,52.72386,35.72557,46.70144,50.503845
6683.0,52.72392,35.72492,46.69989,50.504333
6683.5,52.72399,35.724266,46.698353,50.504852
6684.0,52.724068,35.72362,46.69682,50.505386
6684.5,52.72414,35.722973,46.695286,50.505913
6685.0,52.724213,35.722332,46.693756,50.506435
6685.5,52.724277,35.721687,46.692215,50.50695
6686.0,52.72433,35.721043,46.690674,50.50745
6686.5,52.72438,35.720406,46.689133,50.507946
6687.0,52.724426,35.71977,46.687588,50.508434
6687.5,52.72447,35.71913,46.68604,50.508904
6688.0,52.72452,35.71851,46.684494,50.509388
6688.5,52.724575,35.71789,46.68295,50.509857
6689.0,52.72464,35.71729,46.68141,50.51033
6689.5,52.724724,35.7167,46.679874,50.510807
6690.0,52.724808,35.716118,46.678337,50.511272
6690.5,52.7249,35.71553,46.6768,50.51173
6691.0,52.724987,35.714935,46.675262,50.512188
6691.5,52.725082,35.714336,46.673733,50.512684
6692.0,52.725178,35.71373,46.67221,50.513195
6692.5,52.725273,35.71311,46.670692,50.513725
6693.0,52.72537,35.712494,46.669178,50.514267
6693.5,52.725464,35.71187,46.667667,50.514816
6694.0,52.72556,35.71125,46.66616,50.515366
6694.5,52.725636,35.710625,46.664642,50.515896
6695.0,52.725704,35.70999,46.663113,50.516396
6695.5,52.725758,35.70936,46.66158,50.51688
6696.0,52.725792,35.70872,46.660034,50.517338
6696.5,52.725834,35.708088,46.658497,50.517803
6697.0,52.725876,35.707462,46.656956,50.51827
6697.5,52.72592,35.70685,46.655422,50.518734
6698.0,52.725975,35.70624,46.65389,50.5192
6698.5,52.726044,35.70565,46.652363,50.51967
6699.0,52.72612,35.705067,46.65084,50.520145
6699.5,52.726208,35.704487,46.649326,50.520622
6700.0,52.726303,35.70391,46.647816,50.52111
6700.5,52.726406,35.70333,46.646305,50.521618
6701.0,52.726513,35.702744,46.644806,50.52215
6701.5,52.726627,35.702152,46.643314,50.5227
6702.0,52.726738,35.70156,46.641827,50.52327
6702.5,52.72686,35.70097,46.640343,50.523846
6703.0,52.72698,35.700375,46.638863,50.524433
6703.5,52.727093,35.699776,46.637375,50.524998
6704.0,52.727192,35.699177,46.63588,50.525547
6704.5,52.727295,35.698586,46.63438,50.52608
6705.0,52.727383,35.69799,46.63287,50.526596
6705.5,52.727474,35.697403,46.631363,50.527103
6706.0,52.727554,35.69682,46.629856,50.527603
6706.5,52.727634,35.696236,46.628345,50.52809
6707.0,52.727722,35.695667,46.62684,50.5286
6707.5,52.727825,35.69511,46.62534,50.52911
6708.0,52.727936,35.694565,46.623848,50.52963
6708.5,52.728058,35.694027,46.622364,50.530148
6709.0,52.728184,35.69349,46.62088,50.53067
6709.5,52.728306,35.69295,46.619396,50.531197
6710.0,52.728428,35.692398,46.61791,50.531727
6710.5,52.72855,35.691833,46.616432,50.53228
6711.0,52.728676,35.691265,46.614964,50.53286
6711.5,52.728798,35.69068,46.613495,50.533443
6712.0,52.728916,35.690094,46.612026,50.534027
6712.5,52.729027,35.6895,46.610558,50.534607
6713.0,52.729137,35.688904,46.60909,50.53518
6713.5,52.729237,35.688305,46.607616,50.535744
6714.0,52.72933,35.687702,46.606136,50.53628
6714.5,52.729393,35.687088,46.60464,50.53678
6715.0,52.729446,35.686474,46.603134,50.537266
6715.5,52.72949,35.68586,46.601624,50.537727
6716.0,52.72953,35.68525,46.600117,50.53819
6716.5,52.729576,35.684647,46.598606,50.538647
6717.0,52.729637,35.68406,46.597107,50.539112
6717.5,52.72972,35.683487,46.595615,50.5396
6718.0,52.72982,35.682934,46.594135,50.5401
6718.5,52.729935,35.682392,46.59266,50.54062
6719.0,52.73006,35.681858,46.591194,50.54116
6719.5,52.73019,35.681316,46.589733,50.541718
6720.0,52.730328,35.680767,46.58828,50.5423
6720.5,52.730465,35.680218,46.586834,50.542908
6721.0,52.730602,35.679657,46.58539,50.54353
6721.5,52.730732,35.67909,46.583946,50.544147
6722.0,52.730865,35.67852,46.5825,50.544758
6722.5,52.730984,35.677944,46.58105,50.54534
6723.0,52.731087,35.677357,46.57959,50.545902
6723.5,52.731163,35.676758,46.578117,50.546432
6724.0,52.731228,35.676147,46.57664,50.54694
6724.5,52.731277,35.675537,46.575153,50.54742
6725.0,52.73131,35.674923,46.573658,50.54788
6725.5,52.731354,35.67432,46.57216,50.54834
6726.0,52.731407,35.67373,46.57067,50.54881
6726.5,52.73148,35.673153,46.56919,50.549294
6727.0,52.731567,35.6726,46.56772,50.549793
6727.5,52.73167,35.67206,46.566254,50.550293
6728.0,52.73178,35.671524,46.564793,50.55081
6728.5,52.731907,35.670998,46.563343,50.55135
6729.0,52.73205,35.67047,46.5619,50.551926
6729.5,52.732204,35.66995,46.560474,50.552547
6730.0,52.732365,35.669426,46.559055,50.553185
6730.5,52.73253,35.6689,46.557636,50.55384
6731.0,52.73268,35.66836,46.55622,50.554485
6731.5,52.73283,35.667816,46.554802,50.555115
6732.0,52.732975,35.667267,46.553375,50.555737
6732.5,52.7331,35.666714,46.55194,50.556328
6733.0,52.733208,35.666145,46.550495,50.556873
6733.5,52.733295,35.665573,46.549034,50.557392
6734.0,52.733368,35.66499,46.547565,50.557888
6734.5,52.73343,35.664402,46.546085,50.558353
6735.0,52.733475,35.663815,46.5446,50.5588
6735.5,52.73353,35.66323,46.543125,50.559254
6736.0,52.7336,35.662666,46.541653,50.55972
6736.5,52.73369,35.662117,46.540188,50.560196
6737.0,52.733795,35.661583,46.538734,50.560684
6737.5,52.733917,35.66106,46.537285,50.561188
6738.0,52.734055,35.660545,46.535854,50.561733
6738.5,52.734203,35.660034,46.53443,50.562317
6739.0,52.734364,35.659523,46.53302,50.562935
6739.5,52.734535,35.65902,46.531616,50.56359
6740.0,52.734722,35.658516,46.530228,50.56427
6740.5,52.7349,35.65801,46.52884,50.56495
6741.0,52.735077,35.657494,46.527447,50.565617
6741.5,52.735226,35.656963,46.52604,50.566246
6742.0,52.73535,35.656418,46.524612,50.566822
6742.5,52.735466,35.65587,46.523182,50.567375
6743.0,52.73556,35.65531,46.521736,50.5679
6743.5,52.73565,35.654755,46.520287,50.568413
6744.0,52.73574,35.6542,46.51884,50.568928
6744.5,52.73583,35.653652,46.517395,50.569427
6745.0,52.735924,35.65311,46.51595,50.569923
6745.5,52.73603,35.652584,46.514507,50.570423
6746.0,52.736156,35.652073,46.513077,50.570942
6746.5,52.736305,35.65158,46.511658,50.571476
6747.0,52.736473,35.651104,46.510246,50.572037
6747.5,52.736645,35.65063,46.50884,50.572617
6748.0,52.73683,35.650158,46.507446,50.573235
6748.5,52.737026,35.649685,46.50606,50.5739
6749.0,52.737236,35.64921,46.504696,50.574596
6749.5,52.737446,35.64874,46.503326,50.5753
6750.0,52.73765,35.648262,46.501957,50.576
6750.5,52.737854,35.64778,46.50059,50.5767
6751.0,52.738045,35.647293,46.499218,50.577377
6751.5,52.738213,35.64679,46.49783,50.578022
6752.0,52.738346,35.646267,46.496426,50.578606
6752.5,52.738464,35.645733,46.49501,50.579166
6753.0,52.738564,35.64519,46.493587,50.579704
6753.5,52.738647,35.644638,46.49215,50.580196
6754.0,52.73873,35.64409,46.49071,50.580685
6754.5,52.738815,35.643543,46.489273,50.58117
6755.0,52.73892,35.643013,46.487846,50.581665
6755.5,52.73903,35.642494,46.486423,50.582165
6756.0,52.73915,35.641987,46.485,50.582664
6756.5,52.73928,35.641483,46.48359,50.583183
6757.0,52.739437,35.640987,46.48219,50.58375
6757.5,52.7396,35.640495,46.480804,50.584366
6758.0,52.73978,35.640007,46.479435,50.58502
6758.5,52.739967,35.63952,46.47807,50.585693
6759.0,52.74015,35.639027,46.476707,50.586372
6759.5,52.74034,35.638542,46.475353,50.58707
6760.0,52.74052,35.63805,46.47399,50.58774
6760.5,52.740692,35.637554,46.472626,50.588406
6761.0,52.74085,35.63705,46.47125,50.589043
6761.5,52.74098,35.63653,46.469856,50.589634
6762.0,52.741093,35.636005,46.468452,50.590195
6762.5,52.7412,35.63548,46.46705,50.59074
6763.0,52.741302,35.63495,46.465637,50.59127
6763.5,52.7414,35.634426,46.46423,50.59179
6764.0,52.74151,35.63391,46.46282,50.592308
6764.5,52.74163,35.633408,46.46141,50.592827
6765.0,52.74176,35.632915,46.46001,50.593346
6765.5,52.741898,35.632427,46.458614,50.593872
6766.0,52.742046,35.631947,46.457226,50.594418
6766.5,52.742214,35.631466,46.45585,50.595005
6767.0,52.742386,35.630985,46.45448,50.595623
6767.5,52.742577,35.630512,46.45313,50.596283
6768.0,52.74278,35.630043,46.451786,50.596977
6768.5,52.74299,35.629574,46.45045,50.59768
6769.0,52.743183,35.6291,46.44911,50.59837
6769.5,52.74338,35.628624,46.447765,50.599064
6770.0,52.74356,35.628147,46.44641,50.599716
6770.5,52.743732,35.627666,46.44506,50.600372
6771.0,52.74389,35.62718,46.443695,50.600998
6771.5,52.744026,35.62668,46.442318,50.60159
6772.0,52.744144,35.62617,46.440926,50.60214
6772.5,52.74425,35.625656,46.439533,50.60267
6773.0,52.744358,35.62514,46.43814,50.6032
6773.5,52.744476,35.62464,46.436752,50.60373
6774.0,52.74461,35.62415,46.43537,50.60426
6774.5,52.74475,35.62367,46.43399,50.60479
6775.0,52.7449,35.623196,46.43261,50.60532
6775.5,52.745068,35.62273,46.431244,50.60588
6776.0,52.745247,35.62227,46.42989,50.60649
6776.5,52.745438,35.621803,46.428547,50.60713
6777.0,52.745636,35.621338,46.42721,50.607796
6777.5,52.74584,35.620872,46.42588,50.60848
6778.0,52.74604,35.62041,46.42456,50.609177
6778.5,52.746243,35.619946,46.423237,50.609882
6779.0,52.746437,35.619484,46.421913,50.610573
6779.5,52.746624,35.61901,46.42058,50.61124
6780.0,52.74678,35.618526,46.41923,50.61186
6780.5,52.74692,35.618034,46.41787,50.612457
6781.0,52.74705,35.61754,46.416508,50.61304
6781.5,52.747173,35.61704,46.41514,50.6136
6782.0,52.74728,35.616535,46.413757,50.614132
6782.5,52.74739,35.616035,46.41238,50.614662
6783.0,52.747513,35.61554,46.411003,50.615185
6783.5,52.74764,35.61505,46.409626,50.615704
6784.0,52.747772,35.614574,46.40826,50.61623
6784.5,52.747925,35.6141,46.406895,50.61676
6785.0,52.748077,35.613632,46.405537,50.617306
6785.5,52.748253,35.613167,46.40419,50.617905
6786.0,52.748436,35.6127,46.402855,50.618534
6786.5,52.748634,35.61224,46.401535,50.619198
6787.0,52.748837,35.611782,46.40022,50.61989
6787.5,52.74904,35.611324,46.398907,50.62058
6788.0,52.74924,35.610867,46.3976,50.621277
6788.5,52.74943,35.610405,46.396282,50.621956
6789.0,52.749603,35.609936,46.394955,50.622604
6789.5,52.749763,35.60946,46.39362,50.623226
6790.0,52.74991,35.60897,46.392277,50.62382
6790.5,52.750034,35.608475,46.390923,50.62439
6791.0,52.750145,35.60798,46.38956,50.624935
6791.5,52.75025,35.60748,46.38819,50.62546
6792.0,52.750366,35.606983,46.386826,50.62598
6792.5,52.750484,35.606495,46.38546,50.62649
6793.0,52.75061,35.60601,46.384094,50.627
6793.5,52.750744,35.605534,46.382732,50.627506
6794.0,52.75088,35.60506,46.381374,50.628014
6794.5,52.75103,35.604588,46.380024,50.628544
6795.0,52.751194,35.60412,46.37869,50.629128
6795.5,52.75137,35.603653,46.37736,50.62974
6796.0,52.75156,35.603188,46.376045,50.63039
6796.5,52.75175,35.602726,46.374737,50.631058
6797.0,52.751945,35.60227,46.37344,50.631744
6797.5,52.752148,35.601814,46.372143,50.632435
6798.0,52.752346,35.601364,46.370842,50.633114
6798.5,52.752525,35.6009,46.369534,50.633766
6799.0,52.752678,35.60043,46.368206,50.634377
6799.5,52.75283,35.599957,46.366875,50.634975
6800.0,52.75296,35.599476,46.365532,50.635548
6800.5,52.75308,35.59899,46.364185,50.63609
6801.0,52.753212,35.59852,46.362843,50.63663
6801.5,52.75334,35.59805,46.361496,50.637157
6802.0,52.75348,35.597584,46.36015,50.63768
6802.5,52.753616,35.597122,46.358803,50.63819
6803.0,52.753765,35.596664,46.35746,50.638706
6803.5,52.753914,35.59621,46.356117,50.639217
6804.0,52.754074,35.59575,46.354782,50.63976
6804.5,52.754242,35.595287,46.35346,50.64034
6805.0,52.754414,35.594826,46.352146,50.640945
6805.5,52.7546,35.594368,46.35084,50.64159
6806.0,52.754795,35.593914,46.34955,50.64225
6806.5,52.754993,35.59346,46.34826,50.642925
6807.0,52.755188,35.593014,46.34697,50.643604
6807.5,52.755375,35.592556,46.345676,50.64426
6808.0,52.75554,35.592094,46.34437,50.644894
6808.5,52.755695,35.59163,46.34306,50.645508
6809.0,52.75584,35.59116,46.34174,50.64609
6809.5,52.75597,35.590683,46.340412,50.646652
6810.0,52.756096,35.590206,46.33908,50.647198
6810.5,52.756214,35.589725,46.33774,50.647728
6811.0,52.756332,35.589245,46.336407,50.648247
6811.5,52.756447,35.58876,46.335064,50.64875
6812.0,52.75656,35.58828,46.33372,50.64923
6812.5,52.75667,35.587795,46.33238,50.649704
6813.0,52.756794,35.587315,46.331036,50.650185
6813.5,52.756924,35.586826,46.329704,50.6507
6814.0,52.757065,35.586346,46.328384,50.651253
6814.5,52.75722,35.585865,46.327076,50.651844
6815.0,52.75738,35.585384,46.32578,50.652462
6815.5,52.757557,35.58491,46.324493,50.653107
6816.0,52.75772,35.584435,46.3232,50.653744
6816.5,52.75788,35.583958,46.32191,50.654377
6817.0,52.758026,35.583473,46.32061,50.654976
6817.5,52.758152,35.582973,46.319294,50.65555
6818.0,52.758263,35.58247,46.317978,50.65611
6818.5,52.75836,35.581963,46.316647,50.656635
6819.0,52.758442,35.581444,46.31531,50.657143
6819.5,52.758522,35.58093,46.313972,50.657635
6820.0,52.75859,35.58041,46.312634,50.65811
6820.5,52.75867,35.579903,46.31129,50.65859
6821.0,52.758766,35.579407,46.30996,50.659073
6821.5,52.758877,35.578926,46.30863,50.659554
6822.0,52.759003,35.578457,46.30731,50.660046
6822.5,52.75913,35.577984,46.305984,50.660534
6823.0,52.759274,35.57751,46.30467,50.661057
6823.5,52.759426,35.57704,46.30337,50.661625
6824.0,52.759594,35.576572,46.302082,50.662224
6824.5,52.759773,35.576107,46.300804,50.66285
6825.0,52.759956,35.57565,46.299534,50.6635
6825.5,52.760143,35.57519,46.298264,50.66415
6826.0,52.760323,35.574734,46.29699,50.664787
6826.5,52.76047,35.574257,46.2957,50.665386
6827.0,52.760593,35.57377,46.294395,50.66595
6827.5,52.760704,35.57327,46.293087,50.666492
6828.0,52.760784,35.572754,46.291763,50.667
6828.5,52.760857,35.572235,46.290436,50.667496
6829.0,52.76091,35.571705,46.289104,50.667973
6829.5,52.760963,35.571175,46.287773,50.668438
6830.0,52.761013,35.57064,46.286434,50.668877
6830.5,52.76106,35.570107,46.2851,50.66931
6831.0,52.7611,35.569565,46.283756,50.669724
6831.5,52.76115,35.56902,46.282413,50.670135
6832.0,52.761192,35.568462,46.28107,50.67054
6832.5,52.761234,35.567898,46.279728,50.67096
6833.0,52.76128,35.56733,46.2784,50.67141
6833.5,52.76134,35.566757,46.27708,50.671894
6834.0,52.761406,35.566193,46.27577,50.6724
6834.5,52.76147,35.565624,46.27446,50.672913
6835.0,52.761536,35.565056,46.27315,50.67343
6835.5,52.761604,35.564495,46.271847,50.67395
6836.0,52.76165,35.563927,46.270527,50.67444
6836.5,52.76168,35.563354,46.269203,50.674908
6837.0,52.761703,35.562782,46.26787,50.67537
6837.5,52.761715,35.56221,46.266537,50.675808
6838.0,52.761726,35.561638,46.2652,50.676243
6838.5,52.761745,35.56108,46.26386,50.676666
6839.0,52.761795,35.56055,46.26253,50.67711
6839.5,52.76187,35.560047,46.261215,50.677574
6840.0,52.761967,35.559563,46.2599,50.678032
6840.5,52.762074,35.55909,46.25859,50.67849
6841.0,52.762188,35.558617,46.257282,50.678944
6841.5,52.762306,35.55814,46.255974,50.679405
6842.0,52.762424,35.557655,46.25467,50.679882
6842.5,52.762543,35.557163,46.25337,50.680374
6843.0,52.76267,35.55667,46.252075,50.680893
6843.5,52.762806,35.55618,46.25079,50.681435
6844.0,52.76294,35.555687,46.249504,50.681973
6844.5,52.763073,35.5552,46.248222,50.682514
6845.0,52.76321,35.554714,46.246944,50.683064
6845.5,52.763348,35.554237,46.245663,50.683605
6846.0,52.763474,35.55376,46.244373,50.684135
6846.5,52.76358,35.55328,46.243076,50.684643
6847.0,52.763695,35.552807,46.241787,50.685154
6847.5,52.76381,35.552338,46.240494,50.68566
6848.0,52.763927,35.551876,46.2392,50.68616
6848.5,52.764046,35.55142,46.237907,50.686657
6849.0,52.764175,35.550972,46.236618,50.687153
6849.5,52.76431,35.550526,46.235332,50.68764
6850.0,52.764427,35.550064,46.23404,50.688107
6850.5,52.764523,35.54958,46.232735,50.68854
6851.0,52.764606,35.54908,46.231422,50.688965
6851.5,52.764683,35.54856,46.23011,50.6894
6852.0,52.764755,35.548027,46.228806,50.689846
6852.5,52.76482,35.54748,46.227497,50.690292
6853.0,52.764893,35.54693,46.2262,50.690765
6853.5,52.764957,35.54637,46.2249,50.69123
6854.0,52.765,35.5458,46.223595,50.691666
6854.5,52.765038,35.545223,46.222282,50.69209
6855.0,52.765064,35.54465,46.220963,50.692505
6855.5,52.76509,35.544083,46.219643,50.69291
6856.0,52.765118,35.543526,46.218323,50.69332
6856.5,52.76515,35.542973,46.217007,50.693733
6857.0,52.76518,35.542427,46.215694,50.69415
6857.5,52.76521,35.54189,46.214382,50.694553
6858.0,52.76525,35.541363,46.21307,50.694965
6858.5,52.765305,35.540848,46.21176,50.695377
6859.0,52.76538,35.540348,46.210464,50.69581
6859.5,52.765465,35.53986,46.20917,50.696236
6860.0,52.76556,35.539375,46.207882,50.69667
6860.5,52.765663,35.538887,46.206593,50.697117
6861.0,52.765774,35.538395,46.205315,50.6976
6861.5,52.76589,35.5379,46.20404,50.698097
6862.0,52.766003,35.53739,46.202766,50.69859
6862.5,52.766113,35.53688,46.201496,50.699085
6863.0,52.76622,35.53637,46.20022,50.69957
6863.5,52.766323,35.535854,46.19894,50.70004
6864.0,52.76641,35.535336,46.197655,50.700485
6864.5,52.76649,35.534813,46.196358,50.700916
6865.0,52.766556,35.53429,46.19505,50.70132
6865.5,52.766617,35.53377,46.19374,50.701714
6866.0,52.76668,35.53326,46.192436,50.702114
6866.5,52.766747,35.53276,46.19113,50.70251
6867.0,52.76683,35.532276,46.189835,50.702923
6867.5,52.76693,35.531815,46.188553,50.703354
6868.0,52.76705,35.53137,46.18727,50.70379
6868.5,52.76718,35.530933,46.185993,50.704235
6869.0,52.767326,35.530506,46.184723,50.70469
6869.5,52.767467,35.53007,46.183456,50.70514
6870.0,52.767605,35.52962,46.182186,50.705605
6870.5,52.767746,35.529167,46.180923,50.7061
6871.0,52.767883,35.528698,46.17967,50.7066
6871.5,52.76801,35.528217,46.178402,50.70709
6872.0,52.768116,35.527714,46.17713,50.70755
6872.5,52.76822,35.527206,46.175858,50.708008
6873.0,52.768303,35.526684,46.174576,50.708435
6873.5,52.76837,35.526154,46.17329,50.708847
6874.0,52.768414,35.525608,46.171986,50.709217
6874.5,52.76844,35.525055,46.17067,50.709564
6875.0,52.768463,35.52451,46.169353,50.709896
6875.5,52.768475,35.523964,46.16803,50.710213
6876.0,52.768494,35.523426,46.16671,50.710533
6876.5,52.768528,35.522903,46.165398,50.71087
6877.0,52.76858,35.5224,46.164097,50.71122
6877.5,52.768665,35.521923,46.162807,50.7116
6878.0,52.76877,35.52146,46.16153,50.712
6878.5,52.768867,35.521004,46.160255,50.712406
6879.0,52.768963,35.52053,46.158978,50.71281
6879.5,52.769054,35.520035,46.157703,50.71323
6880.0,52.76913,35.519524,46.156425,50.713654
6880.5,52.769196,35.518986,46.15515,50.714077
6881.0,52.769238,35.518425,46.153873,50.714493
6881.5,52.76926,35.517845,46.15259,50.714893
6882.0,52.769257,35.51724,46.15129,50.71525
6882.5,52.769226,35.516613,46.14998,50.715572
6883.0,52.769173,35.51597,46.148647,50.71585
6883.5,52.76909,35.515316,46.147305,50.71609
6884.0,52.768986,35.51465,46.14595,50.716297
6884.5,52.768875,35.51398,46.14459,50.716496
6885.0,52.768753,35.51331,46.143227,50.71668
6885.5,52.768646,35.51265,46.141872,50.716885
6886.0,52.76855,35.512005,46.140526,50.71709
6886.5,52.768475,35.51138,46.139183,50.71731
6887.0,52.768414,35.510765,46.137856,50.717552
6887.5,52.768368,35.510162,46.136528,50.717796
6888.0,52.768333,35.509567,46.13521,50.718056
6888.5,52.768307,35.50898,46.133896,50.71835
6889.0,52.768295,35.508385,46.132595,50.71867
6889.5,52.76829,35.50779,46.131306,50.71903
6890.0,52.768284,35.507187,46.13002,50.719406
6890.5,52.768265,35.50657,46.12873,50.71976
6891.0,52.768238,35.505943,46.127434,50.7201
6891.5,52.7682,35.50531,46.12613,50.720425
6892.0,52.768154,35.504665,46.12482,50.720722
6892.5,52.76808,35.504013,46.1235,50.720985
6893.0,52.767986,35.50335,46.122166,50.72121
6893.5,52.76788,35.502678,46.120823,50.721413
6894.0,52.76776,35.502007,46.11947,50.721592
6894.5,52.767647,35.501335,46.11812,50.721775
6895.0,52.767544,35.500683,46.11677,50.721962
6895.5,52.767467,35.500057,46.11544,50.722176
6896.0,52.767414,35.499447,46.114117,50.7224
6896.5,52.76738,35.498856,46.1128,50.72264
6897.0,52.76736,35.498283,46.111496,50.722904
6897.5,52.76736,35.497723,46.1102,50.723194
6898.0,52.76736,35.497154,46.10891,50.723503
6898.5,52.76736,35.496582,46.107624,50.72384
6899.0,52.767365,35.495995,46.106346,50.724197
6899.5,52.767365,35.495403,46.105064,50.724556
6900.0,52.76736,35.4948,46.10379,50.72492
6900.5,52.76735,35.49419,46.102512,50.725277
6901.0,52.767326,35.493572,46.101227,50.725616
6901.5,52.767277,35.492935,46.09993,50.725918
6902.0,52.767204,35.492287,46.098618,50.726173
6902.5,52.76711,35.491623,46.09729,50.726395
6903.0,52.767,35.49095,46.095955,50.726593
6903.5,52.766865,35.490273,46.09461,50.726753
6904.0,52.766735,35.489597,46.09326,50.72691
6904.5,52.7666,35.488926,46.091908,50.727047
6905.0,52.76648,35.488262,46.09056,50.727196
6905.5,52.766373,35.487614,46.08922,50.72735
6906.0,52.76628,35.48698,46.087894,50.727528
6906.5,52.766205,35.48636,46.08657,50.727715
6907.0,52.76615,35.485752,46.085262,50.72794
6907.5,52.766113,35.48515,46.08396,50.728203
6908.0,52.76609,35.48455,46.082676,50.728504
6908.5,52.76608,35.483955,46.081406,50.72886
6909.0,52.766068,35.483353,46.08014,50.729214
6909.5,52.766045,35.48274,46.07887,50.72957
6910.0,52.766003,35.4821,46.07759,50.729897
6910.5,52.765934,35.481453,46.0763,50.730186
6911.0,52.765858,35.480793,46.07501,50.73047
6911.5,52.76576,35.48012,46.0737,50.730705
6912.0,52.765636,35.47944,46.072376,50.730907
6912.5,52.7655,35.47875,46.07104,50.731075
6913.0,52.76535,35.478054,46.0697,50.731224
6913.5,52.765198,35.477356,46.068356,50.73136
6914.0,52.76505,35.476665,46.067013,50.73149
6914.5,52.7649,35.47598,46.065674,50.731617
6915.0,52.764755,35.4753,46.06433,50.731735
6915.5,52.764626,35.47463,46.062996,50.73186
6916.0,52.76451,35.47397,46.061672,50.73201
6916.5,52.76441,35.47332,46.060356,50.732197
6917.0,52.76432,35.47267,46.05905,50.732414
6917.5,52.764244,35.472023,46.05776,50.732674
6918.0,52.764175,35.47138,46.056477,50.73297
6918.5,52.76413,35.470745,46.05521,50.733303
6919.0,52.764088,35.470116,46.053947,50.733643
6919.5,52.76404,35.469482,46.05268,50.73397
6920.0,52.76398,35.468845,46.051403,50.73427
6920.5,52.763905,35.468193,46.050114,50.73453
6921.0,52.763794,35.467525,46.04881,50.734753
6921.5,52.763664,35.466843,46.047485,50.734932
6922.0,52.763523,35.466156,46.046158,50.735092
6922.5,52.76338,35.46547,46.044827,50.735237
6923.0,52.763237,35.464787,46.04349,50.735367
6923.5,52.7631,35.464115,46.04216,50.735497
6924.0,52.762962,35.463444,46.04083,50.73562
6924.5,52.762825,35.462772,46.039494,50.735725
6925.0,52.7627,35.462112,46.03817,50.735844
6925.5,52.76258,35.461456,46.036846,50.73597
6926.0,52.762474,35.460804,46.03553,50.736122
6926.5,52.762394,35.460163,46.034233,50.736343
6927.0,52.76233,35.459526,46.032955,50.736607
6927.5,52.762276,35.458897,46.03169,50.736904
6928.0,52.76223,35.458267,46.03043,50.737225
6928.5,52.762188,35.45764,46.029175,50.737553
6929.0,52.762146,35.45702,46.027916,50.73788
6929.5,52.762093,35.45639,46.02665,50.73818
6930.0,52.762024,35.455753,46.02538,50.73846
6930.5,52.761944,35.455112,46.024094,50.738705
6931.0,52.761833,35.454456,46.022793,50.738907
6931.5,52.761723,35.453796,46.02149,50.73909
6932.0,52.761604,35.453136,46.020176,50.739258
6932.5,52.76149,35.452484,46.018867,50.739426
6933.0,52.761383,35.451843,46.017567,50.739594
6933.5,52.76129,35.451218,46.016266,50.739758
6934.0,52.761223,35.450615,46.01497,50.739933
6934.5,52.761185,35.45004,46.013687,50.74014
6935.0,52.761173,35.449482,46.012417,50.740368
6935.5,52.761192,35.448944,46.01116,50.740643
6936.0,52.761234,35.44842,46.009922,50.740963
6936.5,52.7613,35.44791,46.008698,50.741333
6937.0,52.761383,35.447414,46.007492,50.74175
6937.5,52.76148,35.446922,46.00629,50.742184
6938.0,52.761578,35.44644,46.005093,50.742626
6938.5,52.761673,35.44596,46.00389,50.743057
6939.0,52.761765,35.445477,46.00268,50.743465
6939.5,52.76183,35.444977,46.001465,50.743847
6940.0,52.761875,35.444466,46.000233,50.7442
6940.5,52.761906,35.443943,45.998993,50.744522
6941.0,52.761913,35.44341,45.997738,50.7448
6941.5,52.7619,35.44286,45.99648,50.745056
6942.0,52.76187,35.442303,45.99521,50.74529
6942.5,52.76185,35.441742,45.993942,50.745518
6943.0,52.761818,35.44118,45.992672,50.745728
6943.5,52.7618,35.44063,45.991405,50.74594
6944.0,52.761787,35.440086,45.990143,50.746155
6944.5,52.761776,35.439537,45.988876,50.74637
6945.0,52.761776,35.438995,45.987617,50.74662
6945.5,52.761795,35.438454,45.986374,50.74691
6946.0,52.761833,35.437927,45.985153,50.747265
6946.5,52.761906,35.43742,45.983948,50.74766
6947.0,52.761986,35.436924,45.98275,50.74808
6947.5,52.762066,35.436428,45.981552,50.748497
6948.0,52.762135,35.435925,45.980347,50.74889
6948.5,52.76218,35.43541,45.979134,50.749268
6949.0,52.76219,35.434868,45.977905,50.7496
6949.5,52.762177,35.434307,45.97666,50.749893
6950.0,52.762127,35.433727,45.975407,50.75014
6950.5,52.762062,35.433132,45.97414,50.750362
6951.0,52.761986,35.43253,45.972866,50.750565
6951.5,52.7619,35.431923,45.97159,50.750744
6952.0,52.76182,35.431324,45.97031,50.750916
6952.5,52.761757,35.430733,45.96904,50.75109
6953.0,52.76171,35.430157,45.967777,50.751274
6953.5,52.761673,35.429592,45.96651,50.751465
6954.0,52.76165,35.429028,45.965256,50.751686
6954.5,52.761658,35.428474,45.96402,50.75196
6955.0,52.76168,35.427937,45.9628,50.752277
6955.5,52.76171,35.4274,45.96159,50.75263
6956.0,52.761738,35.426853,45.960384,50.753
6956.5,52.761765,35.4263,45.95918,50.753372
6957.0,52.76178,35.425743,45.957977,50.75375
6957.5,52.761787,35.425182,45.956768,50.754112
6958.0,52.761776,35.424614,45.95555,50.754444
6958.5,52.761745,35.42403,45.954323,50.754757
6959.0,52.761684,35.423428,45.95308,50.755024
6959.5,52.761604,35.42281,45.951824,50.75525
6960.0,52.7615,35.42218,45.950554,50.755447
6960.5,52.761395,35.42155,45.949287,50.75563
6961.0,52.761288,35.420918,45.948013,50.755795
6961.5,52.76118,35.42029,45.94674,50.755943
6962.0,52.761078,35.419674,45.945465,50.756084
6962.5,52.76099,35.419064,45.944195,50.756233
6963.0,52.760906,35.41845,45.942924,50.756382
6963.5,52.760834,35.41784,45.941666,50.75656
6964.0,52.760773,35.417233,45.94042,50.756783
6964.5,52.760727,35.416626,45.93918,50.75704
6965.0,52.760696,35.41603,45.937958,50.757343
6965.5,52.760685,35.415447,45.936752,50.757675
6966.0,52.760677,35.414867,45.93555,50.758026
6966.5,52.760677,35.414295,45.934353,50.75838
6967.0,52.760662,35.41372,45.933144,50.758713
6967.5,52.76063,35.41314,45.93193,50.75903
6968.0,52.760582,35.412556,45.930706,50.759323
6968.5,52.760513,35.411953,45.929466,50.759567
6969.0,52.760418,35.41134,45.92821,50.75978
6969.5,52.760303,35.41071,45.926952,50.75997
6970.0,52.760178,35.41007,45.925686,50.76013
6970.5,52.76005,35.409428,45.924416,50.76028
6971.0,52.759926,35.408787,45.923145,50.760414
6971.5,52.759796,35.40814,45.92188,50.760536
6972.0,52.759666,35.40749,45.9206,50.760643
6972.5,52.75954,35.40684,45.91933,50.76077
6973.0,52.759426,35.40619,45.918068,50.76093
6973.5,52.75934,35.405552,45.916824,50.761147
6974.0,52.759274,35.40493,45.9156,50.761406
6974.5,52.759224,35.40432,45.914387,50.7617
6975.0,52.759193,35.40372,45.913185,50.76202
6975.5,52.75918,35.403137,45.911987,50.762356
6976.0,52.75917,35.402565,45.9108,50.762714
6976.5,52.75917,35.402004,45.909607,50.763058
6977.0,52.75917,35.40146,45.908413,50.763393
6977.5,52.75915,35.400906,45.907204,50.763702
6978.0,52.759136,35.400356,45.906,50.764008
6978.5,52.75911,35.39981,45.90479,50.764297
6979.0,52.759083,35.399258,45.903576,50.764572
6979.5,52.759033,35.398693,45.90235,50.764812
6980.0,52.75898,35.398125,45.901123,50.76503
6980.5,52.758926,35.397556,45.899887,50.765236
6981.0,52.758865,35.396984,45.89865,50.76542
6981.5,52.75881,35.396404,45.897415,50.76559
6982.0,52.758743,35.39582,45.896175,50.76577
6982.5,52.758675,35.39522,45.894943,50.76598
6983.0,52.758617,35.394615,45.89372,50.766216
6983.5,52.758568,35.39401,45.892506,50.766487
6984.0,52.758526,35.39341,45.891304,50.766785
6984.5,52.75849,35.392807,45.89011,50.7671
6985.0,52.758453,35.39221,45.88892,50.76742
6985.5,52.758408,35.39161,45.887722,50.767727
6986.0,52.758347,35.391003,45.88652,50.768024
6986.5,52.758278,35.390396,45.88531,50.7683
6987.0,52.758205,35.389797,45.884098,50.768566
6987.5,52.758114,35.389194,45.882877,50.7688
6988.0,52.758034,35.3886,45.881657,50.769035
6988.5,52.75796,35.388012,45.88044,50.769276
6989.0,52.7579,35.387436,45.879227,50.769512
6989.5,52.757843,35.386868,45.87801,50.769733
6990.0,52.757793,35.386303,45.876797,50.769955
6990.5,52.75775,35.385746,45.875584,50.77017
6991.0,52.757717,35.385193,45.87437,50.770386
6991.5,52.75769,35.384636,45.873165,50.770622
6992.0,52.75768,35.384087,45.871967,50.770897
6992.5,52.757687,35.383537,45.87079,50.771214
6993.0,52.75769,35.382988,45.86961,50.77154
6993.5,52.75771,35.382442,45.868446,50.771896
6994.0,52.75772,35.381893,45.86728,50.772255
6994.5,52.757717,35.381336,45.866104,50.77259
6995.0,52.757698,35.380775,45.864925,50.77291
6995.5,52.75768,35.38022,45.863743,50.77323
6996.0,52.757656,35.379677,45.862556,50.773533
6996.5,52.757637,35.379143,45.86137,50.773834
6997.0,52.757614,35.37861,45.860176,50.77412
6997.5,52.7576,35.378082,45.858986,50.774403
6998.0,52.75759,35.377567,45.8578,50.774693
6998.5,52.7576,35.377068,45.856617,50.774986
6999.0,52.75761,35.376568,45.855434,50.775272
6999.5,52.757614,35.376064,45.85425,50.77554
7000.0,52.75762,35.375557,45.85307,50.775806
7000.5,52.757637,35.37505,45.85189,50.77609
7001.0,52.757664,35.37454,45.85072,50.776398
7001.5,52.757698,35.37403,45.84956,50.776737
7002.0,52.757748,35.373528,45.84841,50.777115
7002.5,52.7578,35.373028,45.847267,50.7775
7003.0,52.757866,35.372536,45.84613,50.7779
7003.5,52.75794,35.37206,45.84499,50.778305
7004.0,52.758015,35.371586,45.843853,50.778706
7004.5,52.758087,35.37112,45.84271,50.779087
7005.0,52.758144,35.370655,45.84156,50.77945
7005.5,52.75821,35.370193,45.84041,50.77982
7006.0,52.75828,35.369747,45.839264,50.78019
7006.5,52.758354,35.36931,45.83811,50.78055
7007.0,52.75843,35.368877,45.836967,50.78091
7007.5,52.758522,35.36846,45.835827,50.78128
7008.0,52.75863,35.368053,45.834694,50.781662
7008.5,52.758743,35.36766,45.83357,50.782043
7009.0,52.75886,35.367264,45.83244,50.782417
7009.5,52.75898,35.366867,45.83131,50.782787
7010.0,52.759094,35.366455,45.830177,50.783165
7010.5,52.759212,35.36604,45.829056,50.78357
7011.0,52.75933,35.365616,45.827938,50.783993
7011.5,52.759464,35.365192,45.826828,50.78444
7012.0,52.759598,35.364773,45.825726,50.784897
7012.5,52.75973,35.36435,45.824623,50.78536
7013.0,52.759857,35.363926,45.823517,50.785805
7013.5,52.759968,35.36349,45.8224,50.78623
7014.0,52.76007,35.36306,45.821278,50.786636
7014.5,52.760166,35.36263,45.820156,50.787037
7015.0,52.760242,35.36219,45.81902,50.787407
7015.5,52.760315,35.36175,45.81788,50.787766
7016.0,52.760376,35.36131,45.816734,50.78811
7016.5,52.760433,35.360867,45.815594,50.788456
7017.0,52.760498,35.36043,45.814453,50.788803
7017.5,52.760567,35.359997,45.81332,50.789146
7018.0,52.760635,35.359566,45.812183,50.789486
7018.5,52.76072,35.359142,45.81105,50.789825
7019.0,52.76081,35.35872,45.809925,50.790184
7019.5,52.760918,35.3583,45.80881,50.790585
7020.0,52.761032,35.35788,45.807705,50.791008
7020.5,52.761154,35.357464,45.806606,50.791462
7021.0,52.761288,35.357044,45.805515,50.791924
7021.5,52.761425,35.356625,45.804424,50.7924
7022.0,52.761566,35.356216,45.803345,50.792892
7022.5,52.761696,35.3558,45.802258,50.79336
7023.0,52.761818,35.355377,45.80116,50.793804
7023.5,52.761887,35.354923,45.800037,50.794186
7024.0,52.76193,35.354454,45.798904,50.79454
7024.5,52.761955,35.353966,45.797764,50.794876
7025.0,52.761967,35.353477,45.79662,50.795197
7025.5,52.76198,35.35299,45.795475,50.79552
7026.0,52.76199,35.352505,45.79434,50.79584
7026.5,52.762012,35.352028,45.7932,50.79616
7027.0,52.762043,35.351555,45.79207,50.796486
7027.5,52.762085,35.351097,45.790947,50.796825
7028.0,52.762135,35.35064,45.78982,50.797165
7028.5,52.762188,35.350178,45.788704,50.797516
7029.0,52.762245,35.349712,45.78759,50.797897
7029.5,52.7623,35.349236,45.78648,50.79829
7030.0,52.762367,35.34876,45.785378,50.79871
7030.5,52.762444,35.34829,45.784286,50.799156
7031.0,52.762527,35.347828,45.7832,50.799606
7031.5,52.762596,35.347355,45.782097,50.80003
7032.0,52.76265,35.34687,45.78099,50.80043
7032.5,52.762676,35.346367,45.779873,50.800793
7033.0,52.76267,35.345848,45.778732,50.80111
7033.5,52.762665,35.34533,45.7776,50.801434
7034.0,52.762638,35.344803,45.77645,50.801723
7034.5,52.762615,35.34428,45.775307,50.80201
7035.0,52.762585,35.343758,45.774155,50.802284
7035.5,52.76257,35.343246,45.77301,50.802567
7036.0,52.762558,35.342743,45.771866,50.802834
7036.5,52.76256,35.342255,45.770733,50.80312
7037.0,52.76258,35.341774,45.7696,50.80341
7037.5,52.762604,35.341297,45.76847,50.803715
7038.0,52.762638,35.34082,45.767357,50.80406
7038.5,52.76268,35.340332,45.76625,50.804447
7039.0,52.76271,35.339832,45.765144,50.804836
7039.5,52.76274,35.339325,45.764046,50.80525
7040.0,52.762764,35.33881,45.76295,50.805656
7040.5,52.762783,35.338287,45.761852,50.806057
7041.0,52.762783,35.337753,45.760746,50.80644
7041.5,52.76277,35.33721,45.75963,50.806797
7042.0,52.76273,35.33665,45.7585,50.807106
7042.5,52.76268,35.336094,45.757362,50.807404
7043.0,52.762623,35.33553,45.756218,50.80768
7043.5,52.762558,35.33496,45.75507,50.80794
7044.0,52.76249,35.334404,45.75392,50.808197
7044.5,52.762432,35.33385,45.75278,50.80846
7045.0,52.76238,35.33331,45.75164,50.808716
7045.5,52.762337,35.332775,45.750504,50.80897
7046.0,52.762306,35.332253,45.74937,50.809242
7046.5,52.762295,35.331745,45.748245,50.809525
7047.0,52.762295,35.33124,45.74713,50.80984
7047.5,52.76231,35.33074,45.74603,50.810207
7048.0,52.76234,35.330246,45.744938,50.810604
7048.5,52.762383,35.329758,45.743862,50.81104
7049.0,52.762432,35.329266,45.74279,50.81149
7049.5,52.762466,35.328766,45.741714,50.811924
7050.0,52.76251,35.32827,45.74064,50.812363
7050.5,52.76254,35.327766,45.73956,50.812775
7051.0,52.762543,35.327255,45.738457,50.813133
7051.5,52.76254,35.32674,45.737343,50.813465
7052.0,52.762527,35.32623,45.736233,50.813793
7052.5,52.7625,35.325706,45.73511,50.8141
7053.0,52.762478,35.32519,45.733986,50.814384
7053.5,52.76246,35.32468,45.73286,50.81467
7054.0,52.762447,35.32418,45.731743,50.814957
7054.5,52.762436,35.32368,45.730625,50.815235
7055.0,52.762424,35.32318,45.729504,50.815506
7055.5,52.76242,35.322685,45.728386,50.81578
7056.0,52.762424,35.322197,45.72728,50.81609
7056.5,52.762447,35.321712,45.72619,50.81645
7057.0,52.76249,35.321236,45.725113,50.816853
7057.5,52.762558,35.32077,45.724056,50.81731
7058.0,52.762627,35.320305,45.723003,50.817787
7058.5,52.762688,35.319836,45.721947,50.818253
7059.0,52.762733,35.31936,45.720882,50.8187
7059.5,52.762775,35.318874,45.719814,50.81913
7060.0,52.762814,35.31839,45.718742,50.819542
7060.5,52.762817,35.317883,45.717648,50.819897
7061.0,52.762802,35.317368,45.71654,50.820225
7061.5,52.76277,35.31684,45.715427,50.820522
7062.0,52.762722,35.31631,45.714302,50.820793
7062.5,52.76267,35.31578,45.713177,50.82105
7063.0,52.762627,35.315258,45.712055,50.821312
7063.5,52.762596,35.314747,45.710938,50.821568
7064.0,52.762585,35.31425,45.70983,50.821842
7064.5,52.76258,35.31376,45.70872,50.822113
7065.0,52.762585,35.313274,45.70762,50.822403
7065.5,52.762623,35.31281,45.706535,50.822746
7066.0,52.762676,35.31236,45.705463,50.82314
7066.5,52.762753,35.311916,45.704414,50.823593
7067.0,52.762848,35.311485,45.703377,50.82408
7067.5,52.762955,35.311058,45.70235,50.824593
7068.0,52.763073,35.310642,45.701332,50.825127
7068.5,52.763187,35.31023,45.70031,50.82565
7069.0,52.763294,35.30981,45.69929,50.826168
7069.5,52.763367,35.309372,45.698242,50.826622
7070.0,52.763412,35.308914,45.69718,50.827034
7070.5,52.763443,35.30845,45.696106,50.8274
7071.0,52.763454,35.307972,45.695023,50.827747
7071.5,52.76345,35.307484,45.693928,50.828064
7072.0,52.76343,35.30699,45.692825,50.82835
7072.5,52.763412,35.306496,45.691723,50.828625
7073.0,52.7634,35.30601,45.69062,50.82889
7073.5,52.7634,35.305534,45.68952,50.829166
7074.0,52.763412,35.30506,45.68843,50.829453
7074.5,52.763443,35.3046,45.68735,50.82978
7075.0,52.763493,35.304146,45.686283,50.83015
7075.5,52.763557,35.303696,45.685234,50.830574
7076.0,52.763634,35.30325,45.6842,50.83104
7076.5,52.763737,35.302822,45.683186,50.83155
7077.0,52.76385,35.30241,45.682175,50.83208
7077.5,52.76397,35.302002,45.681168,50.83262
7078.0,52.764084,35.301598,45.680157,50.83314
7078.5,52.764183,35.30119,45.67914,50.83365
7079.0,52.764275,35.300774,45.678104,50.834114
7079.5,52.76435,35.300354,45.677067,50.834553
7080.0,52.76441,35.29992,45.676014,50.83496
7080.5,52.764446,35.299473,45.674942,50.835316
7081.0,52.764477,35.299026,45.673874,50.835663
7081.5,52.764503,35.298584,45.672802,50.836
7082.0,52.764534,35.298138,45.671726,50.83631
7082.5,52.764572,35.2977,45.670654,50.836624
7083.0,52.764614,35.297264,45.669582,50.836933
7083.5,52.764668,35.29683,45.668514,50.83726
7084.0,52.764732,35.296402,45.66746,50.837624
7084.5,52.764816,35.29598,45.66642,50.838043
7085.0,52.764904,35.295555,45.66539,50.83849
7085.5,52.765,35.29513,45.664368,50.83896
7086.0,52.765102,35.294712,45.663357,50.839466
7086.5,52.765198,35.29429,45.662342,50.839966
7087.0,52.765297,35.29387,45.66134,50.84048
7087.5,52.76538,35.29344,45.660324,50.84096
7088.0,52.765457,35.293015,45.6593,50.84144
7088.5,52.76551,35.292572,45.658268,50.84187
7089.0,52.76556,35.29213,45.65723,50.842293
7089.5,52.765594,35.29168,45.65619,50.8427
7090.0,52.765614,35.291218,45.655136,50.84308
7090.5,52.76562,35.290752,45.654076,50.843422
7091.0,52.765625,35.29028,45.65301,50.843746
7091.5,52.765633,35.28981,45.651947,50.844048
7092.0,52.765636,35.28935,45.650875,50.84434
7092.5,52.765648,35.288883,45.649807,50.844627
7093.0,52.765667,35.288418,45.64874,50.844933
7093.5,52.765697,35.287952,45.647682,50.845272
7094.0,52.765743,35.287495,45.64664,50.845665
7094.5,52.765812,35.287052,45.64562,50.846107
7095.0,52.7659,35.286625,45.64461,50.84659
7095.5,52.766006,35.286213,45.643616,50.8471
7096.0,52.766132,35.285816,45.642628,50.847637
7096.5,52.76625,35.285423,45.641636,50.848156
7097.0,52.766346,35.285023,45.64063,50.84864
7097.5,52.76645,35.28463,45.63963,50.84913
7098.0,52.766544,35.284237,45.63862,50.849598
7098.5,52.76663,35.28384,45.6376,50.850044
7099.0,52.766697,35.283436,45.636574,50.850464
7099.5,52.76677,35.28304,45.635544,50.85087
7100.0,52.76684,35.282642,45.634518,50.85126
7100.5,52.766914,35.282246,45.633484,50.85163
7101.0,52.76699,35.281853,45.63245,50.851994
7101.5,52.767067,35.281456,45.631413,50.85235
7102.0,52.767162,35.28107,45.630383,50.852715
7102.5,52.767277,35.280697,45.629364,50.853123
7103.0,52.767414,35.280334,45.628365,50.853573
7103.5,52.767582,35.27999,45.627384,50.85408
7104.0,52.767765,35.279655,45.626415,50.85463
7104.5,52.767963,35.279335,45.625454,50.8552
7105.0,52.768166,35.279022,45.624496,50.855774
7105.5,52.768368,35.278713,45.623535,50.85634
7106.0,52.76857,35.27841,45.622574,50.85691
7106.5,52.76877,35.278114,45.62161,50.857468
7107.0,52.76896,35.277817,45.620644,50.858013
7107.5,52.76913,35.27751,45.619667,50.858532
7108.0,52.76929,35.277203,45.61868,50.859028
7108.5,52.769447,35.27689,45.617687,50.859505
7109.0,52.7696,35.27658,45.6167,50.859978
7109.5,52.769764,35.276276,45.61571,50.860447
7110.0,52.769928,35.275978,45.614727,50.8609
7110.5,52.770096,35.275677,45.61373,50.86134
7111.0,52.770256,35.27537,45.612736,50.86177
7111.5,52.770424,35.27506,45.61175,50.862225
7112.0,52.77059,35.274734,45.610767,50.8627
7112.5,52.77076,35.274403,45.60979,50.8632
7113.0,52.770924,35.274063,45.608818,50.863712
7113.5,52.7711,35.273727,45.607857,50.86425
7114.0,52.771275,35.273396,45.606895,50.8648
7114.5,52.771465,35.273075,45.60594,50.865353
7115.0,52.771652,35.272755,45.604984,50.865894
7115.5,52.771835,35.272446,45.604023,50.866436
7116.0,52.772015,35.27214,45.603058,50.866962
7116.5,52.772182,35.27183,45.60208,50.867462
7117.0,52.772354,35.271538,45.60111,50.86797
7117.5,52.77253,35.271244,45.600136,50.86846
7118.0,52.7727,35.270958,45.599167,50.868954
7118.5,52.77287,35.270657,45.59819,50.869423
7119.0,52.773018,35.270348,45.597206,50.869865
7119.5,52.77316,35.27003,45.596222,50.870293
7120.0,52.773293,35.269703,45.59523,50.870705
7120.5,52.773415,35.269356,45.59424,50.871117
7121.0,52.773537,35.268997,45.593246,50.87154
7121.5,52.773655,35.26863,45.592262,50.871986
7122.0,52.773785,35.26826,45.591286,50.872463
7122.5,52.77392,35.26789,45.590317,50.87296
7123.0,52.774055,35.267525,45.58935,50.87346
7123.5,52.774197,35.267166,45.58839,50.87397
7124.0,52.774353,35.266823,45.587433,50.874496
7124.5,52.774517,35.26649,45.58648,50.87502
7125.0,52.774685,35.26617,45.58552,50.875538
7125.5,52.77484,35.26585,45.58456,50.876038
7126.0,52.77499,35.265533,45.583584,50.876514
7126.5,52.77514,35.26522,45.582615,50.876987
7127.0,52.775288,35.264915,45.58164,50.877453
7127.5,52.775455,35.264626,45.580673,50.87793
7128.0,52.775635,35.26435,45.579712,50.8784
7128.5,52.775826,35.26408,45.57875,50.878872
7129.0,52.776016,35.263813,45.577793,50.879333
7129.5,52.7762,35.26353,45.576828,50.879795
7130.0,52.776367,35.26323,45.57586,50.88025
7130.5,52.77652,35.262897,45.574898,50.88072
7131.0,52.776657,35.262543,45.573936,50.881207
7131.5,52.776783,35.26217,45.57298,50.881702
7132.0,52.77689,35.261776,45.572014,50.882183
7132.5,52.776993,35.26138,45.571053,50.882668
7133.0,52.77709,35.260975,45.570087,50.883144
7133.5,52.777172,35.26057,45.569115,50.8836
7134.0,52.777245,35.26016,45.56813,50.884033
7134.5,52.7773,35.259747,45.567142,50.88445
7135.0,52.777355,35.259335,45.566147,50.88485
7135.5,52.777405,35.258926,45.565147,50.88523
7136.0,52.77746,35.258526,45.564148,50.885605
7136.5,52.77751,35.258137,45.56315,50.885975
7137.0,52.777588,35.25776,45.562164,50.886364
7137.5,52.77767,35.257397,45.561176,50.886745
7138.0,52.777767,35.257042,45.560192,50.887127
7138.5,52.77788,35.256702,45.559223,50.88753
7139.0,52.778008,35.256363,45.558254,50.887947
7139.5,52.778137,35.25602,45.557293,50.8884
7140.0,52.778267,35.25567,45.556335,50.88887
7140.5,52.7784,35.25531,45.555386,50.889362
7141.0,52.77853,35.254944,45.55444,50.889854
7141.5,52.77866,35.25458,45.553493,50.890358
7142.0,52.778793,35.25421,45.552547,50.89085
7142.5,52.778904,35.253838,45.551594,50.891315
7143.0,52.779,35.253452,45.550625,50.89175
7143.5,52.779083,35.253067,45.549644,50.89217
7144.0,52.779156,35.25268,45.548664,50.892574
7144.5,52.77922,35.252293,45.54768,50.89296
7145.0,52.77928,35.251904,45.546688,50.893337
7145.5,52.779343,35.251522,45.545692,50.893707
7146.0,52.77942,35.251152,45.544712,50.89409
7146.5,52.779503,35.250793,45.54373,50.89447
7147.0,52.7796,35.250443,45.54276,50.89485
7147.5,52.77971,35.250103,45.54179,50.895245
7148.0,52.779835,35.24977,45.540833,50.89566
7148.5,52.77996,35.24943,45.539875,50.89609
7149.0,52.780098,35.249092,45.538933,50.89656
7149.5,52.780247,35.24875,45.537994,50.89706
7150.0,52.780403,35.248413,45.53707,50.897587
7150.5,52.780563,35.248074,45.536148,50.898125
7151.0,52.780724,35.247738,45.535233,50.898666
7151.5,52.780884,35.247402,45.534306,50.899185
7152.0,52.781044,35.247078,45.533375,50.89969
7152.5,52.781193,35.246754,45.532433,50.900166
7153.0,52.78134,35.246433,45.531483,50.900627
7153.5,52.781498,35.24613,45.530537,50.901085
7154.0,52.781647,35.245834,45.529587,50.90153
7154.5,52.781807,35.245544,45.528637,50.901978
7155.0,52.781982,35.245266,45.527695,50.90243
7155.5,52.78216,35.245003,45.526756,50.902878
7156.0,52.782356,35.24475,45.52582,50.90334
7156.5,52.78256,35.244507,45.52489,50.903797
7157.0,52.782776,35.24427,45.523964,50.904274
7157.5,52.783005,35.24404,45.523052,50.90478
7158.0,52.78325,35.243813,45.522152,50.905323
7158.5,52.78351,35.243584,45.52126,50.905903
7159.0,52.783768,35.24335,45.52038,50.90651
7159.5,52.784027,35.24311,45.519493,50.907116
7160.0,52.784275,35.242863,45.518616,50.90773
7160.5,52.784515,35.242607,45.517727,50.90832
7161.0,52.78472,35.242332,45.516823,50.90887
7161.5,52.784897,35.242027,45.515907,50.909378
7162.0,52.785034,35.2417,45.51497,50.90983
7162.5,52.785133,35.24135,45.51401,50.910233
7163.0,52.785217,35.240986,45.51305,50.91063
7163.5,52.785294,35.240623,45.512085,50.91101
7164.0,52.785374,35.24026,45.51112,50.911385
7164.5,52.78545,35.239906,45.510155,50.911747
7165.0,52.785534,35.239555,45.50919,50.912106
7165.5,52.78563,35.239212,45.508232,50.912476
7166.0,52.78573,35.238873,45.50728,50.912846
7166.5,52.785843,35.23854,45.50633,50.91323
7167.0,52.78596,35.238205,45.505383,50.91365
7167.5,52.786095,35.237865,45.504456,50.91411
7168.0,52.786236,35.237534,45.503536,50.914604
7168.5,52.786392,35.2372,45.50263,50.915123
7169.0,52.78655,35.23687,45.501724,50.915653
7169.5,52.786713,35.236546,45.500824,50.916187
7170.0,52.78685,35.236206,45.499905,50.916683
7170.5,52.786964,35.235855,45.498974,50.917137
7171.0,52.787052,35.235485,45.498028,50.917553
7171.5,52.78712,35.2351,45.497063,50.91792
7172.0,52.787163,35.2347,45.496086,50.918243
7172.5,52.787197,35.234295,45.495106,50.91856
7173.0,52.787228,35.23389,45.494118,50.918858
7173.5,52.787254,35.23349,45.493134,50.91915
7174.0,52.787285,35.233097,45.49215,50.919445
7174.5,52.787327,35.232708,45.491173,50.919743
7175.0,52.787388,35.23233,45.490204,50.92006
7175.5,52.787445,35.231953,45.48924,50.92038
7176.0,52.787514,35.23157,45.48828,50.920723
7176.5,52.787598,35.231194,45.48734,50.921124
7177.0,52.787693,35.23082,45.48641,50.921566
7177.5,52.787792,35.230446,45.485485,50.922024
7178.0,52.78791,35.23008,45.484577,50.92252
7178.5,52.788033,35.229713,45.483673,50.923027
7179.0,52.78814,35.22934,45.48276,50.923515
7179.5,52.788216,35.228954,45.48183,50.92395
7180.0,52.78827,35.22855,45.480885,50.924343
7180.5,52.78829,35.228123,45.479916,50.924675
7181.0,52.788292,35.227688,45.478935,50.924988
7181.5,52.78827,35.227234,45.477943,50.925243
7182.0,52.78824,35.226776,45.476944,50.925488
7182.5,52.788204,35.22631,45.47594,50.925713
7183.0,52.788174,35.225857,45.47494,50.92593
7183.5,52.788155,35.225414,45.47395,50.926163
7184.0,52.788155,35.224987,45.47296,50.926407
7184.5,52.788174,35.22457,45.471985,50.926666
7185.0,52.788204,35.224163,45.47102,50.92696
7185.5,52.788246,35.22376,45.470062,50.92729
7186.0,52.788307,35.22336,45.469124,50.92768
7186.5,52.788383,35.22296,45.468197,50.928104
7187.0,52.78846,35.222565,45.467274,50.92854
7187.5,52.78855,35.22218,45.46636,50.928997
7188.0,52.78863,35.221786,45.46544,50.929443
7188.5,52.7887,35.22139,45.464508,50.929863
7189.0,52.788746,35.220985,45.463573,50.93026
7189.5,52.788776,35.220566,45.462627,50.93063
7190.0,52.788788,35.22014,45.46167,50.930965
7190.5,52.78878,35.219692,45.460697,50.931263
7191.0,52.788754,35.219234,45.459713,50.931526
7191.5,52.78871,35.218765,45.45872,50.93176
7192.0,52.78867,35.2183,45.457726,50.931973
7192.5,52.788628,35.217834,45.45673,50.932175
7193.0,52.78859,35.217373,45.455734,50.932365
7193.5,52.788563,35.216923,45.454742,50.932556
7194.0,52.78855,35.21648,45.453754,50.93277
7194.5,52.788555,35.21605,45.452778,50.93303
7195.0,52.788586,35.21563,45.451824,50.933342
7195.5,52.78864,35.21522,45.450886,50.933712
7196.0,52.788715,35.21483,45.449966,50.934124
7196.5,52.7888,35.214443,45.44905,50.934555
7197.0,52.788902,35.214077,45.448147,50.935013
7197.5,52.78901,35.213715,45.447243,50.935467
7198.0,52.789116,35.21336,45.446335,50.935913
7198.5,52.78921,35.213,45.445423,50.93634
7199.0,52.789288,35.21264,45.444496,50.936733
7199.5,52.789352,35.21227,45.443558,50.9371
7200.0,52.789402,35.21189,45.442608,50.93742
7200.5,52.789436,35.211502,45.441647,50.937714
7201.0,52.789463,35.211105,45.44068,50.93798
7201.5,52.789486,35.210705,45.439716,50.938236
7202.0,52.789505,35.210304,45.438747,50.938477
7202.5,52.78952,35.2099,45.43778,50.938694
7203.0,52.789543,35.2095,45.436806,50.938923
7203.5,52.789585,35.209106,45.435844,50.93917
7204.0,52.789646,35.208717,45.434895,50.939472
7204.5,52.789722,35.20834,45.433964,50.939823
7205.0,52.789814,35.207966,45.433044,50.940205
7205.5,52.789932,35.20761,45.432144,50.94064
7206.0,52.79007,35.20728,45.43126,50.941116
7206.5,52.79022,35.206955,45.430378,50.941605
7207.0,52.790375,35.206642,45.429504,50.942104
7207.5,52.790527,35.206337,45.428623,50.94259
7208.0,52.790676,35.20604,45.427734,50.943058
7208.5,52.790813,35.205738,45.426838,50.9435
7209.0,52.790947,35.205433,45.42593,50.943916
7209.5,52.791058,35.20512,45.425014,50.944298
7210.0,52.791153,35.204796,45.42408,50.944633
7210.5,52.791233,35.204453,45.423138,50.94493
7211.0,52.791286,35.20409,45.422184,50.945187
7211.5,52.791332,35.203716,45.42123,50.94543
7212.0,52.791374,35.203335,45.420273,50.945663
7212.5,52.791412,35.202946,45.419315,50.94589
7213.0,52.791447,35.202545,45.41836,50.94614
7213.5,52.79149,35.20214,45.41741,50.94642
7214.0,52.791534,35.201733,45.416473,50.94673
7214.5,52.791595,35.201324,45.41555,50.947075
7215.0,52.791668,35.200928,45.41464,50.947453
7215.5,52.79175,35.200546,45.413734,50.947857
7216.0,52.79184,35.200165,45.412834,50.94827
7216.5,52.791916,35.199787,45.41193,50.94866
7217.0,52.791977,35.1994,45.411015,50.94903
7217.5,52.79204,35.199028,45.4101,50.9494
7218.0,52.792095,35.198654,45.409176,50.949753
7218.5,52.792137,35.198273,45.408245,50.950073
7219.0,52.79216,35.197884,45.407303,50.95036
7219.5,52.79218,35.197487,45.406353,50.950623
7220.0,52.7922,35.19709,45.4054,50.95086
7220.5,52.79221,35.196693,45.40444,50.951077
7221.0,52.79222,35.196285,45.403473,50.951267
7221.5,52.792233,35.195877,45.402508,50.95145
7222.0,52.79225,35.195473,45.401546,50.951653
7222.5,52.792297,35.195084,45.400604,50.951912
7223.0,52.79237,35.194702,45.399673,50.95221
7223.5,52.79246,35.194336,45.398758,50.952538
7224.0,52.79256,35.193977,45.39785,50.9529
7224.5,52.792664,35.193615,45.39695,50.95327
7225.0,52.79275,35.193253,45.396038,50.95363
7225.5,52.792824,35.19288,45.395123,50.95396
7226.0,52.79289,35.1925,45.3942,50.95429
7226.5,52.792953,35.19213,45.393284,50.954628
7227.0,52.793007,35.191765,45.392357,50.95495
7227.5,52.793068,35.191406,45.39143,50.955265
7228.0,52.793133,35.191063,45.390507,50.955574
7228.5,52.793205,35.190723,45.389584,50.955875
7229.0,52.79327,35.190376,45.388657,50.95616
7229.5,52.793343,35.190033,45.38773,50.956432
7230.0,52.793407,35.18969,45.3868,50.956684
7230.5,52.79346,35.189327,45.385857,50.95691
7231.0,52.79351,35.188953,45.384914,50.957127
7231.5,52.793556,35.188564,45.383976,50.957363
7232.0,52.793606,35.188168,45.383038,50.95762
7232.5,52.793663,35.18777,45.382114,50.957905
7233.0,52.793728,35.187378,45.3812,50.95821
7233.5,52.79381,35.187004,45.38029,50.958546
7234.0,52.793877,35.186615,45.37937,50.958847
7234.5,52.79393,35.186222,45.37845,50.959145
7235.0,52.793957,35.18581,45.377506,50.959404
7235.5,52.79396,35.18539,45.37656,50.95964
7236.0,52.793957,35.184967,45.37561,50.959866
7236.5,52.79395,35.18455,45.37466,50.960094
7237.0,52.793957,35.184143,45.373714,50.96033
7237.5,52.79396,35.183746,45.37277,50.960564
7238.0,52.793987,35.183365,45.37183,50.960804
7238.5,52.79403,35.183,45.3709,50.96104
7239.0,52.794094,35.182655,45.369972,50.961292
7239.5,52.79417,35.18232,45.36905,50.96154
7240.0,52.794247,35.181976,45.368122,50.96178
7240.5,52.79431,35.18162,45.36719,50.962013
7241.0,52.794373,35.181248,45.36626,50.962265
7241.5,52.794434,35.180862,45.36534,50.962532
7242.0,52.794487,35.180466,45.36442,50.96281
7242.5,52.794544,35.180073,45.363506,50.963104
7243.0,52.794624,35.17969,45.362602,50.963413
7243.5,52.7947,35.17931,45.3617,50.96373
7244.0,52.79476,35.17892,45.360783,50.964016
7244.5,52.794796,35.17852,45.35986,50.96428
7245.0,52.79482,35.17812,45.358925,50.964516
7245.5,52.794857,35.177734,45.357998,50.96476
7246.0,52.794884,35.177353,45.357063,50.965
7246.5,52.794933,35.176994,45.35614,50.965256
7247.0,52.795,35.17665,45.355225,50.96553
7247.5,52.795074,35.17632,45.354317,50.965805
7248.0,52.795155,35.175995,45.353405,50.966064
7248.5,52.79522,35.17566,45.35248,50.966297
7249.0,52.795273,35.175304,45.351555,50.966515
7249.5,52.795322,35.174942,45.350624,50.96672
7250.0,52.79537,35.17457,45.349697,50.96695
7250.5,52.79542,35.17418,45.348778,50.967205
7251.0,52.795475,35.173786,45.34787,50.967484
7251.5,52.79553,35.173386,45.346962,50.96777
7252.0,52.795578,35.172985,45.34605,50.968052
7252.5,52.795635,35.172592,45.345146,50.96834
7253.0,52.79569,35.172203,45.344234,50.968616
7253.5,52.79574,35.171814,45.34331,50.96887
7254.0,52.795773,35.171425,45.342384,50.969093
7254.5,52.795815,35.17105,45.341457,50.969326
7255.0,52.795856,35.17068,45.34053,50.96955
7255.5,52.79591,35.17033,45.339603,50.969784
7256.0,52.795975,35.16999,45.338688,50.97003
7256.5,52.79606,35.169674,45.33778,50.97029
7257.0,52.79616,35.16937,45.336876,50.970562
7257.5,52.796276,35.169075,45.335976,50.97083
7258.0,52.796394,35.168793,45.335083,50.971104
7258.5,52.796524,35.168507,45.33419,50.97139
7259.0,52.796658,35.168217,45.3333,50.971687
7259.5,52.79678,35.16791,45.332417,50.971996
7260.0,52.7969,35.167595,45.331528,50.972313
7260.5,52.797024,35.16728,45.33065,50.972652
7261.0,52.797146,35.16695,45.32977,50.972984
7261.5,52.797253,35.166615,45.32888,50.973297
7262.0,52.79735,35.166275,45.327988,50.9736
7262.5,52.797447,35.16593,45.32709,50.973885
7263.0,52.797527,35.165585,45.326187,50.974155
7263.5,52.797592,35.16523,45.32527,50.974392
7264.0,52.797646,35.164875,45.324352,50.974613
7264.5,52.7977,35.164524,45.323433,50.974834
7265.0,52.797752,35.164173,45.322506,50.975044
7265.5,52.797813,35.16384,45.32159,50.975258
7266.0,52.79789,35.16352,45.320683,50.975483
7266.5,52.797977,35.163216,45.31978,50.975723
7267.0,52.798088,35.16292,45.318882,50.97597
7267.5,52.798206,35.162636,45.31799,50.976234
7268.0,52.798336,35.16235,45.31711,50.97652
7268.5,52.79847,35.16206,45.316227,50.97683
7269.0,52.7986,35.161755,45.315353,50.977158
7269.5,52.798725,35.161434,45.314484,50.977493
7270.0,52.798843,35.161106,45.313614,50.977833
7270.5,52.79895,35.160774,45.312737,50.97816
7271.0,52.799026,35.16041,45.31185,50.97845
7271.5,52.799076,35.160023,45.310955,50.97872
7272.0,52.799088,35.15961,45.31004,50.97894
7272.5,52.79908,35.159187,45.309113,50.97913
7273.0,52.799053,35.15875,45.308174,50.979286
7273.5,52.799004,35.158302,45.307228,50.979416
7274.0,52.79896,35.15786,45.306286,50.979553
7274.5,52.798916,35.157413,45.305336,50.979675
7275.0,52.798874,35.156982,45.30439,50.979794
7275.5,52.798843,35.15656,45.303448,50.97992
7276.0,52.798832,35.156155,45.302517,50.980057
7276.5,52.798836,35.155766,45.301594,50.980217
7277.0,52.798855,35.15538,45.300682,50.980408
7277.5,52.798885,35.154995,45.29978,50.980633
7278.0,52.79892,35.154606,45.298885,50.98089
7278.5,52.798958,35.154205,45.297997,50.98116
7279.0,52.79899,35.15379,45.297108,50.981434
7279.5,52.799004,35.153366,45.296215,50.9817
7280.0,52.799004,35.152924,45.29532,50.98195
7280.5,52.79898,35.15247,45.294407,50.982166
7281.0,52.79894,35.152,45.293488,50.98235
7281.5,52.798874,35.151516,45.29255,50.9825
7282.0,52.798782,35.15102,45.2916,50.982613
7282.5,52.798676,35.150513,45.29064,50.9827
7283.0,52.79855,35.149998,45.289677,50.98277
7283.5,52.79842,35.14948,45.288708,50.982822
7284.0,52.798294,35.148968,45.287743,50.982876
7284.5,52.798176,35.148464,45.28678,50.98292
7285.0,52.79807,35.147972,45.28582,50.982975
7285.5,52.797977,35.147488,45.28487,50.98304
7286.0,52.7979,35.14702,45.283928,50.98313
7286.5,52.797844,35.146557,45.282997,50.983257
7287.0,52.797813,35.146107,45.282078,50.983437
7287.5,52.797806,35.145676,45.281178,50.98366
7288.0,52.797813,35.145252,45.280285,50.983913
7288.5,52.79783,35.144833,45.279404,50.984184
7289.0,52.797855,35.144417,45.278526,50.98446
7289.5,52.797867,35.143993,45.277637,50.98472
7290.0,52.797867,35.143562,45.27674,50.984943
7290.5,52.797848,35.143124,45.275833,50.985138
7291.0,52.797806,35.142673,45.27491,50.985306
7291.5,52.797733,35.14221,45.273975,50.98543
7292.0,52.797646,35.141724,45.273026,50.985527
7292.5,52.79755,35.14124,45.272076,50.98561
7293.0,52.797447,35.14075,45.27112,50.985676
7293.5,52.797348,35.140266,45.270164,50.985737
7294.0,52.797256,35.139793,45.269215,50.985794
7294.5,52.797173,35.139328,45.26827,50.985855
7295.0,52.797104,35.138874,45.267323,50.985928
7295.5,52.79705,35.138424,45.26639,50.986034
7296.0,52.79702,35.13799,45.26548,50.986195
7296.5,52.79701,35.13756,45.26458,50.986397
7297.0,52.79701,35.137135,45.26369,50.986637
7297.5,52.797012,35.13671,45.26281,50.986897
7298.0,52.797024,35.136288,45.261932,50.987167
7298.5,52.79704,35.135864,45.261055,50.987434
7299.0,52.79704,35.13544,45.260166,50.98767
7299.5,52.797012,35.135002,45.259266,50.987877
7300.0,52.796978,35.134556,45.258354,50.98805
7300.5,52.79693,35.13411,45.257435,50.98819
7301.0,52.79687,35.133663,45.256504,50.98831
7301.5,52.79682,35.133232,45.255573,50.98843
7302.0,52.7968,35.132824,45.254654,50.988567
7302.5,52.796787,35.132427,45.253735,50.988693
7303.0,52.796776,35.132034,45.252815,50.98881
7303.5,52.79678,35.13166,45.251904,50.98895
7304.0,52.79681,35.131306,45.251003,50.989105
7304.5,52.796852,35.130955,45.25011,50.98927
7305.0,52.7969,35.130596,45.24922,50.989468
7305.5,52.796955,35.130234,45.248344,50.9897
7306.0,52.797024,35.12988,45.24749,50.989998
7306.5,52.797115,35.129528,45.246647,50.99033
7307.0,52.79721,35.129185,45.24581,50.990685
7307.5,52.797306,35.128845,45.244976,50.991035
7308.0,52.79739,35.12849,45.244133,50.991364
7308.5,52.797455,35.128136,45.24328,50.991653
7309.0,52.797497,35.127766,45.24241,50.99191
7309.5,52.79752,35.127384,45.241528,50.992138
7310.0,52.79752,35.126987,45.240627,50.99232
7310.5,52.797516,35.126587,45.239727,50.992496
7311.0,52.7975,35.12619,45.238823,50.99265
7311.5,52.7975,35.12581,45.237915,50.992798
7312.0,52.797516,35.12544,45.237015,50.992947
7312.5,52.79754,35.12508,45.23612,50.993084
7313.0,52.797573,35.124733,45.23522,50.993233
7313.5,52.797626,35.124405,45.234333,50.9934
7314.0,52.79769,35.124077,45.233448,50.993572
7314.5,52.797783,35.12376,45.232586,50.993813
7315.0,52.797882,35.123444,45.23173,50.99409
7315.5,52.797985,35.123123,45.230892,50.994408
7316.0,52.798088,35.12279,45.230057,50.994736
7316.5,52.79817,35.122448,45.229218,50.995064
7317.0,52.79825,35.122097,45.22838,50.995384
7317.5,52.798313,35.12174,45.227535,50.995697
7318.0,52.798347,35.12136,45.226677,50.99597
7318.5,52.798355,35.120964,45.2258,50.996197
7319.0,52.798344,35.120552,45.22491,50.996387
7319.5,52.7983,35.120125,45.224007,50.99653
7320.0,52.79824,35.119686,45.22309,50.996655
7320.5,52.79817,35.11924,45.22217,50.99675
7321.0,52.798103,35.118793,45.221252,50.99684
7321.5,52.798046,35.118362,45.220337,50.996925
7322.0,52.797997,35.117935,45.219418,50.997
7322.5,52.797955,35.117516,45.218502,50.997078
7323.0,52.79793,35.117107,45.217598,50.99718
7323.5,52.79793,35.116707,45.21671,50.99733
7324.0,52.79795,35.116318,45.21583,50.997524
7324.5,52.797985,35.115936,45.214973,50.99777
7325.0,52.79804,35.115562,45.214127,50.99805
7325.5,52.79811,35.115208,45.213295,50.998367
7326.0,52.798218,35.11488,45.21248,50.998722
7326.5,52.798325,35.114567,45.211662,50.99908
7327.0,52.79843,35.114254,45.21084,50.999428
7327.5,52.798534,35.113945,45.210014,50.99976
7328.0,52.798622,35.113636,45.209175,51.000065
7328.5,52.798706,35.113327,45.208336,51.00035
7329.0,52.79877,35.113003,45.20748,51.000595
7329.5,52.798832,35.112682,45.20662,51.00082
7330.0,52.79889,35.112362,45.205757,51.00104
7330.5,52.79895,35.112045,45.20489,51.00124
7331.0,52.799015,35.111732,45.204025,51.001423
7331.5,52.79908,35.111423,45.203163,51.001602
7332.0,52.79916,35.11112,45.2023,51.001785
7332.5,52.799244,35.11081,45.201447,51.001995
7333.0,52.79933,35.110493,45.2006,51.00224
7333.5,52.799416,35.110165,45.199757,51.00251
7334.0,52.7995,35.109825,45.19893,51.002808
7334.5,52.799587,35.109486,45.198105,51.003128
7335.0,52.79968,35.109146,45.19729,51.003456
7335.5,52.799774,35.108818,45.196472,51.003796
7336.0,52.799862,35.10849,45.195652,51.004124
7336.5,52.799957,35.10817,45.194836,51.004463
7337.0,52.80005,35.107853,45.194016,51.00478
7337.5,52.800114,35.107533,45.193172,51.005047
7338.0,52.80016,35.107204,45.192318,51.005287
7338.5,52.80021,35.106876,45.191463,51.005512
7339.0,52.800255,35.106552,45.19061,51.005733
7339.5,52.800297,35.10622,45.18975,51.005928
7340.0,52.800327,35.10588,45.188885,51.006104
7340.5,52.800346,35.10553,45.18801,51.006252
7341.0,52.80036,35.105167,45.18714,51.006393
7341.5,52.80038,35.1048,45.186268,51.00655
7342.0,52.800404,35.10443,45.18541,51.006733
7342.5,52.80043,35.10405,45.18455,51.006943
7343.0,52.800465,35.10367,45.18371,51.007187
7343.5,52.8005,35.103287,45.18287,51.007442
7344.0,52.80054,35.102905,45.182034,51.007717
7344.5,52.800583,35.10253,45.181202,51.008
7345.0,52.800625,35.102158,45.18037,51.008286
7345.5,52.800655,35.101784,45.179535,51.008553
7346.0,52.800674,35.101406,45.178688,51.008797
7346.5,52.800686,35.10103,45.17784,51.00904
7347.0,52.80069,35.100655,45.17699,51.009266
7347.5,52.800697,35.10028,45.176136,51.009487
7348.0,52.800686,35.0999,45.175274,51.009678
7348.5,52.800667,35.099514,45.174408,51.009846
7349.0,52.800648,35.099133,45.17354,51.010002
7349.5,52.800636,35.09875,45.172672,51.01015
7350.0,52.800632,35.098373,45.171806,51.0103
7350.5,52.800625,35.097996,45.170937,51.010437
7351.0,52.800632,35.097614,45.17007,51.01059
7351.5,52.800648,35.097233,45.16922,51.010788
7352.0,52.80068,35.09685,45.16838,51.011024
7352.5,52.800716,35.096474,45.167553,51.011288
7353.0,52.800762,35.0961,45.166733,51.01157
7353.5,52.800823,35.09574,45.165913,51.011868
7354.0,52.800888,35.095387,45.1651,51.01217
7354.5,52.800953,35.09504,45.164288,51.012474
7355.0,52.801003,35.09469,45.16346,51.012756
7355.5,52.801044,35.094337,45.162636,51.013027
7356.0,52.80107,35.093987,45.1618,51.013287
7356.5,52.80109,35.09363,45.16096,51.01352
7357.0,52.8011,35.093273,45.16012,51.013737
7357.5,52.801113,35.09292,45.15927,51.013947
7358.0,52.801113,35.092552,45.15842,51.01413
7358.5,52.801113,35.092186,45.157566,51.014305
7359.0,52.801113,35.091816,45.15671,51.014465
7359.5,52.8011,35.09144,45.155846,51.014603
7360.0,52.80109,35.091053,45.154987,51.01474
7360.5,52.80109,35.090664,45.15413,51.014908
7361.0,52.801098,35.09027,45.15329,51.015114
7361.5,52.80112,35.08988,45.152462,51.015366
7362.0,52.80115,35.089497,45.151638,51.015633
7362.5,52.801174,35.089108,45.150818,51.0159
7363.0,52.801197,35.08872,45.14999,51.01616
7363.5,52.801216,35.08833,45.149162,51.016407
7364.0,52.80122,35.087936,45.148327,51.016647
7364.5,52.80121,35.08754,45.14748,51.016853
7365.0,52.801193,35.08714,45.146637,51.01706
7365.5,52.801163,35.08674,45.14578,51.017242
7366.0,52.801132,35.08634,45.144924,51.01742
7366.5,52.80111,35.085953,45.144077,51.017612
7367.0,52.80109,35.08557,45.14323,51.017803
7367.5,52.80108,35.085194,45.142384,51.017982
7368.0,52.80107,35.084827,45.141544,51.018166
7368.5,52.801067,35.084457,45.1407,51.018333
7369.0,52.80106,35.084076,45.139862,51.018505
7369.5,52.80105,35.083687,45.139015,51.018673
7370.0,52.801037,35.083286,45.138172,51.01886
7370.5,52.80103,35.082886,45.13734,51.019077
7371.0,52.80103,35.082478,45.136513,51.019318
7371.5,52.80103,35.082066,45.135685,51.019554
7372.0,52.801037,35.08166,45.134865,51.019806
7372.5,52.801037,35.081257,45.134045,51.02005
7373.0,52.801037,35.080856,45.13322,51.020287
7373.5,52.801025,35.080452,45.132385,51.020504
7374.0,52.801003,35.080048,45.131542,51.020695
7374.5,52.800976,35.07965,45.130695,51.020885
7375.0,52.80096,35.07927,45.129856,51.02108
7375.5,52.800953,35.0789,45.12902,51.021282
7376.0,52.800972,35.078552,45.128193,51.021503
7376.5,52.801006,35.078224,45.127373,51.021732
7377.0,52.801067,35.07792,45.12656,51.021965
7377.5,52.80115,35.07764,45.125755,51.022213
7378.0,52.80125,35.077374,45.124954,51.022465
7378.5,52.801357,35.07711,45.124157,51.022728
7379.0,52.80148,35.076843,45.123367,51.023026
7379.5,52.80161,35.076576,45.122585,51.023354
7380.0,52.801746,35.07631,45.121815,51.02371
7380.5,52.801888,35.07604,45.121048,51.02408
7381.0,52.802032,35.075768,45.120285,51.024456
7381.5,52.80217,35.075493,45.11952,51.02482
7382.0,52.8023,35.07522,45.118748,51.02517
7382.5,52.80242,35.074936,45.11797,51.025505
7383.0,52.80253,35.07466,45.117184,51.025818
7383.5,52.802624,35.07438,45.11639,51.02611
7384.0,52.802692,35.074085,45.11558,51.026375
7384.5,52.802765,35.073795,45.114773,51.02663
7385.0,52.80285,35.073517,45.113976,51.026897
7385.5,52.802937,35.073246,45.113174,51.02717
7386.0,52.803047,35.072994,45.112385,51.027443
7386.5,52.803165,35.072754,45.1116,51.027725
7387.0,52.803295,35.072525,45.110817,51.02802
7387.5,52.80344,35.072304,45.110043,51.028316
7388.0,52.803593,35.07208,45.109276,51.028652
7388.5,52.803757,35.07185,45.108517,51.029015
7389.0,52.80392,35.071613,45.107765,51.029408
7389.5,52.80409,35.071373,45.10702,51.02981
7390.0,52.80425,35.071125,45.106274,51.030212
7390.5,52.804405,35.070877,45.105526,51.030613
7391.0,52.804554,35.070618,45.10478,51.031
7391.5,52.80468,35.070343,45.104015,51.03135
7392.0,52.804775,35.07005,45.103233,51.031662
7392.5,52.804832,35.069733,45.102436,51.03193
7393.0,52.80487,35.069405,45.101627,51.03217
7393.5,52.8049,35.069073,45.10082,51.032394
7394.0,52.804916,35.068737,45.100002,51.032604
7394.5,52.80494,35.068405,45.09919,51.03282
7395.0,52.804977,35.068085,45.09838,51.033043
7395.5,52.805023,35.06778,45.097584,51.033276
7396.0,52.805084,35.067482,45.096786,51.03351
7396.5,52.80516,35.067196,45.096,51.033764
7397.0,52.80524,35.066902,45.09522,51.034035
7397.5,52.80532,35.066605,45.09444,51.034325
7398.0,52.805416,35.066307,45.093678,51.034664
7398.5,52.80552,35.06601,45.092922,51.035034
7399.0,52.805634,35.065712,45.09218,51.035423
7399.5,52.805733,35.065407,45.091427,51.035797
7400.0,52.80583,35.065098,45.09068,51.036175
7400.5,52.80592,35.064785,45.08992,51.03653
7401.0,52.80599,35.06446,45.089157,51.036858
7401.5,52.806038,35.06413,45.08838,51.037155
7402.0,52.80607,35.063786,45.08759,51.037426
7402.5,52.806084,35.06344,45.08679,51.03767
7403.0,52.8061,35.063087,45.085983,51.037895
7403.5,52.8061,35.062733,45.085175,51.038097
7404.0,52.806103,35.06239,45.084366,51.038307
7404.5,52.80612,35.06205,45.083565,51.038517
7405.0,52.806145,35.06172,45.082767,51.038734
7405.5,52.806187,35.06141,45.081978,51.038967
7406.0,52.80624,35.061092,45.0812,51.039227
7406.5,52.806293,35.06078,45.08042,51.039505
7407.0,52.806366,35.060463,45.07966,51.039833
7407.5,52.80644,35.060143,45.078907,51.040184
7408.0,52.806515,35.059822,45.07816,51.040554
7408.5,52.80659,35.059498,45.07741,51.040924
7409.0,52.806652,35.05916,45.076653,51.041267
7409.5,52.806698,35.058815,45.075886,51.041584
7410.0,52.806736,35.058464,45.075115,51.04188
7410.5,52.80675,35.05811,45.07433,51.042145
7411.0,52.806767,35.057755,45.073536,51.042397
7411.5,52.806767,35.0574,45.07273,51.04261
7412.0,52.806767,35.057045,45.071926,51.042824
7412.5,52.806767,35.056694,45.071125,51.043034
7413.0,52.806767,35.05635,45.070324,51.043236
7413.5,52.806778,35.05601,45.069527,51.043446
7414.0,52.806793,35.05568,45.068733,51.043655
7414.5,52.80682,35.05535,45.067944,51.04386
7415.0,52.806835,35.055023,45.067146,51.04406
7415.5,52.806873,35.054703,45.066364,51.044296
7416.0,52.806927,35.054382,45.065594,51.044582
7416.5,52.80699,35.054066,45.06484,51.044918
7417.0,52.807068,35.053753,45.064102,51.04529
7417.5,52.807148,35.053436,45.063366,51.045673
7418.0,52.807224,35.053116,45.06263,51.046062
7418.5,52.80729,35.052784,45.061893,51.046432
7419.0,52.80734,35.052444,45.06114,51.046764
7419.5,52.807365,35.052094,45.06037,51.04706
7420.0,52.80736,35.05172,45.05958,51.047295
7420.5,52.80734,35.05134,45.058784,51.047504
7421.0,52.807312,35.050957,45.057983,51.047707
7421.5,52.807278,35.050575,45.057175,51.047886
7422.0,52.807243,35.050198,45.056362,51.048054
7422.5,52.807217,35.04983,45.05556,51.048233
7423.0,52.807205,35.049477,45.054756,51.04841
7423.5,52.807205,35.049133,45.053967,51.048595
7424.0,52.807217,35.0488,45.053177,51.04879
7424.5,52.807255,35.04848,45.0524,51.049023
7425.0,52.807323,35.048183,45.051643,51.049316
7425.5,52.80742,35.047905,45.050907,51.049667
7426.0,52.807545,35.047638,45.050194,51.05008
7426.5,52.807682,35.047382,45.049484,51.050514
7427.0,52.807827,35.04713,45.048782,51.05096
7427.5,52.807964,35.04687,45.048077,51.051403
7428.0,52.808086,35.04661,45.047363,51.05182
7428.5,52.808197,35.046333,45.04664,51.052208
7429.0,52.808277,35.04604,45.0459,51.05255
7429.5,52.808334,35.04573,45.045143,51.05285
7430.0,52.808372,35.045414,45.04438,51.05313
7430.5,52.808403,35.045094,45.043606,51.053383
7431.0,52.808426,35.044773,45.04283,51.05362
7431.5,52.808456,35.044453,45.042057,51.053852
7432.0,52.808495,35.044144,45.041283,51.054077
7432.5,52.80854,35.043846,45.040516,51.054306
7433.0,52.808613,35.04357,45.039753,51.05455
7433.5,52.8087,35.043312,45.038998,51.05481
7434.0,52.808815,35.043064,45.038258,51.055115
7434.5,52.808952,35.04283,45.037537,51.05548
7435.0,52.809113,35.04261,45.036827,51.05589
7435.5,52.8093,35.042408,45.036137,51.05635
7436.0,52.809513,35.04223,45.035465,51.05685
7436.5,52.809746,35.042065,45.0348,51.05738
7437.0,52.80999,35.041912,45.034145,51.057922
7437.5,52.810234,35.041763,45.03349,51.058464
7438.0,52.810448,35.041595,45.032818,51.05896
7438.5,52.81064,35.041412,45.032127,51.059406
7439.0,52.810806,35.041218,45.031418,51.05981
7439.5,52.810947,35.04101,45.030693,51.06017
7440.0,52.81108,35.040794,45.029964,51.06051
7440.5,52.811195,35.04056,45.029224,51.06082
7441.0,52.811295,35.040318,45.028484,51.061104
7441.5,52.811386,35.04007,45.027737,51.061367
7442.0,52.811466,35.039814,45.026985,51.06162
7442.5,52.811558,35.039562,45.026237,51.061874
7443.0,52.811653,35.03931,45.02549,51.06215
7443.5,52.811768,35.03906,45.024765,51.06247
7444.0,52.811897,35.03882,45.024055,51.06285
7444.5,52.812046,35.03858,45.02336,51.063274
7445.0,52.812206,35.038357,45.02268,51.063736
7445.5,52.812374,35.03813,45.022003,51.064213
7446.0,52.812542,35.037907,45.021324,51.064682
7446.5,52.812702,35.037685,45.02064,51.06514
7447.0,52.812843,35.037457,45.019947,51.06557
7447.5,52.812977,35.037228,45.01924,51.065975
7448.0,52.813107,35.037006,45.01854,51.066376
7448.5,52.813232,35.036777,45.017826,51.06675
7449.0,52.81335,35.036556,45.01711,51.06711
7449.5,52.813465,35.036327,45.016384,51.06744
7450.0,52.813564,35.03609,45.01565,51.06774
7450.5,52.81366,35.03585,45.01492,51.06803
7451.0,52.813755,35.035603,45.014183,51.068306
7451.5,52.813847,35.03536,45.013447,51.068573
7452.0,52.813942,35.035107,45.01271,51.068844
7452.5,52.81404,35.03485,45.011982,51.069134
7453.0,52.814148,35.03459,45.01126,51.06946
7453.5,52.81427,35.034336,45.010555,51.06983
7454.0,52.8144,35.03409,45.00986,51.070244
7454.5,52.814545,35.033844,45.009174,51.07068
7455.0,52.814686,35.0336,45.008495,51.071125
7455.5,52.81482,35.033356,45.00781,51.071556
7456.0,52.814938,35.0331,45.007114,51.071964
7456.5,52.815037,35.032837,45.006413,51.072346
7457.0,52.81511,35.032566,45.00569,51.072693
7457.5,52.81518,35.032288,45.00497,51.073032
7458.0,52.815235,35.032,45.00424,51.07334
7458.5,52.815292,35.03172,45.003513,51.073658
7459.0,52.81535,35.031437,45.00278,51.07395
7459.5,52.815395,35.031155,45.002045,51.07422
7460.0,52.81545,35.030876,45.001305,51.07447
7460.5,52.815514,35.030605,45.00057,51.07472
7461.0,52.815586,35.030342,44.999832,51.07497
7461.5,52.815674,35.030083,44.999104,51.075245
7462.0,52.815777,35.029827,44.99839,51.07556
7462.5,52.81589,35.029568,44.997684,51.075912
7463.0,52.81601,35.029316,44.99699,51.076298
7463.5,52.81614,35.029068,44.9963,51.07671
7464.0,52.816277,35.028828,44.99562,51.07714
7464.5,52.81642,35.02859,44.994946,51.077576
7465.0,52.81656,35.028355,44.99427,51.078003
7465.5,52.816677,35.02811,44.993584,51.078407
7466.0,52.816772,35.02785,44.992878,51.078777
7466.5,52.81686,35.02759,44.992176,51.079144
7467.0,52.816944,35.027325,44.99147,51.079494
7467.5,52.817024,35.02706,44.99076,51.079834
7468.0,52.8171,35.026802,44.99005,51.080162
7468.5,52.817184,35.026546,44.989338,51.080482
7469.0,52.817272,35.0263,44.988625,51.08079
7469.5,52.817368,35.026062,44.987915,51.081097
7470.0,52.81747,35.025826,44.987206,51.08139
7470.5,52.817577,35.02559,44.986492,51.081688
7471.0,52.817684,35.025345,44.985783,51.081997
7471.5,52.8178,35.025097,44.98508,51.082333
7472.0,52.817924,35.024853,44.98439,51.082706
7472.5,52.818066,35.024616,44.983715,51.08313
7473.0,52.818222,35.024387,44.983047,51.083565
7473.5,52.818382,35.024162,44.982384,51.08401
7474.0,52.818542,35.023945,44.981724,51.084465
7474.5,52.81869,35.023727,44.98105,51.08489
7475.0,52.818836,35.023514,44.98037,51.085293
7475.5,52.818974,35.0233,44.979687,51.085686
7476.0,52.819096,35.023083,44.979004,51.086075
7476.5,52.819206,35.022854,44.978302,51.086426
7477.0,52.819313,35.02263,44.977604,51.086773
7477.5,52.819412,35.0224,44.9769,51.0871
7478.0,52.81952,35.022182,44.9762,51.08742
7478.5,52.819633,35.02197,44.9755,51.087738
7479.0,52.81975,35.02176,44.974796,51.088047
7479.5,52.81987,35.021545,44.9741,51.088352
7480.0,52.819996,35.021328,44.9734,51.088673
7480.5,52.820133,35.021107,44.972713,51.08903
7481.0,52.82027,35.02088,44.972034,51.089417
7481.5,52.820408,35.020645,44.97136,51.089817
7482.0,52.820553,35.020412,44.97069,51.09024
7482.5,52.8207,35.020187,44.970028,51.090675
7483.0,52.820854,35.019966,44.96937,51.091118
7483.5,52.82101,35.019753,44.968716,51.091557
7484.0,52.821148,35.019527,44.968044,51.091965
7484.5,52.821266,35.0193,44.96736,51.09234
7485.0,52.82138,35.01907,44.96668,51.09271
7485.5,52.82148,35.018837,44.96598,51.093056
7486.0,52.821587,35.018616,44.965294,51.09341
7486.5,52.82171,35.018402,44.96461,51.09377
7487.0,52.82184,35.018204,44.963932,51.094128
7487.5,52.821987,35.01803,44.963257,51.094482
7488.0,52.822155,35.017864,44.96258,51.09485
7488.5,52.82234,35.017723,44.961918,51.095222
7489.0,52.822536,35.017586,44.961254,51.095604
7489.5,52.822746,35.01745,44.960594,51.096004
7490.0,52.822952,35.017296,44.959946,51.09644
7490.5,52.82314,35.017117,44.959293,51.09688
7491.0,52.82331,35.016914,44.95865,51.09733
7491.5,52.823467,35.016697,44.958,51.097775
7492.0,52.82361,35.01646,44.957348,51.09821
7492.5,52.823727,35.016212,44.95669,51.098625
7493.0,52.82382,35.015945,44.95601,51.098995
7493.5,52.82389,35.015663,44.955322,51.099342
7494.0,52.823936,35.015373,44.95462,51.09965
7494.5,52.823975,35.015076,44.953915,51.09995
7495.0,52.824,35.014782,44.9532,51.10023
7495.5,52.82404,35.0145,44.952496,51.10051
7496.0,52.824085,35.01423,44.951786,51.100796
7496.5,52.824146,35.01397,44.951088,51.10108
7497.0,52.82421,35.013714,44.95039,51.101364
7497.5,52.824287,35.01347,44.949696,51.10165
7498.0,52.82437,35.013226,44.949,51.101936
7498.5,52.824455,35.012978,44.948307,51.102226
7499.0,52.824547,35.012726,44.947617,51.10255
7499.5,52.824654,35.012474,44.946945,51.102913
7500.0,52.82477,35.01223,44.94628,51.1033
7500.5,52.8249,35.011993,44.94562,51.103706
7501.0,52.82504,35.011765,44.94497,51.104122
7501.5,52.825176,35.011536,44.944317,51.104538
7502.0,52.82529,35.011295,44.943653,51.104927
7502.5,52.825397,35.011055,44.94298,51.105297
7503.0,52.825493,35.010807,44.942303,51.105648
7503.5,52.825577,35.010555,44.94162,51.105976
7504.0,52.82565,35.010303,44.94093,51.106285
7504.5,52.825726,35.010063,44.94024,51.1066
7505.0,52.825813,35.00984,44.939552,51.10692
7505.5,52.825928,35.009632,44.93888,51.10725
7506.0,52.826057,35.00944,44.93821,51.10759
7506.5,52.826206,35.009266,44.93755,51.107944
7507.0,52.826355,35.00909,44.936886,51.108295
7507.5,52.82652,35.00892,44.936234,51.108665
7508.0,52.82668,35.008736,44.93558,51.109047
7508.5,52.826847,35.00855,44.934937,51.10946
7509.0,52.82701,35.008354,44.9343,51.109894
7509.5,52.827168,35.00814,44.93366,51.11032
7510.0,52.827316,35.00792,44.933018,51.110752
7510.5,52.82746,35.00769,44.932377,51.111168
7511.0,52.827583,35.007454,44.93173,51.11157
7511.5,52.827686,35.0072,44.931065,51.111923
7512.0,52.82777,35.00694,44.93038,51.112247
7512.5,52.827847,35.00668,44.9297,51.112556
7513.0,52.82793,35.006428,44.92902,51.112873
7513.5,52.828007,35.006184,44.928337,51.113174
7514.0,52.82809,35.005943,44.927654,51.113476
7514.5,52.828182,35.00572,44.92697,51.113773
7515.0,52.828278,35.0055,44.926292,51.11407
7515.5,52.82839,35.005295,44.925617,51.114376
7516.0,52.828514,35.0051,44.924946,51.114685
7516.5,52.82864,35.00491,44.92428,51.114994
7517.0,52.82877,35.00471,44.923615,51.115322
7517.5,52.828915,35.004513,44.922962,51.115692
7518.0,52.829063,35.00431,44.922318,51.116093
7518.5,52.829212,35.0041,44.921684,51.116516
7519.0,52.82936,35.003883,44.92105,51.116943
7519.5,52.82949,35.00365,44.92041,51.117355
7520.0,52.829597,35.003403,44.919758,51.117737
7520.5,52.829678,35.00313,44.91909,51.118065
7521.0,52.82973,35.002846,44.918407,51.118366
7521.5,52.82976,35.002544,44.917713,51.118637
7522.0,52.829765,35.002228,44.917004,51.11887
7522.5,52.82976,35.001907,44.91629,51.119076
7523.0,52.829754,35.001587,44.915573,51.119286
7523.5,52.82975,35.001278,44.914864,51.119488
7524.0,52.829754,35.000977,44.914154,51.119698
7524.5,52.829777,35.000694,44.913452,51.11992
7525.0,52.829807,35.000416,44.912754,51.12014
7525.5,52.829857,35.00015,44.91206,51.12037
7526.0,52.82992,34.999893,44.911377,51.120632
7526.5,52.830006,34.99964,44.910713,51.12095
7527.0,52.8301,34.999393,44.910057,51.121296
7527.5,52.83022,34.99916,44.90942,51.121693
7528.0,52.83035,34.998928,44.908794,51.122124
7528.5,52.830482,34.998695,44.90817,51.12255
7529.0,52.8306,34.99845,44.907536,51.12296
7529.5,52.830696,34.998196,44.906883,51.12332
7530.0,52.83077,34.997925,44.906216,51.12364
7530.5,52.830822,34.997643,44.905537,51.123924
7531.0,52.830845,34.997345,44.90484,51.12416
7531.5,52.830853,34.997036,44.90413,51.124363
7532.0,52.830853,34.99673,44.903416,51.124554
7532.5,52.830853,34.996426,44.902702,51.12474
7533.0,52.830853,34.99612,44.90199,51.124912
7533.5,52.830868,34.995834,44.901283,51.1251
7534.0,52.830906,34.995564,44.90058,51.125294
7534.5,52.83097,34.995316,44.8999,51.125526
7535.0,52.831055,34.995083,44.899223,51.12579
7535.5,52.831154,34.994854,44.89856,51.12608
7536.0,52.83127,34.994633,44.897907,51.126408
7536.5,52.831394,34.994415,44.897266,51.126785
7537.0,52.83153,34.9942,44.896637,51.12719
7537.5,52.83168,34.993988,44.89602,51.127617
7538.0,52.83183,34.99378,44.895397,51.128048
7538.5,52.831955,34.99355,44.894764,51.128433
7539.0,52.832054,34.993305,44.894115,51.128788
7539.5,52.832127,34.99304,44.89345,51.12909
7540.0,52.832176,34.992752,44.892773,51.129353
7540.5,52.83219,34.99245,44.892075,51.129566
7541.0,52.83219,34.992138,44.89137,51.129753
7541.5,52.832176,34.991817,44.89065,51.129906
7542.0,52.832157,34.9915,44.88993,51.13005
7542.5,52.832146,34.991188,44.88921,51.130188
7543.0,52.83215,34.99089,44.8885,51.130337
7543.5,52.832176,34.990604,44.8878,51.130505
7544.0,52.832214,34.990334,44.887108,51.130695
7544.5,52.832275,34.990074,44.88643,51.13092
7545.0,52.83235,34.989826,44.885765,51.131203
7545.5,52.832455,34.989582,44.88512,51.131535
7546.0,52.83257,34.98935,44.884483,51.131905
7546.5,52.832687,34.989117,44.883858,51.13229
7547.0,52.832813,34.988888,44.883232,51.13269
7547.5,52.83292,34.988644,44.8826,51.133068
7548.0,52.833008,34.98839,44.881954,51.13341
7548.5,52.83308,34.988125,44.881298,51.13372
7549.0,52.833115,34.987835,44.880623,51.13398
7549.5,52.833134,34.98753,44.879932,51.134197
7550.0,52.83313,34.987213,44.87923,51.134377
7550.5,52.83311,34.986885,44.87852,51.134537
7551.0,52.83309,34.986557,44.877815,51.134693
7551.5,52.833073,34.986233,44.8771,51.13483
7552.0,52.83305,34.985912,44.876385,51.134945
7552.5,52.83304,34.9856,44.87567,51.135056
7553.0,52.83304,34.985294,44.874958,51.135178
7553.5,52.83305,34.985004,44.874252,51.13532
7554.0,52.833088,34.984722,44.87356,51.135498
7554.5,52.833153,34.98446,44.872894,51.135754
7555.0,52.83325,34.984215,44.87225,51.13607
7555.5,52.833366,34.983982,44.87162,51.136433
7556.0,52.83351,34.983772,44.871006,51.13684
7556.5,52.83366,34.983574,44.870396,51.13725
7557.0,52.833813,34.98338,44.869785,51.13766
7557.5,52.83396,34.98319,44.869167,51.13806
7558.0,52.834087,34.982983,44.86853,51.13841
7558.5,52.834175,34.982758,44.867874,51.138695
7559.0,52.834244,34.98251,44.867195,51.13893
7559.5,52.83429,34.982258,44.866516,51.139145
7560.0,52.83433,34.981995,44.86582,51.13933
7560.5,52.834362,34.981728,44.865124,51.139492
7561.0,52.834393,34.98146,44.86443,51.13964
7561.5,52.83444,34.981205,44.863735,51.13979
7562.0,52.8345,34.980965,44.86304,51.13994
7562.5,52.834576,34.980736,44.86236,51.140106
7563.0,52.834667,34.980515,44.861687,51.140297
7563.5,52.834778,34.980305,44.861023,51.140533
7564.0,52.834915,34.980103,44.860382,51.140827
7564.5,52.835064,34.979908,44.85975,51.141155
7565.0,52.83522,34.97972,44.859127,51.141506
7565.5,52.83539,34.97954,44.858517,51.141888
7566.0,52.83555,34.97936,44.857903,51.14227
7566.5,52.83569,34.97916,44.85728,51.14263
7567.0,52.835815,34.978954,44.85665,51.14297
7567.5,52.835922,34.978737,44.856014,51.143288
7568.0,52.835995,34.978493,44.85536,51.14356
7568.5,52.836037,34.978226,44.854687,51.143776
7569.0,52.83606,34.977947,44.854004,51.143967
7569.5,52.836067,34.97765,44.853313,51.14413
7570.0,52.836056,34.97734,44.85261,51.14426
7570.5,52.836037,34.97702,44.85191,51.144367
7571.0,52.836014,34.976696,44.851196,51.14445
7571.5,52.835983,34.976368,44.85048,51.144516
7572.0,52.83596,34.97604,44.849766,51.14458
7572.5,52.83594,34.97571,44.84906,51.144676
7573.0,52.83594,34.975388,44.848366,51.14482
7573.5,52.835953,34.975067,44.847687,51.145004
7574.0,52.835976,34.974747,44.84702,51.145226
7574.5,52.836006,34.974434,44.84635,51.14546
7575.0,52.836044,34.97413,44.84569,51.145702
7575.5,52.83609,34.97383,44.845043,51.14597
7576.0,52.836132,34.97354,44.844387,51.14623
7576.5,52.836155,34.973244,44.84372,51.146454
7577.0,52.836166,34.972942,44.843044,51.146667
7577.5,52.836163,34.97263,44.842358,51.146847
7578.0,52.836143,34.97231,44.841667,51.147003
7578.5,52.83612,34.971985,44.84097,51.14714
7579.0,52.83608,34.971653,44.840263,51.14724
7579.5,52.83603,34.971313,44.839554,51.147324
7580.0,52.835983,34.97097,44.838837,51.147385
7580.5,52.835934,34.970627,44.83812,51.14743
7581.0,52.835888,34.970284,44.8374,51.147472
7581.5,52.835854,34.969944,44.836685,51.147533
7582.0,52.835827,34.96961,44.83598,51.14762
7582.5,52.835815,34.96927,44.83528,51.14774
7583.0,52.835815,34.96893,44.834595,51.147896
7583.5,52.835827,34.9686,44.833927,51.148087
7584.0,52.83584,34.968277,44.833256,51.148285
7584.5,52.835865,34.96796,44.832592,51.1485
7585.0,52.835888,34.967648,44.831924,51.148712
7585.5,52.835907,34.96734,44.831257,51.148922
7586.0,52.835907,34.96703,44.830578,51.1491
7586.5,52.83591,34.96673,44.829906,51.149292
7587.0,52.83591,34.966427,44.829224,51.149456
7587.5,52.835907,34.966125,44.82854,51.149605
7588.0,52.83589,34.96582,44.827847,51.149727
7588.5,52.835876,34.96552,44.827145,51.149822
7589.0,52.835865,34.965214,44.826443,51.149906
7589.5,52.835854,34.964912,44.825737,51.14997
7590.0,52.835846,34.964615,44.825027,51.15003
7590.5,52.83584,34.964314,44.82432,51.15009
7591.0,52.83584,34.96401,44.82362,51.150166
7591.5,52.835854,34.963696,44.82293,51.150288
7592.0,52.835876,34.96339,44.82225,51.15044
7592.5,52.835907,34.96308,44.821583,51.15062
7593.0,52.83595,34.962784,44.820923,51.15083
7593.5,52.835995,34.96249,44.820267,51.151043
7594.0,52.836037,34.962196,44.819607,51.151253
7594.5,52.836067,34.961906,44.818943,51.151447
7595.0,52.83608,34.9616,44.818268,51.151615
7595.5,52.836067,34.961285,44.81758,51.15176
7596.0,52.836037,34.960964,44.816887,51.15188
7596.5,52.836002,34.960644,44.816193,51.151997
7597.0,52.83596,34.960316,44.81549,51.152092
7597.5,52.83591,34.959984,44.814785,51.15217
7598.0,52.835857,34.95965,44.814075,51.15222
7598.5,52.835804,34.959316,44.813366,51.15226
7599.0,52.83576,34.958984,44.812656,51.152294
7599.5,52.83571,34.95864,44.811943,51.152325
7600.0,52.835674,34.9583,44.81124,51.152374
7600.5,52.835644,34.957962,44.81054,51.15245
7601.0,52.835632,34.957623,44.809853,51.152565
7601.5,52.835632,34.957294,44.80918,51.152718
7602.0,52.835644,34.956966,44.808514,51.15289
7602.5,52.835655,34.956646,44.80785,51.15307
7603.0,52.835667,34.956326,44.807186,51.153248
7603.5,52.835674,34.956,44.80652,51.153416
7604.0,52.835686,34.955685,44.805855,51.153584
7604.5,52.83569,34.955376,44.805187,51.153744
7605.0,52.83569,34.955067,44.804512,51.153885
7605.5,52.835686,34.95476,44.80383,51.15402
7606.0,52.835674,34.95446,44.803146,51.15413
7606.5,52.835667,34.954174,44.802464,51.15425
7607.0,52.835674,34.95389,44.801785,51.15436
7607.5,52.835686,34.953613,44.801105,51.154472
7608.0,52.835697,34.953342,44.800423,51.15457
7608.5,52.83571,34.95306,44.799744,51.154655
7609.0,52.835716,34.952774,44.799057,51.15474
7609.5,52.83572,34.952477,44.79837,51.154835
7610.0,52.83574,34.952175,44.7977,51.154964
7610.5,52.835762,34.951874,44.79703,51.155125
7611.0,52.835793,34.951572,44.796375,51.155304
7611.5,52.835823,34.951263,44.795723,51.15549
7612.0,52.835854,34.95096,44.795067,51.155674
7612.5,52.835876,34.95065,44.794407,51.155846
7613.0,52.83588,34.950336,44.79374,51.156
7613.5,52.835888,34.95003,44.793068,51.156147
7614.0,52.835888,34.949726,44.79239,51.15627
7614.5,52.835876,34.949417,44.791702,51.156364
7615.0,52.835854,34.94911,44.79101,51.15645
7615.5,52.835823,34.948795,44.790314,51.156532
7616.0,52.835793,34.948486,44.789623,51.156616
7616.5,52.835762,34.948177,44.788937,51.156693
7617.0,52.83573,34.947865,44.788246,51.156765
7617.5,52.8357,34.94755,44.787563,51.156837
7618.0,52.835674,34.947227,44.78687,51.15689
7618.5,52.835636,34.946896,44.786175,51.15695
7619.0,52.83561,34.946556,44.785492,51.15704
7619.5,52.83559,34.946217,44.784824,51.157166
7620.0,52.83558,34.945877,44.784157,51.157314
7620.5,52.83557,34.945534,44.783497,51.157467
7621.0,52.835567,34.945194,44.782837,51.157635
7621.5,52.83556,34.944855,44.78218,51.157803
7622.0,52.83553,34.944504,44.781513,51.15793
7622.5,52.835487,34.944145,44.780834,51.158035
7623.0,52.83543,34.94378,44.780144,51.15811
7623.5,52.835358,34.94341,44.779446,51.158173
7624.0,52.83528,34.943043,44.778744,51.158215
7624.5,52.8352,34.942684,44.77804,51.15825
7625.0,52.835144,34.942337,44.777344,51.15831
7625.5,52.83509,34.94201,44.776653,51.158363
7626.0,52.83506,34.941696,44.77597,51.158436
7626.5,52.83505,34.9414,44.7753,51.158516
7627.0,52.835037,34.9411,44.774624,51.1586
7627.5,52.835022,34.940796,44.773952,51.158684
7628.0,52.83502,34.940483,44.773285,51.15879
7628.5,52.83502,34.940166,44.772625,51.158936
7629.0,52.83503,34.939854,44.771976,51.159103
7629.5,52.83505,34.939537,44.771328,51.15928
7630.0,52.835064,34.939224,44.770683,51.159466
7630.5,52.835083,34.938915,44.770042,51.159645
7631.0,52.835094,34.938602,44.76939,51.159813
7631.5,52.83509,34.93828,44.768726,51.159943
7632.0,52.83507,34.937954,44.768055,51.16005
7632.5,52.835037,34.937622,44.767372,51.160133
7633.0,52.835,34.937294,44.766685,51.160206
7633.5,52.834953,34.936966,44.765995,51.16026
7634.0,52.83491,34.936638,44.76531,51.160324
7634.5,52.83486,34.936317,44.76462,51.160378
7635.0,52.83482,34.936,44.763935,51.16043
7635.5,52.834797,34.9357,44.76326,51.160496
7636.0,52.834785,34.935402,44.762592,51.160587
7636.5,52.834785,34.935112,44.761925,51.160683
7637.0,52.834785,34.934814,44.76127,51.1608
7637.5,52.834785,34.934505,44.760612,51.16094
7638.0,52.834797,34.934196,44.759968,51.16111
7638.5,52.83481,34.93388,44.759327,51.161297
7639.0,52.834816,34.933556,44.758686,51.161472
7639.5,52.83481,34.93322,44.75804,51.16164
7640.0,52.83479,34.932877,44.757385,51.16179
7640.5,52.834747,34.932518,44.756718,51.161896
7641.0,52.83471,34.932163,44.75605,51.162003
7641.5,52.83465,34.9318,44.75537,51.162075
7642.0,52.83457,34.931435,44.754684,51.162125
7642.5,52.83449,34.93107,44.75399,51.16216
7643.0,52.834404,34.9307,44.75329,51.162178
7643.5,52.83431,34.93033,44.752586,51.16218
7644.0,52.834217,34.929966,44.751884,51.16219
7644.5,52.83414,34.92961,44.75119,51.1622
7645.0,52.834076,34.929268,44.750507,51.162224
7645.5,52.834023,34.92893,44.749825,51.162266
7646.0,52.833973,34.928596,44.749153,51.162327
7646.5,52.83393,34.92826,44.748486,51.16241
7647.0,52.833904,34.92792,44.74783,51.162537
7647.5,52.833885,34.927578,44.74718,51.16269
7648.0,52.833866,34.92724,44.74654,51.16285
7648.5,52.833843,34.926888,44.74589,51.163006
7649.0,52.83382,34.92654,44.745247,51.163162
7649.5,52.833782,34.926186,44.744595,51.1633
7650.0,52.833736,34.925823,44.743935,51.163406
7650.5,52.833675,34.92546,44.743263,51.16349
7651.0,52.833603,34.925095,44.742584,51.163548
7651.5,52.833515,34.92472,44.741894,51.163586
7652.0,52.833427,34.924355,44.7412,51.16361
7652.5,52.833347,34.924,44.740505,51.16363
7653.0,52.833282,34.92366,44.739822,51.163662
7653.5,52.83323,34.923336,44.739136,51.163685
7654.0,52.8332,34.923027,44.738464,51.163727
7654.5,52.833195,34.92274,44.7378,51.1638
7655.0,52.833206,34.922466,44.737152,51.1639
7655.5,52.833237,34.922195,44.736515,51.164036
7656.0,52.833282,34.92193,44.73589,51.164223
7656.5,52.833336,34.921665,44.735275,51.164444
7657.0,52.8334,34.9214,44.734673,51.164692
7657.5,52.83346,34.92113,44.73407,51.164944
7658.0,52.83351,34.92085,44.73346,51.16517
7658.5,52.833546,34.920563,44.732838,51.16537
7659.0,52.833565,34.920265,44.732204,51.165546
7659.5,52.833557,34.919956,44.731556,51.165676
7660.0,52.833538,34.919643,44.730904,51.165783
7660.5,52.833504,34.919323,44.730232,51.16586
7661.0,52.83345,34.91899,44.72956,51.165916
7661.5,52.83339,34.918655,44.72888,51.165955
7662.0,52.833332,34.91832,44.728203,51.165993
7662.5,52.833282,34.918,44.727535,51.166035
7663.0,52.83326,34.917694,44.72687,51.166092
7663.5,52.83325,34.917404,44.726215,51.16616
7664.0,52.83325,34.91712,44.725563,51.166237
7664.5,52.83326,34.916843,44.724915,51.166336
7665.0,52.833282,34.91657,44.72428,51.16648
7665.5,52.83332,34.916294,44.72366,51.16667
7666.0,52.83336,34.916016,44.72305,51.166893
7666.5,52.83341,34.91574,44.722443,51.167126
7667.0,52.833454,34.91546,44.72184,51.167362
7667.5,52.833492,34.91517,44.72123,51.167583
7668.0,52.833504,34.914867,44.720604,51.167767
7668.5,52.833504,34.914555,44.719975,51.167923
7669.0,52.833485,34.914238,44.719326,51.16804
7669.5,52.833454,34.913914,44.718674,51.168144
7670.0,52.83341,34.913586,44.71801,51.168217
7670.5,52.833347,34.913246,44.71734,51.168262
7671.0,52.833282,34.912914,44.716663,51.168297
7671.5,52.83323,34.91259,44.715996,51.168335
7672.0,52.833187,34.912277,44.71533,51.16837
7672.5,52.833157,34.911972,44.71466,51.168407
7673.0,52.833134,34.91167,44.714,51.16844
7673.5,52.833122,34.91138,44.713345,51.168503
7674.0,52.833122,34.91109,44.7127,51.1686
7674.5,52.833134,34.9108,44.71207,51.16874
7675.0,52.833157,34.910515,44.711452,51.168926
7675.5,52.8332,34.910236,44.71085,51.16915
7676.0,52.83325,34.909958,44.710255,51.169395
7676.5,52.83329,34.90968,44.709656,51.169632
7677.0,52.83332,34.909393,44.70905,51.16985
7677.5,52.833324,34.909092,44.708424,51.17002
7678.0,52.8333,34.908775,44.707783,51.170147
7678.5,52.833252,34.908443,44.707127,51.170235
7679.0,52.833195,34.908108,44.706463,51.170303
7679.5,52.833134,34.90777,44.705803,51.17036
7680.0,52.83306,34.90743,44.70513,51.170395
7680.5,52.832993,34.90709,44.70446,51.170425
7681.0,52.83293,34.906757,44.703793,51.170456
7681.5,52.832882,34.906433,44.703136,51.170494
7682.0,52.83284,34.90612,44.702477,51.17053
7682.5,52.832806,34.905807,44.701817,51.170563
7683.0,52.832783,34.9055,44.70117,51.170635
7683.5,52.832775,34.905193,44.700535,51.17075
7684.0,52.832783,34.904892,44.699913,51.170902
7684.5,52.8328,34.904594,44.699303,51.171093
7685.0,52.832825,34.9043,44.698696,51.171303
7685.5,52.832848,34.90401,44.698093,51.171516
7686.0,52.83287,34.903725,44.697487,51.171726
7686.5,52.8329,34.90344,44.696884,51.17194
7687.0,52.83291,34.90315,44.69627,51.17211
7687.5,52.83291,34.902855,44.695644,51.172268
7688.0,52.832897,34.902565,44.695007,51.1724
7688.5,52.83288,34.902275,44.694366,51.17251
7689.0,52.83288,34.901997,44.69373,51.172615
7689.5,52.832882,34.901733,44.69309,51.17271
7690.0,52.8329,34.90148,44.692455,51.172806
7690.5,52.83294,34.90125,44.691826,51.172905
7691.0,52.832993,34.901028,44.6912,51.17302
7691.5,52.83305,34.900814,44.690582,51.173138
7692.0,52.833115,34.9006,44.689964,51.173264
7692.5,52.8332,34.900387,44.68936,51.173435
7693.0,52.83329,34.900173,44.688774,51.173653
7693.5,52.833385,34.899956,44.688194,51.1739
7694.0,52.833485,34.89974,44.687622,51.17417
7694.5,52.833588,34.89952,44.687054,51.174458
7695.0,52.833687,34.899307,44.68649,51.174747
7695.5,52.83378,34.899086,44.685913,51.175014
7696.0,52.83385,34.898857,44.68533,51.175266
7696.5,52.833904,34.898617,44.684734,51.175488
7697.0,52.83394,34.89837,44.68413,51.17568
7697.5,52.833958,34.89811,44.683514,51.17584
7698.0,52.83396,34.897846,44.68289,51.175983
7698.5,52.83396,34.89758,44.68226,51.176094
7699.0,52.83396,34.89731,44.681625,51.176197
7699.5,52.83397,34.89705,44.680996,51.176292
7700.0,52.83398,34.896793,44.680367,51.176376
7700.5,52.834,34.896545,44.679737,51.17646
7701.0,52.834026,34.8963,44.67911,51.176548
7701.5,52.834064,34.896053,44.67849,51.176655
7702.0,52.834106,34.89581,44.67788,51.1768
7702.5,52.834164,34.895565,44.67728,51.176994
7703.0,52.834236,34.89533,44.676697,51.177223
7703.5,52.83432,34.895096,44.676125,51.177483
7704.0,52.834408,34.894867,44.675556,51.177753
7704.5,52.83451,34.89465,44.674995,51.17804
7705.0,52.834595,34.89443,44.674423,51.1783
7705.5,52.83466,34.8942,44.67384,51.17853
7706.0,52.83471,34.89396,44.673244,51.17874
7706.5,52.834736,34.89371,44.672646,51.17892
7707.0,52.834747,34.893456,44.672028,51.17907
7707.5,52.834747,34.893192,44.671406,51.1792
7708.0,52.834743,34.89293,44.67078,51.179306
7708.5,52.834747,34.892673,44.67016,51.17942
7709.0,52.834755,34.892418,44.669537,51.179516
7709.5,52.834766,34.89216,44.668915,51.179607
7710.0,52.834785,34.891907,44.668293,51.179703
7710.5,52.83481,34.891655,44.66767,51.179802
7711.0,52.834846,34.891403,44.667065,51.17994
7711.5,52.8349,34.891155,44.666473,51.180122
7712.0,52.834965,34.890915,44.66589,51.180344
7712.5,52.83504,34.89068,44.665325,51.180603
7713.0,52.835125,34.890446,44.664764,51.18088
7713.5,52.83521,34.890217,44.6642,51.18115
7714.0,52.835285,34.889984,44.663635,51.18141
7714.5,52.835346,34.889748,44.66306,51.18165
7715.0,52.8354,34.889507,44.662483,51.18188
7715.5,52.83544,34.889267,44.661896,51.1821
7716.0,52.835476,34.88903,44.66131,51.182293
7716.5,52.8355,34.88879,44.66071,51.18247
7717.0,52.835526,34.888546,44.660103,51.18262
7717.5,52.83555,34.88831,44.6595,51.182766
7718.0,52.83557,34.888073,44.65889,51.18289
7718.5,52.835594,34.887836,44.65828,51.183
7719.0,52.83562,34.887596,44.65767,51.183105
7719.5,52.835644,34.887356,44.65706,51.183216
7720.0,52.83568,34.887108,44.65646,51.183353
7720.5,52.835716,34.886852,44.65586,51.183517
7721.0,52.835762,34.886597,44.655277,51.18371
7721.5,52.83581,34.88634,44.6547,51.18392
7722.0,52.835857,34.886078,44.654125,51.184147
7722.5,52.83591,34.88582,44.653557,51.18439
7723.0,52.835964,34.885563,44.652992,51.184643
7723.5,52.836006,34.885303,44.652416,51.184868
7724.0,52.836044,34.885044,44.65184,51.18509
7724.5,52.83607,34.88479,44.65126,51.185303
7725.0,52.836082,34.884525,44.65067,51.185482
7725.5,52.836098,34.88427,44.650078,51.18567
7726.0,52.83611,34.884014,44.649487,51.18584
7726.5,52.836124,34.883766,44.648895,51.186012
7727.0,52.83615,34.883526,44.648304,51.18618
7727.5,52.836174,34.88329,44.647713,51.186337
7728.0,52.836193,34.883045,44.647118,51.186474
7728.5,52.83621,34.882797,44.646523,51.186596
7729.0,52.836227,34.882538,44.645927,51.18673
7729.5,52.83625,34.88228,44.645336,51.18689
7730.0,52.83628,34.882008,44.644753,51.187073
7730.5,52.836323,34.881744,44.644184,51.187294
7731.0,52.836372,34.88148,44.64362,51.187534
7731.5,52.83641,34.881218,44.643055,51.187767
7732.0,52.83645,34.880947,44.642483,51.187992
7732.5,52.83648,34.88068,44.64191,51.188206
7733.0,52.836506,34.880417,44.641335,51.188423
7733.5,52.836536,34.880165,44.64075,51.188618
7734.0,52.836575,34.87992,44.64017,51.18882
7734.5,52.83661,34.879692,44.63959,51.189022
7735.0,52.83665,34.879475,44.639008,51.189213
7735.5,52.836704,34.879265,44.638428,51.18941
7736.0,52.836758,34.879066,44.63785,51.189606
7736.5,52.83682,34.878872,44.63728,51.189793
7737.0,52.836887,34.878685,44.636707,51.189983
7737.5,52.83697,34.878506,44.636143,51.190178
7738.0,52.837055,34.878326,44.635574,51.19037
7738.5,52.83714,34.878136,44.63501,51.190575
7739.0,52.837227,34.877934,44.63445,51.190792
7739.5,52.837326,34.87773,44.6339,51.191044
7740.0,52.837418,34.877525,44.63335,51.19131
7740.5,52.83752,34.87732,44.63281,51.191593
7741.0,52.837624,34.877113,44.63227,51.19189
7741.5,52.83772,34.876904,44.631733,51.192177
7742.0,52.837788,34.876682,44.631172,51.192413
7742.5,52.83785,34.87646,44.630604,51.192635
7743.0,52.83789,34.876232,44.63003,51.192837
7743.5,52.837925,34.876,44.62945,51.193027
7744.0,52.83795,34.875763,44.62887,51.193203
7744.5,52.837967,34.875526,44.628284,51.193367
7745.0,52.83799,34.875298,44.627705,51.193546
7745.5,52.83802,34.875076,44.62713,51.19372
7746.0,52.83807,34.87487,44.626556,51.193905
7746.5,52.838135,34.87468,44.62599,51.194103
7747.0,52.83821,34.8745,44.625435,51.194305
7747.5,52.838295,34.874313,44.624878,51.19451
7748.0,52.83839,34.87413,44.62433,51.194756
7748.5,52.838493,34.873943,44.62379,51.195026
7749.0,52.83861,34.87376,44.62326,51.195328
7749.5,52.838737,34.87358,44.62274,51.195652
7750.0,52.838875,34.873405,44.622227,51.19599
7750.5,52.838993,34.873222,44.621704,51.19631
7751.0,52.83911,34.87304,44.62118,51.196617
7751.5,52.839207,34.872845,44.620644,51.19689
7752.0,52.8393,34.872646,44.6201,51.19716
7752.5,52.839382,34.87245,44.619553,51.19741
7753.0,52.83944,34.872246,44.618996,51.19763
7753.5,52.83948,34.872032,44.618423,51.197815
7754.0,52.839523,34.87182,44.61785,51.197987
7754.5,52.839577,34.871624,44.61728,51.198174
7755.0,52.839653,34.87145,44.616726,51.198387
7755.5,52.839745,34.871284,44.616177,51.19861
7756.0,52.839844,34.871136,44.61563,51.198833
7756.5,52.839954,34.870983,44.61509,51.199066
7757.0,52.840065,34.870823,44.61455,51.19932
7757.5,52.84019,34.870663,44.61403,51.19962
7758.0,52.84032,34.870495,44.613518,51.199947
7758.5,52.840454,34.870323,44.613007,51.200287
7759.0,52.840584,34.870148,44.6125,51.200634
7759.5,52.84071,34.86997,44.61199,51.200974
7760.0,52.840824,34.869785,44.611473,51.201283
7760.5,52.84093,34.8696,44.610947,51.201576
7761.0,52.84102,34.869408,44.610413,51.201843
7761.5,52.8411,34.869217,44.609863,51.202084
7762.0,52.841167,34.86903,44.609306,51.202297
7762.5,52.841248,34.86885,44.608753,51.20252
7763.0,52.841316,34.86867,44.608196,51.20273
7763.5,52.8414,34.868507,44.607647,51.20294
7764.0,52.841496,34.868355,44.6071,51.203163
7764.5,52.84161,34.868214,44.606567,51.203407
7765.0,52.84173,34.86808,44.606037,51.20365
7765.5,52.84186,34.867947,44.60551,51.203907
7766.0,52.842003,34.867825,44.604996,51.204193
7766.5,52.842163,34.867702,44.604492,51.20452
7767.0,52.842342,34.86759,44.604,51.20489
7767.5,52.842514,34.867466,44.60351,51.205273
7768.0,52.842693,34.867336,44.60303,51.20567
7768.5,52.84287,34.86721,44.60255,51.20606
7769.0,52.843033,34.867077,44.60206,51.20643
7769.5,52.843178,34.866924,44.60155,51.206757
7770.0,52.843296,34.866764,44.60103,51.207047
7770.5,52.84339,34.86659,44.600494,51.207306
7771.0,52.843464,34.866405,44.59994,51.20752
7771.5,52.843536,34.866226,44.59939,51.207733
7772.0,52.84363,34.866066,44.59885,51.207966
7772.5,52.84375,34.865936,44.598324,51.20822
7773.0,52.8439,34.865837,44.59781,51.208508
7773.5,52.844078,34.86576,44.5973,51.208813
7774.0,52.84427,34.8657,44.5968,51.20912
7774.5,52.84447,34.865646,44.596306,51.209442
7775.0,52.844666,34.865578,44.595818,51.209785
7775.5,52.84487,34.865505,44.595333,51.21015
7776.0,52.845085,34.865433,44.594864,51.21056
7776.5,52.845306,34.865364,44.594402,51.210995
7777.0,52.84553,34.865295,44.593945,51.211445
7777.5,52.845745,34.865215,44.59348,51.211876
7778.0,52.845955,34.86513,44.593014,51.21229
7778.5,52.846153,34.86504,44.592533,51.21268
7779.0,52.846336,34.864944,44.59205,51.21305
7779.5,52.846508,34.86484,44.591553,51.213394
7780.0,52.846664,34.86473,44.59105,51.21371
7780.5,52.8468,34.86461,44.590534,51.213993
7781.0,52.84693,34.86449,44.590008,51.214252
7781.5,52.847065,34.86438,44.589485,51.214516
7782.0,52.847202,34.864265,44.58897,51.214783
7782.5,52.847343,34.86416,44.58846,51.215054
7783.0,52.84751,34.864075,44.58795,51.215332
7783.5,52.847683,34.864,44.587452,51.21562
7784.0,52.84787,34.863926,44.586952,51.215916
7784.5,52.848064,34.863857,44.586468,51.21625
7785.0,52.848278,34.863792,44.586,51.216637
7785.5,52.848507,34.863728,44.58554,51.217068
7786.0,52.848732,34.863655,44.58509,51.217514
7786.5,52.848946,34.863575,44.584637,51.21796
7787.0,52.84915,34.86348,44.58418,51.21839
7787.5,52.849346,34.863377,44.58372,51.218815
7788.0,52.849514,34.86326,44.58324,51.219185
7788.5,52.849644,34.863113,44.58274,51.219513
7789.0,52.84975,34.862953,44.58223,51.219795
7789.5,52.84983,34.862774,44.5817,51.220036
7790.0,52.849888,34.862587,44.58116,51.22025
7790.5,52.84994,34.8624,44.58062,51.22045
7791.0,52.850002,34.862217,44.580082,51.220657
7791.5,52.85008,34.86205,44.579548,51.220863
7792.0,52.850174,34.8619,44.57902,51.221085
7792.5,52.85029,34.861763,44.578506,51.22132
7793.0,52.850414,34.86164,44.578,51.22158
7793.5,52.850544,34.86152,44.577496,51.221855
7794.0,52.850693,34.861397,44.577007,51.222168
7794.5,52.85085,34.861275,44.576527,51.222523
7795.0,52.851017,34.861153,44.576057,51.222916
7795.5,52.85119,34.86104,44.5756,51.22333
7796.0,52.85137,34.860924,44.575146,51.223766
7796.5,52.85154,34.860806,44.574684,51.22418
7797.0,52.85169,34.860672,44.57421,51.22456
7797.5,52.851803,34.86052,44.573715,51.224888
7798.0,52.85188,34.86034,44.5732,51.225163
7798.5,52.85194,34.860146,44.572674,51.22541
7799.0,52.85197,34.859936,44.572136,51.225616
7799.5,52.851994,34.859715,44.57159,51.225807
7800.0,52.852013,34.859486,44.57104,51.22598
7800.5,52.852028,34.859264,44.570496,51.22614
7801.0,52.85205,34.85905,44.56995,51.226307
7801.5,52.852093,34.85885,44.569416,51.226486
7802.0,52.852154,34.85866,44.56889,51.226677
7802.5,52.852226,34.858486,44.568367,51.226883
7803.0,52.85231,34.85831,44.567852,51.227123
7803.5,52.852406,34.85814,44.567352,51.22741
7804.0,52.852524,34.857975,44.56687,51.22774
7804.5,52.852654,34.85782,44.5664,51.22812
7805.0,52.85279,34.857666,44.565933,51.228504
7805.5,52.85293,34.857517,44.565468,51.228886
7806.0,52.853065,34.857372,44.565002,51.229275
7806.5,52.85319,34.85722,44.564526,51.229637
7807.0,52.853287,34.857056,44.56403,51.229954
7807.5,52.85337,34.856884,44.56353,51.230247
7808.0,52.853428,34.856693,44.56301,51.230495
7808.5,52.853477,34.856503,44.562485,51.230724
7809.0,52.853523,34.85631,44.56196,51.230938
7809.5,52.853577,34.856133,44.56143,51.231148
7810.0,52.853645,34.85596,44.56091,51.231354
7810.5,52.85372,34.8558,44.560387,51.231552
7811.0,52.853817,34.85566,44.559868,51.231754
7811.5,52.853935,34.855534,44.559357,51.231976
7812.0,52.854084,34.855427,44.55887,51.232254
7812.5,52.85426,34.85533,44.558395,51.232582
7813.0,52.85445,34.85525,44.557934,51.232956
7813.5,52.854664,34.855183,44.55749,51.23338
7814.0,52.854897,34.855125,44.55706,51.233833
7814.5,52.855145,34.855087,44.556633,51.234306
7815.0,52.855404,34.855057,44.55621,51.234783
7815.5,52.855663,34.855034,44.555786,51.23526
7816.0,52.855896,34.854996,44.555344,51.235695
7816.5,52.85611,34.85495,44.554893,51.2361
7817.0,52.8563,34.854885,44.554432,51.236473
7817.5,52.85648,34.854813,44.553967,51.23684
7818.0,52.856647,34.85474,44.553497,51.237183
7818.5,52.856804,34.854652,44.553013,51.237495
7819.0,52.856953,34.854565,44.55253,51.237793
7819.5,52.85709,34.85447,44.552032,51.238052
7820.0,52.857227,34.85437,44.55154,51.238297
7820.5,52.85737,34.854275,44.551044,51.238544
7821.0,52.857525,34.854183,44.550556,51.238804
7821.5,52.857685,34.85409,44.55007,51.23908
7822.0,52.857864,34.854004,44.5496,51.239407
7822.5,52.85806,34.853924,44.549145,51.239784
7823.0,52.858276,34.853855,44.548706,51.240204
7823.5,52.85849,34.853783,44.54827,51.240643
7824.0,52.858692,34.853703,44.547836,51.241066
7824.5,52.858883,34.853615,44.547394,51.24148
7825.0,52.859055,34.85352,44.546944,51.241875
7825.5,52.85921,34.853416,44.546482,51.242237
7826.0,52.85935,34.853306,44.54601,51.242573
7826.5,52.859478,34.85319,44.545532,51.242893
7827.0,52.859604,34.85308,44.54505,51.243202
7827.5,52.85973,34.85297,44.544567,51.243504
7828.0,52.859856,34.85286,44.544083,51.24379
7828.5,52.860004,34.852776,44.543606,51.244087
7829.0,52.860172,34.85271,44.543133,51.244377
7829.5,52.860344,34.852646,44.54266,51.24466
7830.0,52.860527,34.852592,44.542187,51.244946
7830.5,52.860725,34.852543,44.54172,51.245247
7831.0,52.86094,34.852497,44.54127,51.2456
7831.5,52.86117,34.852455,44.540833,51.245995
7832.0,52.861423,34.85243,44.540413,51.24643
7832.5,52.86169,34.85241,44.54,51.2469
7833.0,52.861965,34.852398,44.539593,51.247375
7833.5,52.86224,34.85239,44.53918,51.247852
7834.0,52.862503,34.852375,44.538765,51.248318
7834.5,52.862747,34.85236,44.53834,51.248753
7835.0,52.862976,34.852337,44.537907,51.249165
7835.5,52.863197,34.852314,44.53746,51.249557
7836.0,52.863407,34.85228,44.53701,51.249928
7836.5,52.863605,34.852238,44.536556,51.250286
7837.0,52.86379,34.852192,44.5361,51.250626
7837.5,52.86396,34.85213,44.535637,51.250946
7838.0,52.864117,34.852062,44.535164,51.251232
7838.5,52.864265,34.85198,44.534687,51.251495
7839.0,52.86441,34.851887,44.53421,51.25175
7839.5,52.86455,34.85179,44.53373,51.252003
7840.0,52.86468,34.851677,44.533245,51.25226
7840.5,52.864826,34.85156,44.532776,51.252556
7841.0,52.864983,34.851448,44.53232,51.25289
7841.5,52.865143,34.851334,44.531868,51.253246
7842.0,52.865314,34.851227,44.531425,51.253628
7842.5,52.865482,34.851116,44.530983,51.254005
7843.0,52.865643,34.851,44.530537,51.25438
7843.5,52.865784,34.850883,44.530083,51.25473
7844.0,52.86591,34.850754,44.529617,51.255054
7844.5,52.866024,34.850624,44.529144,51.255356
7845.0,52.866127,34.850494,44.52866,51.25564
7845.5,52.866226,34.850365,44.52818,51.255913
7846.0,52.86633,34.850235,44.527695,51.25618
7846.5,52.86643,34.850113,44.52721,51.256435
7847.0,52.866535,34.849995,44.526726,51.256687
7847.5,52.86665,34.849884,44.526245,51.256935
7848.0,52.866768,34.849773,44.525764,51.25718
7848.5,52.86689,34.84966,44.525284,51.25742
7849.0,52.86701,34.84954,44.5248,51.25766
7849.5,52.86712,34.849403,44.524323,51.257908
7850.0,52.867233,34.84926,44.523846,51.25819
7850.5,52.86735,34.849106,44.523384,51.25849
7851.0,52.867474,34.84895,44.522923,51.258816
7851.5,52.86759,34.848793,44.52247,51.259144
7852.0,52.867706,34.848637,44.522007,51.259464
7852.5,52.867825,34.84848,44.521553,51.259792
7853.0,52.867924,34.848324,44.521088,51.26009
7853.5,52.86802,34.848164,44.520615,51.260384
7854.0,52.8681,34.848,44.52014,51.26065
7854.5,52.868176,34.84784,44.51966,51.260918
7855.0,52.86824,34.847675,44.519173,51.26116
7855.5,52.868317,34.84752,44.518692,51.261425
7856.0,52.868397,34.847366,44.518208,51.26167
7856.5,52.86848,34.84722,44.517727,51.26191
7857.0,52.86857,34.847084,44.51725,51.262154
7857.5,52.868664,34.84695,44.516773,51.26239
7858.0,52.868767,34.846817,44.516304,51.26264
7858.5,52.868874,34.846676,44.515835,51.2629
7859.0,52.868973,34.84652,44.515366,51.263184
7859.5,52.86907,34.84635,44.5149,51.26347
7860.0,52.869164,34.846176,44.514435,51.263763
7860.5,52.869255,34.845997,44.51397,51.264053
7861.0,52.869343,34.845814,44.513504,51.26434
7861.5,52.869427,34.84563,44.51304,51.264618
7862.0,52.869488,34.845432,44.51255,51.264866
7862.5,52.86953,34.84523,44.51206,51.265083
7863.0,52.86957,34.84503,44.51157,51.265316
7863.5,52.8696,34.844826,44.51107,51.265526
7864.0,52.869637,34.84463,44.51058,51.26574
7864.5,52.869667,34.844433,44.510086,51.26595
7865.0,52.8697,34.844242,44.50959,51.26615
7865.5,52.869743,34.844063,44.509098,51.266354
7866.0,52.86979,34.843887,44.508606,51.266544
7866.5,52.869843,34.843723,44.508114,51.266735
7867.0,52.869904,34.84356,44.50763,51.266933
7867.5,52.86997,34.84339,44.50714,51.26714
7868.0,52.87004,34.84322,44.506664,51.26738
7868.5,52.870113,34.843033,44.506187,51.267635
7869.0,52.870186,34.84284,44.50572,51.267902
7869.5,52.87025,34.842636,44.50525,51.268166
7870.0,52.870304,34.84242,44.504772,51.26842
7870.5,52.870346,34.842197,44.50429,51.268654
7871.0,52.87037,34.841965,44.503796,51.268856
7871.5,52.87037,34.84172,44.503284,51.26902
7872.0,52.87035,34.841473,44.50276,51.269157
7872.5,52.870335,34.841225,44.50224,51.269287
7873.0,52.870308,34.84098,44.501717,51.269413
7873.5,52.870296,34.840755,44.501198,51.26955
7874.0,52.870304,34.84054,44.500687,51.2697
7874.5,52.870323,34.840347,44.50018,51.26986
7875.0,52.870358,34.840168,44.499676,51.27002
7875.5,52.87041,34.840004,44.499187,51.2702
7876.0,52.870483,34.83986,44.498707,51.270397
7876.5,52.87057,34.839718,44.498234,51.270615
7877.0,52.870667,34.83958,44.497765,51.27086
7877.5,52.87078,34.839443,44.497314,51.271152
7878.0,52.8709,34.839294,44.49687,51.27146
7878.5,52.871006,34.839138,44.49642,51.271774
7879.0,52.871113,34.838978,44.49597,51.272083
7879.5,52.87121,34.838806,44.495518,51.27237
7880.0,52.8713,34.838634,44.495052,51.27263
7880.5,52.87137,34.83845,44.494576,51.27285
7881.0,52.87143,34.83827,44.494087,51.27305
7881.5,52.87148,34.838085,44.493587,51.273216
7882.0,52.871525,34.837906,44.493088,51.273376
7882.5,52.871574,34.837738,44.49258,51.273525
7883.0,52.87164,34.83759,44.49209,51.273693
7883.5,52.87171,34.83745,44.491592,51.273857
7884.0,52.8718,34.837322,44.491108,51.274048
7884.5,52.871902,34.83721,44.49063,51.27424
7885.0,52.87202,34.837116,44.49016,51.274456
7885.5,52.872158,34.837032,44.489704,51.2747
7886.0,52.872307,34.83695,44.489254,51.274967
7886.5,52.872467,34.83686,44.48882,51.275276
7887.0,52.872635,34.836773,44.488388,51.275616
7887.5,52.872803,34.836678,44.48796,51.27597
7888.0,52.872967,34.836575,44.487537,51.27632
7888.5,52.873127,34.836468,44.48711,51.276665
7889.0,52.87329,34.836365,44.48668,51.276993
7889.5,52.87344,34.836258,44.486233,51.277287
7890.0,52.873577,34.83615,44.485775,51.277542
7890.5,52.8737,34.83604,44.485306,51.277775
7891.0,52.87382,34.83593,44.484833,51.27799
7891.5,52.87393,34.835823,44.48435,51.27818
7892.0,52.874054,34.835728,44.48387,51.278378
7892.5,52.874176,34.835632,44.483395,51.27856
7893.0,52.874313,34.835556,44.48292,51.278763
7893.5,52.87447,34.835495,44.482456,51.278973
7894.0,52.87464,34.835453,44.482002,51.279205
7894.5,52.87484,34.83543,44.481556,51.27946
7895.0,52.87506,34.835423,44.481125,51.279755
7895.5,52.875298,34.835423,44.48071,51.280094
7896.0,52.87556,34.83543,44.48031,51.28049
7896.5,52.875835,34.835445,44.479923,51.280933
7897.0,52.876102,34.835453,44.47954,51.281376
7897.5,52.876366,34.835445,44.479153,51.281803
7898.0,52.87661,34.835426,44.478752,51.282204
7898.5,52.87683,34.83539,44.47834,51.282562
7899.0,52.87702,34.835327,44.47791,51.282875
7899.5,52.87719,34.83525,44.477463,51.283146
7900.0,52.87733,34.835163,44.477,51.28337
7900.5,52.87745,34.83506,44.47653,51.28357
7901.0,52.877552,34.83495,44.47604,51.283733
7901.5,52.87766,34.834846,44.475555,51.283897
7902.0,52.877777,34.834755,44.47508,51.28406
7902.5,52.877914,34.83468,44.47461,51.28425
7903.0,52.878063,34.83461,44.474144,51.28443
7903.5,52.87823,34.83456,44.473686,51.284634
7904.0,52.87841,34.834522,44.473236,51.284855
7904.5,52.878616,34.834496,44.47281,51.285137
7905.0,52.878845,34.83448,44.472393,51.285477
7905.5,52.879097,34.834473,44.472,51.285862
7906.0,52.879356,34.83447,44.471615,51.286285
7906.5,52.879627,34.83447,44.471237,51.286728
7907.0,52.879887,34.83446,44.47086,51.287163
7907.5,52.880127,34.83444,44.470467,51.287556
7908.0,52.880333,34.834396,44.47006,51.287907
7908.5,52.88051,34.834328,44.469624,51.2882
7909.0,52.88065,34.83424,44.469173,51.288437
7909.5,52.880764,34.834133,44.4687,51.288628
7910.0,52.88086,34.83401,44.46822,51.288784
7910.5,52.88093,34.833878,44.467724,51.28891
7911.0,52.88099,34.833733,44.467224,51.289005
7911.5,52.88105,34.83359,44.46672,51.28909
7912.0,52.881126,34.83346,44.466225,51.28919
7912.5,52.88121,34.833332,44.465733,51.28929
7913.0,52.881313,34.83322,44.465256,51.28942
7913.5,52.881424,34.83311,44.464783,51.28957
7914.0,52.88156,34.833015,44.464325,51.289772
7914.5,52.88171,34.83292,44.463886,51.290024
7915.0,52.88189,34.832848,44.463463,51.29033
7915.5,52.8821,34.832794,44.46306,51.290684
7916.0,52.88231,34.832745,44.462658,51.29105
7916.5,52.882515,34.8327,44.46225,51.291405
7917.0,52.882713,34.832645,44.46184,51.291744
7917.5,52.882893,34.832577,44.46142,51.29205
7918.0,52.883034,34.832485,44.46097,51.292294
7918.5,52.883156,34.832382,44.460506,51.292492
7919.0,52.883255,34.832268,44.46003,51.292656
7919.5,52.88335,34.83215,44.459553,51.29281
7920.0,52.883434,34.832024,44.459064,51.29293
7920.5,52.88352,34.8319,44.458576,51.293045
7921.0,52.883602,34.83178,44.458088,51.29314
7921.5,52.883698,34.831665,44.457603,51.293243
7922.0,52.883797,34.83156,44.45712,51.293343
7922.5,52.88392,34.831463,44.456646,51.29347
7923.0,52.88404,34.83136,44.456177,51.293625
7923.5,52.88418,34.831257,44.455723,51.29382
7924.0,52.884323,34.83115,44.45528,51.29406
7924.5,52.884483,34.831055,44.454853,51.294346
7925.0,52.88465,34.83096,44.454437,51.294647
7925.5,52.8848,34.830853,44.454014,51.29494
7926.0,52.884937,34.830738,44.453583,51.29522
7926.5,52.885048,34.830605,44.453136,51.295464
7927.0,52.885128,34.830456,44.452675,51.295654
7927.5,52.88518,34.830284,44.452198,51.295822
7928.0,52.885204,34.830093,44.451706,51.295937
7928.5,52.8852,34.829884,44.45119,51.296
7929.0,52.885193,34.829666,44.45068,51.296055
7929.5,52.88518,34.82945,44.450165,51.29609
7930.0,52.88517,34.82923,44.44965,51.29612
7930.5,52.88515,34.82901,44.449127,51.296127
7931.0,52.88514,34.828793,44.44861,51.29613
7931.5,52.88514,34.828583,44.448097,51.296146
7932.0,52.88515,34.828377,44.447594,51.29619
7932.5,52.88518,34.828175,44.4471,51.29627
7933.0,52.885223,34.827976,44.446617,51.29639
7933.5,52.88527,34.827778,44.446148,51.296543
7934.0,52.88533,34.827587,44.445686,51.29673
7934.5,52.885403,34.827408,44.445236,51.296944
7935.0,52.88548,34.827236,44.444786,51.297165
7935.5,52.885555,34.82706,44.444336,51.297386
7936.0,52.88561,34.82688,44.443874,51.29757
7936.5,52.88565,34.826694,44.443405,51.297737
7937.0,52.88567,34.826496,44.44292,51.297863
7937.5,52.88567,34.826286,44.442425,51.29795
7938.0,52.88565,34.826065,44.441917,51.29801
7938.5,52.885628,34.82584,44.441406,51.298054
7939.0,52.885605,34.82562,44.440887,51.29807
7939.5,52.885582,34.825394,44.440372,51.298077
7940.0,52.885563,34.825176,44.439854,51.298077
7940.5,52.88555,34.824963,44.43934,51.298077
7941.0,52.88554,34.824745,44.438828,51.298077
7941.5,52.885532,34.824516,44.438316,51.2981
7942.0,52.885532,34.824284,44.437813,51.298153
7942.5,52.885544,34.82406,44.437325,51.298256
7943.0,52.885567,34.823833,44.436848,51.298386
7943.5,52.885597,34.823616,44.436382,51.298546
7944.0,52.885628,34.823395,44.435917,51.298706
7944.5,52.885647,34.82317,44.435448,51.29886
7945.0,52.88566,34.82295,44.434975,51.299
7945.5,52.88567,34.82273,44.434498,51.299137
7946.0,52.88567,34.822514,44.43401,51.29925
7946.5,52.885662,34.8223,44.43352,51.29936
7947.0,52.885647,34.82208,44.43302,51.29943
7947.5,52.88562,34.821857,44.432514,51.299477
7948.0,52.885593,34.82163,44.432007,51.299507
7948.5,52.885567,34.821407,44.431496,51.29953
7949.0,52.88555,34.82119,44.43099,51.29955
7949.5,52.88554,34.820972,44.43048,51.299553
7950.0,52.885532,34.820763,44.429974,51.299553
7950.5,52.885532,34.82055,44.429466,51.299572
7951.0,52.88555,34.820343,44.428974,51.299633
7951.5,52.885582,34.820133,44.42849,51.29972
7952.0,52.88562,34.819935,44.42802,51.299847
7952.5,52.88568,34.819748,44.427563,51.300007
7953.0,52.885757,34.819572,44.427113,51.300186
7953.5,52.885853,34.81942,44.426666,51.300385
7954.0,52.88595,34.81928,44.426212,51.30056
7954.5,52.88605,34.81915,44.425762,51.30075
7955.0,52.886147,34.819023,44.425304,51.300926
7955.5,52.886234,34.8189,44.424843,51.301086
7956.0,52.886303,34.818756,44.424374,51.301224
7956.5,52.886345,34.8186,44.423897,51.30134
7957.0,52.88636,34.81842,44.423405,51.301407
7957.5,52.88636,34.818222,44.422905,51.301445
7958.0,52.886345,34.818012,44.422398,51.301456
7958.5,52.88632,34.81779,44.421886,51.30145
7959.0,52.886303,34.817566,44.42138,51.30145
7959.5,52.886276,34.817337,44.42087,51.301445
7960.0,52.886253,34.8171,44.420364,51.301456
7960.5,52.886234,34.816853,44.41987,51.301502
7961.0,52.886223,34.8166,44.419376,51.301575
7961.5,52.88621,34.816353,44.418888,51.301662
7962.0,52.88622,34.816113,44.41842,51.301785
7962.5,52.886223,34.815876,44.417942,51.30189
7963.0,52.886234,34.815647,44.41747,51.30201
7963.5,52.886234,34.815414,44.41699,51.302113
7964.0,52.886223,34.815186,44.416504,51.3022
7964.5,52.88622,34.814964,44.41602,51.302296
7965.0,52.8862,34.814735,44.41553,51.302372
7965.5,52.886177,34.814514,44.415035,51.30244
7966.0,52.886154,34.81429,44.41454,51.302486
7966.5,52.886127,34.814068,44.41404,51.302536
7967.0,52.886105,34.81385,44.41354,51.30256
7967.5,52.886086,34.813637,44.41304,51.302574
7968.0,52.88607,34.813423,44.412537,51.302574
7968.5,52.886055,34.813206,44.412033,51.302574
7969.0,52.886044,34.812984,44.411533,51.30258
7969.5,52.88604,34.812756,44.41104,51.302624
7970.0,52.886044,34.812527,44.41056,51.302708
7970.5,52.886055,34.812294,44.41009,51.302814
7971.0,52.886074,34.81206,44.409626,51.30294
7971.5,52.886086,34.81183,44.40916,51.303066
7972.0,52.886086,34.811584,44.40869,51.303177
7972.5,52.88608,34.811344,44.40822,51.30328
7973.0,52.886063,34.8111,44.407738,51.303364
7973.5,52.88604,34.810856,44.40725,51.303436
7974.0,52.886017,34.81062,44.40676,51.3035
7974.5,52.88599,34.810394,44.40627,51.303555
7975.0,52.885975,34.810177,44.405777,51.30361
7975.5,52.885967,34.809975,44.405293,51.303684
7976.0,52.885975,34.809784,44.40481,51.303757
7976.5,52.88599,34.809605,44.40433,51.303818
7977.0,52.886017,34.809433,44.403847,51.303864
7977.5,52.886063,34.80928,44.403374,51.303925
7978.0,52.886127,34.80914,44.402905,51.304
7978.5,52.88621,34.809006,44.402447,51.304108
7979.0,52.886307,34.808872,44.401997,51.304245
7979.5,52.886414,34.80874,44.401558,51.304417
7980.0,52.886536,34.808613,44.401123,51.304615
7980.5,52.886654,34.808487,44.400696,51.304825
7981.0,52.88678,34.808365,44.400265,51.305027
7981.5,52.886898,34.808247,44.399837,51.30522
